Industry_ID,Date,CO2,SO2
1,2019-01-31,2292.6807198678775,55.024337276829066
1,2019-02-28,4052.059325431823,97.24942381036375
1,2019-03-31,1519.5406729942033,36.46897615186088
1,2019-04-30,3352.6780653245855,80.46427356779006
1,2019-05-31,2624.587339145987,62.99009613950368
1,2019-06-30,2013.255796360268,48.318139112646435
1,2019-07-31,2365.6205371707842,56.77489289209882
1,2019-08-31,2111.882073638145,50.68516976731548
1,2019-09-30,4875.8416402925395,117.02019936702095
1,2019-10-31,3412.4314370525776,81.89835448926185
1,2019-11-30,2126.635154369741,51.03924370487378
1,2019-12-31,2604.7803158741067,62.51472758097856
1,2020-01-31,2189.4713624076517,52.54731269778364
1,2020-02-29,2389.5354425692985,57.34885062166317
1,2020-03-31,3785.8625063740883,90.86070015297813
1,2020-04-30,1058.8546368023526,25.412511283256464
1,2020-05-31,4843.464377858492,116.24314506860382
1,2020-06-30,3675.813761409015,88.21953027381636
1,2020-07-31,1502.4757052375594,36.05941692570143
1,2020-08-31,2298.2872564007075,55.158894153616984
1,2020-09-30,2324.8078473685155,55.79538833684437
1,2020-10-31,5140.729600512185,123.37751041229244
1,2020-11-30,967.7041016368951,23.224898439285482
1,2020-12-31,3053.491195586368,73.28378869407283
1,2021-01-31,6069.431253060744,145.66635007345786
1,2021-02-28,2943.5439725717997,70.6450553417232
1,2021-03-31,896.603509678178,21.518484232276272
1,2021-04-30,3683.0405403461605,88.39297296830784
1,2021-05-31,3817.1048594463273,91.61051662671187
1,2021-06-30,4407.187010020986,105.77248824050368
1,2021-07-31,2291.0011281329353,54.984027075190454
1,2021-08-31,2737.3958985132767,65.69750156431864
1,2021-09-30,4815.214763146117,115.5651543155068
1,2021-10-31,5749.50305719547,137.9880733726913
1,2021-11-30,3820.596691705387,91.69432060092929
1,2021-12-31,3541.4769240034143,84.99544617608196
1,2022-01-31,1350.9038114526365,32.42169147486327
1,2022-02-28,2401.3703389995944,57.63288813599026
1,2022-03-31,2497.9748895890616,59.95139735013748
1,2022-04-30,3556.923876341594,85.36617303219826
1,2022-05-31,1312.8268981767087,31.50784555624101
1,2022-06-30,2141.5483363901153,51.39716007336276
1,2022-07-31,1415.3478079228623,33.96834739014869
1,2022-08-31,2589.3006811043733,62.14321634650496
1,2022-09-30,2134.5033134447326,51.22807952267358
1,2022-10-31,4257.313569534233,102.17552566882159
1,2022-11-30,1780.661535933562,42.73587686240548
1,2022-12-31,2392.5056703994846,57.420136089587636
1,2023-01-31,4366.394771609681,104.79347451863234
1,2023-02-28,3318.970029685019,79.65528071244046
1,2023-03-31,4439.5980182421035,106.5503524378105
1,2023-04-30,4063.055161305396,97.5133238713295
1,2023-05-31,2127.2886161844417,51.054926788426606
1,2023-06-30,3115.6160792112614,74.77478590107027
1,2023-07-31,3277.2260278830336,78.6534246691928
1,2023-08-31,1956.9811956923913,46.96754869661739
1,2023-09-30,1309.365927556579,31.424782261357898
1,2023-10-31,3535.8110659788013,84.85946558349124
1,2023-11-30,4361.049831520367,104.6651959564888
1,2023-12-31,3072.9778287392155,73.75146788974118
2,2019-01-31,4044.3204829939423,97.06369159185462
2,2019-02-28,1178.7756130834969,28.290614714003926
2,2019-03-31,4728.9260497258865,113.49422519342127
2,2019-04-30,835.995868989794,20.063900855755055
2,2019-05-31,1707.2125038668676,40.97310009280482
2,2019-06-30,2013.394558668365,48.32146940804076
2,2019-07-31,3186.8985218910584,76.48556452538541
2,2019-08-31,4107.339384551331,98.57614522923195
2,2019-09-30,4355.7910008227855,104.53898401974685
2,2019-10-31,2863.5653437625756,68.72556825030182
2,2019-11-30,3445.8211553798124,82.69970772911549
2,2019-12-31,6103.733126875172,146.48959504500414
2,2020-01-31,1105.4504076350952,26.530809783242283
2,2020-02-29,2549.699707474146,61.19279297937951
2,2020-03-31,2073.397389580985,49.76153734994364
2,2020-04-30,2413.3263256377695,57.919831815306466
2,2020-05-31,4093.0686057066023,98.23364653695846
2,2020-06-30,5865.143561685767,140.7634454804584
2,2020-07-31,5596.527209743186,134.31665303383647
2,2020-08-31,3772.944615738513,90.55067077772432
2,2020-09-30,1313.9292045671882,31.53430090961252
2,2020-10-31,6302.152422262524,151.25165813430056
2,2020-11-30,4243.899213308591,101.8535811194062
2,2020-12-31,3792.105320580694,91.01052769393664
2,2021-01-31,3956.0053216941055,94.94412772065853
2,2021-02-28,3249.754642264983,77.99411141435958
2,2021-03-31,5730.706096871852,137.53694632492446
2,2021-04-30,6764.969938308396,162.35927851940153
2,2021-05-31,3758.3970849998873,90.20153003999728
2,2021-06-30,3170.4947692889345,76.09187446293443
2,2021-07-31,2043.3711401167643,49.040907362802336
2,2021-08-31,4174.658447013889,100.19180272833334
2,2021-09-30,3217.154949680502,77.21171879233205
2,2021-10-31,5816.805754170241,139.60333810008578
2,2021-11-30,2940.0925058806306,70.56222014113514
2,2021-12-31,3553.488525344502,85.28372460826805
2,2022-01-31,3042.442883061226,73.01862919346942
2,2022-02-28,1858.4147743418273,44.60195458420386
2,2022-03-31,994.4341336461315,23.866419207507157
2,2022-04-30,5820.414758933453,139.6899542144029
2,2022-05-31,1046.2848469962007,25.110836327908817
2,2022-06-30,1717.0303635923797,41.20872872621711
2,2022-07-31,2070.400061755782,49.68960148213878
2,2022-08-31,4355.491054022165,104.53178529653196
2,2022-09-30,3457.8045437193236,82.98730904926377
2,2022-10-31,2245.4449284464467,53.890678282714724
2,2022-11-30,5913.729759157954,141.9295142197909
2,2022-12-31,1780.6320548784088,42.73516931708181
2,2023-01-31,2187.724772369091,52.50539453685819
2,2023-02-28,2506.182489222861,60.14837974134866
2,2023-03-31,4504.728911120475,108.11349386689139
2,2023-04-30,4061.377274892932,97.47305459743036
2,2023-05-31,3167.9790497690046,76.03149719445611
2,2023-06-30,2999.7677326257635,71.99442558301831
2,2023-07-31,2116.5175933298933,50.79642223991744
2,2023-08-31,886.7393815702729,21.28174515768655
2,2023-09-30,3944.079764393941,94.65791434545459
2,2023-10-31,1200.7272550702978,28.81745412168715
2,2023-11-30,2978.2777062629884,71.47866495031172
2,2023-12-31,4388.810959234587,105.33146302163009
3,2019-01-31,1238.9833295234137,29.735599908561927
3,2019-02-28,1331.9737748031862,31.967370595276467
3,2019-03-31,3644.3408099490125,87.4641794387763
3,2019-04-30,2271.2777446873165,54.51066587249559
3,2019-05-31,3344.834214177621,80.2760211402629
3,2019-06-30,1979.9787653697351,47.51949036887364
3,2019-07-31,4371.853571198561,104.92448570876549
3,2019-08-31,4582.799381863129,109.9871851647151
3,2019-09-30,3000.804353096989,72.01930447432773
3,2019-10-31,2354.5304950727314,56.508731881745554
3,2019-11-30,3277.8960911819963,78.66950618836792
3,2019-12-31,5819.938306324855,139.6785193517965
3,2020-01-31,694.553259536044,16.669278228865057
3,2020-02-29,2794.7898413950475,67.07495619348114
3,2020-03-31,2679.6659443337553,64.31198266401013
3,2020-04-30,5089.249097421394,122.14197833811346
3,2020-05-31,3142.791262557009,75.4269903013682
3,2020-06-30,686.3271407975627,16.471851379141505
3,2020-07-31,741.6850995059957,17.800442388143896
3,2020-08-31,2446.0406103790842,58.70497464909803
3,2020-09-30,5098.074068852691,122.35377765246457
3,2020-10-31,2538.3166716699593,60.91960012007902
3,2020-11-30,1993.8782022090006,47.85307685301602
3,2020-12-31,3002.5722364689996,72.061733675256
3,2021-01-31,2421.0722422016925,58.105733812840626
3,2021-02-28,1371.9580774493443,32.926993858784265
3,2021-03-31,5830.767421989163,139.93841812773994
3,2021-04-30,2374.0572747172478,56.977374593213945
3,2021-05-31,1417.813899292461,34.027533583019064
3,2021-06-30,5056.423320021084,121.35415968050602
3,2021-07-31,984.1510707484954,23.619625697963894
3,2021-08-31,1739.3006850786164,41.743216441886794
3,2021-09-30,1727.7376386535993,41.465703327686384
3,2021-10-31,6657.380464047803,159.77713113714728
3,2021-11-30,3417.4714097604856,82.01931383425165
3,2021-12-31,2029.2563200267746,48.702151680642594
3,2022-01-31,3610.594248950336,86.65426197480807
3,2022-02-28,7069.148465211552,169.6595631650773
3,2022-03-31,2117.33110022626,50.81594640543024
3,2022-04-30,2182.72256781887,52.385341627652885
3,2022-05-31,5404.628306496692,129.71107935592062
3,2022-06-30,4240.89881741441,101.78157161794583
3,2022-07-31,2234.700253791878,53.63280609100508
3,2022-08-31,2116.356376150248,50.79255302760594
3,2022-09-30,6935.343007251936,166.44823217404647
3,2022-10-31,2544.5588462482756,61.06941230995862
3,2022-11-30,3740.60208367848,89.77445000828352
3,2022-12-31,3995.436715505889,95.89048117214134
3,2023-01-31,5582.652426516888,133.98365823640532
3,2023-02-28,5917.603059356552,142.02247342455723
3,2023-03-31,5925.978571408548,142.22348571380516
3,2023-04-30,2139.5913231609784,51.350191755863484
3,2023-05-31,3389.359316345749,81.34462359229796
3,2023-06-30,1198.4143275393048,28.76194386094332
3,2023-07-31,2276.7121886462255,54.641092527509414
3,2023-08-31,2367.3398199622293,56.816155679093505
3,2023-09-30,1347.666808509769,32.34400340423446
3,2023-10-31,4074.031871974087,97.7767649273781
3,2023-11-30,2440.7545171946904,58.57810841267256
3,2023-12-31,1183.607016326268,28.40656839183043
4,2019-01-31,4446.774969096905,106.72259925832572
4,2019-02-28,2816.8224093689396,67.60373782485455
4,2019-03-31,3185.737971652729,76.45771131966549
4,2019-04-30,1958.7168328813136,47.00920398915152
4,2019-05-31,5633.83537378966,135.21204897095183
4,2019-06-30,1274.4166718324075,30.58600012397778
4,2019-07-31,4724.868490891915,113.39684378140598
4,2019-08-31,3671.6654239978807,88.11997017594913
4,2019-09-30,1059.2182896297033,25.42123895111288
4,2019-10-31,2265.10677884108,54.362562692185925
4,2019-11-30,3311.7315040513045,79.48155609723132
4,2019-12-31,963.0415985465096,23.112998365116233
4,2020-01-31,2689.188547867789,64.54052514882694
4,2020-02-29,3429.4456003666755,82.30669440880023
4,2020-03-31,5001.0794088436305,120.02590581224713
4,2020-04-30,2626.0248082644734,63.024595398347365
4,2020-05-31,3594.2219572396743,86.26132697375219
4,2020-06-30,1624.7440192750632,38.99385646260152
4,2020-07-31,2070.097620705565,49.682342896933555
4,2020-08-31,2338.1281250808106,56.11507500193945
4,2020-09-30,2086.5243429531183,50.07658423087485
4,2020-10-31,3810.5293268640717,91.45270384473773
4,2020-11-30,2409.555367849813,57.82932882839552
4,2020-12-31,4588.224112248161,110.11737869395586
4,2021-01-31,3962.6461087569687,95.10350661016724
4,2021-02-28,4214.833082649126,101.15599398357902
4,2021-03-31,5233.532064356213,125.6047695445491
4,2021-04-30,3125.3538675757068,75.00849282181697
4,2021-05-31,3370.796532131107,80.89911677114657
4,2021-06-30,1895.3288299249402,45.48789191819857
4,2021-07-31,1185.435084043069,28.450442017033655
4,2021-08-31,3981.179206214215,95.54830094914117
4,2021-09-30,4404.160173308389,105.69984415940134
4,2021-10-31,3860.949067865274,92.66277762876659
4,2021-11-30,4300.954816386265,103.22291559327037
4,2021-12-31,3894.1446824614613,93.45947237907508
4,2022-01-31,3603.1679398499796,86.47603055639951
4,2022-02-28,1295.5480367755404,31.093152882612973
4,2022-03-31,2700.4022429968786,64.80965383192508
4,2022-04-30,3718.13007597843,89.23512182348232
4,2022-05-31,3085.8538303740424,74.06049192897703
4,2022-06-30,4887.694511739113,117.30466828173873
4,2022-07-31,3267.718457648779,78.4252429835707
4,2022-08-31,5713.7827595314975,137.13078622875594
4,2022-09-30,1158.8664653588237,27.812795168611775
4,2022-10-31,1411.317759209501,33.87162622102802
4,2022-11-30,947.4450049154535,22.738680117970883
4,2022-12-31,3164.244369176768,75.94186486024243
4,2023-01-31,2080.560492724329,49.9334518253839
4,2023-02-28,4569.891044611152,109.67738507066765
4,2023-03-31,2908.5917352234937,69.80620164536384
4,2023-04-30,3324.633816058036,79.79121158539286
4,2023-05-31,4002.0573363791623,96.0493760730999
4,2023-06-30,4144.333644927864,99.46400747826873
4,2023-07-31,1318.5053698283652,31.644128875880767
4,2023-08-31,1467.829815878807,35.22791558109137
4,2023-09-30,2473.4387501162887,59.36253000279092
4,2023-10-31,3273.7527973601987,78.57006713664478
4,2023-11-30,1439.3805719465602,34.545133726717445
4,2023-12-31,707.9878143654686,16.991707544771245
5,2019-01-31,2420.7536623266883,58.098087895840514
5,2019-02-28,1193.6108001144794,28.646659202747507
5,2019-03-31,3255.0941376041837,78.12225930250041
5,2019-04-30,4509.569687350507,108.22967249641216
5,2019-05-31,2907.948894684616,69.79077347243077
5,2019-06-30,4911.127677287731,117.86706425490556
5,2019-07-31,2196.455806258319,52.714939350199664
5,2019-08-31,5564.691221740997,133.55258932178393
5,2019-09-30,1795.6433191285923,43.09543965908622
5,2019-10-31,5274.226940691225,126.5814465765894
5,2019-11-30,6415.436070492209,153.97046569181302
5,2019-12-31,3538.4563205592235,84.92295169342137
5,2020-01-31,1782.871925074514,42.78892620178833
5,2020-02-29,3821.2978149945498,91.71114755986919
5,2020-03-31,2911.1649056488186,69.86795773557165
5,2020-04-30,4017.794978417724,96.42707948202538
5,2020-05-31,1162.6291931521887,27.90310063565253
5,2020-06-30,5351.171632426964,128.42811917824713
5,2020-07-31,1610.3589293693194,38.64861430486366
5,2020-08-31,779.4318443957776,18.706364265498664
5,2020-09-30,2125.7723874513094,51.01853729883143
5,2020-10-31,907.3030313884512,21.775272753322835
5,2020-11-30,4715.241269168017,113.16579046003243
5,2020-12-31,2387.115341470416,57.290768195289985
5,2021-01-31,2130.1049212891685,51.12251811094005
5,2021-02-28,4020.5374178936195,96.49289802944686
5,2021-03-31,1768.098147195734,42.434355532697616
5,2021-04-30,6013.59906041105,144.3263774498652
5,2021-05-31,5342.7168575172245,128.2252045804134
5,2021-06-30,5349.486139402119,128.38766734565087
5,2021-07-31,1397.804478832437,33.54730749197849
5,2021-08-31,3421.656213951044,82.11974913482504
5,2021-09-30,4769.184898345385,114.46043756028922
5,2021-10-31,3811.7337206526195,91.48160929566286
5,2021-11-30,3780.161181470228,90.72386835528546
5,2021-12-31,3023.266389092935,72.55839333823043
5,2022-01-31,1369.4154275981232,32.865970262354956
5,2022-02-28,2389.611985248949,57.35068764597478
5,2022-03-31,5840.713133984091,140.1771152156182
5,2022-04-30,1680.993433990197,40.34384241576472
5,2022-05-31,2967.45661074249,71.21895865781975
5,2022-06-30,2284.6147526901445,54.83075406456347
5,2022-07-31,2502.0550426013206,60.0493210224317
5,2022-08-31,3616.189632354486,86.78855117650768
5,2022-09-30,872.4806841507482,20.939536419617955
5,2022-10-31,2030.9859900630768,48.743663761513844
5,2022-11-30,1985.4455705196647,47.650693692471954
5,2022-12-31,1754.06463015183,42.09755112364392
5,2023-01-31,3165.764566385714,75.97834959325714
5,2023-02-28,1080.8536590242898,25.940487816582955
5,2023-03-31,4116.646877749986,98.79952506599966
5,2023-04-30,1385.8135575859499,33.2595253820628
5,2023-05-31,3137.980377013094,75.31152904831426
5,2023-06-30,2038.1391051764526,48.91533852423486
5,2023-07-31,4163.587048052155,99.92608915325174
5,2023-08-31,4440.848009623152,106.58035223095567
5,2023-09-30,4648.4267491601,111.56224197984243
5,2023-10-31,3514.762291920451,84.35429500609082
5,2023-11-30,4243.228134936195,101.83747523846866
5,2023-12-31,1822.5560415416921,43.74134499700061
6,2019-01-31,2357.7039302818102,56.58489432676345
6,2019-02-28,2705.5223729412273,64.93253695058947
6,2019-03-31,989.0694278228293,23.737666267747905
6,2019-04-30,1072.9506851374924,25.75081644329982
6,2019-05-31,4137.376926856451,99.29704624455482
6,2019-06-30,2054.90728614364,49.31777486744736
6,2019-07-31,2191.6911195443568,52.60058686906457
6,2019-08-31,2855.597439142498,68.53433853941995
6,2019-09-30,2575.4568987087528,61.810965569010065
6,2019-10-31,1671.96613181834,40.127187163640166
6,2019-11-30,4683.546026635575,112.40510463925379
6,2019-12-31,3692.0198009332244,88.60847522239739
6,2020-01-31,3365.5732197958814,80.77375727510116
6,2020-02-29,3761.099055450466,90.26637733081118
6,2020-03-31,4300.889986158869,103.22135966781286
6,2020-04-30,2307.251628277283,55.374039078654796
6,2020-05-31,4094.2828948350543,98.2627894760413
6,2020-06-30,5108.165441359286,122.59597059262285
6,2020-07-31,3665.7976864614143,87.97914447507394
6,2020-08-31,1625.958920406897,39.023014089765525
6,2020-09-30,2906.987936376008,69.7677104730242
6,2020-10-31,3486.010094479142,83.6642422674994
6,2020-11-30,2469.2104905492256,59.261051773181414
6,2020-12-31,3167.3022155435724,76.01525317304574
6,2021-01-31,5283.542027478503,126.80500865948409
6,2021-02-28,5458.340519093461,131.00017245824304
6,2021-03-31,5019.794590970533,120.47507018329281
6,2021-04-30,3527.2109822386838,84.6530635737284
6,2021-05-31,2991.31724983869,71.79161399612856
6,2021-06-30,1572.050602693214,37.72921446463714
6,2021-07-31,4072.6050113501014,97.74252027240244
6,2021-08-31,1920.2094449272677,46.08502667825443
6,2021-09-30,2374.45870847647,56.98700900343528
6,2021-10-31,2488.094862664495,59.71427670394788
6,2021-11-30,5537.516547066469,132.90039712959523
6,2021-12-31,2213.2597815215167,53.11823475651641
6,2022-01-31,5350.559838984118,128.41343613561884
6,2022-02-28,6578.411911305107,157.88188587132257
6,2022-03-31,2127.95723293135,51.0709735903524
6,2022-04-30,2926.4315512542817,70.23435723010276
6,2022-05-31,5272.418606159334,126.538046547824
6,2022-06-30,3372.217486119607,80.93321966687057
6,2022-07-31,5289.091928382788,126.93820628118692
6,2022-08-31,3410.469567133102,81.85126961119445
6,2022-09-30,3599.6243125811015,86.39098350194642
6,2022-10-31,5254.482998392673,126.10759196142415
6,2022-11-30,1787.0148842773442,42.88835722265626
6,2022-12-31,1657.3197749182636,39.77567459803833
6,2023-01-31,4458.740841874516,107.00978020498839
6,2023-02-28,1735.6262902383182,41.65503096571964
6,2023-03-31,4070.7254130344268,97.69740991282625
6,2023-04-30,3108.108614780606,74.59460675473454
6,2023-05-31,2457.7194057000993,58.98526573680238
6,2023-06-30,1846.217967153521,44.309231211684505
6,2023-07-31,5358.542516892684,128.6050204054244
6,2023-08-31,1222.1927137469881,29.33262512992772
6,2023-09-30,4324.9032286753045,103.79767748820731
6,2023-10-31,1510.6846232834166,36.256430958802
6,2023-11-30,3424.9309741449365,82.19834337947847
6,2023-12-31,5594.98317414911,134.27959617957862
7,2019-01-31,1699.3502403274706,40.7844057678593
7,2019-02-28,2107.0348947930684,50.56883747503364
7,2019-03-31,4462.820493920184,107.10769185408444
7,2019-04-30,2359.6921492120127,56.632611581088305
7,2019-05-31,5834.9822701890125,140.0395744845363
7,2019-06-30,1544.2408495164702,37.061780388395285
7,2019-07-31,1924.4318177530974,46.18636362607434
7,2019-08-31,1534.165071750328,36.81996172200787
7,2019-09-30,1308.399602097995,31.401590450351883
7,2019-10-31,3148.243141606686,75.55783539856047
7,2019-11-30,2627.670207618634,63.06408498284721
7,2019-12-31,3959.3794901134734,95.02510776272337
7,2020-01-31,2398.5293095993056,57.56470343038334
7,2020-02-29,1267.7576743744405,30.42618418498657
7,2020-03-31,1692.202494780794,40.61285987473906
7,2020-04-30,1762.0669773859697,42.28960745726328
7,2020-05-31,3971.6111940406468,95.31866865697553
7,2020-06-30,2055.128879965484,49.32309311917162
7,2020-07-31,1899.4314194045564,45.58635406570935
7,2020-08-31,3436.884617330043,82.48523081592104
7,2020-09-30,1590.1385223180528,38.16332453563327
7,2020-10-31,5807.486302973404,139.3796712713617
7,2020-11-30,4653.08167311957,111.67396015486969
7,2020-12-31,2936.1229132420185,70.46694991780845
7,2021-01-31,4240.019354163485,101.76046449992363
7,2021-02-28,1303.1266445122965,31.275039468295112
7,2021-03-31,1807.779864756351,43.38671675415242
7,2021-04-30,787.2123618187203,18.893096683649286
7,2021-05-31,3409.722657716473,81.83334378519535
7,2021-06-30,2922.6269839714955,70.1430476153159
7,2021-07-31,5486.255885061983,131.67014124148758
7,2021-08-31,2401.976179415412,57.64742830596989
7,2021-09-30,1508.6496157209326,36.20759077730238
7,2021-10-31,2472.6603716442496,59.34384891946199
7,2021-11-30,1542.2254499972591,37.01341079993422
7,2021-12-31,3553.722655684327,85.28934373642385
7,2022-01-31,1745.422354329595,41.89013650391028
7,2022-02-28,5288.7006402866255,126.92881536687902
7,2022-03-31,2367.451559880026,56.81883743712062
7,2022-04-30,935.3811605863498,22.449147854072397
7,2022-05-31,2303.4715433659685,55.28331704078324
7,2022-06-30,1451.857500870809,34.844580020899414
7,2022-07-31,1546.35259571373,37.11246229712952
7,2022-08-31,1886.5502484851947,45.277205963644676
7,2022-09-30,2020.0968582171606,48.48232459721186
7,2022-10-31,2340.0252641522616,56.16060633965428
7,2022-11-30,4201.381206380482,100.83314895313157
7,2022-12-31,2587.4941315257347,62.09985915661763
7,2023-01-31,3312.8792733539885,79.50910256049573
7,2023-02-28,1738.892359492638,41.73341662782331
7,2023-03-31,3364.7848178033014,80.75483562727923
7,2023-04-30,1526.0762806933799,36.62583073664111
7,2023-05-31,2163.355112347069,51.92052269632965
7,2023-06-30,1097.66278334801,26.343906800352244
7,2023-07-31,4608.34938259662,110.60038518231887
7,2023-08-31,2662.508875231938,63.90021300556651
7,2023-09-30,3236.861511784477,77.68467628282744
7,2023-10-31,2717.629753524825,65.2231140845958
7,2023-11-30,6717.4672849533035,161.21921483887928
7,2023-12-31,4691.771543180167,112.60251703632402
8,2019-01-31,1161.4587388091795,18.583339820946875
8,2019-02-28,1892.1528395871,30.27444543339361
8,2019-03-31,3158.846180086918,50.54153888139069
8,2019-04-30,1590.2100242496997,25.4433603879952
8,2019-05-31,4035.7464826685646,64.57194372269704
8,2019-06-30,3123.253889875039,49.97206223800063
8,2019-07-31,3781.1218458575568,60.49794953372092
8,2019-08-31,3366.11236317759,53.85779781084145
8,2019-09-30,2205.7907038360613,35.29265126137698
8,2019-10-31,3508.694845517562,56.139117528281
8,2019-11-30,5215.843832812047,83.45350132499277
8,2019-12-31,1756.6088825898917,28.10574212143827
8,2020-01-31,1115.60881402928,17.849741024468482
8,2020-02-29,1531.3423910679874,24.501478257087797
8,2020-03-31,2168.342128312502,34.69347405300004
8,2020-04-30,2695.8905328046762,43.13424852487483
8,2020-05-31,1273.390811918657,20.374252990698515
8,2020-06-30,5930.195274762067,94.88312439619308
8,2020-07-31,2162.814033664273,34.60502453862838
8,2020-08-31,4830.911926913745,77.29459083061994
8,2020-09-30,3182.9676261880795,50.92748201900928
8,2020-10-31,3514.5445767999745,56.2327132287996
8,2020-11-30,6002.621730978701,96.04194769565923
8,2020-12-31,1920.2485219215826,30.723976350745325
8,2021-01-31,2477.8411398666453,39.645458237866336
8,2021-02-28,1389.2380123971093,22.227808198353753
8,2021-03-31,4987.493007721633,79.79988812354614
8,2021-04-30,2864.8509089073696,45.83761454251792
8,2021-05-31,3447.230745695075,55.155691931121204
8,2021-06-30,4134.450965083038,66.15121544132862
8,2021-07-31,5813.652009342263,93.01843214947621
8,2021-08-31,2219.2847729748214,35.508556367597144
8,2021-09-30,3247.0641427222026,51.953026283555246
8,2021-10-31,4014.763843667165,64.23622149867465
8,2021-11-30,4922.52187878484,78.76035006055746
8,2021-12-31,3845.6551543098703,61.53048246895793
8,2022-01-31,4965.454299388291,79.44726879021266
8,2022-02-28,6065.682852976155,97.0509256476185
8,2022-03-31,657.440017109805,10.51904027375688
8,2022-04-30,1640.1475423170627,26.242360677073005
8,2022-05-31,1177.8933616655443,18.84629378664871
8,2022-06-30,3173.292995981114,50.77268793569783
8,2022-07-31,5890.266291093484,94.24426065749576
8,2022-08-31,3507.543297203907,56.120692755262525
8,2022-09-30,2928.866649782062,46.861866396512994
8,2022-10-31,3730.60807897171,59.68972926354736
8,2022-11-30,3433.905534925134,54.94248855880215
8,2022-12-31,978.1578263146046,15.650525221033673
8,2023-01-31,4226.939070722475,67.63102513155961
8,2023-02-28,4216.209591767039,67.45935346827262
8,2023-03-31,1378.532454985544,22.056519279768708
8,2023-04-30,3001.7873875408586,48.02859820065375
8,2023-05-31,2858.9756918373714,45.74361106939794
8,2023-06-30,1596.485050788835,25.54376081262136
8,2023-07-31,3370.2727797322427,53.92436447571589
8,2023-08-31,5682.349407101563,90.91759051362502
8,2023-09-30,1834.9210735698398,29.35873717711744
8,2023-10-31,2810.2614112417446,44.964182579867916
8,2023-11-30,3492.7246453134594,55.88359432501535
8,2023-12-31,2676.799983886507,42.82879974218412
9,2019-01-31,3283.504574554937,78.80410978931849
9,2019-02-28,2971.875944918944,71.32502267805465
9,2019-03-31,4984.42036900003,119.62608885600075
9,2019-04-30,2842.5763989145867,68.22183357395008
9,2019-05-31,1645.2511501299196,39.48602760311807
9,2019-06-30,3498.4613090565535,83.96307141735728
9,2019-07-31,1675.2929760898303,40.20703142615593
9,2019-08-31,2012.0771057030777,48.28985053687387
9,2019-09-30,7029.2810679867225,168.70274563168135
9,2019-10-31,1940.5460533429214,46.573105280230116
9,2019-11-30,3538.0831454887248,84.9139954917294
9,2019-12-31,2984.9787492675205,71.63948998242049
9,2020-01-31,5947.44370231844,142.73864885564257
9,2020-02-29,1441.3297378946195,34.591913709470866
9,2020-03-31,1007.8664692136106,24.188795261126653
9,2020-04-30,4599.993345946331,110.39984030271195
9,2020-05-31,4808.611823508906,115.40668376421374
9,2020-06-30,1568.7106699860985,37.649056079666366
9,2020-07-31,4041.0948836239572,96.98627720697498
9,2020-08-31,1488.144156367337,35.71545975281609
9,2020-09-30,4257.966525059879,102.1911966014371
9,2020-10-31,2812.764330885797,67.50634394125912
9,2020-11-30,5633.463502039522,135.20312404894852
9,2020-12-31,4000.975030098311,96.02340072235947
9,2021-01-31,6175.863152084008,148.2207156500162
9,2021-02-28,1772.1073041712998,42.530575300111195
9,2021-03-31,3683.779596727579,88.41071032146189
9,2021-04-30,4379.545168625087,105.10908404700209
9,2021-05-31,1958.5887479251023,47.00612995020246
9,2021-06-30,1957.1937547747034,46.97265011459289
9,2021-07-31,1782.9875028216452,42.79170006771948
9,2021-08-31,4207.725709594657,100.98541703027179
9,2021-09-30,3227.669320639966,77.46406369535919
9,2021-10-31,2129.77556421919,51.11461354126056
9,2021-11-30,7110.94079885142,170.66257917243408
9,2021-12-31,1849.1575787756221,44.37978189061493
9,2022-01-31,3343.260077803516,80.2382418672844
9,2022-02-28,3838.4607880491535,92.12305891317969
9,2022-03-31,5095.012061556472,122.28028947735532
9,2022-04-30,1562.2816629981871,37.49475991195649
9,2022-05-31,2541.334559090132,60.99202941816317
9,2022-06-30,2038.98407026815,48.9356176864356
9,2022-07-31,1635.4828448561539,39.2515882765477
9,2022-08-31,2572.2983118739553,61.73515948497492
9,2022-09-30,1560.7393308029725,37.45774393927134
9,2022-10-31,6126.031707295158,147.02476097508378
9,2022-11-30,3368.2728632526014,80.83854871806243
9,2022-12-31,1936.3922203199093,46.47341328767783
9,2023-01-31,1483.8872899761898,35.61329495942856
9,2023-02-28,2023.4347573457944,48.56243417629907
9,2023-03-31,2383.5752616858153,57.205806280459576
9,2023-04-30,6423.982021907464,154.17556852577914
9,2023-05-31,2274.641098756132,54.59138637014717
9,2023-06-30,4598.02835247949,110.3526804595078
9,2023-07-31,1995.7295878051948,47.897510107324685
9,2023-08-31,1357.5494338093508,32.58118641142442
9,2023-09-30,1642.190334905517,39.4125680377324
9,2023-10-31,1668.450884739558,40.04282123374939
9,2023-11-30,4279.822195442822,102.71573269062772
9,2023-12-31,2467.1050254089987,59.210520609815966
10,2019-01-31,2172.6656570780387,52.14397576987294
10,2019-02-28,2704.88063061555,64.9171351347732
10,2019-03-31,4126.511151327331,99.03626763185596
10,2019-04-30,1174.5762295615025,28.18982950947606
10,2019-05-31,1191.6257048503483,28.59901691640836
10,2019-06-30,2335.615149135105,56.054763579242525
10,2019-07-31,4792.172360118694,115.01213664284866
10,2019-08-31,2625.097529279663,63.00234070271191
10,2019-09-30,1679.6698829674378,40.31207719121851
10,2019-10-31,5017.061474673261,120.40947539215826
10,2019-11-30,5489.0783309066055,131.73787994175854
10,2019-12-31,3663.299540696161,87.91918897670784
10,2020-01-31,4608.316509533525,110.5995962288046
10,2020-02-29,3631.898565528144,87.16556557267545
10,2020-03-31,3024.4204394097465,72.58609054583391
10,2020-04-30,2214.9992038694454,53.159980892866685
10,2020-05-31,2022.3661197344777,48.53678687362747
10,2020-06-30,1229.9142281210143,29.51794147490434
10,2020-07-31,2170.9161577627547,52.10198778630612
10,2020-08-31,3798.6550316008584,91.1677207584206
10,2020-09-30,776.8965815370502,18.645517956889208
10,2020-10-31,4423.253623688919,106.15808696853406
10,2020-11-30,1832.9568575272515,43.99096458065403
10,2020-12-31,1853.2579968518903,44.47819192444536
10,2021-01-31,5036.608555363567,120.8786053287256
10,2021-02-28,6834.818689642657,164.03564855142375
10,2021-03-31,2284.936324387599,54.83847178530238
10,2021-04-30,5206.842195151157,124.96421268362778
10,2021-05-31,1209.1429834239048,29.01943160217371
10,2021-06-30,2397.4040701477984,57.537697683547165
10,2021-07-31,2941.8426699339893,70.60422407841574
10,2021-08-31,4003.0055062736546,96.07213215056773
10,2021-09-30,1171.7084163363165,28.121001992071598
10,2021-10-31,3257.631064848615,78.18314555636675
10,2021-11-30,2881.3791046861247,69.153098512467
10,2021-12-31,2525.8847975054837,60.62123514013161
10,2022-01-31,2041.004613769405,48.98411073046572
10,2022-02-28,1243.6373328591774,29.847295988620257
10,2022-03-31,2923.871105715695,70.17290653717669
10,2022-04-30,5390.873114919809,129.38095475807543
10,2022-05-31,4329.809440545895,103.91542657310148
10,2022-06-30,3604.429886506504,86.50631727615608
10,2022-07-31,3596.8955075214667,86.3254921805152
10,2022-08-31,5417.427475945018,130.01825942268044
10,2022-09-30,5812.31013797891,139.4954433114938
10,2022-10-31,2263.1464666007805,54.31551519841873
10,2022-11-30,3059.775298162649,73.43460715590358
10,2022-12-31,2981.056325993776,71.54535182385062
10,2023-01-31,2113.5756697501306,50.725816074003134
10,2023-02-28,4733.568762668908,113.60565030405378
10,2023-03-31,4037.8257092750214,96.90781702260053
10,2023-04-30,2591.741973312819,62.201807359507654
10,2023-05-31,3386.562853702575,81.2775084888618
10,2023-06-30,5036.672006380255,120.88012815312611
10,2023-07-31,1557.310150589494,37.375443614147855
10,2023-08-31,3412.331099569492,81.89594638966781
10,2023-09-30,3341.0697020933235,80.18567285023975
10,2023-10-31,3468.3451016572517,83.24028243977405
10,2023-11-30,3777.9349856518356,90.67043965564406
10,2023-12-31,1867.9652523220698,44.831166055729675
11,2019-01-31,3411.062349864069,81.86549639673765
11,2019-02-28,6235.764279099639,149.65834269839132
11,2019-03-31,3240.3543220360334,77.76850372886481
11,2019-04-30,3182.303563697794,76.37528552874704
11,2019-05-31,3304.409312466406,79.30582349919375
11,2019-06-30,4111.540067254538,98.67696161410892
11,2019-07-31,2705.9040052521905,64.94169612605256
11,2019-08-31,2502.1606039789644,60.05185449549515
11,2019-09-30,2592.66439000403,62.22394536009673
11,2019-10-31,6230.1901220624395,149.52456292949853
11,2019-11-30,4225.34870924629,101.40836902191097
11,2019-12-31,2841.7502777518157,68.20200666604357
11,2020-01-31,2778.5079717778517,66.68419132266844
11,2020-02-29,3567.766384035087,85.62639321684208
11,2020-03-31,5032.925960464378,120.79022305114505
11,2020-04-30,1917.9822703388813,46.03157448813315
11,2020-05-31,6247.3098710617,149.9354369054808
11,2020-06-30,2918.162449130926,70.03589877914223
11,2020-07-31,2424.916680559906,58.19800033343775
11,2020-08-31,2562.3237022025505,61.49576885286121
11,2020-09-30,4446.545470531102,106.71709129274647
11,2020-10-31,4241.913771220067,101.80593050928161
11,2020-11-30,2689.988780243764,64.55973072585033
11,2020-12-31,5698.998065696733,136.7759535767216
11,2021-01-31,4468.480710330879,107.24353704794112
11,2021-02-28,2448.70110861426,58.76882660674224
11,2021-03-31,4295.0357896912665,103.0808589525904
11,2021-04-30,1756.1560699349548,42.147745678438916
11,2021-05-31,2947.382030261757,70.73716872628216
11,2021-06-30,2265.463588679011,54.371126128296275
11,2021-07-31,2888.5410527674285,69.3249852664183
11,2021-08-31,3786.039201433441,90.86494083440259
11,2021-09-30,2501.6787535159865,60.04029008438367
11,2021-10-31,2875.7510369625506,69.01802488710122
11,2021-11-30,1228.9864188327135,29.495674051985127
11,2021-12-31,4652.401243192211,111.65762983661308
11,2022-01-31,3360.394560998243,80.64946946395783
11,2022-02-28,890.0735999550665,21.361766398921596
11,2022-03-31,5043.69161658088,121.04859879794112
11,2022-04-30,3045.29346340393,73.08704312169434
11,2022-05-31,2145.764303411153,51.49834328186767
11,2022-06-30,3202.8088947017245,76.86741347284139
11,2022-07-31,1999.118845620888,47.978852294901316
11,2022-08-31,4238.586226189631,101.72606942855113
11,2022-09-30,1821.5217464614161,43.71652191507399
11,2022-10-31,2999.997469221822,71.99993926132373
11,2022-11-30,4100.409676643493,98.40983223944386
11,2022-12-31,1501.3341246667237,36.03201899200137
11,2023-01-31,3370.4640815528774,80.89113795726907
11,2023-02-28,3750.542486383869,90.01301967321285
11,2023-03-31,4271.970746101618,102.52729790643885
11,2023-04-30,2332.3766522790884,55.97703965469812
11,2023-05-31,3114.0135610596444,74.73632546543146
11,2023-06-30,4386.382419942566,105.2731780786216
11,2023-07-31,1551.2788306444704,37.23069193546729
11,2023-08-31,5257.307230316477,126.17537352759544
11,2023-09-30,2389.4775512328447,57.34746122958828
11,2023-10-31,1393.3644861877397,33.44074766850575
11,2023-11-30,4772.328314250295,114.5358795420071
11,2023-12-31,6185.636189726738,148.45526855344173
12,2019-01-31,2601.6741706619136,16.65071469223625
12,2019-02-28,1457.7100143853747,9.329344092066398
12,2019-03-31,4126.484726323135,26.40950224846807
12,2019-04-30,3441.9297359472466,22.02835031006238
12,2019-05-31,5912.375767982911,37.83920491509063
12,2019-06-30,2833.5119290128596,18.1344763456823
12,2019-07-31,3112.838588082207,19.922166963726127
12,2019-08-31,1342.1600927093823,8.589824593340047
12,2019-09-30,3085.4102980348393,19.746625907422974
12,2019-10-31,2006.9522558517938,12.84449443745148
12,2019-11-30,1432.1068373794578,9.165483759228529
12,2019-12-31,4264.772144107737,27.29454172228952
12,2020-01-31,6069.636369510859,38.845672764869505
12,2020-02-29,5398.995313720299,34.55357000780992
12,2020-03-31,3249.8325254409992,20.798928162822396
12,2020-04-30,3278.780711403546,20.984196552982695
12,2020-05-31,1592.652395774335,10.192975332955745
12,2020-06-30,2710.249017303074,17.345593710739674
12,2020-07-31,3474.4139822702246,22.236249486529438
12,2020-08-31,2302.771742549746,14.737739152318373
12,2020-09-30,1625.8627411743757,10.405521543516006
12,2020-10-31,1608.3920926315345,10.293709392841823
12,2020-11-30,1117.5836514807984,7.1525353694771105
12,2020-12-31,2481.2867646047457,15.880235293470372
12,2021-01-31,979.1017162771641,6.266250984173851
12,2021-02-28,5557.991792360339,35.571147471106165
12,2021-03-31,3898.565313860754,24.95081800870883
12,2021-04-30,2608.9829023027,16.69749057473728
12,2021-05-31,3906.0405301884207,24.998659393205894
12,2021-06-30,2176.9919385967864,13.932748407019435
12,2021-07-31,2727.124860680338,17.453599108354165
12,2021-08-31,2277.2845664501037,14.574621225280666
12,2021-09-30,1140.171175516193,7.297095523303636
12,2021-10-31,3144.63693578572,20.125676389028612
12,2021-11-30,2892.277261736763,18.510574475115288
12,2021-12-31,2128.5614078163794,13.62279301002483
12,2022-01-31,2906.103158257245,18.599060212846368
12,2022-02-28,2632.965110666676,16.850976708266728
12,2022-03-31,813.663262836992,5.207444882156749
12,2022-04-30,2930.165047616026,18.753056304742568
12,2022-05-31,3058.187000119194,19.572396800762846
12,2022-06-30,3152.601922445775,20.176652303652965
12,2022-07-31,3537.6975344470675,22.641264220461235
12,2022-08-31,6229.287119438685,39.86743756440759
12,2022-09-30,3243.078568590606,20.755702838979882
12,2022-10-31,1446.1617978126014,9.25543550600065
12,2022-11-30,3882.128712620093,24.8456237607686
12,2022-12-31,2366.9918510848547,15.14874784694307
12,2023-01-31,2356.7615276526076,15.08327377697669
12,2023-02-28,2123.842210208706,13.59259014533572
12,2023-03-31,6344.384320478593,40.604059651063
12,2023-04-30,4067.753349786616,26.033621438634345
12,2023-05-31,6674.067016842282,42.714028907790606
12,2023-06-30,3291.082014528069,21.06292489297964
12,2023-07-31,4823.934761664131,30.873182474650434
12,2023-08-31,2007.1132169224247,12.845524588303519
12,2023-09-30,1940.2620293341593,12.41767698773862
12,2023-10-31,5147.97150157427,32.94701761007533
12,2023-11-30,3529.7659893783593,22.5905023320215
12,2023-12-31,1861.3397682315317,11.912574516681804
13,2019-01-31,1550.4463081146569,24.80714092983451
13,2019-02-28,1160.2951444885628,18.564722311817004
13,2019-03-31,3415.1465541877405,54.64234486700386
13,2019-04-30,5008.038856285275,80.12862170056441
13,2019-05-31,6247.424874317231,99.95879798907572
13,2019-06-30,1788.1786779834047,28.610858847734477
13,2019-07-31,5588.231059886835,89.41169695818938
13,2019-08-31,4439.077143242017,71.02523429187228
13,2019-09-30,2375.3545956761245,38.005673530817994
13,2019-10-31,2704.551034835686,43.27281655737099
13,2019-11-30,2900.0910802482476,46.401457283971965
13,2019-12-31,2580.777905481746,41.29244648770794
13,2020-01-31,5167.95892358025,82.687342777284
13,2020-02-29,2503.0806583311805,40.049290533298894
13,2020-03-31,2559.0575399033296,40.94492063845328
13,2020-04-30,4962.082292431917,79.3933166789107
13,2020-05-31,2116.875947215422,33.87001515544676
13,2020-06-30,3993.180656098085,63.890890497569366
13,2020-07-31,2269.3135744548485,36.309017191277576
13,2020-08-31,1941.057913506978,31.056926616111653
13,2020-09-30,3416.000981618097,54.65601570588955
13,2020-10-31,1440.9877978337654,23.05580476534025
13,2020-11-30,2128.027238537144,34.04843581659431
13,2020-12-31,864.3812486399225,13.830099978238762
13,2021-01-31,4217.085915352634,67.47337464564217
13,2021-02-28,5823.988702600089,93.18381924160143
13,2021-03-31,2824.26599329474,45.18825589271585
13,2021-04-30,3374.513664413769,53.992218630620314
13,2021-05-31,3102.9979844819013,49.647967751710425
13,2021-06-30,3373.011603151903,53.96818565043044
13,2021-07-31,1711.15044029226,27.378407044676166
13,2021-08-31,4056.843097587913,64.90948956140662
13,2021-09-30,3297.2519788139703,52.756031661023535
13,2021-10-31,4751.336445176228,76.02138312281966
13,2021-11-30,3164.8851501299296,50.638162402078876
13,2021-12-31,1983.395685709803,31.73433097135685
13,2022-01-31,2669.5177093861075,42.71228335017773
13,2022-02-28,2768.0211113593596,44.28833778174976
13,2022-03-31,2823.4655849225956,45.17544935876153
13,2022-04-30,7019.26326195864,112.30821219133826
13,2022-05-31,2440.67453087431,39.050792493988965
13,2022-06-30,2245.9508453084572,35.93521352493532
13,2022-07-31,1895.6409912677452,30.330255860283927
13,2022-08-31,3520.572288745843,56.329156619933485
13,2022-09-30,4053.693906123268,64.8591024979723
13,2022-10-31,2313.394374953281,37.0143099992525
13,2022-11-30,3070.756771109979,49.13210833775967
13,2022-12-31,3044.703543470431,48.715256695526904
13,2023-01-31,4687.902708311569,75.00644333298511
13,2023-02-28,2942.830954096764,47.085295265548226
13,2023-03-31,2152.1838086426546,34.43494093828248
13,2023-04-30,2478.950507226371,39.66320811562194
13,2023-05-31,1271.253874138236,20.34006198621178
13,2023-06-30,3889.6646416611547,62.23463426657849
13,2023-07-31,2861.2533025472394,45.78005284075584
13,2023-08-31,2228.8159674637236,35.66105547941958
13,2023-09-30,1342.2067207073962,21.475307531318343
13,2023-10-31,2318.682430271868,37.09891888434989
13,2023-11-30,1403.5478612464221,22.456765779942756
13,2023-12-31,2239.4688484718054,35.83150157554889
14,2019-01-31,5065.948798451347,121.58277116283233
14,2019-02-28,3104.2769830671255,74.50264759361102
14,2019-03-31,2767.359470020884,66.41662728050123
14,2019-04-30,3221.2904463788354,77.31097071309205
14,2019-05-31,2325.287377670603,55.806897064094464
14,2019-06-30,1792.8332449126708,43.027997877904106
14,2019-07-31,2899.1484831833295,69.57956359639991
14,2019-08-31,3106.7720862268116,74.56253006944348
14,2019-09-30,4700.960518445944,112.82305244270266
14,2019-10-31,1604.0266295865426,38.49663911007703
14,2019-11-30,2045.933933417361,49.10241440201666
14,2019-12-31,6332.306253395516,151.97535008149237
14,2020-01-31,5704.326576440071,136.9038378345617
14,2020-02-29,3236.1048130660424,77.66651551358503
14,2020-03-31,3110.26436873804,74.64634484971296
14,2020-04-30,6348.453022584267,152.36287254202242
14,2020-05-31,3926.16376654842,94.22793039716208
14,2020-06-30,2525.5897246136738,60.61415339072818
14,2020-07-31,4839.006092606193,116.13614622254863
14,2020-08-31,2901.9465122816046,69.6467162947585
14,2020-09-30,4289.268323874684,102.94243977299243
14,2020-10-31,1757.0265639379195,42.168637534510076
14,2020-11-30,2070.0280885913503,49.68067412619241
14,2020-12-31,5592.609018395216,134.22261644148517
14,2021-01-31,3043.3149535144526,73.03955888434686
14,2021-02-28,3404.8775663160695,81.71706159158568
14,2021-03-31,1568.0882625247891,37.63411830059494
14,2021-04-30,860.5454884203981,20.653091722089552
14,2021-05-31,4966.290983204946,119.19098359691871
14,2021-06-30,2823.3480708013803,67.76035369923312
14,2021-07-31,1870.997906416401,44.90394975399363
14,2021-08-31,2688.931278818267,64.5343506916384
14,2021-09-30,5576.067688790239,133.82562453096574
14,2021-10-31,1956.4275351277886,46.954260843066926
14,2021-11-30,3249.8327281420056,77.99598547540815
14,2021-12-31,4173.260122211597,100.15824293307836
14,2022-01-31,2453.192792229016,58.87662701349639
14,2022-02-28,1871.1103491295546,44.906648379109306
14,2022-03-31,4548.958817918428,109.17501163004229
14,2022-04-30,1480.17339305684,35.52416143336416
14,2022-05-31,2774.599917120647,66.59039801089554
14,2022-06-30,5343.308214285298,128.23939714284714
14,2022-07-31,2818.926949033334,67.65424677680002
14,2022-08-31,5103.008491573396,122.47220379776151
14,2022-09-30,2085.1567778266294,50.04376266783911
14,2022-10-31,6814.448252361991,163.5467580566878
14,2022-11-30,2359.692459042171,56.632619017012104
14,2022-12-31,4598.219162163031,110.35725989191273
14,2023-01-31,5109.7892879854035,122.6349429116497
14,2023-02-28,4356.488290464438,104.5557189711465
14,2023-03-31,3719.7237603964372,89.2733702495145
14,2023-04-30,1767.3512731606022,42.41643055585445
14,2023-05-31,1741.1292278665894,41.78710146879814
14,2023-06-30,1386.8365087230072,33.28407620935217
14,2023-07-31,4879.570115306841,117.10968276736419
14,2023-08-31,3061.0012558940343,73.46403014145682
14,2023-09-30,3928.7060849172717,94.28894603801452
14,2023-10-31,2428.0706572541485,58.27369577409957
14,2023-11-30,3531.835269109119,84.76404645861886
14,2023-12-31,1364.1058648861529,32.73854075726767
15,2019-01-31,1664.500256118824,26.632004097901184
15,2019-02-28,2604.7332310569504,41.675731696911214
15,2019-03-31,4031.4096769323037,64.50255483091688
15,2019-04-30,4276.331647455561,68.42130635928898
15,2019-05-31,3085.036141539028,49.36057826462445
15,2019-06-30,2099.856068067142,33.59769708907428
15,2019-07-31,3434.690016532665,54.955040264522644
15,2019-08-31,2511.854409047329,40.18967054475727
15,2019-09-30,4660.22154417842,74.56354470685473
15,2019-10-31,2182.4544355371404,34.91927096859425
15,2019-11-30,1107.6777026626432,17.72284324260229
15,2019-12-31,3989.8684488216754,63.83789518114682
15,2020-01-31,2971.5093798589605,47.544150077743375
15,2020-02-29,2226.8775608321926,35.63004097331508
15,2020-03-31,1738.0379622412545,27.808607395860072
15,2020-04-30,4561.009423036513,72.97615076858422
15,2020-05-31,2105.563324474228,33.689013191587655
15,2020-06-30,3070.0018184657797,49.12002909545248
15,2020-07-31,2913.2906614878625,46.6126505838058
15,2020-08-31,2590.4019756179623,41.4464316098874
15,2020-09-30,3479.472531412587,55.67156050260141
15,2020-10-31,2719.8130364259355,43.517008582814974
15,2020-11-30,3565.151936946611,57.04243099114578
15,2020-12-31,3762.6605231877197,60.20256837100352
15,2021-01-31,1917.7230204994646,30.683568327991438
15,2021-02-28,4229.099611844032,67.66559378950451
15,2021-03-31,3293.6520913749196,52.69843346199872
15,2021-04-30,4618.479291445218,73.8956686631235
15,2021-05-31,2459.945022864884,39.359120365838145
15,2021-06-30,2837.6434607697324,45.40229537231573
15,2021-07-31,3555.3759301844616,56.886014882951386
15,2021-08-31,2052.1044607088584,32.83367137134174
15,2021-09-30,4238.739157126971,67.81982651403155
15,2021-10-31,3224.011502087641,51.58418403340226
15,2021-11-30,4340.984124966028,69.45574599945644
15,2021-12-31,3354.6227893701735,53.67396462992278
15,2022-01-31,1417.9897937236196,22.687836699577918
15,2022-02-28,2025.1529280402196,32.402446848643514
15,2022-03-31,2445.077723306768,39.12124357290829
15,2022-04-30,3668.1990634527824,58.69118501524453
15,2022-05-31,1929.1126969256072,30.865803150809718
15,2022-06-30,3147.7614044288925,50.36418247086229
15,2022-07-31,2706.8162784229753,43.30906045476761
15,2022-08-31,3635.0391514661014,58.160626423457636
15,2022-09-30,2184.5609161410875,34.9529746582574
15,2022-10-31,3155.5060936045793,50.48809749767327
15,2022-11-30,2512.499928262589,40.19999885220143
15,2022-12-31,3740.725625407744,59.851610006523906
15,2023-01-31,6371.359289050606,101.9417486248097
15,2023-02-28,1523.7757758220218,24.380412413152353
15,2023-03-31,5584.24735990457,89.34795775847311
15,2023-04-30,3537.648799563924,56.602380793022796
15,2023-05-31,5091.227928604382,81.45964685767012
15,2023-06-30,2003.1099220433389,32.04975875269343
15,2023-07-31,6456.814914437654,103.30903863100247
15,2023-08-31,1701.217852159418,27.21948563455069
15,2023-09-30,5835.885415717113,93.37416665147381
15,2023-10-31,3157.0750157093707,50.51320025134994
15,2023-11-30,2364.8151770611444,37.83704283297831
15,2023-12-31,3036.606806418092,48.585708902689476
16,2019-01-31,2683.9463114145433,64.41471147394904
16,2019-02-28,2085.0453814991997,50.04108915598079
16,2019-03-31,1372.3046945354108,32.93531266884986
16,2019-04-30,5405.975121220517,129.74340290929243
16,2019-05-31,4014.1838524158147,96.34041245797955
16,2019-06-30,5273.875206330185,126.57300495192446
16,2019-07-31,1802.6164936830469,43.262795848393125
16,2019-08-31,2606.561943671866,62.55748664812479
16,2019-09-30,3534.840573958593,84.83617377500623
16,2019-10-31,3261.823666613396,78.28376799872152
16,2019-11-30,5861.982954907898,140.68759091778955
16,2019-12-31,1408.0418207301636,33.79300369752393
16,2020-01-31,3046.9726293503345,73.12734310440803
16,2020-02-29,2170.616765605196,52.09480237452471
16,2020-03-31,2020.002709726754,48.480065033442095
16,2020-04-30,5960.603404108061,143.0544816985935
16,2020-05-31,5828.542086856018,139.88501008454443
16,2020-06-30,3905.0327760644377,93.72078662554651
16,2020-07-31,2489.7831374396974,59.754795298552736
16,2020-08-31,1620.9240722330105,38.90217773359225
16,2020-09-30,1784.4063864376562,42.82575327450375
16,2020-10-31,3416.5419328664084,81.9970063887938
16,2020-11-30,1807.3514706024946,43.376435294459874
16,2020-12-31,1169.284390480918,28.062825371542036
16,2021-01-31,2589.840809816922,62.156179435606134
16,2021-02-28,3115.5638228688013,74.77353174885124
16,2021-03-31,3456.7429450856434,82.96183068205545
16,2021-04-30,3354.446000983058,80.5067040235934
16,2021-05-31,4671.56102080048,112.11746449921152
16,2021-06-30,1787.3075681380603,42.89538163531345
16,2021-07-31,1563.1145092574045,37.51474822217771
16,2021-08-31,5386.841377091712,129.28419305020108
16,2021-09-30,1859.036903913025,44.6168856939126
16,2021-10-31,3887.7430046235163,93.30583211096439
16,2021-11-30,5478.573337447689,131.48576009874452
16,2021-12-31,4280.997871595979,102.74394891830349
16,2022-01-31,1178.812513895095,28.291500333482283
16,2022-02-28,2633.001373842184,63.19203297221242
16,2022-03-31,4405.743969071936,105.73785525772645
16,2022-04-30,1719.3472477160412,41.26433394518499
16,2022-05-31,1077.5745749812706,25.861789799550497
16,2022-06-30,3729.4423502147956,89.5066164051551
16,2022-07-31,2889.694776524327,69.35267463658386
16,2022-08-31,2610.19048095478,62.644571542914726
16,2022-09-30,2055.3946399474835,49.3294713587396
16,2022-10-31,3413.849918199628,81.93239803679107
16,2022-11-30,1284.1659501159927,30.819982802783827
16,2022-12-31,1839.7199020843186,44.15327765002365
16,2023-01-31,981.9013339929913,23.565632015831792
16,2023-02-28,3910.9103024782225,93.86184725947734
16,2023-03-31,3817.872288844348,91.62893493226436
16,2023-04-30,5668.375621727623,136.04101492146296
16,2023-05-31,1593.7840553669887,38.25081732880773
16,2023-06-30,3402.0574271858795,81.64937825246112
16,2023-07-31,1089.1274819285914,26.13905956628619
16,2023-08-31,3193.1449404810246,76.6354785715446
16,2023-09-30,1883.0355566183957,45.1928533588415
16,2023-10-31,3344.90175688424,80.27764216522176
16,2023-11-30,2762.3595970947413,66.29663033027379
16,2023-12-31,3852.5405543531356,92.46097330447525
17,2019-01-31,4626.956865981573,74.03130985570517
17,2019-02-28,3767.545973937853,60.28073558300565
17,2019-03-31,4794.934575889107,76.71895321422572
17,2019-04-30,2376.5716409326083,38.02514625492174
17,2019-05-31,5714.1232110248875,91.4259713763982
17,2019-06-30,5523.131740820079,88.37010785312128
17,2019-07-31,3059.64472653306,48.95431562452896
17,2019-08-31,1683.18452024658,26.93095232394528
17,2019-09-30,4154.961903224509,66.47939045159215
17,2019-10-31,5209.024666561291,83.34439466498067
17,2019-11-30,3452.5093668470427,55.24014986955268
17,2019-12-31,3383.923550916286,54.14277681466058
17,2020-01-31,6240.394025865967,99.84630441385548
17,2020-02-29,5140.573048827051,82.24916878123283
17,2020-03-31,3420.4392760896553,54.72702841743449
17,2020-04-30,2695.9886193143434,43.1358179090295
17,2020-05-31,1390.1812784282708,22.242900454852336
17,2020-06-30,1552.6081797890752,24.841730876625206
17,2020-07-31,1893.1876143338263,30.291001829341226
17,2020-08-31,3878.917855362872,62.06268568580596
17,2020-09-30,2071.262407636129,33.140198522178075
17,2020-10-31,3653.2384399814878,58.45181503970381
17,2020-11-30,1559.7405481474104,24.95584877035857
17,2020-12-31,1144.6643834184142,18.31463013469463
17,2021-01-31,1596.2777841811385,25.540444546898218
17,2021-02-28,2916.9231655788444,46.67077064926152
17,2021-03-31,2178.6702844896745,34.85872455183479
17,2021-04-30,4866.280381772633,77.86048610836212
17,2021-05-31,5585.05948162414,89.36095170598625
17,2021-06-30,3246.5663283723734,51.94506125395798
17,2021-07-31,5364.871787977631,85.8379486076421
17,2021-08-31,2581.1802415051543,41.29888386408248
17,2021-09-30,2357.4946375982745,37.7199142015724
17,2021-10-31,2619.6316640193672,41.91410662430988
17,2021-11-30,2291.0671749872404,36.65707479979585
17,2021-12-31,3676.4894971704,58.82383195472641
17,2022-01-31,4353.381479935275,69.6541036789644
17,2022-02-28,3592.1875176300327,57.475000282080536
17,2022-03-31,4324.76372652468,69.1962196243949
17,2022-04-30,2249.762600036783,35.996201600588535
17,2022-05-31,1158.3330165725372,18.5333282651606
17,2022-06-30,3852.139288188539,61.634228611016624
17,2022-07-31,2618.2474871393306,41.891959794229294
17,2022-08-31,1985.9476623755836,31.775162598009345
17,2022-09-30,2448.067681624437,39.16908290599099
17,2022-10-31,2488.785050657993,39.820560810527894
17,2022-11-30,5362.7827701531,85.80452432244961
17,2022-12-31,2666.7387987496995,42.667820779995196
17,2023-01-31,2797.7776421654644,44.76444227464743
17,2023-02-28,3704.8193263497087,59.277109221595346
17,2023-03-31,4234.412110258525,67.7505937641364
17,2023-04-30,1295.0252812503,20.7204045000048
17,2023-05-31,1809.1812479332427,28.946899966931888
17,2023-06-30,3041.0782119874793,48.657251391799676
17,2023-07-31,4970.729816498896,79.53167706398236
17,2023-08-31,2614.20503785615,41.827280605698405
17,2023-09-30,4248.063039282932,67.96900862852691
17,2023-10-31,2269.1931962229173,36.30709113956669
17,2023-11-30,2385.007208054124,38.160115328865984
17,2023-12-31,2134.5146531200553,34.15223444992089
18,2019-01-31,969.1057808576851,9.303415496233777
18,2019-02-28,1769.3295819214063,16.9855639864455
18,2019-03-31,4825.061015637147,46.320585750116614
18,2019-04-30,2402.240685607749,23.06151058183439
18,2019-05-31,2348.3566414830216,22.544223758237006
18,2019-06-30,2295.1621823067235,22.033556950144543
18,2019-07-31,3932.1175804921477,37.74832877272462
18,2019-08-31,5176.429659269163,49.693724728983966
18,2019-09-30,3269.6474602728536,31.388615618619394
18,2019-10-31,1449.6338540460047,13.916484998841645
18,2019-11-30,1020.1272695397136,9.793221787581249
18,2019-12-31,2445.3170593324926,23.475043769591927
18,2020-01-31,2868.423937118125,27.536869796334003
18,2020-02-29,2657.756240554876,25.51445990932681
18,2020-03-31,3514.8393258130686,33.742457527805456
18,2020-04-30,1835.3613219963586,17.619468691165043
18,2020-05-31,3564.5259963469875,34.219449564931075
18,2020-06-30,2257.1361320382975,21.668506867567654
18,2020-07-31,2815.7675013325406,27.031368012792388
18,2020-08-31,5218.182201870864,50.0945491379603
18,2020-09-30,1761.4617939700443,16.910033222112425
18,2020-10-31,4088.8222359382935,39.25269346500762
18,2020-11-30,5439.081257757393,52.21518007447097
18,2020-12-31,1546.1790710004973,14.843319081604776
18,2021-01-31,2602.5172071042857,24.984165188201143
18,2021-02-28,1527.696792710878,14.665889210024428
18,2021-03-31,5220.245059354173,50.114352569800054
18,2021-04-30,3459.1233645925913,33.207584300088875
18,2021-05-31,3044.5678346555906,29.22785121269367
18,2021-06-30,2773.012181956772,26.620916946785012
18,2021-07-31,3252.98760533153,31.22868101118269
18,2021-08-31,2230.977457967973,21.41738359649254
18,2021-09-30,4134.085968827311,39.68722530074219
18,2021-10-31,983.265663404487,9.439350368683074
18,2021-11-30,2727.6096512916342,26.185052652399687
18,2021-12-31,5985.213372871848,57.45804837956974
18,2022-01-31,2367.018485912674,22.72337746476167
18,2022-02-28,1195.469675708994,11.47650888680634
18,2022-03-31,3495.340590921298,33.55526967284446
18,2022-04-30,1731.5382922882052,16.622767605966768
18,2022-05-31,1414.1372547133462,13.575717645248124
18,2022-06-30,2053.9784613733154,19.71819322918383
18,2022-07-31,4035.9414112041695,38.745037547560024
18,2022-08-31,4134.636255219957,39.69250805011159
18,2022-09-30,2778.7424632074944,26.675927646791944
18,2022-10-31,806.1882549068355,7.739407247105621
18,2022-11-30,919.149476809685,8.823834977372975
18,2022-12-31,4155.975112446505,39.89736107948645
18,2023-01-31,1897.8729714485034,18.219580525905634
18,2023-02-28,4202.959989845834,40.34841590252
18,2023-03-31,4087.385296820804,39.23889884947972
18,2023-04-30,4905.964954483229,47.097263563039
18,2023-05-31,4373.327245347524,41.98394155533622
18,2023-06-30,1554.0322980444057,14.918710061226294
18,2023-07-31,3460.025597208114,33.216245733197894
18,2023-08-31,3924.0735581943563,37.67110615866582
18,2023-09-30,1669.7154393288342,16.02926821755681
18,2023-10-31,3470.6213364193422,33.31796482962568
18,2023-11-30,2192.2104562507484,21.04522038000718
18,2023-12-31,5235.871078321611,50.26436235188746
19,2019-01-31,1365.5187559974993,13.108980057575993
19,2019-02-28,1112.947019504767,10.684291387245763
19,2019-03-31,5014.7262889069325,48.14137237350655
19,2019-04-30,2280.6644006638826,21.894378246373275
19,2019-05-31,3097.0347583887187,29.731533680531705
19,2019-06-30,3302.7878710992236,31.706763562552542
19,2019-07-31,2842.827801346638,27.29114689292772
19,2019-08-31,5330.709561282957,51.17481178831639
19,2019-09-30,5328.13994067402,51.1501434304706
19,2019-10-31,1670.566742214585,16.037440725260016
19,2019-11-30,2107.890101079031,20.2357449703587
19,2019-12-31,1583.243716522643,15.199139678617371
19,2020-01-31,6386.928834830501,61.31451681437281
19,2020-02-29,950.917009469472,9.12880329090693
19,2020-03-31,2140.488290346436,20.548687587325784
19,2020-04-30,3109.5443164920953,29.851625438324113
19,2020-05-31,3906.8753938716577,37.50600378116791
19,2020-06-30,5867.270502524739,56.32579682423749
19,2020-07-31,2303.0896374413537,22.109660519436996
19,2020-08-31,4034.8301046716106,38.734369004847466
19,2020-09-30,4614.398204708287,44.298222765199554
19,2020-10-31,2703.8668699783657,25.957121951792313
19,2020-11-30,1594.0383813565345,15.30276846102273
19,2020-12-31,1395.8604654513024,13.400260468332503
19,2021-01-31,4227.7494708097,40.58639491977312
19,2021-02-28,1871.525321223674,17.966643083747268
19,2021-03-31,4831.195945464333,46.379481076457594
19,2021-04-30,5190.390286764616,49.827746752940314
19,2021-05-31,3959.803430754966,38.014112935247674
19,2021-06-30,897.8950347525179,8.619792333624172
19,2021-07-31,1383.9024931073743,13.285463933830792
19,2021-08-31,2832.9326575682057,27.196153512654774
19,2021-09-30,3967.22780389934,38.08538691743366
19,2021-10-31,1284.4674026667715,12.330887065601006
19,2021-11-30,6780.869568946383,65.09634786188528
19,2021-12-31,2643.4808897476532,25.377416541577475
19,2022-01-31,2384.806879617625,22.894146044329197
19,2022-02-28,4143.683186814012,39.77935859341451
19,2022-03-31,836.8383476054493,8.033648137012312
19,2022-04-30,1381.0957041555662,13.258518759893436
19,2022-05-31,1435.555527721481,13.781333066126217
19,2022-06-30,1990.905851018852,19.112696169780982
19,2022-07-31,5690.500224496933,54.628802155170554
19,2022-08-31,1781.0173290045432,17.097766358443614
19,2022-09-30,1458.8835827165335,14.005282394078721
19,2022-10-31,1914.3881733896071,18.37812646454023
19,2022-11-30,2895.8484909206036,27.800145512837794
19,2022-12-31,5444.766897114058,52.26976221229496
19,2023-01-31,1791.8134304517832,17.201408932337117
19,2023-02-28,5103.987801502873,48.99828289442758
19,2023-03-31,1911.4191655860784,18.349623989626355
19,2023-04-30,5902.1399777857205,56.66054378674292
19,2023-05-31,3965.139652673168,38.06534066566241
19,2023-06-30,4103.823441800503,39.396705041284825
19,2023-07-31,2325.0400740981295,22.32038471134204
19,2023-08-31,5272.356396615688,50.614621407510604
19,2023-09-30,2220.896812935003,21.320609404176025
19,2023-10-31,3463.078374011856,33.245552390513815
19,2023-11-30,1580.4793152593302,15.17260142648957
19,2023-12-31,1591.6923633940405,15.280246688582789
20,2019-01-31,3321.460009308375,79.715040223401
20,2019-02-28,2560.19843995369,61.44476255888856
20,2019-03-31,1121.6328260534171,26.91918782528201
20,2019-04-30,3050.250315187054,73.2060075644893
20,2019-05-31,4779.90717566935,114.71777221606442
20,2019-06-30,1980.00081160431,47.52001947850344
20,2019-07-31,2492.439348187658,59.81854435650379
20,2019-08-31,6167.51252534666,148.02030060831984
20,2019-09-30,2800.213116314968,67.20511479155924
20,2019-10-31,4595.194745699861,110.28467389679668
20,2019-11-30,1572.2292493129635,37.733501983511125
20,2019-12-31,2767.8976300711565,66.42954312170777
20,2020-01-31,3068.279199181623,73.63870078035895
20,2020-02-29,2524.8941107531464,60.59745865807551
20,2020-03-31,6181.520451795267,148.35649084308642
20,2020-04-30,3887.9181628277356,93.31003590786565
20,2020-05-31,2744.919175900561,65.87806022161347
20,2020-06-30,3183.2712497450884,76.39850999388212
20,2020-07-31,1598.4484266144457,38.3627622387467
20,2020-08-31,3546.454125981673,85.11489902356016
20,2020-09-30,2202.8548836358104,52.86851720725946
20,2020-10-31,2384.947368203571,57.23873683688571
20,2020-11-30,4326.463528554074,103.8351246852978
20,2020-12-31,5406.12799724835,129.7470719339604
20,2021-01-31,2450.1666664298514,58.803999994316435
20,2021-02-28,2271.527418345523,54.516658040292555
20,2021-03-31,2794.8545295883614,67.07650871012068
20,2021-04-30,3954.5594668929734,94.90942720543137
20,2021-05-31,1399.4101646249142,33.58584395099794
20,2021-06-30,1899.3279245474391,45.583870189138544
20,2021-07-31,2047.5669297679647,49.14160631443115
20,2021-08-31,1988.9756525613714,47.73541566147292
20,2021-09-30,956.0038769870989,22.944093047690377
20,2021-10-31,1419.3781016271787,34.06507443905229
20,2021-11-30,1109.38484353338,26.625236244801126
20,2021-12-31,3485.5503891991857,83.65320934078046
20,2022-01-31,5705.58003800734,136.93392091217618
20,2022-02-28,1153.9992344121179,27.69598162589083
20,2022-03-31,3299.9323081851962,79.1983753964447
20,2022-04-30,5308.0868655303075,127.39408477272738
20,2022-05-31,2272.2109042925163,54.533061703020394
20,2022-06-30,2900.2201348593503,69.6052832366244
20,2022-07-31,2223.1374792423735,53.355299501816965
20,2022-08-31,3124.8618483042837,74.99668435930282
20,2022-09-30,2074.958647873725,49.799007548969406
20,2022-10-31,6191.606750602551,148.59856201446124
20,2022-11-30,2689.1127310842166,64.53870554602119
20,2022-12-31,3144.825090805111,75.47580217932266
20,2023-01-31,2146.365668923431,51.51277605416234
20,2023-02-28,1206.3826522479023,28.953183653949658
20,2023-03-31,5034.904129077862,120.8376990978687
20,2023-04-30,2825.4743898586134,67.81138535660672
20,2023-05-31,2730.9133389055155,65.54192013373238
20,2023-06-30,3951.0555457521286,94.8253330980511
20,2023-07-31,2797.4404047710136,67.13856971450433
20,2023-08-31,4217.478973210849,101.21949535706038
20,2023-09-30,5432.952696607236,130.39086471857368
20,2023-10-31,3683.297417471209,88.39913801930902
20,2023-11-30,2841.017621387286,68.18442291329485
20,2023-12-31,2465.070711626212,59.16169707902908
21,2019-01-31,2125.987727827757,51.02370546786618
21,2019-02-28,4381.129672624931,105.14711214299835
21,2019-03-31,2705.892607035294,64.94142256884706
21,2019-04-30,2436.502405563475,58.47605773352339
21,2019-05-31,4111.78512063537,98.68284289524887
21,2019-06-30,2409.1498985118787,57.81959756428509
21,2019-07-31,2200.134798003219,52.803235152077264
21,2019-08-31,1376.1262581739015,33.02703019617364
21,2019-09-30,2433.825988864302,58.41182373274325
21,2019-10-31,4770.4391985378315,114.49054076490795
21,2019-11-30,3094.671518207877,74.27211643698905
21,2019-12-31,2022.6410918351576,48.54338620404378
21,2020-01-31,2421.2222787635123,58.1093346903243
21,2020-02-29,4300.576672645789,103.21384014349894
21,2020-03-31,1884.186381243892,45.220473149853404
21,2020-04-30,6167.552398124609,148.02125755499063
21,2020-05-31,3263.657049779588,78.32776919471011
21,2020-06-30,1946.22204396847,46.70932905524328
21,2020-07-31,3124.13548525264,74.97925164606336
21,2020-08-31,1495.6331310521543,35.895195145251705
21,2020-09-30,2011.2686687306923,48.27044804953661
21,2020-10-31,5125.30504573424,123.00732109762174
21,2020-11-30,1744.4947808694017,41.86787474086564
21,2020-12-31,4176.391446793252,100.23339472303805
21,2021-01-31,1361.1364470039903,32.66727472809576
21,2021-02-28,2375.407422262734,57.00977813430563
21,2021-03-31,1686.2837128739852,40.470809108975644
21,2021-04-30,2947.33698264289,70.73608758342935
21,2021-05-31,5211.5549491424545,125.0773187794189
21,2021-06-30,1200.2492231090796,28.805981354617913
21,2021-07-31,2251.8158959029856,54.04358150167166
21,2021-08-31,1118.4205498297654,26.84209319591437
21,2021-09-30,2513.1982922006277,60.31675901281506
21,2021-10-31,1275.649240254082,30.61558176609797
21,2021-11-30,2201.775684106547,52.84261641855713
21,2021-12-31,3860.900496862574,92.66161192470179
21,2022-01-31,2207.101142615167,52.97042742276402
21,2022-02-28,5963.029067844322,143.1126976282637
21,2022-03-31,2874.5703423882596,68.98968821731823
21,2022-04-30,877.5443700425537,21.06106488102129
21,2022-05-31,5751.631052604183,138.0391452625004
21,2022-06-30,2595.391785305044,62.28940284732106
21,2022-07-31,1135.6964660862823,27.25671518607077
21,2022-08-31,3333.260076590839,79.99824183818015
21,2022-09-30,3744.87614069257,89.87702737662168
21,2022-10-31,3959.0987623124456,95.01837029549868
21,2022-11-30,1604.2795771473186,38.50270985153565
21,2022-12-31,6955.663354974781,166.93592051939476
21,2023-01-31,2275.6068659311914,54.6145647823486
21,2023-02-28,3833.3323791642742,91.9999770999426
21,2023-03-31,1540.6184564008176,36.97484295361963
21,2023-04-30,1473.312022389538,35.359488537348916
21,2023-05-31,3611.7035584580126,86.6808854029923
21,2023-06-30,1475.0411134305125,35.4009867223323
21,2023-07-31,3486.78984818692,83.68295635648609
21,2023-08-31,3523.731452434577,84.56955485842984
21,2023-09-30,1765.9047812002918,42.381714748807006
21,2023-10-31,6193.950194555182,148.65480466932436
21,2023-11-30,3771.1968417666553,90.50872420239973
21,2023-12-31,3864.905206519208,92.75772495646099
22,2019-01-31,2855.7453034514783,27.41515491313419
22,2019-02-28,2628.408663482383,25.232723169430876
22,2019-03-31,875.7258439329071,8.406968101755908
22,2019-04-30,2341.3655821788107,22.477109588916587
22,2019-05-31,861.6733254866319,8.272063924671667
22,2019-06-30,1508.207538647832,14.478792371019185
22,2019-07-31,3103.1714581410183,29.79044599815377
22,2019-08-31,3814.9439981352343,36.623462382098246
22,2019-09-30,2204.2054138072485,21.160371972549587
22,2019-10-31,1121.0681057159768,10.762253814873379
22,2019-11-30,4071.7616791003206,39.08891211936307
22,2019-12-31,2220.1050824150916,21.31300879118488
22,2020-01-31,3156.2921597894583,30.300404733978798
22,2020-02-29,1939.5268664100254,18.619457917536245
22,2020-03-31,6009.120210863066,57.68755402428543
22,2020-04-30,4712.020147846162,45.23539341932316
22,2020-05-31,1994.5588565564574,19.147765022941993
22,2020-06-30,3763.382642310408,36.12847336617992
22,2020-07-31,3757.8307327058697,36.07517503397634
22,2020-08-31,5547.316400596447,53.2542374457259
22,2020-09-30,2357.9353218533042,22.636179089791717
22,2020-10-31,1540.8843745103823,14.79248999529967
22,2020-11-30,1018.9994336065638,9.782394562623011
22,2020-12-31,5752.859397566863,55.227450216641884
22,2021-01-31,4331.1139789969275,41.5786941983705
22,2021-02-28,3206.160477818814,30.779140587060613
22,2021-03-31,2999.311374992484,28.793389199927844
22,2021-04-30,6828.849669376506,65.55695682601447
22,2021-05-31,2654.3117938615064,25.48139322107046
22,2021-06-30,2542.4630194968613,24.40764498716987
22,2021-07-31,2330.312250270505,22.37099760259685
22,2021-08-31,3533.1411623951954,33.918155158993876
22,2021-09-30,2261.0879305779954,21.706444133548754
22,2021-10-31,4319.83388577005,41.47040530339248
22,2021-11-30,3188.6823671070847,30.61135072422801
22,2021-12-31,1755.9153383345274,16.85678724801146
22,2022-01-31,3291.927963547453,31.60250845005555
22,2022-02-28,3066.3087790636514,29.43656427901105
22,2022-03-31,1384.5455828985664,13.291637595826238
22,2022-04-30,1946.270231932353,18.684194226550588
22,2022-05-31,4248.077473205439,40.78154374277222
22,2022-06-30,1200.5096462421411,11.524892603924553
22,2022-07-31,2644.483707610945,25.387043593065073
22,2022-08-31,3482.6309518782546,33.433257138031244
22,2022-09-30,3151.0293580969774,30.24988183773098
22,2022-10-31,4135.211208082894,39.69802759759578
22,2022-11-30,4930.71258918103,47.33484085613789
22,2022-12-31,3910.553055377799,37.54130933162687
22,2023-01-31,1881.5621252743667,18.06299640263392
22,2023-02-28,2253.688477576879,21.635409384738036
22,2023-03-31,2633.656863260773,25.283105887303424
22,2023-04-30,2716.435137758727,26.077777322483776
22,2023-05-31,1563.8273227298193,15.012742298206266
22,2023-06-30,3683.844924121731,35.364911271568616
22,2023-07-31,1231.7466685249503,11.824768017839522
22,2023-08-31,2676.543110667501,25.694813862408008
22,2023-09-30,1239.386473364154,11.898110144295877
22,2023-10-31,2928.5049075420493,28.113647112403672
22,2023-11-30,1902.2202101430325,18.261314017373113
22,2023-12-31,5933.428893810285,56.96091738057874
23,2019-01-31,1359.68417943524,32.63242030644576
23,2019-02-28,5092.763356463468,122.22632055512324
23,2019-03-31,2051.6734399929965,49.240162559831916
23,2019-04-30,1788.3953624303845,42.92148869832923
23,2019-05-31,2089.6400223809806,50.15136053714353
23,2019-06-30,1940.483095489878,46.57159429175707
23,2019-07-31,3364.60004393352,80.75040105440449
23,2019-08-31,4344.135103589796,104.2592424861551
23,2019-09-30,3310.147738095818,79.44354571429963
23,2019-10-31,5860.475925780249,140.651422218726
23,2019-11-30,5476.470084876404,131.4352820370337
23,2019-12-31,2927.1408430208157,70.25138023249957
23,2020-01-31,2612.2361325294514,62.69366718070684
23,2020-02-29,1968.9651448156567,47.25516347557576
23,2020-03-31,4443.439299480459,106.64254318753103
23,2020-04-30,2069.607257120266,49.67057417088639
23,2020-05-31,1103.0492442318612,26.47318186156467
23,2020-06-30,4351.92863037589,104.44628712902137
23,2020-07-31,2457.3401298952585,58.97616311748621
23,2020-08-31,4049.176017450771,97.1802244188185
23,2020-09-30,2496.275886885503,59.91062128525208
23,2020-10-31,1960.3308333678106,47.04794000082746
23,2020-11-30,2529.427989957599,60.70627175898238
23,2020-12-31,2489.743854004141,59.75385249609939
23,2021-01-31,1898.6459906156917,45.567503774776604
23,2021-02-28,3331.0166457501805,79.94439949800433
23,2021-03-31,4177.271483090089,100.25451559416213
23,2021-04-30,1964.493773249722,47.14785055799333
23,2021-05-31,927.8501281950676,22.268403076681622
23,2021-06-30,1802.0198817694802,43.24847716246752
23,2021-07-31,2486.51571389823,59.67637713355752
23,2021-08-31,3400.1650021668593,81.60396005200462
23,2021-09-30,2862.284432000484,68.69482636801162
23,2021-10-31,2811.382274770888,67.47317459450132
23,2021-11-30,5245.519618007246,125.8924708321739
23,2021-12-31,3282.047786393974,78.76914687345538
23,2022-01-31,1589.8497512826768,38.15639403078424
23,2022-02-28,5905.133683325941,141.7232083998226
23,2022-03-31,3055.671013865147,73.33610433276353
23,2022-04-30,3074.219440571879,73.7812665737251
23,2022-05-31,3061.685541443589,73.48045299464613
23,2022-06-30,2225.4944099951513,53.41186583988364
23,2022-07-31,2018.4647736390793,48.443154567337906
23,2022-08-31,5595.980955052155,134.30354292125173
23,2022-09-30,2597.749596040096,62.34599030496231
23,2022-10-31,3170.1881330470014,76.08451519312804
23,2022-11-30,5350.989265663988,128.4237423759357
23,2022-12-31,3204.2055829648334,76.90093399115601
23,2023-01-31,2900.2026541637183,69.60486369992924
23,2023-02-28,3846.120684636988,92.30689643128771
23,2023-03-31,1241.6074358297587,29.798578459914207
23,2023-04-30,2332.0112677693514,55.968270426464436
23,2023-05-31,3401.9127520894253,81.64590605014622
23,2023-06-30,2238.560561323347,53.72545347176033
23,2023-07-31,1333.8396219110584,32.012150925865406
23,2023-08-31,3389.143061646614,81.33943347951875
23,2023-09-30,3194.1512731987063,76.65963055676895
23,2023-10-31,5466.586613835494,131.19807873205187
23,2023-11-30,2090.853432206521,50.180482372956504
23,2023-12-31,3746.1741602493084,89.9081798459834
24,2019-01-31,1145.0106841130373,27.480256418712894
24,2019-02-28,2599.7970376141793,62.3951289027403
24,2019-03-31,1389.0448344078677,33.337076025788825
24,2019-04-30,4474.275949181782,107.38262278036278
24,2019-05-31,2492.2073579105486,59.812976589853164
24,2019-06-30,5952.004551703504,142.8481092408841
24,2019-07-31,1644.436476223999,39.46647542937598
24,2019-08-31,1063.37445297705,25.5209868714492
24,2019-09-30,5680.490177973174,136.33176427135615
24,2019-10-31,3061.772955491233,73.48255093178959
24,2019-11-30,2612.8960050229834,62.7095041205516
24,2019-12-31,4209.265091380398,101.02236219312957
24,2020-01-31,1730.6091588378424,41.53461981210822
24,2020-02-29,1549.3003646530017,37.18320875167204
24,2020-03-31,1290.9540322970201,30.98289677512848
24,2020-04-30,1414.9188843796828,33.95805322511239
24,2020-05-31,5533.2393225790565,132.79774374189736
24,2020-06-30,4938.065433163372,118.51357039592092
24,2020-07-31,1444.8638050606733,34.67673132145615
24,2020-08-31,2182.6291598567045,52.38309983656091
24,2020-09-30,2275.898837507679,54.6215721001843
24,2020-10-31,1499.511741576257,35.98828179783017
24,2020-11-30,3757.1776733279153,90.17226415986998
24,2020-12-31,2329.2556843066704,55.90213642336009
24,2021-01-31,6517.992695260969,156.4318246862633
24,2021-02-28,2229.9217534081686,53.51812208179605
24,2021-03-31,1717.8356590703283,41.22805581768788
24,2021-04-30,2730.910531153283,65.54185274767879
24,2021-05-31,3367.7583515723218,80.82620043773572
24,2021-06-30,2626.698097322515,63.04075433574036
24,2021-07-31,2833.973653978195,68.01536769547668
24,2021-08-31,3218.86944664503,77.25286671948072
24,2021-09-30,7175.698628139063,172.21676707533751
24,2021-10-31,2171.139964846951,52.10735915632682
24,2021-11-30,1992.5941936806646,47.822260648335956
24,2021-12-31,3188.11984340815,76.5148762417956
24,2022-01-31,3730.2346268527044,89.5256310444649
24,2022-02-28,2992.0716204266428,71.80971889023942
24,2022-03-31,2836.376501974588,68.07303604739012
24,2022-04-30,2308.148639403575,55.395567345685805
24,2022-05-31,1866.9889247538276,44.80773419409186
24,2022-06-30,5357.061488021917,128.569475712526
24,2022-07-31,3756.20278979937,90.14886695518489
24,2022-08-31,3173.491601776454,76.1637984426349
24,2022-09-30,5715.429916566646,137.1703179975995
24,2022-10-31,1937.348355044578,46.49636052106988
24,2022-11-30,891.4687099063171,21.395249037751608
24,2022-12-31,1868.107067537434,44.834569620898414
24,2023-01-31,3145.2851114819537,75.48684267556689
24,2023-02-28,2081.670014004156,49.96008033609974
24,2023-03-31,2832.620246012914,67.98288590430992
24,2023-04-30,3709.1262961399366,89.01903110735847
24,2023-05-31,938.4753485746994,22.523408365792786
24,2023-06-30,2363.029889767957,56.71271735443096
24,2023-07-31,1878.9775029427765,45.095460070626636
24,2023-08-31,5956.733273549548,142.96159856518915
24,2023-09-30,5258.634458725735,126.20722700941764
24,2023-10-31,3603.8204922009936,86.49169181282384
24,2023-11-30,5018.338508467939,120.44012420323054
24,2023-12-31,951.3341971891314,22.83202073253915
25,2019-01-31,3194.1250901386256,76.65900216332702
25,2019-02-28,2516.5645274681174,60.397548659234815
25,2019-03-31,4648.14897324278,111.55557535782673
25,2019-04-30,4300.7764388879505,103.21863453331082
25,2019-05-31,4338.010784741294,104.11225883379106
25,2019-06-30,791.1020394341796,18.98644894642031
25,2019-07-31,2721.8661687232902,65.32478804935896
25,2019-08-31,2349.621437870859,56.39091450890062
25,2019-09-30,929.3316940143587,22.30396065634461
25,2019-10-31,1756.0727257404146,42.14574541776996
25,2019-11-30,3635.1847285184776,87.24443348444348
25,2019-12-31,3188.163838820426,76.51593213169022
25,2020-01-31,6693.616460400108,160.6467950496026
25,2020-02-29,2810.079644258025,67.44191146219259
25,2020-03-31,4076.3446942875084,97.8322726629002
25,2020-04-30,1636.4948407524694,39.275876178059264
25,2020-05-31,2708.5624991572968,65.00549997977512
25,2020-06-30,4063.835534176813,97.53205282024352
25,2020-07-31,2664.2276906557036,63.941464575736894
25,2020-08-31,4401.756691331154,105.6421605919477
25,2020-09-30,5054.10433788761,121.29850410930266
25,2020-10-31,4678.2662978257795,112.27839114781871
25,2020-11-30,4368.140408402362,104.83536980165668
25,2020-12-31,3386.3133855426354,81.27152125302325
25,2021-01-31,6799.325821930699,163.1838197263368
25,2021-02-28,1304.167921222621,31.300030109342906
25,2021-03-31,2582.1470913664853,61.97153019279565
25,2021-04-30,1602.2414506224723,38.453794814939336
25,2021-05-31,4303.241575954951,103.27779782291881
25,2021-06-30,4280.048909524338,102.72117382858414
25,2021-07-31,2278.497636340957,54.683943272182965
25,2021-08-31,5023.558338421163,120.56540012210792
25,2021-09-30,1328.7933694591325,31.89104086701918
25,2021-10-31,3067.2150753524484,73.61316180845876
25,2021-11-30,1407.5097349827172,33.78023363958521
25,2021-12-31,1599.9190305796792,38.398056733912306
25,2022-01-31,2046.5858964598892,49.11806151503735
25,2022-02-28,1314.970011657661,31.559280279783863
25,2022-03-31,4377.825636082238,105.06781526597372
25,2022-04-30,3608.868404213252,86.61284170111804
25,2022-05-31,883.0976098670398,21.194342636808955
25,2022-06-30,5362.1093268965715,128.69062384551773
25,2022-07-31,4282.473410172727,102.77936184414546
25,2022-08-31,3012.2520396672044,72.2940489520129
25,2022-09-30,2439.4644943371395,58.54714786409135
25,2022-10-31,3167.4250286235883,76.01820068696613
25,2022-11-30,3247.195290783684,77.93268697880842
25,2022-12-31,5374.124253351791,128.97898208044296
25,2023-01-31,3341.8378826246517,80.20410918299164
25,2023-02-28,3545.1231631255423,85.08295591501302
25,2023-03-31,6629.63051982326,159.11113247575827
25,2023-04-30,6875.731901850842,165.01756564442022
25,2023-05-31,5814.726055773998,139.55342533857595
25,2023-06-30,4259.363317295572,102.22471961509372
25,2023-07-31,2070.871670582843,49.70092009398823
25,2023-08-31,3873.1205345764197,92.95489282983408
25,2023-09-30,1789.2553655586776,42.942128773408264
25,2023-10-31,4679.677393005715,112.31225743213717
25,2023-11-30,3225.2216102022394,77.40531864485375
25,2023-12-31,1778.2698779100501,42.67847706984121
26,2019-01-31,3307.306634032535,79.37535921678085
26,2019-02-28,1433.032609709222,34.392782633021326
26,2019-03-31,2374.3450576627465,56.984281383905916
26,2019-04-30,2422.965697549253,58.15117674118207
26,2019-05-31,5128.687886375372,123.08850927300891
26,2019-06-30,3022.0992222265186,72.53038133343645
26,2019-07-31,2305.126254106902,55.32303009856565
26,2019-08-31,2693.7904062240877,64.65096974937809
26,2019-09-30,3279.416382054451,78.70599316930682
26,2019-10-31,3792.7264196211263,91.02543407090702
26,2019-11-30,3189.3254407680442,76.54381057843307
26,2019-12-31,1752.5920134702721,42.062208323286534
26,2020-01-31,2966.896680874251,71.20552034098202
26,2020-02-29,2119.1064372689225,50.85855449445414
26,2020-03-31,1616.2439540893113,38.789854898143474
26,2020-04-30,2959.9810980731772,71.03954635375625
26,2020-05-31,6191.304067047344,148.59129760913623
26,2020-06-30,1412.1754721833422,33.892211332400215
26,2020-07-31,3010.0696288924446,72.24167109341867
26,2020-08-31,3930.409851932655,94.32983644638372
26,2020-09-30,2466.854027449028,59.20449665877668
26,2020-10-31,3012.431611501527,72.29835867603666
26,2020-11-30,2716.227520063052,65.18946048151324
26,2020-12-31,1458.8094718961543,35.011427325507704
26,2021-01-31,5816.234660603039,139.5896318544729
26,2021-02-28,1888.0076158021016,45.312182779250435
26,2021-03-31,2037.4594048541383,48.89902571649932
26,2021-04-30,2444.956277244105,58.67895065385852
26,2021-05-31,2719.2312547650185,65.26155011436045
26,2021-06-30,2066.96017188347,49.60704412520328
26,2021-07-31,1533.7019772075294,36.80884745298071
26,2021-08-31,2427.897155281229,58.269531726749506
26,2021-09-30,3185.348783948848,76.44837081477235
26,2021-10-31,2077.2936784392614,49.85504828254228
26,2021-11-30,1398.3122476120104,33.55949394268825
26,2021-12-31,5054.2446152879675,121.30187076691122
26,2022-01-31,3204.4258539300645,76.90622049432154
26,2022-02-28,3465.307884301861,83.16738922324467
26,2022-03-31,2773.6858277652123,66.5684598663651
26,2022-04-30,5882.167639208763,141.1720233410103
26,2022-05-31,1151.0755830897951,27.625813994155084
26,2022-06-30,3370.928537079596,80.9022848899103
26,2022-07-31,6163.395188625347,147.92148452700835
26,2022-08-31,2073.5155727523306,49.76437374605593
26,2022-09-30,6745.9452555935895,161.90268613424615
26,2022-10-31,2155.577281788427,51.733854762922256
26,2022-11-30,2014.351686929066,48.34444048629759
26,2022-12-31,3255.2400342354645,78.12576082165114
26,2023-01-31,2438.9721467550844,58.53533152212202
26,2023-02-28,2087.129470647641,50.09110729554339
26,2023-03-31,1435.2097503455855,34.44503400829405
26,2023-04-30,1775.193258956016,42.60463821494439
26,2023-05-31,2147.556602082287,51.5413584499749
26,2023-06-30,4610.103610360838,110.64248664866011
26,2023-07-31,4860.203296236123,116.64487910966695
26,2023-08-31,851.9572905048193,20.44697497211566
26,2023-09-30,3221.263470955301,77.31032330292722
26,2023-10-31,3706.818291880913,88.9636390051419
26,2023-11-30,936.2151755023119,22.469164212055485
26,2023-12-31,2514.1487729526407,60.339570550863385
27,2019-01-31,2544.8043883884657,61.07530532132318
27,2019-02-28,4432.646841118357,106.38352418684056
27,2019-03-31,3609.6745988430625,86.6321903722335
27,2019-04-30,2351.667598315758,56.4400223595782
27,2019-05-31,2869.088690101434,68.85812856243442
27,2019-06-30,4562.127729487191,109.49106550769258
27,2019-07-31,1533.3707359183354,36.80089766204005
27,2019-08-31,3218.7937561094204,77.25105014662608
27,2019-09-30,1770.7634043390126,42.4983217041363
27,2019-10-31,1114.8806057411146,26.75713453778675
27,2019-11-30,1854.4307856857376,44.5063388564577
27,2019-12-31,4425.391406999464,106.20939376798714
27,2020-01-31,1467.44725154856,35.21873403716543
27,2020-02-29,5405.412633436861,129.72990320248465
27,2020-03-31,5188.106002390921,124.51454405738211
27,2020-04-30,2423.1249663845806,58.154999193229926
27,2020-05-31,5401.466492860976,129.63519582866343
27,2020-06-30,2926.3080409949243,70.23139298387818
27,2020-07-31,5467.570328967482,131.2216878952196
27,2020-08-31,4564.126267165058,109.5390304119614
27,2020-09-30,2338.517831898552,56.124427965565246
27,2020-10-31,1649.4652701506357,39.587166483615256
27,2020-11-30,1092.6148850553698,26.222757241328875
27,2020-12-31,5324.155804153916,127.77973929969397
27,2021-01-31,5757.618218948504,138.1828372547641
27,2021-02-28,2638.4421207861897,63.322610898868554
27,2021-03-31,1695.0125773779928,40.680301857071825
27,2021-04-30,1884.4194398228954,45.22606655574949
27,2021-05-31,6246.743358912346,149.9218406138963
27,2021-06-30,2088.529116980905,50.124698807541726
27,2021-07-31,3439.723104062189,82.55335449749255
27,2021-08-31,3406.458924809206,81.75501419542094
27,2021-09-30,2030.6445641964467,48.735469540714725
27,2021-10-31,4664.966911355045,111.9592058725211
27,2021-11-30,3430.2524682862036,82.32605923886888
27,2021-12-31,3279.165547504561,78.69997314010946
27,2022-01-31,2366.9913699056037,56.80779287773449
27,2022-02-28,5657.489650215694,135.77975160517667
27,2022-03-31,6711.008789788011,161.06421095491228
27,2022-04-30,2874.2759662897397,68.98262319095376
27,2022-05-31,3081.201869359372,73.94884486462492
27,2022-06-30,2318.147716829978,55.63554520391947
27,2022-07-31,2130.7413946271595,51.13779347105183
27,2022-08-31,2005.7094267674006,48.13702624241761
27,2022-09-30,4813.619252836627,115.52686206807907
27,2022-10-31,5383.453892526531,129.20289342063674
27,2022-11-30,6454.42932852002,154.9063038844805
27,2022-12-31,2620.2688520808892,62.88645244994134
27,2023-01-31,3903.7127041289423,93.68910489909462
27,2023-02-28,4912.657683949374,117.90378441478497
27,2023-03-31,3071.9720192024415,73.72732846085859
27,2023-04-30,2497.6646633133723,59.94395191952094
27,2023-05-31,1977.7405451222203,47.46577308293329
27,2023-06-30,4495.656028909945,107.8957446938387
27,2023-07-31,1555.9099225627383,37.341838141505725
27,2023-08-31,4514.340207898421,108.3441649895621
27,2023-09-30,1592.6620027101715,38.223888065044115
27,2023-10-31,1118.5481140127051,26.845154736304924
27,2023-11-30,850.8417528749372,20.420202068998496
27,2023-12-31,5719.789843680069,137.27495624832164
28,2019-01-31,2539.0509223505724,60.93722213641374
28,2019-02-28,1982.775044987761,47.58660107970627
28,2019-03-31,1120.1196221114649,26.882870930675157
28,2019-04-30,1442.8086409139373,34.627407381934496
28,2019-05-31,3421.595199093576,82.11828477824581
28,2019-06-30,2214.668960540743,53.15205505297782
28,2019-07-31,2013.448630848619,48.32276714036685
28,2019-08-31,2487.9562765920723,59.71095063820974
28,2019-09-30,2771.6984409589877,66.52076258301571
28,2019-10-31,1383.166231198105,33.19598954875452
28,2019-11-30,2942.7560812615543,70.6261459502773
28,2019-12-31,1615.714283660851,38.77714280786042
28,2020-01-31,3238.8655825147544,77.73277398035411
28,2020-02-29,1702.710319006942,40.86504765616661
28,2020-03-31,3130.7673511313164,75.1384164271516
28,2020-04-30,2891.0227722160944,69.38454653318627
28,2020-05-31,6175.194845526225,148.20467629262942
28,2020-06-30,1498.8164745646284,35.971595389551084
28,2020-07-31,3154.4861222282807,75.70766693347873
28,2020-08-31,1830.1012777557069,43.92243066613697
28,2020-09-30,2941.781497805284,70.60275594732681
28,2020-10-31,2366.822842252931,56.803748214070346
28,2020-11-30,3454.406496168883,82.9057559080532
28,2020-12-31,2638.5023580572874,63.324056593374905
28,2021-01-31,1412.3408928554709,33.8961814285313
28,2021-02-28,1477.0834678755054,35.45000322901213
28,2021-03-31,4607.155763206763,110.57173831696232
28,2021-04-30,5456.296144140556,130.95110745937333
28,2021-05-31,5746.114275339943,137.90674260815862
28,2021-06-30,941.6261919965825,22.59902860791798
28,2021-07-31,7232.587389733727,173.58209735360944
28,2021-08-31,1362.864360203594,32.70874464488626
28,2021-09-30,2032.078236634446,48.7698776792267
28,2021-10-31,4509.7362366980415,108.23366968075298
28,2021-11-30,3432.164011625311,82.37193627900747
28,2021-12-31,1719.2320931077174,41.261570234585214
28,2022-01-31,2106.634302626496,50.5592232630359
28,2022-02-28,4244.979251898605,101.87950204556653
28,2022-03-31,4660.692456140278,111.85661894736668
28,2022-04-30,5340.633199814816,128.1751967955556
28,2022-05-31,3394.9576847870785,81.47898443488988
28,2022-06-30,1387.5453711117589,33.30108890668222
28,2022-07-31,4164.795361993801,99.95508868785122
28,2022-08-31,4755.079355885159,114.12190454124382
28,2022-09-30,5080.738631762581,121.93772716230194
28,2022-10-31,3928.2774295385925,94.27865830892623
28,2022-11-30,5864.527289304905,140.74865494331772
28,2022-12-31,4617.968254026754,110.8312380966421
28,2023-01-31,2385.215139836706,57.24516335608095
28,2023-02-28,3265.5004344586137,78.37201042700673
28,2023-03-31,2604.230103962421,62.5015224950981
28,2023-04-30,1314.546013564914,31.549104325557934
28,2023-05-31,5257.516139758329,126.1803873541999
28,2023-06-30,2175.758385785549,52.21820125885318
28,2023-07-31,3453.7072508400415,82.888974020161
28,2023-08-31,2641.9512614019163,63.406830273645994
28,2023-09-30,3744.9615256139555,89.87907661473494
28,2023-10-31,2478.3815818977255,59.48115796554542
28,2023-11-30,5347.2626735158565,128.33430416438057
28,2023-12-31,3857.6537990152906,92.58369117636697
29,2019-01-31,1282.1709196030954,12.308840828189716
29,2019-02-28,6812.104536863093,65.3962035538857
29,2019-03-31,2353.1455090884074,22.590196887248712
29,2019-04-30,5157.047267383839,49.50765376688485
29,2019-05-31,2979.63430653565,28.60448934274224
29,2019-06-30,2774.7764502937753,26.63785392282024
29,2019-07-31,2202.273084389827,21.14182161014234
29,2019-08-31,2327.0225358598636,22.33941634425469
29,2019-09-30,2073.8302824498332,19.9087707115184
29,2019-10-31,2951.5596765486594,28.33497289486713
29,2019-11-30,1921.0323663593076,18.441910717049353
29,2019-12-31,1366.5780575058025,13.119149352055706
29,2020-01-31,2066.178592623342,19.835314489184082
29,2020-02-29,2050.8143339725675,19.687817606136644
29,2020-03-31,2285.1238816711425,21.937189264042967
29,2020-04-30,3646.8965505012,35.01020688481152
29,2020-05-31,2813.782186049033,27.012308986070714
29,2020-06-30,1206.3586018045594,11.581042577323771
29,2020-07-31,2361.4652820513434,22.670066707692897
29,2020-08-31,4904.805892954344,47.0861365723617
29,2020-09-30,1333.408392584254,12.80072056880884
29,2020-10-31,4317.909475957737,41.45193096919428
29,2020-11-30,2279.07667462734,21.879136076422466
29,2020-12-31,2669.821580064897,25.63028716862301
29,2021-01-31,3586.845275477683,34.433714644585756
29,2021-02-28,4433.151562498544,42.558254999986026
29,2021-03-31,2979.8716327772468,28.60676767466157
29,2021-04-30,2214.2772117143677,21.257061232457932
29,2021-05-31,3973.098478779182,38.14174539628015
29,2021-06-30,1409.235422408731,13.528660055123819
29,2021-07-31,3315.4128056615377,31.82796293435076
29,2021-08-31,3732.894767071204,35.83578976388356
29,2021-09-30,1589.6336650788796,15.260483184757245
29,2021-10-31,1154.0108336184176,11.078504002736809
29,2021-11-30,4574.989165085133,43.91989598481728
29,2021-12-31,1717.1541550615398,16.484679888590783
29,2022-01-31,2156.628381072741,20.703632458298312
29,2022-02-28,1203.5600895271193,11.554176859460345
29,2022-03-31,3019.1580074010108,28.983916871049704
29,2022-04-30,4791.165899377704,45.99519263402596
29,2022-05-31,3824.6572052509873,36.71670917040948
29,2022-06-30,712.8275115061804,6.843144110459332
29,2022-07-31,2309.8817140660494,22.174864455034076
29,2022-08-31,3212.8319263572553,30.84318649302965
29,2022-09-30,4098.260971046142,39.34330532204297
29,2022-10-31,756.0584198027015,7.258160830105933
29,2022-11-30,2086.272857332032,20.028219430387505
29,2022-12-31,2602.624934175793,24.985199368087613
29,2023-01-31,4537.420958719595,43.559241203708105
29,2023-02-28,1160.5310831943907,11.14109839866615
29,2023-03-31,3497.7592130286293,33.57848844507484
29,2023-04-30,1606.9979904820796,15.427180708627962
29,2023-05-31,1792.1474997123355,17.20461599723842
29,2023-06-30,2421.6248555684138,23.247598613456773
29,2023-07-31,5919.986989208857,56.831875096405035
29,2023-08-31,3204.182364656219,30.7601507006997
29,2023-09-30,1960.3773430147762,18.819622492941853
29,2023-10-31,6640.236165437691,63.74626718820183
29,2023-11-30,2802.381628141765,26.90286363016094
29,2023-12-31,1946.2655373456146,18.6841491585179
30,2019-01-31,3487.997307758162,83.71193538619589
30,2019-02-28,5421.265882945089,130.11038119068215
30,2019-03-31,1355.5214084727108,32.53251380334506
30,2019-04-30,4330.869848247898,103.94087635794955
30,2019-05-31,1442.3161792897276,34.61558830295346
30,2019-06-30,5884.589150397315,141.23013960953557
30,2019-07-31,3460.513170534093,83.05231609281823
30,2019-08-31,3283.6308690006217,78.80714085601493
30,2019-09-30,2436.4719083850637,58.475325801241524
30,2019-10-31,4517.263580746281,108.41432593791076
30,2019-11-30,4075.9898505481674,97.82375641315603
30,2019-12-31,3198.6815864276778,76.76835807426427
30,2020-01-31,2213.683402232896,53.1284016535895
30,2020-02-29,2414.1310352255296,57.93914484541271
30,2020-03-31,3848.7071055334445,92.36897053280266
30,2020-04-30,2079.4932256679376,49.907837416030496
30,2020-05-31,2844.172755743716,68.26014613784919
30,2020-06-30,1771.4303659914333,42.5143287837944
30,2020-07-31,816.5368085367845,19.596883404882828
30,2020-08-31,1575.5671400855676,37.81361136205362
30,2020-09-30,2689.054522903903,64.53730854969368
30,2020-10-31,5371.98359321363,128.92760623712712
30,2020-11-30,3167.433267742841,76.0183984258282
30,2020-12-31,2983.3263560931973,71.59983254623673
30,2021-01-31,3818.0583189624867,91.63339965509968
30,2021-02-28,4545.423926476277,109.09017423543067
30,2021-03-31,1007.1605047599305,24.171852114238334
30,2021-04-30,2687.886093979491,64.50926625550778
30,2021-05-31,3391.8305049079863,81.40393211779167
30,2021-06-30,1728.7227727822221,41.489346546773334
30,2021-07-31,2652.238636787293,63.65372728289505
30,2021-08-31,3676.813238722047,88.24351772932913
30,2021-09-30,2320.5184409620747,55.69244258308979
30,2021-10-31,1424.14705663852,34.17952935932448
30,2021-11-30,1012.015322170467,24.28836773209121
30,2021-12-31,5905.4311119403865,141.73034668656928
30,2022-01-31,1961.3286927388763,47.07188862573303
30,2022-02-28,2144.8787022552588,51.477088854126215
30,2022-03-31,3889.416872783772,93.34600494681054
30,2022-04-30,5158.2045542772075,123.79690930265298
30,2022-05-31,4201.630734226581,100.83913762143793
30,2022-06-30,1291.9481864119607,31.006756473887055
30,2022-07-31,1682.31133301074,40.37547199225776
30,2022-08-31,3603.4376542568552,86.48250370216454
30,2022-09-30,4358.860179248503,104.61264430196408
30,2022-10-31,1298.735096212015,31.16964230908836
30,2022-11-30,1546.369581470359,37.112869955288616
30,2022-12-31,1363.7682156096917,32.730437174632605
30,2023-01-31,2415.23337319703,57.965600956728714
30,2023-02-28,3435.6410813210027,82.45538595170406
30,2023-03-31,3775.0514382879937,90.60123451891184
30,2023-04-30,3932.0100063842624,94.36824015322232
30,2023-05-31,1506.2229222961175,36.14935013510682
30,2023-06-30,6699.695015517137,160.7926803724113
30,2023-07-31,6713.789779327397,161.1309547038575
30,2023-08-31,1931.2562312209334,46.35014954930241
30,2023-09-30,4114.121268717625,98.738910449223
30,2023-10-31,3735.533548540559,89.65280516497342
30,2023-11-30,2814.7291427768823,67.55349942664517
30,2023-12-31,4639.356941114432,111.34456658674637
31,2019-01-31,5254.304013499062,33.627545686394
31,2019-02-28,3855.172667993354,24.673105075157466
31,2019-03-31,3955.2393521279323,25.31353185361877
31,2019-04-30,1206.6014590954476,7.722249338210865
31,2019-05-31,2217.4805236916723,14.191875351626704
31,2019-06-30,2538.6352420171334,16.247265548909656
31,2019-07-31,3919.7194120719523,25.0862042372605
31,2019-08-31,3254.9693327081977,20.831803729332467
31,2019-09-30,3903.236621563981,24.98071437800948
31,2019-10-31,3243.2964799303472,20.75709747155422
31,2019-11-30,2020.4839923020918,12.93109755073339
31,2019-12-31,4139.311060629275,26.491590788027363
31,2020-01-31,2141.8718397050457,13.707979774112292
31,2020-02-29,2884.546753285109,18.4610992210247
31,2020-03-31,2393.804791364955,15.320350664735713
31,2020-04-30,3387.734292362806,21.68149947112196
31,2020-05-31,1774.9891360100505,11.359930470464326
31,2020-06-30,1384.2271974406035,8.859054063619864
31,2020-07-31,3159.1550483865904,20.21859230967418
31,2020-08-31,5300.340668494413,33.922180278364245
31,2020-09-30,6098.147072305592,39.02814126275579
31,2020-10-31,3577.7202969937443,22.897409900759968
31,2020-11-30,3019.3597539819693,19.323902425484604
31,2020-12-31,3604.9195565378454,23.07148516184221
31,2021-01-31,2135.781159842589,13.66899942299257
31,2021-02-28,5439.544271185355,34.81308333558627
31,2021-03-31,5363.253185399262,34.32482038655528
31,2021-04-30,5199.27352449863,33.27535055679123
31,2021-05-31,3309.1647606585548,21.178654468214752
31,2021-06-30,2682.7698024352553,17.169726735585638
31,2021-07-31,1539.2000260600014,9.850880166784009
31,2021-08-31,1474.8246702413944,9.438877889544925
31,2021-09-30,5962.4281184108495,38.159539957829445
31,2021-10-31,1335.0748700274348,8.544479168175583
31,2021-11-30,1257.3526142976361,8.047056731504872
31,2021-12-31,6160.545182588504,39.42748916856643
31,2022-01-31,3945.9114696186202,25.25383340555917
31,2022-02-28,2637.264610202073,16.878493505293267
31,2022-03-31,4827.783727778735,30.897815857783907
31,2022-04-30,5026.405226718536,32.168993450998634
31,2022-05-31,3365.3914559013497,21.53850531776864
31,2022-06-30,2113.128978225038,13.524025460640244
31,2022-07-31,1438.925066462431,9.20912042535956
31,2022-08-31,2926.8181310995087,18.731636039036857
31,2022-09-30,3008.4255095197254,19.253923260926243
31,2022-10-31,6291.190585511229,40.26361974727187
31,2022-11-30,6369.637032923843,40.76567701071261
31,2022-12-31,4288.157142279637,27.444205710589678
31,2023-01-31,2332.7829411129997,14.9298108231232
31,2023-02-28,3527.382067666047,22.575245233062702
31,2023-03-31,5507.2329450910365,35.24629084858264
31,2023-04-30,3383.7325242904562,21.655888155458925
31,2023-05-31,1504.685401987777,9.629986572721775
31,2023-06-30,5955.174553512296,38.11311714247869
31,2023-07-31,1320.6809009606654,8.452357766148259
31,2023-08-31,758.3848497325022,4.853663038288015
31,2023-09-30,2161.2264922590057,13.831849550457637
31,2023-10-31,2700.3446703703903,17.2822058903705
31,2023-11-30,1739.351649138206,11.13185055448452
31,2023-12-31,2189.873921241339,14.015193095944571
32,2019-01-31,2263.4949351317455,36.215918962107935
32,2019-02-28,2389.649391877255,38.23439027003608
32,2019-03-31,3316.718562234252,53.06749699574804
32,2019-04-30,1662.8575668089932,26.605721068943893
32,2019-05-31,4111.308763044748,65.78094020871599
32,2019-06-30,6218.900215991453,99.50240345586326
32,2019-07-31,1717.9233349739038,27.486773359582465
32,2019-08-31,2957.353437580885,47.31765500129416
32,2019-09-30,3613.009392957948,57.80815028732717
32,2019-10-31,2049.090716593067,32.785451465489075
32,2019-11-30,1652.6917042001812,26.443067267202903
32,2019-12-31,1635.0556403482344,26.16089024557175
32,2020-01-31,1945.716133335501,31.131458133368017
32,2020-02-29,6402.992569244736,102.44788110791579
32,2020-03-31,2204.0016838668375,35.26402694186941
32,2020-04-30,2076.3710192010426,33.22193630721669
32,2020-05-31,2289.366091739434,36.62985746783095
32,2020-06-30,1642.7853229669809,26.284565167471694
32,2020-07-31,1205.4022982655429,19.28643677224869
32,2020-08-31,5117.324363894875,81.87718982231802
32,2020-09-30,3412.865241141277,54.60584385826044
32,2020-10-31,1384.3509618920057,22.149615390272096
32,2020-11-30,3019.6553230433483,48.31448516869358
32,2020-12-31,3802.7988997459133,60.84478239593463
32,2021-01-31,4746.410593088238,75.94256948941181
32,2021-02-28,2601.219002309692,41.61950403695508
32,2021-03-31,3130.4263724987463,50.08682195997994
32,2021-04-30,4254.711443250421,68.07538309200675
32,2021-05-31,2842.5667110264185,45.4810673764227
32,2021-06-30,6735.501764854267,107.76802823766828
32,2021-07-31,1259.8296469935692,20.15727435189711
32,2021-08-31,1762.4171292968326,28.198674068749327
32,2021-09-30,4152.026108048759,66.43241772878015
32,2021-10-31,1076.6675118460412,17.226680189536662
32,2021-11-30,2599.4513669160197,41.59122187065632
32,2021-12-31,2416.787842986136,38.66860548777818
32,2022-01-31,3696.160327368868,59.138565237901894
32,2022-02-28,5056.65629473759,80.90650071580144
32,2022-03-31,2762.78570765174,44.204571322427846
32,2022-04-30,1475.202219885807,23.603235518172912
32,2022-05-31,3786.5691293283567,60.58510606925371
32,2022-06-30,2122.091239756222,33.953459836099555
32,2022-07-31,1888.4759997159401,30.215615995455046
32,2022-08-31,4360.4682577845015,69.76749212455202
32,2022-09-30,2453.915538410042,39.262648614560675
32,2022-10-31,3912.0122816674857,62.592196506679784
32,2022-11-30,1600.6402345260651,25.61024375241704
32,2022-12-31,2681.2274075295204,42.89963852047234
32,2023-01-31,4422.033959957549,70.75254335932078
32,2023-02-28,1672.8140395408268,26.765024632653237
32,2023-03-31,1611.5859760518927,25.785375616830283
32,2023-04-30,2031.3903292488185,32.5022452679811
32,2023-05-31,1611.6631088022991,25.786609740836788
32,2023-06-30,3154.4102694435246,50.4705643110964
32,2023-07-31,3078.802518081891,49.26084028931026
32,2023-08-31,2176.0051813108785,34.81608290097406
32,2023-09-30,2781.6704520554886,44.50672723288782
32,2023-10-31,6245.109907146987,99.9217585143518
32,2023-11-30,6204.463989641699,99.2714238342672
32,2023-12-31,2735.7547178997675,43.77207548639629
33,2019-01-31,4306.234399584419,68.89975039335073
33,2019-02-28,3293.609532078422,52.69775251325476
33,2019-03-31,5633.831650241773,90.14130640386838
33,2019-04-30,1864.891208949825,29.8382593431972
33,2019-05-31,6824.873044595484,109.19796871352776
33,2019-06-30,1599.4829674455477,25.591727479128764
33,2019-07-31,2542.708230114974,40.68333168183958
33,2019-08-31,2060.2087193888756,32.96333951022201
33,2019-09-30,4287.105111545274,68.59368178472438
33,2019-10-31,1663.882337382477,26.62211739811964
33,2019-11-30,2141.908068408135,34.27052909453016
33,2019-12-31,5560.609982088064,88.96975971340903
33,2020-01-31,1321.2157061296127,21.13945129807381
33,2020-02-29,3183.034373667916,50.92854997868667
33,2020-03-31,3157.7331735875723,50.52373077740117
33,2020-04-30,1772.4271107379614,28.358833771807383
33,2020-05-31,2906.2017103706066,46.49922736592971
33,2020-06-30,1044.7487635022321,16.715980216035714
33,2020-07-31,1347.3202668665936,21.5571242698655
33,2020-08-31,5482.618115140517,87.72188984224829
33,2020-09-30,2793.4574362751023,44.69531898040164
33,2020-10-31,1984.0914083508667,31.74546253361387
33,2020-11-30,1306.3516467189702,20.901626347503527
33,2020-12-31,3040.967051801833,48.65547282882933
33,2021-01-31,1524.1579901019904,24.386527841631846
33,2021-02-28,3609.4224793288045,57.75075966926087
33,2021-03-31,4879.549561436004,78.07279298297608
33,2021-04-30,2692.5857619413064,43.08137219106091
33,2021-05-31,2752.7132006883057,44.043411211012895
33,2021-06-30,3459.241917657348,55.347870682517566
33,2021-07-31,2094.665627251813,33.51465003602901
33,2021-08-31,2181.071281131165,34.89714049809864
33,2021-09-30,2776.148511918636,44.41837619069818
33,2021-10-31,1811.8499684502992,28.98959949520479
33,2021-11-30,1289.9033625245493,20.638453800392792
33,2021-12-31,4085.403415843773,65.36645465350038
33,2022-01-31,1852.3860862159218,29.63817737945475
33,2022-02-28,3129.2804754498693,50.068487607197916
33,2022-03-31,2700.729615072886,43.21167384116618
33,2022-04-30,3111.8789129683387,49.790062607493425
33,2022-05-31,2094.249773242098,33.50799637187357
33,2022-06-30,4433.510730745469,70.93617169192751
33,2022-07-31,1683.5363319587848,26.93658131134056
33,2022-08-31,3430.528258947201,54.88845214315521
33,2022-09-30,2953.0236361307193,47.248378178091514
33,2022-10-31,6758.520215369128,108.13632344590606
33,2022-11-30,997.2797215244003,15.956475544390408
33,2022-12-31,2388.386787627203,38.21418860203525
33,2023-01-31,1605.2963499819996,25.684741599711995
33,2023-02-28,3094.334220428164,49.50934752685063
33,2023-03-31,1296.789200983229,20.748627215731666
33,2023-04-30,2687.3623549481053,42.99779767916969
33,2023-05-31,4963.400268361763,79.41440429378821
33,2023-06-30,2586.620925801672,41.38593481282676
33,2023-07-31,3765.534612705357,60.248553803285716
33,2023-08-31,2866.9981203562206,45.87196992569954
33,2023-09-30,1906.0607510083964,30.496972016134347
33,2023-10-31,1965.0885557636295,31.441416892218076
33,2023-11-30,1809.216420758923,28.94746273214277
33,2023-12-31,1622.3093813686824,25.956950101898926
34,2019-01-31,1904.7840374117718,45.71481689788252
34,2019-02-28,1320.667856547439,31.696028557138536
34,2019-03-31,2633.8829217825614,63.213190122781484
34,2019-04-30,3138.7199658081927,75.32927917939662
34,2019-05-31,2572.7365545924836,61.745677310219605
34,2019-06-30,966.5408575751328,23.19698058180319
34,2019-07-31,2849.7975668236186,68.39514160376686
34,2019-08-31,1443.748650013026,34.64996760031262
34,2019-09-30,1114.6437608639176,26.75145026073402
34,2019-10-31,3906.61141150382,93.75867387609169
34,2019-11-30,4225.687574146689,101.41650177952056
34,2019-12-31,4117.429764165028,98.81831433996068
34,2020-01-31,4708.517651615871,113.0044236387809
34,2020-02-29,1108.1405471645771,26.595373131949856
34,2020-03-31,1410.142262412237,33.84341429789369
34,2020-04-30,2061.1787799479307,49.46829071875034
34,2020-05-31,884.8229417786944,21.235750602688665
34,2020-06-30,3867.9561889052047,92.83094853372492
34,2020-07-31,4938.344252026822,118.52026204864373
34,2020-08-31,2215.4491493671817,53.17077958481236
34,2020-09-30,1486.2830287818988,35.67079269076557
34,2020-10-31,2164.222495028219,51.94133988067725
34,2020-11-30,2146.312491624715,51.511499798993164
34,2020-12-31,4170.782116479611,100.09877079551067
34,2021-01-31,1975.3961243564836,47.40950698455561
34,2021-02-28,4035.470072668423,96.85128174404217
34,2021-03-31,1350.5241285022967,32.412579084055125
34,2021-04-30,3125.9041850290314,75.02170044069676
34,2021-05-31,821.7011544406948,19.720827706576678
34,2021-06-30,1959.6988751160256,47.032773002784616
34,2021-07-31,4206.169999306449,100.9480799833548
34,2021-08-31,6576.179736178794,157.82831366829106
34,2021-09-30,2288.1332199453263,54.91519727868784
34,2021-10-31,3638.4626797434266,87.32310431384224
34,2021-11-30,2428.5123459216315,58.28429630211916
34,2021-12-31,2083.6970111510186,50.00872826762445
34,2022-01-31,958.5934515068673,23.006242836164812
34,2022-02-28,1422.8906682610898,34.149376038266155
34,2022-03-31,5614.764650210056,134.75435160504136
34,2022-04-30,2200.520185204196,52.81248444490071
34,2022-05-31,1131.411516745909,27.15387640190182
34,2022-06-30,1078.2733257426976,25.87855981782474
34,2022-07-31,3978.4257379421715,95.48221771061212
34,2022-08-31,1599.082007427968,38.37796817827123
34,2022-09-30,2434.5076255317413,58.42818301276179
34,2022-10-31,2651.071013038765,63.62570431293036
34,2022-11-30,4047.2460384374695,97.13390492249927
34,2022-12-31,3423.933662949241,82.17440791078177
34,2023-01-31,2378.233166953626,57.07759600688703
34,2023-02-28,3230.759429696689,77.53822631272054
34,2023-03-31,1891.3973516012072,45.393536438428974
34,2023-04-30,6010.89535162242,144.26148843893807
34,2023-05-31,2370.422254763825,56.89013411433181
34,2023-06-30,5876.968500823119,141.04724401975486
34,2023-07-31,2361.873544015462,56.68496505637109
34,2023-08-31,2794.524948238908,67.0685987577338
34,2023-09-30,2342.550086466253,56.22120207519007
34,2023-10-31,1137.630813009814,27.303139512235532
34,2023-11-30,2627.859846721938,63.068636321326515
34,2023-12-31,1732.177207223989,41.57225297337574
35,2019-01-31,1705.8980510036704,10.917747526423492
35,2019-02-28,3480.9607059003242,22.278148517762077
35,2019-03-31,1245.0525633424493,7.9683364053916765
35,2019-04-30,3352.0343341188163,21.453019738360425
35,2019-05-31,4131.284216036894,26.440218982636118
35,2019-06-30,1171.3154160566874,7.4964186627628
35,2019-07-31,4779.931483047248,30.59156149150239
35,2019-08-31,4569.246940280385,29.24318041779447
35,2019-09-30,4959.723695283261,31.742231649812876
35,2019-10-31,2113.7065760076466,13.52772208644894
35,2019-11-30,1532.304873421836,9.806751189899751
35,2019-12-31,2327.495137993047,14.895968883155504
35,2020-01-31,3519.571025302344,22.525254561935004
35,2020-02-29,3329.1120488341176,21.306317112538352
35,2020-03-31,5532.998415538309,35.41118985944518
35,2020-04-30,4521.426516208818,28.937129703736435
35,2020-05-31,5770.965688470187,36.9341804062092
35,2020-06-30,1341.8531192511618,8.587859963207437
35,2020-07-31,1672.880640283494,10.706436097814361
35,2020-08-31,4580.657335169064,29.316206945082016
35,2020-09-30,2655.492749603217,16.995153597460586
35,2020-10-31,1842.9693656036804,11.795003939863555
35,2020-11-30,3400.637657025225,21.76408100496144
35,2020-12-31,3139.0088646415184,20.08965673370572
35,2021-01-31,1314.202735159922,8.4108975050235
35,2021-02-28,1874.3274091600647,11.995695418624415
35,2021-03-31,4424.418752380011,28.31628001523207
35,2021-04-30,4653.413129641675,29.781844029706726
35,2021-05-31,5430.529723978499,34.7553902334624
35,2021-06-30,5961.310032898783,38.15238421055221
35,2021-07-31,5063.039794281784,32.40345468340342
35,2021-08-31,3002.2930510143606,19.21467552649191
35,2021-09-30,2418.643385851131,15.479317669447239
35,2021-10-31,3827.55220904163,24.49633413786643
35,2021-11-30,1529.6085059787451,9.78949443826397
35,2021-12-31,3502.9219206203015,22.41870029196993
35,2022-01-31,2576.1516057362337,16.487370276711896
35,2022-02-28,3703.9729126727652,23.7054266411057
35,2022-03-31,4942.929888466916,31.634751286188266
35,2022-04-30,1434.4545513653034,9.180509128737944
35,2022-05-31,1249.6911082993583,7.998023093115894
35,2022-06-30,2829.753128328416,18.110420021301863
35,2022-07-31,1586.2951041895753,10.152288666813282
35,2022-08-31,1748.2968831169483,11.18910005194847
35,2022-09-30,1029.4361796714174,6.588391549897072
35,2022-10-31,1358.6355190406605,8.695267321860227
35,2022-11-30,5212.803473853361,33.36194223266151
35,2022-12-31,1197.4994453959184,7.663996450533879
35,2023-01-31,4962.2423608149575,31.758351109215727
35,2023-02-28,5526.08949987553,35.3669727992034
35,2023-03-31,3114.258805231334,19.93125635348054
35,2023-04-30,3029.682268780552,19.389966520195532
35,2023-05-31,4632.077959374481,29.645298939996678
35,2023-06-30,1449.9697233405473,9.279806229379503
35,2023-07-31,1397.8267080996816,8.946090931837963
35,2023-08-31,3030.6425673274,19.39611243089536
35,2023-09-30,1963.9380235942554,12.569203351003235
35,2023-10-31,4461.343679944843,28.552599551646995
35,2023-11-30,1868.3097296201865,11.957182269569195
35,2023-12-31,2150.305936642354,13.761957994511064
36,2019-01-31,2480.9154105991465,23.81678794175181
36,2019-02-28,1791.450127917824,17.197921228011108
36,2019-03-31,3359.578554810647,32.25195412618221
36,2019-04-30,2263.62575468782,21.73080724500307
36,2019-05-31,1618.4921639487063,15.537524773907581
36,2019-06-30,6631.059328228854,63.658169550997
36,2019-07-31,2151.2976784119423,20.652457712754643
36,2019-08-31,2944.0092384485824,28.26248868910639
36,2019-09-30,1141.561492851515,10.958990331374544
36,2019-10-31,3853.007356417019,36.98887062160338
36,2019-11-30,4193.351368099976,40.25617313375976
36,2019-12-31,2055.001229957115,19.728011807588302
36,2020-01-31,2138.6561987793893,20.53109950828214
36,2020-02-29,2637.428094852002,25.319309710579216
36,2020-03-31,1344.2939395934875,12.905221820097479
36,2020-04-30,3344.2347597930047,32.104653694012846
36,2020-05-31,2571.4386463551637,24.685811005009572
36,2020-06-30,1272.8871916039025,12.219717039397462
36,2020-07-31,2978.172108853155,28.590452244990285
36,2020-08-31,1812.1872139943234,17.396997254345507
36,2020-09-30,2250.024270140961,21.600232993353227
36,2020-10-31,3254.4398368621273,31.24262243387642
36,2020-11-30,1053.4498222527882,10.113118293626767
36,2020-12-31,1599.9189946763775,15.359222348893223
36,2021-01-31,3195.1872756991065,30.67379784671142
36,2021-02-28,4753.824862066369,45.636718675837145
36,2021-03-31,2606.0775575177895,25.018344552170777
36,2021-04-30,2534.0271328683757,24.326660475536404
36,2021-05-31,1812.7366076206563,17.402271433158297
36,2021-06-30,2238.4935977212053,21.489538538123572
36,2021-07-31,4920.405993083688,47.23589753360341
36,2021-08-31,4989.160108509399,47.895937041690225
36,2021-09-30,5105.006761131643,49.008064906863765
36,2021-10-31,1638.4985021555221,15.729585620693012
36,2021-11-30,2386.3853188989647,22.909299061430062
36,2021-12-31,4298.137394160027,41.262118983936254
36,2022-01-31,4549.0484511879995,43.67086513140479
36,2022-02-28,3953.898923929732,37.95742966972543
36,2022-03-31,2825.3720935011347,27.123572097610893
36,2022-04-30,1648.6273832398301,15.826822879102371
36,2022-05-31,2131.1247871318224,20.458797956465496
36,2022-06-30,3819.1135971600784,36.66349053273675
36,2022-07-31,2040.410207849924,19.58793799535927
36,2022-08-31,2474.0480114861302,23.75086091026685
36,2022-09-30,2523.69107207826,24.227434291951294
36,2022-10-31,2797.083226469422,26.851998974106447
36,2022-11-30,4409.252678445504,42.32882571307683
36,2022-12-31,2775.7781333698476,26.64747008035054
36,2023-01-31,1666.497610301939,15.998377058898615
36,2023-02-28,4536.534669611495,43.55073282827035
36,2023-03-31,5512.453018877026,52.91954898121945
36,2023-04-30,1913.4568030545233,18.369185309323424
36,2023-05-31,2353.451397309129,22.593133414167635
36,2023-06-30,2698.234497029257,25.903051171480868
36,2023-07-31,2410.908338104165,23.144720045799986
36,2023-08-31,2706.2231375170786,25.979742120163955
36,2023-09-30,2885.733638272087,27.70304292741204
36,2023-10-31,4053.0797647241075,38.90956574135143
36,2023-11-30,4806.027441661371,46.137863439949165
36,2023-12-31,3089.8012998082822,29.662092478159508
37,2019-01-31,2617.0563197038605,41.87290111526177
37,2019-02-28,5655.8600294249045,90.49376047079849
37,2019-03-31,1959.0477788238286,31.344764461181263
37,2019-04-30,6122.837596731017,97.96540154769627
37,2019-05-31,2569.5102352722647,41.11216376435624
37,2019-06-30,2601.9387793725627,41.63102046996101
37,2019-07-31,2765.166773550307,44.242668376804914
37,2019-08-31,5276.344583767768,84.4215133402843
37,2019-09-30,3713.436808110877,59.41498892977403
37,2019-10-31,4546.9767204923455,72.75162752787753
37,2019-11-30,1851.5960941073035,29.62553750571686
37,2019-12-31,1443.1226637271823,23.089962619634917
37,2020-01-31,3222.1416228270828,51.554265965233334
37,2020-02-29,5197.068223316246,83.15309157305995
37,2020-03-31,2542.306359280604,40.67690174848966
37,2020-04-30,4103.308472795656,65.6529355647305
37,2020-05-31,1965.3488065057463,31.44558090409194
37,2020-06-30,4409.781787731626,70.55650860370602
37,2020-07-31,1873.8083730656108,29.98093396904978
37,2020-08-31,3990.345239838688,63.845523837419016
37,2020-09-30,5130.328526904187,82.08525643046701
37,2020-10-31,6223.7163496527355,99.57946159444379
37,2020-11-30,2259.3144743968214,36.149031590349146
37,2020-12-31,3814.4480760819874,61.0311692173118
37,2021-01-31,2917.4365145653724,46.67898423304596
37,2021-02-28,1615.9330570426414,25.85492891268227
37,2021-03-31,2516.9580718059874,40.2713291488958
37,2021-04-30,975.5211982987951,15.608339172780724
37,2021-05-31,5620.432174176632,89.92691478682612
37,2021-06-30,2849.07648697186,45.585223791549765
37,2021-07-31,3475.1355372450835,55.60216859592134
37,2021-08-31,2306.2085669341295,36.89933707094608
37,2021-09-30,1643.7477382628067,26.299963812204908
37,2021-10-31,2372.3632028806824,37.95781124609092
37,2021-11-30,1268.6904856166725,20.299047769866764
37,2021-12-31,1402.9111981919395,22.446579171071036
37,2022-01-31,7143.79009509004,114.30064152144067
37,2022-02-28,5000.52250627252,80.00836010036033
37,2022-03-31,2057.279616985883,32.91647387177413
37,2022-04-30,3358.6486774717373,53.7383788395478
37,2022-05-31,6152.930268059227,98.44688428894766
37,2022-06-30,2495.2615835923402,39.92418533747745
37,2022-07-31,2993.171890703092,47.89075025124947
37,2022-08-31,1284.079556428961,20.545272902863378
37,2022-09-30,1080.4092154872892,17.286547447796632
37,2022-10-31,5382.974572209437,86.12759315535101
37,2022-11-30,2874.1688103361685,45.9867009653787
37,2022-12-31,1101.9404516859581,17.631047226975333
37,2023-01-31,3587.1374942250704,57.39419990760113
37,2023-02-28,3693.2917301229368,59.09266768196699
37,2023-03-31,1853.8618482069776,29.661789571311644
37,2023-04-30,2034.4814528023012,32.55170324483682
37,2023-05-31,4401.0201982242315,70.41632317158772
37,2023-06-30,3723.3223851402017,59.57315816224323
37,2023-07-31,3914.3661558982803,62.62985849437249
37,2023-08-31,657.9375224569017,10.527000359310428
37,2023-09-30,5760.753434735057,92.17205495576093
37,2023-10-31,5295.505702885755,84.72809124617208
37,2023-11-30,4882.736137649406,78.1237782023905
37,2023-12-31,2280.6473470403907,36.49035755264625
38,2019-01-31,3286.7546322635712,52.58807411621714
38,2019-02-28,1975.5452627594275,31.608724204150846
38,2019-03-31,1786.7661416585452,28.588258266536727
38,2019-04-30,3225.5347126974784,51.608555403159656
38,2019-05-31,4615.105153277649,73.84168245244238
38,2019-06-30,6124.225803684313,97.98761285894903
38,2019-07-31,2930.320039829344,46.88512063726951
38,2019-08-31,1782.9630162201909,28.527408259523057
38,2019-09-30,6013.452299693231,96.2152367950917
38,2019-10-31,1868.9883630837862,29.903813809340587
38,2019-11-30,2213.028288435346,35.40845261496554
38,2019-12-31,4401.098982081346,70.41758371330154
38,2020-01-31,1816.565654186259,29.06505046698015
38,2020-02-29,6605.577792737697,105.68924468380317
38,2020-03-31,2488.354085496593,39.81366536794549
38,2020-04-30,1520.1063911661197,24.32170225865792
38,2020-05-31,3404.0937858924485,54.46550057427918
38,2020-06-30,2262.2243730342648,36.19558996854824
38,2020-07-31,4463.949259298589,71.42318814877743
38,2020-08-31,4337.83376318792,69.40534021100673
38,2020-09-30,4295.653124697221,68.73044999515555
38,2020-10-31,6878.709024204408,110.05934438727053
38,2020-11-30,1475.0563711541627,23.600901938466606
38,2020-12-31,2246.336585210235,35.941385363363764
38,2021-01-31,5800.013699193636,92.80021918709818
38,2021-02-28,3439.881280613534,55.03810048981654
38,2021-03-31,2615.4732289097615,41.84757166255619
38,2021-04-30,1201.747085305649,19.227953364890386
38,2021-05-31,3218.2750612602645,51.492400980164234
38,2021-06-30,3386.3620418861997,54.1817926701792
38,2021-07-31,3102.672660296314,49.64276256474103
38,2021-08-31,1395.6082743497177,22.329732389595485
38,2021-09-30,4015.1377186944137,64.24220349911063
38,2021-10-31,1865.9604307969503,29.855366892751206
38,2021-11-30,3250.637328846612,52.0101972615458
38,2021-12-31,4804.998443642664,76.87997509828264
38,2022-01-31,2322.009790417416,37.152156646678655
38,2022-02-28,4077.8445446190635,65.24551271390503
38,2022-03-31,4198.209819324985,67.17135710919976
38,2022-04-30,2942.126209131265,47.07401934610024
38,2022-05-31,2419.190393227306,38.7070462916369
38,2022-06-30,1754.8119751673862,28.07699160267818
38,2022-07-31,3930.236803165258,62.88378885064414
38,2022-08-31,2107.122464692725,33.7139594350836
38,2022-09-30,1188.5287749517545,19.016460399228073
38,2022-10-31,2397.662399450113,38.36259839120181
38,2022-11-30,2593.808587501348,41.50093740002157
38,2022-12-31,2949.6045452064927,47.193672723303884
38,2023-01-31,2473.346688743406,39.573547019894505
38,2023-02-28,5771.935326001798,92.35096521602878
38,2023-03-31,2477.054667551649,39.63287468082638
38,2023-04-30,3721.0681704285003,59.53709072685601
38,2023-05-31,2894.3411950437007,46.309459120699216
38,2023-06-30,3555.5326891550435,56.8885230264807
38,2023-07-31,2344.717955342095,37.515487285473526
38,2023-08-31,4919.000602460145,78.70400963936234
38,2023-09-30,4949.9822538607405,79.19971606177187
38,2023-10-31,4870.477274729288,77.92763639566861
38,2023-11-30,4315.049526111457,69.04079241778332
38,2023-12-31,2935.5698475484473,46.96911756077516
39,2019-01-31,5576.390641268117,89.22225026028988
39,2019-02-28,1702.6497839710496,27.2423965435368
39,2019-03-31,4059.3645533478707,64.94983285356594
39,2019-04-30,1869.7687936163472,29.91630069786156
39,2019-05-31,3797.630596829708,60.76208954927532
39,2019-06-30,1627.2764480668202,26.036423169069124
39,2019-07-31,2095.8707599006907,33.533932158411055
39,2019-08-31,3780.5137429300594,60.488219886880955
39,2019-09-30,2091.740878850854,33.46785406161367
39,2019-10-31,4251.279130524636,68.02046608839417
39,2019-11-30,1828.0389711938365,29.248623539101388
39,2019-12-31,4459.73254590784,71.35572073452545
39,2020-01-31,1666.3899684445403,26.662239495112647
39,2020-02-29,1680.4691676503458,26.887506682405537
39,2020-03-31,4525.371954999245,72.40595127998792
39,2020-04-30,1821.0420502080838,29.13667280332934
39,2020-05-31,5990.3593513369515,95.84574962139123
39,2020-06-30,3040.8786674765765,48.65405867962522
39,2020-07-31,3402.48484813717,54.43975757019473
39,2020-08-31,5498.377316033634,87.97403705653815
39,2020-09-30,1048.2732863348817,16.77237258135811
39,2020-10-31,6030.073037638614,96.48116860221783
39,2020-11-30,1584.1606456841225,25.346570330945966
39,2020-12-31,2683.3015646193026,42.93282503390884
39,2021-01-31,6062.327651627904,96.99724242604648
39,2021-02-28,6129.533114833726,98.07252983733963
39,2021-03-31,4095.7073275272774,65.53131724043645
39,2021-04-30,3161.649661697034,50.58639458715255
39,2021-05-31,1994.1294494315264,31.906071190904427
39,2021-06-30,2878.2273051850725,46.05163688296116
39,2021-07-31,3186.101266516305,50.97762026426088
39,2021-08-31,2810.7688654193703,44.97230184670993
39,2021-09-30,5225.952706946251,83.61524331114003
39,2021-10-31,1033.2993057212332,16.532788891539735
39,2021-11-30,1940.1238879123248,31.041982206597197
39,2021-12-31,3126.580379487653,50.025286071802455
39,2022-01-31,3479.922818750951,55.67876510001523
39,2022-02-28,2556.2666858852476,40.90026697416397
39,2022-03-31,1600.8190253165296,25.613104405064476
39,2022-04-30,1843.669244438835,29.498707911021366
39,2022-05-31,4497.451374317949,71.9592219890872
39,2022-06-30,2468.089660828524,39.48943457325638
39,2022-07-31,3395.3831493275516,54.32613038924083
39,2022-08-31,1758.9543142049001,28.143269027278407
39,2022-09-30,1185.5794160859468,18.969270657375148
39,2022-10-31,1497.4403687368176,23.959045899789082
39,2022-11-30,2935.937234499487,46.9749957519918
39,2022-12-31,6005.982609971088,96.09572175953741
39,2023-01-31,2638.063002699662,42.20900804319459
39,2023-02-28,4052.989048474915,64.84782477559865
39,2023-03-31,4809.6695994588945,76.95471359134233
39,2023-04-30,3907.8701751274525,62.52592280203925
39,2023-05-31,3170.4133376083287,50.72661340173326
39,2023-06-30,6655.372429178085,106.48595886684937
39,2023-07-31,2951.857606911046,47.22972171057674
39,2023-08-31,5999.653284319907,95.99445254911852
39,2023-09-30,2984.971617237927,47.75954587580684
39,2023-10-31,4719.261165700221,75.50817865120354
39,2023-11-30,2582.582444397833,41.32131911036534
39,2023-12-31,1966.2198009997178,31.45951681599549
40,2019-01-31,2328.344044424602,22.35210282647618
40,2019-02-28,1594.9367967404444,15.311393248708265
40,2019-03-31,3054.623828763252,29.32438875612722
40,2019-04-30,960.2038046193923,9.217956524346166
40,2019-05-31,2634.0998763610814,25.28735881306638
40,2019-06-30,6273.720827606362,60.22771994502107
40,2019-07-31,3788.9545897653716,36.373964061747564
40,2019-08-31,3702.558911008593,35.54456554568249
40,2019-09-30,1672.7915557096862,16.058798934812987
40,2019-10-31,4487.79425135217,43.08282481298083
40,2019-11-30,3225.345701598413,30.963318735344767
40,2019-12-31,1197.666915739655,11.497602391100687
40,2020-01-31,849.7182702446987,8.157295394349108
40,2020-02-29,5652.563961848073,54.2646140337415
40,2020-03-31,2942.5647875480154,28.248621960460948
40,2020-04-30,4104.363335634629,39.401888022092436
40,2020-05-31,3837.316429356183,36.838237721819354
40,2020-06-30,2767.1128251062282,26.56428312101979
40,2020-07-31,3134.9811713276977,30.0958192447459
40,2020-08-31,2400.1642086511806,23.041576403051337
40,2020-09-30,1356.305624260867,13.020533992904324
40,2020-10-31,3019.99524762844,28.991954377233025
40,2020-11-30,2224.3381374375685,21.353646119400654
40,2020-12-31,1048.769929934938,10.068191327375404
40,2021-01-31,1370.639433431845,13.158138560945712
40,2021-02-28,3200.274489453041,30.722635098749194
40,2021-03-31,3314.1638036076943,31.815972514633863
40,2021-04-30,1036.8694368611305,9.953946593866855
40,2021-05-31,1398.5238371832113,13.425828836958829
40,2021-06-30,779.4509288128249,7.4827289166031195
40,2021-07-31,1843.420069436853,17.69683266659379
40,2021-08-31,3776.2534815860636,36.25203342322621
40,2021-09-30,2722.209074354809,26.13320711380617
40,2021-10-31,5245.817001754144,50.359843216839785
40,2021-11-30,5417.288767006535,52.00597216326273
40,2021-12-31,2394.4346858175427,22.986572983848408
40,2022-01-31,1462.7877341854974,14.042762248180777
40,2022-02-28,1362.8939988210286,13.083782388681875
40,2022-03-31,2838.9030226095047,27.253469017051245
40,2022-04-30,1675.5486921697097,16.085267444829213
40,2022-05-31,1958.0798009961259,18.79756608956281
40,2022-06-30,2573.66115605893,24.70714709816573
40,2022-07-31,4222.439319170861,40.53541746404027
40,2022-08-31,2195.5332970280183,21.077119651468976
40,2022-09-30,2740.9343778180328,26.312970027053115
40,2022-10-31,2418.461381951252,23.217229266732016
40,2022-11-30,5680.837393716434,54.53603897967778
40,2022-12-31,944.4644822833874,9.066859029920519
40,2023-01-31,3843.721942209956,36.89973064521558
40,2023-02-28,3019.6989311780735,28.989109739309505
40,2023-03-31,5224.037613376184,50.150761088411365
40,2023-04-30,4020.486137240845,38.5966669175121
40,2023-05-31,1746.1277933611536,16.762826816267076
40,2023-06-30,3799.976233326651,36.47977183993584
40,2023-07-31,3466.141111291605,33.27495466839941
40,2023-08-31,3499.4081288224506,33.59431803669552
40,2023-09-30,1789.567747713528,17.17985037804987
40,2023-10-31,1652.832156705163,15.867188704369566
40,2023-11-30,3787.215280948416,36.35726669710479
40,2023-12-31,1893.8557693385121,18.181015385649715
41,2019-01-31,1417.4070114629424,13.607107310044247
41,2019-02-28,3760.8280937733975,36.10394970022462
41,2019-03-31,1609.8552084715982,15.454610001327342
41,2019-04-30,2915.9343275427086,27.992969544410002
41,2019-05-31,4026.940575314742,38.658629523021524
41,2019-06-30,2339.6350697237854,22.460496669348338
41,2019-07-31,3697.907804294454,35.499914921226754
41,2019-08-31,1937.419251864936,18.599224817903384
41,2019-09-30,2657.196325566071,25.509084725434285
41,2019-10-31,4252.413775431866,40.823172244145915
41,2019-11-30,3199.9626840215815,30.71964176660718
41,2019-12-31,1015.8155475619373,9.751829256594597
41,2020-01-31,4866.242330324765,46.715926371117746
41,2020-02-29,2135.6806565138695,20.502534302533146
41,2020-03-31,1469.3536609696353,14.105795145308496
41,2020-04-30,2746.578495107437,26.367153553031393
41,2020-05-31,2108.575362715138,20.242323482065324
41,2020-06-30,5105.75186285916,49.01521788344793
41,2020-07-31,2589.4377411566206,24.858602315103557
41,2020-08-31,5482.120431138181,52.62835613892653
41,2020-09-30,2145.3951980870356,20.59579390163554
41,2020-10-31,1575.1277618451718,15.121226513713648
41,2020-11-30,1100.7126541907326,10.566841480231032
41,2020-12-31,2062.149674209974,19.79663687241575
41,2021-01-31,3966.2112493249697,38.07562799351971
41,2021-02-28,4635.317167843587,44.49904481129844
41,2021-03-31,1309.521252574548,12.571404024715662
41,2021-04-30,2159.602783140552,20.732186718149304
41,2021-05-31,2294.467181587759,22.026884943242486
41,2021-06-30,3076.22585695128,29.53176822673229
41,2021-07-31,2235.678027322786,21.462509062298746
41,2021-08-31,2521.178298506009,24.203311665657687
41,2021-09-30,1487.3470172206341,14.278531365318088
41,2021-10-31,1879.4641790360897,18.04285611874646
41,2021-11-30,1128.5619728914369,10.834194939757793
41,2021-12-31,5732.143298988627,55.02857567029082
41,2022-01-31,2910.996086408616,27.945562429522713
41,2022-02-28,4289.686558076061,41.18099095753019
41,2022-03-31,2585.6983004857566,24.822703684663267
41,2022-04-30,1674.6649628407852,16.076783643271536
41,2022-05-31,2397.492747098162,23.015930372142357
41,2022-06-30,5131.526017612624,49.26264976908119
41,2022-07-31,5949.4903318610695,57.115107185866265
41,2022-08-31,1114.580221764732,10.699970128941427
41,2022-09-30,1855.4821953050628,17.8126290749286
41,2022-10-31,2194.483677797835,21.067043306859215
41,2022-11-30,7123.272126240923,68.38341241191286
41,2022-12-31,1213.9205169777915,11.653636962986798
41,2023-01-31,2981.4297572212395,28.621725669323897
41,2023-02-28,4380.979088302848,42.057399247707345
41,2023-03-31,4367.781434341961,41.930701769682834
41,2023-04-30,2878.2811826904635,27.63149935382845
41,2023-05-31,5116.501916511886,49.1184183985141
41,2023-06-30,4772.11631385917,45.81231661304803
41,2023-07-31,1271.6175656678095,12.207528630410971
41,2023-08-31,1959.5967905271661,18.812129189060794
41,2023-09-30,1425.4137145730135,13.683971659900928
41,2023-10-31,2891.1157710713037,27.754711402284517
41,2023-11-30,2301.334628988412,22.092812438288757
41,2023-12-31,4423.862648134451,42.469081422090724
42,2019-01-31,4757.020356103164,114.16848854647593
42,2019-02-28,5356.424757718214,128.55419418523715
42,2019-03-31,3961.3445721398166,95.07226973135559
42,2019-04-30,4569.330524575793,109.66393258981903
42,2019-05-31,2092.1890092758717,50.212536222620926
42,2019-06-30,2311.525848280148,55.47662035872355
42,2019-07-31,6390.39376674048,153.3694504017715
42,2019-08-31,5119.7960109997975,122.87510426399514
42,2019-09-30,4608.666671017168,110.60800010441203
42,2019-10-31,6112.36997845227,146.69687948285448
42,2019-11-30,3708.3447505592185,89.00027401342125
42,2019-12-31,3584.790628929222,86.03497509430132
42,2020-01-31,4787.666007046863,114.90398416912473
42,2020-02-29,5510.313464317125,132.247523143611
42,2020-03-31,3965.666407947049,95.17599379072917
42,2020-04-30,2043.3320403601365,49.03996896864328
42,2020-05-31,2368.06059240544,56.83345421773056
42,2020-06-30,2320.3747114233274,55.68899307415986
42,2020-07-31,3758.8652518144117,90.2127660435459
42,2020-08-31,1835.481103757928,44.05154649019027
42,2020-09-30,5591.557924958859,134.1973901990126
42,2020-10-31,2744.2534082076763,65.86208179698423
42,2020-11-30,5283.229821842187,126.7975157242125
42,2020-12-31,3979.8118262566736,95.51548383016016
42,2021-01-31,1938.00862313251,46.51220695518024
42,2021-02-28,1494.8208238300035,35.87569977192008
42,2021-03-31,1901.7147722894695,45.64115453494727
42,2021-04-30,2337.97294316594,56.111350635982554
42,2021-05-31,4182.928421065017,100.39028210556042
42,2021-06-30,1434.8789842351534,34.43709562164368
42,2021-07-31,1926.5808156710489,46.23793957610518
42,2021-08-31,1317.931307379743,31.630351377113833
42,2021-09-30,1024.2695016279931,24.582468039071834
42,2021-10-31,4564.0694305687175,109.53766633364923
42,2021-11-30,1505.9032676509796,36.14167842362351
42,2021-12-31,3101.821467968821,74.4437152312517
42,2022-01-31,3510.5529370590757,84.25327048941782
42,2022-02-28,2537.304766087827,60.89531438610785
42,2022-03-31,2202.7511280798476,52.86602707391635
42,2022-04-30,6146.415787439456,147.51397889854695
42,2022-05-31,787.4669509564783,18.899206822955477
42,2022-06-30,1233.0150115987299,29.59236027836952
42,2022-07-31,2196.177729343075,52.70826550423381
42,2022-08-31,2356.925793742782,56.56621904982677
42,2022-09-30,1753.199822923896,42.07679575017351
42,2022-10-31,6987.752010378857,167.70604824909256
42,2022-11-30,1091.0686213747856,26.185646912994855
42,2022-12-31,2332.8642534371425,55.98874208249142
42,2023-01-31,2116.4665748352154,50.795197796045166
42,2023-02-28,1738.113311719105,41.71471948125852
42,2023-03-31,3350.2452828668106,80.40588678880344
42,2023-04-30,2751.8479385272462,66.04435052465391
42,2023-05-31,4826.4054411703655,115.83373058808877
42,2023-06-30,2141.7415311821965,51.401796748372725
42,2023-07-31,2372.800553414601,56.947213281950425
42,2023-08-31,3434.8708805467504,82.436901133122
42,2023-09-30,2528.82703453838,60.69184882892111
42,2023-10-31,2373.5282715878498,56.96467851810839
42,2023-11-30,1621.454387741128,38.91490530578707
42,2023-12-31,860.5713188869388,20.65371165328653
43,2019-01-31,3791.2547862987135,24.26403063231177
43,2019-02-28,2802.6859607108604,17.937190148549508
43,2019-03-31,4081.3665818373793,26.12074612375923
43,2019-04-30,2899.7419755824712,18.55834864372782
43,2019-05-31,4152.903165932712,26.57858026196936
43,2019-06-30,2175.711912074466,13.924556237276585
43,2019-07-31,6394.78587023527,40.926629569505735
43,2019-08-31,3142.594878353616,20.112607221463144
43,2019-09-30,1991.35207645118,12.744653289287552
43,2019-10-31,3681.914716941019,23.564254188422524
43,2019-11-30,2458.147040924677,15.732141061917936
43,2019-12-31,2840.5287391381107,18.17938393048391
43,2020-01-31,1923.8785701135303,12.312822848726594
43,2020-02-29,1487.0602049053723,9.517185311394384
43,2020-03-31,1562.935476177021,10.002787047532935
43,2020-04-30,3304.955320004067,21.15171404802603
43,2020-05-31,5055.877457881762,32.35761573044328
43,2020-06-30,2707.825999067991,17.330086394035142
43,2020-07-31,2718.282813664819,17.397010007454845
43,2020-08-31,4965.2969534774265,31.77790050225553
43,2020-09-30,3394.334291790061,21.723739467456394
43,2020-10-31,2331.9219429128157,14.92430043464202
43,2020-11-30,2310.281613964557,14.785802329373164
43,2020-12-31,1922.7424957887597,12.305551973048063
43,2021-01-31,1503.6700388213349,9.623488248456544
43,2021-02-28,943.4214697464527,6.037897406377297
43,2021-03-31,2089.471087007573,13.372614956848466
43,2021-04-30,3912.065054792718,25.037216350673397
43,2021-05-31,790.7204612185499,5.0606109517987194
43,2021-06-30,2285.7883209790343,14.629045254265819
43,2021-07-31,6098.370976416167,39.02957424906347
43,2021-08-31,3480.372780869726,22.27438579756625
43,2021-09-30,4133.198933216715,26.452473172586977
43,2021-10-31,6591.6439153557385,42.186521058276725
43,2021-11-30,1183.9361309229614,7.577191237906954
43,2021-12-31,2599.0932787986494,16.634196984311355
43,2022-01-31,2737.6498191848855,17.52095884278327
43,2022-02-28,2433.988349057875,15.577525433970402
43,2022-03-31,1454.4796416209497,9.308669706374078
43,2022-04-30,3727.8074976916578,23.857967985226608
43,2022-05-31,1955.6177744069128,12.515953756204244
43,2022-06-30,3522.116171217835,22.541543495794144
43,2022-07-31,2941.7811604003928,18.82739942656252
43,2022-08-31,2427.9540937467114,15.538906199978953
43,2022-09-30,3173.1454274162643,20.308130735464093
43,2022-10-31,5278.593241528583,33.78299674578294
43,2022-11-30,3760.8977726041944,24.069745744666847
43,2022-12-31,5059.527408344564,32.38097541340521
43,2023-01-31,7192.645188285514,46.0329292050273
43,2023-02-28,4511.960486899674,28.876547116157912
43,2023-03-31,4499.104829002755,28.79427090561763
43,2023-04-30,5127.822821877102,32.81806606001345
43,2023-05-31,1798.8192640169825,11.512443289708688
43,2023-06-30,1308.3857591603476,8.373668858626225
43,2023-07-31,1027.6868313481255,6.577195720628002
43,2023-08-31,3340.244604058782,21.377565465976204
43,2023-09-30,1857.7830922639055,11.889811790488997
43,2023-10-31,3548.6896664669603,22.711613865388546
43,2023-11-30,3144.72783404758,20.126258137904514
43,2023-12-31,1431.816946989974,9.163628460735834
44,2019-01-31,2014.176512441983,12.890729679628691
44,2019-02-28,4363.594700873306,27.927006085589156
44,2019-03-31,5844.709832296848,37.40614292669982
44,2019-04-30,2113.051112322929,13.523527118866745
44,2019-05-31,3084.95624653654,19.743719977833862
44,2019-06-30,1588.8531832296408,10.168660372669702
44,2019-07-31,1370.6145324461183,8.771933007655159
44,2019-08-31,6176.578390084769,39.53010169654252
44,2019-09-30,2121.849268373114,13.579835317587929
44,2019-10-31,1934.590986243412,12.381382311957838
44,2019-11-30,927.7140411140904,5.937369863130179
44,2019-12-31,1289.041945757128,8.249868452845618
44,2020-01-31,1824.1728723619465,11.674706383116458
44,2020-02-29,2066.7001089315077,13.22688069716165
44,2020-03-31,6322.247265479018,40.46238249906572
44,2020-04-30,2399.2770987447734,15.35537343196655
44,2020-05-31,5183.060952045457,33.171590093090934
44,2020-06-30,2644.422613399205,16.92430472575491
44,2020-07-31,5171.788898349867,33.09944894943915
44,2020-08-31,2848.5720252494843,18.2308609615967
44,2020-09-30,4969.739787766643,31.806334641706513
44,2020-10-31,4469.032971700889,28.60181101888569
44,2020-11-30,4677.612169572773,29.93671788526575
44,2020-12-31,5193.57728961194,33.23889465351642
44,2021-01-31,1277.8193765479843,8.1780440099071
44,2021-02-28,4329.890699877941,27.71130047921883
44,2021-03-31,3156.5857034144306,20.20214850185236
44,2021-04-30,3449.3528726747218,22.075858385118224
44,2021-05-31,2431.1476361461273,15.559344871335217
44,2021-06-30,1248.9344832733057,7.9931806929491565
44,2021-07-31,2011.641107303925,12.874503086745122
44,2021-08-31,3947.849988196715,25.26623992445898
44,2021-09-30,1577.7972551145062,10.097902432732841
44,2021-10-31,3373.761457469457,21.592073327804528
44,2021-11-30,2542.4092842547643,16.271419419230494
44,2021-12-31,2177.0546587099766,13.93314981574385
44,2022-01-31,937.5138584645538,6.000088694173145
44,2022-02-28,6158.514674321741,39.41449391565914
44,2022-03-31,2743.9853630423772,17.561506323471217
44,2022-04-30,3072.3197589556466,19.662846457316142
44,2022-05-31,3857.7233689916916,24.689429561546827
44,2022-06-30,3459.8356059900325,22.14294787833621
44,2022-07-31,3672.6410475912453,23.50490270458397
44,2022-08-31,3148.392696570991,20.149713258054348
44,2022-09-30,1284.8352039845072,8.222945305500845
44,2022-10-31,1700.9022681404467,10.885774516098861
44,2022-11-30,4764.419427112142,30.492284333517713
44,2022-12-31,3339.3317499283417,21.37172319954139
44,2023-01-31,3391.9092653786397,21.708219298423295
44,2023-02-28,1890.8887440749334,12.101687962079573
44,2023-03-31,2652.4340004962596,16.975577603176063
44,2023-04-30,3652.3710888788396,23.375174968824574
44,2023-05-31,3316.2609295291672,21.224069948986674
44,2023-06-30,5158.929354227763,33.01714786705769
44,2023-07-31,4023.4923537147724,25.750351063774545
44,2023-08-31,4406.462079409255,28.20135730821923
44,2023-09-30,3398.523096152968,21.750547815378997
44,2023-10-31,1444.315735765303,9.24362070889794
44,2023-11-30,1238.5649103803385,7.926815426434167
44,2023-12-31,2197.671606357725,14.06509828068944
45,2019-01-31,6152.692010578717,59.065843301555674
45,2019-02-28,6140.86189508516,58.952274192817534
45,2019-03-31,1011.8211231149037,9.713482781903075
45,2019-04-30,1401.9840592022092,13.459046968341209
45,2019-05-31,5574.561057977958,53.51578615658839
45,2019-06-30,1980.3591725945448,19.011448056907632
45,2019-07-31,5598.59236937205,53.74648674597167
45,2019-08-31,2946.3105669192187,28.2845814424245
45,2019-09-30,3797.834312868365,36.4592094035363
45,2019-10-31,2963.124414311638,28.445994377391724
45,2019-11-30,1170.4835597363942,11.236642173469384
45,2019-12-31,5544.130385632365,53.2236517020707
45,2020-01-31,5793.114408324401,55.61389831991425
45,2020-02-29,3751.671060468629,36.016042180498836
45,2020-03-31,2752.4863301411647,26.42386876935518
45,2020-04-30,3840.1231115484707,36.865181870865314
45,2020-05-31,2448.5012194973915,23.505611707174953
45,2020-06-30,1940.009262871905,18.62408892357029
45,2020-07-31,1569.7969594619549,15.070050810834765
45,2020-08-31,4518.780017069707,43.380288163869196
45,2020-09-30,5460.873185104372,52.42438257700197
45,2020-10-31,1872.1080299781283,17.97223708779003
45,2020-11-30,3524.688795806732,33.837012439744626
45,2020-12-31,1382.3252141315315,13.270322055662703
45,2021-01-31,4636.589125435638,44.51125560418213
45,2021-02-28,4440.015144478255,42.624145386991245
45,2021-03-31,3762.7946644090343,36.12282877832673
45,2021-04-30,2604.879549147827,25.006843671819144
45,2021-05-31,3330.053041780745,31.968509201095152
45,2021-06-30,2766.988499345721,26.563089593718917
45,2021-07-31,2960.0420774714457,28.41640394372588
45,2021-08-31,2049.912202534132,19.679157144327668
45,2021-09-30,3036.68920014964,29.15221632143654
45,2021-10-31,2459.392241732201,23.610165520629128
45,2021-11-30,3228.5460617509098,30.994042192808735
45,2021-12-31,3666.232435181737,35.195831377744675
45,2022-01-31,2612.9546557269296,25.08436469497852
45,2022-02-28,3823.622589021751,36.706776854608805
45,2022-03-31,4533.670656418114,43.523238301613894
45,2022-04-30,2511.753230620372,24.112831013955567
45,2022-05-31,3292.0220556315485,31.603411734062863
45,2022-06-30,5677.238034516681,54.501485131360134
45,2022-07-31,2158.0373701599947,20.71715875353595
45,2022-08-31,2673.8913458122506,25.669356919797604
45,2022-09-30,4817.41532690286,46.247187138267456
45,2022-10-31,5025.725332765835,48.24696319455202
45,2022-11-30,1060.3555225552284,10.179413016530193
45,2022-12-31,1711.2061762614824,16.42757929211023
45,2023-01-31,2700.101371599343,25.92097316735369
45,2023-02-28,3993.490949372527,38.337513113976264
45,2023-03-31,1475.0541975715082,14.16052029668648
45,2023-04-30,2302.4379193953455,22.103404026195317
45,2023-05-31,1892.6872756996556,18.169797846716694
45,2023-06-30,3850.2340199281516,36.962246591310254
45,2023-07-31,2205.7436328197773,21.175138875069862
45,2023-08-31,4117.351366945156,39.5265731226735
45,2023-09-30,2165.289337152771,20.786777636666606
45,2023-10-31,4648.720422803689,44.62771605891542
45,2023-11-30,2530.063407836263,24.288608715228126
45,2023-12-31,6449.933079466273,61.91935756287622
46,2019-01-31,6790.670568383376,43.46029163765361
46,2019-02-28,1222.2706540186548,7.822532185719393
46,2019-03-31,3027.837655512186,19.378160995277995
46,2019-04-30,2665.6563755033717,17.06020080322158
46,2019-05-31,3569.412062993755,22.844237203160034
46,2019-06-30,1175.2241748375511,7.521434718960328
46,2019-07-31,6650.491131243576,42.56314323995889
46,2019-08-31,1558.035237377396,9.971425519215336
46,2019-09-30,1256.9066348321878,8.044202462926002
46,2019-10-31,2488.9035452789344,15.928982689785181
46,2019-11-30,2929.5265649033918,18.74897001538171
46,2019-12-31,2227.471438940511,14.255817209219272
46,2020-01-31,1814.2862112000305,11.611431751680195
46,2020-02-29,3450.438308901543,22.082805176969877
46,2020-03-31,3085.828190715883,19.74930042058165
46,2020-04-30,2525.2806641213915,16.161796250376906
46,2020-05-31,2431.877758298339,15.564017653109369
46,2020-06-30,2313.3524294983035,14.80545554878914
46,2020-07-31,2256.3627653869717,14.44072169847662
46,2020-08-31,2839.929287518178,18.175547440116343
46,2020-09-30,6312.125600638988,40.397603844089524
46,2020-10-31,1124.158803555808,7.194616342757171
46,2020-11-30,4236.2259453777,27.11184605041728
46,2020-12-31,3345.6866956930953,21.41239485243581
46,2021-01-31,1389.6865112915216,8.89399367226574
46,2021-02-28,5285.112636238644,33.82472087192732
46,2021-03-31,2851.9372341652256,18.252398298657447
46,2021-04-30,1058.1448735149322,6.772127190495566
46,2021-05-31,3328.375029250155,21.301600187200993
46,2021-06-30,4018.2384406104256,25.716726019906726
46,2021-07-31,2224.2732379499757,14.235348722879847
46,2021-08-31,1666.7519266716508,10.667212330698566
46,2021-09-30,2386.6650391542726,15.274656250587345
46,2021-10-31,2040.757942089823,13.06085082937487
46,2021-11-30,3670.1235055836587,23.488790435735417
46,2021-12-31,4891.5123377904565,31.305678961858924
46,2022-01-31,988.3567738588333,6.3254833526965335
46,2022-02-28,6579.120328929514,42.1063701051489
46,2022-03-31,3538.7980211164795,22.64830733514547
46,2022-04-30,1830.6819725118175,11.716364624075633
46,2022-05-31,4955.564720149433,31.715614208956367
46,2022-06-30,3988.7941476848873,25.52828254518328
46,2022-07-31,4710.4779179715015,30.14705867501761
46,2022-08-31,6185.0621077206915,39.584397489412424
46,2022-09-30,2541.7620042715325,16.267276827337806
46,2022-10-31,3531.228993095724,22.599865555812634
46,2022-11-30,4786.996732733463,30.63677908949417
46,2022-12-31,2332.8435354605363,14.930198626947433
46,2023-01-31,3238.237590970386,20.72472058221047
46,2023-02-28,2845.4044468868387,18.210588460075765
46,2023-03-31,1368.1567346293198,8.756203101627646
46,2023-04-30,6354.416034241733,40.6682626191471
46,2023-05-31,4946.22761837457,31.65585675759725
46,2023-06-30,2001.7772947000938,12.811374686080601
46,2023-07-31,3864.377104799397,24.732013470716144
46,2023-08-31,4343.610380918323,27.79910643787727
46,2023-09-30,2413.298813879985,15.445112408831907
46,2023-10-31,2420.9183436246094,15.493877399197501
46,2023-11-30,3226.416045512024,20.649062691276956
46,2023-12-31,2365.2390382783415,15.137529844981387
47,2019-01-31,3097.0817813891654,74.32996275333997
47,2019-02-28,2296.384886888109,55.11323728531462
47,2019-03-31,1379.192831508332,33.100627956199965
47,2019-04-30,1584.8086793316193,38.03540830395886
47,2019-05-31,807.0194611673554,19.368467068016532
47,2019-06-30,3350.436936005553,80.41048646413326
47,2019-07-31,3989.922374697913,95.75813699274991
47,2019-08-31,2576.2918584542463,61.831004602901906
47,2019-09-30,852.6424826287915,20.463419583090996
47,2019-10-31,736.1415204468362,17.66739649072407
47,2019-11-30,3156.6859190826317,75.76046205798316
47,2019-12-31,2463.6106718551746,59.12665612452419
47,2020-01-31,1499.4414611608263,35.98659506785983
47,2020-02-29,2232.069994743428,53.569679873842276
47,2020-03-31,1270.0951274099857,30.482283057839656
47,2020-04-30,3993.9957115021048,95.85589707605052
47,2020-05-31,3180.8375920734447,76.34010220976268
47,2020-06-30,1715.635478132356,41.175251475176545
47,2020-07-31,2121.667329361004,50.92001590466409
47,2020-08-31,3082.4793946209074,73.97950547090178
47,2020-09-30,4761.163702502434,114.2679288600584
47,2020-10-31,2561.8320749302593,61.48396979832622
47,2020-11-30,4647.958313846247,111.55099953230993
47,2020-12-31,5048.387382835404,121.1612971880497
47,2021-01-31,3550.349393029869,85.20838543271687
47,2021-02-28,3271.2528240050615,78.51006777612147
47,2021-03-31,2362.5491939142407,56.701180653941776
47,2021-04-30,2697.0854570148344,64.73005096835603
47,2021-05-31,3693.0426013845686,88.63302243322966
47,2021-06-30,1311.0364676684849,31.46487522404364
47,2021-07-31,4889.137882011897,117.33930916828552
47,2021-08-31,1606.0860477030724,38.546065144873744
47,2021-09-30,1820.6184344030994,43.69484242567439
47,2021-10-31,1901.2885086070305,45.63092420656873
47,2021-11-30,2161.4467916608883,51.87472299986132
47,2021-12-31,2339.364934108289,56.14475841859894
47,2022-01-31,1609.5090160854766,38.62821638605144
47,2022-02-28,1126.020792259259,27.024499014222215
47,2022-03-31,1956.4747542532268,46.95539410207745
47,2022-04-30,3805.410087934281,91.32984211042275
47,2022-05-31,3979.6658494872318,95.51198038769355
47,2022-06-30,2960.6113539833796,71.05467249560111
47,2022-07-31,5724.4595218650575,137.38702852476138
47,2022-08-31,3232.063717282365,77.56952921477676
47,2022-09-30,2741.3129465053903,65.79151071612937
47,2022-10-31,4444.636117100805,106.67126681041931
47,2022-11-30,1582.562448593759,37.98149876625021
47,2022-12-31,3528.2601743392365,84.67824418414169
47,2023-01-31,4200.873749426964,100.82096998624715
47,2023-02-28,2621.515336538462,62.91636807692309
47,2023-03-31,6554.3181337053,157.3036352089272
47,2023-04-30,2478.4503904228977,59.48280937014955
47,2023-05-31,5105.464569475196,122.5311496674047
47,2023-06-30,1815.0497090408214,43.561193016979715
47,2023-07-31,2846.795663836224,68.32309593206936
47,2023-08-31,3260.4360977013184,78.25046634483165
47,2023-09-30,1701.657203988239,40.839772895717736
47,2023-10-31,2673.197084429175,64.1567300263002
47,2023-11-30,3695.6354949206034,88.69525187809448
47,2023-12-31,1688.099717902205,40.51439322965292
48,2019-01-31,1009.1589593484899,24.219815024363758
48,2019-02-28,3919.9377495663207,94.0785059895917
48,2019-03-31,4212.067753711834,101.08962608908399
48,2019-04-30,1759.8267772759327,42.23584265462239
48,2019-05-31,1914.2662102324985,45.942389045579965
48,2019-06-30,6089.297775496805,146.14314661192333
48,2019-07-31,3462.4812043382726,83.09954890411854
48,2019-08-31,3592.977072226142,86.2314497334274
48,2019-09-30,1510.0360116719721,36.24086428012733
48,2019-10-31,4580.120811185615,109.92289946845477
48,2019-11-30,1932.8971030994671,46.389530474387215
48,2019-12-31,2715.4123426776714,65.16989622426412
48,2020-01-31,3271.4855419968694,78.51565300792485
48,2020-02-29,7155.802124138776,171.73925097933062
48,2020-03-31,1828.9461327019458,43.8947071848467
48,2020-04-30,2018.8873909781391,48.45329738347534
48,2020-05-31,4592.144056991275,110.21145736779059
48,2020-06-30,4955.495168809368,118.93188405142483
48,2020-07-31,1618.6926916029793,38.8486245984715
48,2020-08-31,3502.494092467771,84.05985821922651
48,2020-09-30,3178.804382573645,76.29130518176748
48,2020-10-31,7163.777029541581,171.93064870899795
48,2020-11-30,2976.5269825284577,71.43664758068299
48,2020-12-31,2082.083290447294,49.96999897073506
48,2021-01-31,3009.8376843461474,72.23610442430753
48,2021-02-28,3305.3926293278173,79.32942310386761
48,2021-03-31,4391.106002114859,105.38654405075663
48,2021-04-30,1907.8881196704265,45.78931487209024
48,2021-05-31,3013.394297878068,72.32146314907364
48,2021-06-30,4919.197454302309,118.06073890325541
48,2021-07-31,6766.054889344532,162.38531734426877
48,2021-08-31,1423.2314858019795,34.15755565924751
48,2021-09-30,4604.984854019659,110.51963649647182
48,2021-10-31,4828.402899671902,115.88166959212565
48,2021-11-30,3611.0772279511493,86.66585347082759
48,2021-12-31,2587.34247630142,62.09621943123408
48,2022-01-31,2289.3474379190675,54.94433851005762
48,2022-02-28,4124.461312783702,98.98707150680886
48,2022-03-31,1054.5502437437679,25.309205849850425
48,2022-04-30,1894.5084652330886,45.468203165594126
48,2022-05-31,3929.6252027448545,94.31100486587651
48,2022-06-30,844.89246975146,20.27741927403504
48,2022-07-31,2802.1954305826625,67.25269033398389
48,2022-08-31,3753.7697465660017,90.09047391758403
48,2022-09-30,3107.9584657600626,74.59100317824151
48,2022-10-31,1457.5925811146417,34.9822219467514
48,2022-11-30,3552.0758093937766,85.24981942545064
48,2022-12-31,1779.8690015360312,42.716856036864755
48,2023-01-31,2985.161480781869,71.64387553876486
48,2023-02-28,1358.3747001607771,32.600992803858645
48,2023-03-31,1646.3649823487945,39.51275957637107
48,2023-04-30,3059.664186932845,73.43194048638829
48,2023-05-31,2577.350048354847,61.85640116051633
48,2023-06-30,1394.1501675240597,33.45960402057743
48,2023-07-31,2165.462227763358,51.971093466320596
48,2023-08-31,4464.322771483553,107.14374651560527
48,2023-09-30,2903.958810774093,69.69501145857822
48,2023-10-31,1941.012241610889,46.584293798661335
48,2023-11-30,2255.9391218656597,54.14253892477584
48,2023-12-31,6327.261718876609,151.85428125303864
49,2019-01-31,1710.47260016461,10.947024641053504
49,2019-02-28,1648.7526860361781,10.552017190631542
49,2019-03-31,2916.7499460038284,18.667199654424504
49,2019-04-30,1733.9525335340254,11.097296214617764
49,2019-05-31,1899.387792609823,12.156081872702869
49,2019-06-30,2318.1318765034553,14.836044009622114
49,2019-07-31,2651.330528847266,16.968515384622503
49,2019-08-31,5661.943544341285,36.23643868378422
49,2019-09-30,5297.406781055104,33.903403398752666
49,2019-10-31,1601.062731769555,10.246801483325154
49,2019-11-30,1608.533304911582,10.294613151434126
49,2019-12-31,2346.6149601307843,15.018335744837021
49,2020-01-31,1964.4793219934404,12.572667660758022
49,2020-02-29,5034.264101413441,32.21929024904602
49,2020-03-31,3006.7475011147944,19.243184007134687
49,2020-04-30,1609.9582341879286,10.303732698802744
49,2020-05-31,5479.025898781043,35.06576575219868
49,2020-06-30,2411.4077147704984,15.43300937453119
49,2020-07-31,4183.197349279428,26.77246303538834
49,2020-08-31,3215.63551205923,20.580067277179076
49,2020-09-30,1761.0810717818254,11.270918859403684
49,2020-10-31,985.1902670304752,6.305217708995041
49,2020-11-30,5999.972012527149,38.399820880173756
49,2020-12-31,3810.307186153921,24.385965991385095
49,2021-01-31,1894.0996510065168,12.122237766441708
49,2021-02-28,3475.1655903305464,22.2410597781155
49,2021-03-31,1303.6779364912943,8.343538793544283
49,2021-04-30,1094.5648314241905,7.00521492111482
49,2021-05-31,1387.6276475326772,8.880816944209135
49,2021-06-30,3421.1569419881725,21.895404428724305
49,2021-07-31,2262.4018228135697,14.479371666006848
49,2021-08-31,2866.0573275811344,18.34276689651926
49,2021-09-30,5059.1098510024185,32.37830304641548
49,2021-10-31,2343.513738837519,14.998487928560124
49,2021-11-30,2091.2843709880967,13.384219974323821
49,2021-12-31,3289.206533510996,21.050921814470374
49,2022-01-31,3003.626879374446,19.223212027996457
49,2022-02-28,7176.772479523606,45.93134386895108
49,2022-03-31,2129.0442239585486,13.625883033334711
49,2022-04-30,2914.160758496459,18.650628854377338
49,2022-05-31,2246.659653030013,14.378621779392086
49,2022-06-30,3377.853345191184,21.618261409223578
49,2022-07-31,4174.519383640458,26.71692405529893
49,2022-08-31,2602.374479283817,16.65519666741643
49,2022-09-30,2797.698574864792,17.905270879134672
49,2022-10-31,2017.7677502230326,12.91371360142741
49,2022-11-30,4896.668503466069,31.33867842218284
49,2022-12-31,4524.450338533169,28.956482166612286
49,2023-01-31,2695.3013859897483,17.24992887033439
49,2023-02-28,3864.503553707991,24.732822743731145
49,2023-03-31,2124.1859692800444,13.594790203392286
49,2023-04-30,4558.7503606321925,29.176002308046034
49,2023-05-31,5664.124423491493,36.25039631034556
49,2023-06-30,2444.7707733538778,15.64653294946482
49,2023-07-31,1125.7813263579865,7.2050004886911125
49,2023-08-31,5707.8213917854755,36.530056907427046
49,2023-09-30,6745.2438924680955,43.16956091179581
49,2023-10-31,4105.680500654045,26.27635520418589
49,2023-11-30,3422.9870320394293,21.90711700505235
49,2023-12-31,4537.948936655403,29.04287319459458
50,2019-01-31,4563.911951989438,43.813554739098606
50,2019-02-28,4612.169222883605,44.2768245396826
50,2019-03-31,4297.5127669765225,41.25612256297462
50,2019-04-30,2454.9721838800147,23.567732965248144
50,2019-05-31,2628.3678144951955,25.23233101915388
50,2019-06-30,2820.7005821899256,27.07872558902329
50,2019-07-31,1212.050052496037,11.635680503961956
50,2019-08-31,4804.119246824598,46.11954476951614
50,2019-09-30,4960.466935112765,47.62048257708255
50,2019-10-31,1297.0081179313727,12.451277932141176
50,2019-11-30,1854.455836183947,17.80277602736589
50,2019-12-31,2008.3257230055056,19.279926940852857
50,2020-01-31,2919.350393809718,28.02576378057329
50,2020-02-29,4801.835185970353,46.09761778531539
50,2020-03-31,6041.38862935338,57.99733084179245
50,2020-04-30,2433.7665990591427,23.364159350967768
50,2020-05-31,6214.0708685507925,59.65508033808761
50,2020-06-30,1035.604232057785,9.941800627754738
50,2020-07-31,4157.116924388357,39.90832247412822
50,2020-08-31,2689.6926982976056,25.821049903657013
50,2020-09-30,2427.61633065234,23.305116774262462
50,2020-10-31,3536.0145943291013,33.94574010555937
50,2020-11-30,2334.948789636756,22.415508380512858
50,2020-12-31,3042.6092821079974,29.209049108236776
50,2021-01-31,2111.44020475109,20.269825965610462
50,2021-02-28,1709.62885121368,16.412436971651328
50,2021-03-31,2831.5505392280766,27.182885176589537
50,2021-04-30,3644.762598809946,34.98972094857549
50,2021-05-31,2124.31532932736,20.393427161542654
50,2021-06-30,1494.1429618475752,14.343772433736723
50,2021-07-31,5069.572646869503,48.66789740994722
50,2021-08-31,4831.578217173967,46.38315088487008
50,2021-09-30,3603.5203661907985,34.593795515431665
50,2021-10-31,4316.26431399112,41.43613741431475
50,2021-11-30,2032.0890494317634,19.50805487454493
50,2021-12-31,6236.370926228164,59.869160891790365
50,2022-01-31,5152.979641613014,49.46860455948493
50,2022-02-28,2885.551224584437,27.701291756010594
50,2022-03-31,2937.299915750886,28.198079191208507
50,2022-04-30,1030.7787959961865,9.89547644156339
50,2022-05-31,3619.2995090248723,34.74527528663877
50,2022-06-30,2402.843252536268,23.067295224348175
50,2022-07-31,2976.166447797439,28.571197898855416
50,2022-08-31,1804.18126721775,17.3201401652904
50,2022-09-30,1835.2045751014052,17.61796392097349
50,2022-10-31,1307.9045858339969,12.555884024006371
50,2022-11-30,2959.358311156188,28.409839787099404
50,2022-12-31,4319.4437212189005,41.46665972370144
50,2023-01-31,3753.1662930489338,36.03039641326976
50,2023-02-28,5994.917118006483,57.55120433286224
50,2023-03-31,3218.286702926086,30.895552348090426
50,2023-04-30,4917.1756367776,47.20488611306495
50,2023-05-31,2645.2938219053267,25.394820690291134
50,2023-06-30,3173.2485979346343,30.463186540172487
50,2023-07-31,2025.1392216967758,19.441336528289046
50,2023-08-31,5797.281793674514,55.65390521927533
50,2023-09-30,3814.5830314780687,36.61999710218946
50,2023-10-31,1786.0066603351443,17.145663939217382
50,2023-11-30,2527.180635526938,24.260934101058606
50,2023-12-31,2464.5882141187685,23.660046855540177
51,2019-01-31,927.1418916286524,5.933708106423376
51,2019-02-28,3110.4704671891072,19.90701099001029
51,2019-03-31,3219.6892285278627,20.60601106257832
51,2019-04-30,2701.255532582849,17.28803540853023
51,2019-05-31,1695.26944926685,10.84972447530784
51,2019-06-30,6357.680106620148,40.689152682368956
51,2019-07-31,5966.009991942893,38.182463948434524
51,2019-08-31,2414.6175447715636,15.453552286538008
51,2019-09-30,5574.267263134083,35.67531048405813
51,2019-10-31,6997.6906084384045,44.78521989400579
51,2019-11-30,5940.140898172093,38.0169017483014
51,2019-12-31,812.5640002517041,5.2004096016109065
51,2020-01-31,2213.649709105076,14.167358138272489
51,2020-02-29,3155.2662470748915,20.193703981279306
51,2020-03-31,3828.0280378404746,24.499379442179038
51,2020-04-30,2153.637077275045,13.78327729456029
51,2020-05-31,4487.934917425866,28.72278347152555
51,2020-06-30,4567.516270040054,29.232104128256353
51,2020-07-31,2511.2660175049045,16.07210251203139
51,2020-08-31,1438.8132784234558,9.208404981910117
51,2020-09-30,3665.779349240816,23.460987835141225
51,2020-10-31,3121.9428019739207,19.980433932633094
51,2020-11-30,3362.0382656645684,21.51704490025324
51,2020-12-31,3083.786869140087,19.73623596249656
51,2021-01-31,1404.598874861104,8.989432799111066
51,2021-02-28,2562.003876086418,16.396824806953074
51,2021-03-31,2794.4975737715026,17.884784472137618
51,2021-04-30,3078.258717587192,19.700855792558034
51,2021-05-31,1308.6610160308123,8.3754305025972
51,2021-06-30,3900.588156509748,24.96376420166239
51,2021-07-31,4217.4531527057825,26.991700177317014
51,2021-08-31,2387.601404168747,15.280648986679985
51,2021-09-30,1778.6071586748017,11.383085815518733
51,2021-10-31,2496.419638568834,15.977085686840539
51,2021-11-30,4500.225458197597,28.80144293246462
51,2021-12-31,6688.820415161903,42.80845065703618
51,2022-01-31,2880.9781221232906,18.438259981589063
51,2022-02-28,5564.927817089679,35.615538029373944
51,2022-03-31,2943.5971481077067,18.839021747889326
51,2022-04-30,5397.218861932197,34.54220071636606
51,2022-05-31,3828.2069224343927,24.500524303580118
51,2022-06-30,2434.7250591801267,15.58224037875281
51,2022-07-31,5316.845913402972,34.02781384577902
51,2022-08-31,1017.0640267089234,6.509209770937111
51,2022-09-30,1546.492440175728,9.89755161712466
51,2022-10-31,1134.6503693732893,7.261762363989053
51,2022-11-30,1544.9678285038792,9.887794102424827
51,2022-12-31,5313.612335271205,34.00711894573571
51,2023-01-31,2714.58292683736,17.373330731759104
51,2023-02-28,6222.764058017598,39.82568997131263
51,2023-03-31,2587.112704186297,16.5575213067923
51,2023-04-30,3338.740392206013,21.367938510118485
51,2023-05-31,5647.951014963128,36.146886495764015
51,2023-06-30,3269.9176790575693,20.92747314596845
51,2023-07-31,4192.138294313626,26.829685083607213
51,2023-08-31,1564.2078678257892,10.010930354085051
51,2023-09-30,4476.388376943297,28.648885612437102
51,2023-10-31,1356.972063983164,8.68462120949225
51,2023-11-30,1835.893342331483,11.749717390921491
51,2023-12-31,3552.4065500364804,22.735401920233475
52,2019-01-31,2608.3543432886636,41.733669492618624
52,2019-02-28,4072.0300626035405,65.15248100165665
52,2019-03-31,4086.4521199138953,65.38323391862234
52,2019-04-30,1255.4815659093706,20.08770505454993
52,2019-05-31,3621.078702141688,57.93725923426702
52,2019-06-30,4714.471156491126,75.43153850385802
52,2019-07-31,1022.8976501550095,16.366362402480153
52,2019-08-31,1950.53550995206,31.20856815923296
52,2019-09-30,3767.3590692141165,60.27774510742587
52,2019-10-31,6332.9966893982955,101.32794703037274
52,2019-11-30,4110.088681667152,65.76141890667445
52,2019-12-31,3672.426792510413,58.75882868016661
52,2020-01-31,2364.35988748693,37.82975819979088
52,2020-02-29,2044.7128350310163,32.71540536049627
52,2020-03-31,1879.2519000255675,30.068030400409086
52,2020-04-30,3302.028393465973,52.83245429545557
52,2020-05-31,3596.3593697807055,57.54174991649129
52,2020-06-30,2130.8537477810155,34.09365996449625
52,2020-07-31,2794.2352763901977,44.70776442224317
52,2020-08-31,3465.6904039379992,55.451046463008
52,2020-09-30,2709.7860753825325,43.35657720612053
52,2020-10-31,2227.0490328072347,35.632784524915756
52,2020-11-30,2456.4890864329977,39.303825382927975
52,2020-12-31,4850.768069344624,77.612289109514
52,2021-01-31,3831.0945799669435,61.2975132794711
52,2021-02-28,5405.939111756897,86.49502578811035
52,2021-03-31,1506.621241159826,24.10593985855722
52,2021-04-30,3416.556021854779,54.66489634967647
52,2021-05-31,3791.035280270567,60.65656448432908
52,2021-06-30,3209.507219018083,51.352115504289344
52,2021-07-31,2336.824838200974,37.3891974112156
52,2021-08-31,3621.939966657165,57.95103946651465
52,2021-09-30,6546.04811960598,104.7367699136957
52,2021-10-31,5876.440789288881,94.02305262862211
52,2021-11-30,1799.7059316004822,28.79529490560772
52,2021-12-31,4069.2183640914386,65.10749382546302
52,2022-01-31,1956.5313776908808,31.304502043054097
52,2022-02-28,6661.604898564949,106.5856783770392
52,2022-03-31,3826.6782355098035,61.22685176815686
52,2022-04-30,2382.44193604485,38.1190709767176
52,2022-05-31,1318.590859614439,21.097453753831026
52,2022-06-30,2821.302611232461,45.14084177971938
52,2022-07-31,2691.0430917368603,43.05668946778977
52,2022-08-31,3479.0577925166212,55.66492468026594
52,2022-09-30,2167.269473764122,34.67631158022595
52,2022-10-31,2003.4687058939878,32.05549929430381
52,2022-11-30,3888.08694117915,62.209391058866416
52,2022-12-31,1008.8961966443474,16.14233914630956
52,2023-01-31,6967.810721280289,111.48497154048462
52,2023-02-28,5790.429885494746,92.64687816791593
52,2023-03-31,2344.746054412612,37.51593687060179
52,2023-04-30,2680.3646434820203,42.88583429571233
52,2023-05-31,3764.2607931667562,60.2281726906681
52,2023-06-30,1474.926438568115,23.598823017089842
52,2023-07-31,3350.581113438534,53.60929781501655
52,2023-08-31,1179.4942231263299,18.87190757002128
52,2023-09-30,2773.241341188907,44.37186145902251
52,2023-10-31,2160.8668925523507,34.57387028083761
52,2023-11-30,3922.0446960539903,62.75271513686385
52,2023-12-31,1961.7940755047807,31.388705208076495
53,2019-01-31,1721.8819253663262,41.32516620879183
53,2019-02-28,1864.2911432045576,44.74298743690938
53,2019-03-31,4113.493312628024,98.72383950307258
53,2019-04-30,1932.0035637255764,46.36808552941384
53,2019-05-31,1091.5295550675144,26.196709321620347
53,2019-06-30,2737.9142865436074,65.70994287704659
53,2019-07-31,4944.524492500727,118.66858782001745
53,2019-08-31,1229.597819096854,29.510347658324495
53,2019-09-30,2391.332571420897,57.39198171410152
53,2019-10-31,3523.4926462304074,84.5638235095298
53,2019-11-30,1680.0530023914505,40.32127205739481
53,2019-12-31,2522.7222949138654,60.545335077932776
53,2020-01-31,2976.463942192373,71.43513461261695
53,2020-02-29,4141.2993297582,99.39118391419682
53,2020-03-31,4675.441990762878,112.21060777830907
53,2020-04-30,2847.7724496769883,68.34653879224771
53,2020-05-31,1858.0433209356938,44.59303970245664
53,2020-06-30,3744.8379570285756,89.87611096868582
53,2020-07-31,5113.72075738837,122.72929817732087
53,2020-08-31,4451.907853110314,106.84578847464755
53,2020-09-30,2619.6857369244203,62.87245768618608
53,2020-10-31,1725.4251525934685,41.41020366224325
53,2020-11-30,1181.9890777642763,28.367737866342633
53,2020-12-31,1996.1559746980847,47.907743392754035
53,2021-01-31,4513.953092725613,108.33487422541471
53,2021-02-28,3272.4405159845255,78.5385723836286
53,2021-03-31,6010.274370510053,144.2465848922413
53,2021-04-30,1401.9500726640374,33.6468017439369
53,2021-05-31,2115.3463183529866,50.76831164047169
53,2021-06-30,2368.2572599773534,56.838174239456485
53,2021-07-31,2702.6951593724725,64.86468382493935
53,2021-08-31,2641.185794308651,63.38845906340763
53,2021-09-30,6341.147243419454,152.18753384206687
53,2021-10-31,2727.8031013350937,65.46727443204226
53,2021-11-30,3038.1301509606105,72.91512362305465
53,2021-12-31,5170.772033113437,124.0985287947225
53,2022-01-31,3677.352746020889,88.25646590450133
53,2022-02-28,1480.9627820293279,35.54310676870387
53,2022-03-31,3432.1967286797626,82.37272148831431
53,2022-04-30,5373.223317241747,128.95735961380194
53,2022-05-31,2181.9000961405804,52.36560230737393
53,2022-06-30,1693.9801028999755,40.65552246959941
53,2022-07-31,1542.2303697968323,37.013528875123974
53,2022-08-31,6227.609582372264,149.46262997693432
53,2022-09-30,2886.7770806715857,69.28264993611805
53,2022-10-31,2324.02605122078,55.77662522929873
53,2022-11-30,2260.581852818149,54.253964467635576
53,2022-12-31,4992.621723707394,119.82292136897746
53,2023-01-31,3357.139620857886,80.57135090058927
53,2023-02-28,3043.871387223378,73.05291329336107
53,2023-03-31,1852.0129663333878,44.448311192001306
53,2023-04-30,4151.647553029086,99.63954127269808
53,2023-05-31,5326.203537194443,127.82888489266664
53,2023-06-30,1549.3514364765292,37.1844344754367
53,2023-07-31,1798.496328962243,43.16391189509383
53,2023-08-31,2852.4443514892073,68.45866443574097
53,2023-09-30,1057.9633736657402,25.391120967977766
53,2023-10-31,3241.260892350708,77.79026141641701
53,2023-11-30,6472.715565098997,155.34517356237592
53,2023-12-31,5176.416201942283,124.23398884661478
54,2019-01-31,4679.371301360921,44.92196449306485
54,2019-02-28,1295.8130319677798,12.439805106890686
54,2019-03-31,3890.9771761977895,37.35338089149878
54,2019-04-30,3882.077627309241,37.26794522216871
54,2019-05-31,1616.6354653914736,15.519700467758149
54,2019-06-30,4902.33353430361,47.06240192931465
54,2019-07-31,3851.704816877909,36.97636624202792
54,2019-08-31,1982.9867597933414,19.03667289401608
54,2019-09-30,5359.93461245852,51.4553722796018
54,2019-10-31,4071.112823542069,39.082683106003856
54,2019-11-30,659.696470307425,6.333086114951279
54,2019-12-31,3664.6883919644997,35.18100856285919
54,2020-01-31,3492.919372969341,33.53202598050567
54,2020-02-29,3010.127704899991,28.89722596703991
54,2020-03-31,2751.7105693506155,26.416421465765904
54,2020-04-30,1833.3260676590994,17.59993024952735
54,2020-05-31,1662.0852731995944,15.956018622716106
54,2020-06-30,3991.484068828602,38.31824706075458
54,2020-07-31,1393.5675068722326,13.378248065973432
54,2020-08-31,3155.7752197509103,30.29544210960874
54,2020-09-30,3225.1985201686,30.96190579361856
54,2020-10-31,1387.0319249645274,13.315506479659463
54,2020-11-30,2779.6230710220675,26.68438148181185
54,2020-12-31,1787.920115141392,17.164033105357365
54,2021-01-31,2231.106359277232,21.418621049061432
54,2021-02-28,2117.62920670721,20.329240384389216
54,2021-03-31,4185.30706379637,40.17894781244515
54,2021-04-30,2883.7378030927603,27.6838829096905
54,2021-05-31,1223.1908432579517,11.742632095276337
54,2021-06-30,3389.8511955296835,32.542571477084955
54,2021-07-31,2255.8712967160336,21.656364448473926
54,2021-08-31,1881.468273252149,18.06209542322063
54,2021-09-30,2690.374515986539,25.827595353470773
54,2021-10-31,2105.6517858667175,20.214257144320488
54,2021-11-30,3425.344278720702,32.88330507571874
54,2021-12-31,4345.311393745413,41.71498937995596
54,2022-01-31,4949.259369731387,47.51288994942131
54,2022-02-28,1833.0281910305116,17.59707063389291
54,2022-03-31,1037.6898514339387,9.961822573765811
54,2022-04-30,2494.2389634997976,23.94469404959806
54,2022-05-31,2872.085895689328,27.572024598617546
54,2022-06-30,2102.9074179028676,20.187911211867526
54,2022-07-31,5560.188878458103,53.37781323319779
54,2022-08-31,4554.229816550364,43.7206062388835
54,2022-09-30,4185.299067271997,40.178871045811164
54,2022-10-31,5646.594552254113,54.207307701639486
54,2022-11-30,1514.7551370768483,14.541649315937743
54,2022-12-31,1564.926339867363,15.02329286272668
54,2023-01-31,3459.792789861295,33.21401078266844
54,2023-02-28,4828.101910296613,46.34977833884748
54,2023-03-31,2656.126310991208,25.498812585515594
54,2023-04-30,2513.170875312383,24.126440402998874
54,2023-05-31,2551.1214425446815,24.490765848428943
54,2023-06-30,4551.7046568126725,43.696364705401656
54,2023-07-31,4368.799830810143,41.940478375777374
54,2023-08-31,4810.077315666563,46.176742230399
54,2023-09-30,4866.965219445873,46.72286610668038
54,2023-10-31,1284.7312038280365,12.333419556749151
54,2023-11-30,4402.199728840092,42.26111739686488
54,2023-12-31,3472.8803220380173,33.33965109156496
55,2019-01-31,3554.546191378865,85.30910859309276
55,2019-02-28,3573.095836198743,85.75430006876984
55,2019-03-31,2570.6468774535033,61.69552505888409
55,2019-04-30,1846.199978522485,44.30879948453964
55,2019-05-31,1267.8110382495547,30.42746491798931
55,2019-06-30,2260.728926774016,54.25749424257639
55,2019-07-31,6927.097967136511,166.25035121127627
55,2019-08-31,2785.1644042591397,66.84394570221936
55,2019-09-30,7240.409347831859,173.7698243479646
55,2019-10-31,3770.10164024763,90.48243936594311
55,2019-11-30,2389.6757666524804,57.352218399659534
55,2019-12-31,3695.5740288598367,88.69377669263609
55,2020-01-31,4041.8854692863174,97.00525126287162
55,2020-02-29,2967.0275774414067,71.20866185859376
55,2020-03-31,3020.082031755776,72.48196876213862
55,2020-04-30,3468.699255231706,83.24878212556094
55,2020-05-31,3476.7278800490317,83.44146912117675
55,2020-06-30,5830.727042292376,139.93744901501702
55,2020-07-31,2283.3947766125684,54.80147463870164
55,2020-08-31,4731.966903180032,113.56720567632077
55,2020-09-30,2544.5610598058865,61.06946543534128
55,2020-10-31,2420.8009189869754,58.09922205568741
55,2020-11-30,2835.5480647736485,68.05315355456757
55,2020-12-31,1804.0847188956886,43.29803325349652
55,2021-01-31,2984.4704462876934,71.62729071090463
55,2021-02-28,3258.596360640536,78.20631265537287
55,2021-03-31,4297.019140684453,103.12845937642687
55,2021-04-30,1377.2227974287807,33.05334713829074
55,2021-05-31,2632.4648931759984,63.17915743622397
55,2021-06-30,4443.750760771585,106.65001825851805
55,2021-07-31,3891.2638580984344,93.39033259436243
55,2021-08-31,2006.0545033588917,48.145308080613404
55,2021-09-30,1903.7903553850156,45.69096852924037
55,2021-10-31,3771.7614980068765,90.52227595216503
55,2021-11-30,4421.711361638714,106.12107267932915
55,2021-12-31,2703.655784422629,64.8877388261431
55,2022-01-31,3311.9712879341887,79.48731091042053
55,2022-02-28,3369.0759433324843,80.85782263997962
55,2022-03-31,2504.1217857271677,60.09892285745202
55,2022-04-30,4756.8065332527185,114.16335679806525
55,2022-05-31,2789.153199609922,66.93967679063812
55,2022-06-30,2057.785147130191,49.38684353112459
55,2022-07-31,2953.5560519466985,70.88534524672076
55,2022-08-31,4393.68472530828,105.44843340739871
55,2022-09-30,4356.272473534396,104.55053936482553
55,2022-10-31,4342.512288927716,104.22029493426518
55,2022-11-30,2629.2006808036267,63.10081633928704
55,2022-12-31,2881.0678837565006,69.14562921015602
55,2023-01-31,4541.419557514827,108.99406938035587
55,2023-02-28,5511.848746953955,132.28436992689493
55,2023-03-31,3615.1296067257836,86.76311056141881
55,2023-04-30,7230.240596664253,173.52577431994206
55,2023-05-31,4964.169930971855,119.1400783433245
55,2023-06-30,774.0981753110412,18.57835620746499
55,2023-07-31,1255.9234196660054,30.14216207198413
55,2023-08-31,1292.2331708703448,31.01359610088827
55,2023-09-30,1706.290898304916,40.95098155931799
55,2023-10-31,1235.3382130169155,29.64811711240597
55,2023-11-30,1898.228000666188,45.557472015988516
55,2023-12-31,3348.119914452551,80.35487794686122
56,2019-01-31,1356.409050675237,21.702544810803797
56,2019-02-28,5701.995400521637,91.2319264083462
56,2019-03-31,3051.829169405707,48.82926671049131
56,2019-04-30,5141.166761431134,82.25866818289815
56,2019-05-31,1162.2988760459484,18.596782016735176
56,2019-06-30,2138.2408441499347,34.21185350639896
56,2019-07-31,2441.427975090662,39.0628476014506
56,2019-08-31,4418.655586507255,70.69848938411609
56,2019-09-30,2025.0302706622917,32.40048433059667
56,2019-10-31,5747.53993218701,91.96063891499216
56,2019-11-30,5493.543718318057,87.89669949308892
56,2019-12-31,4603.321812195096,73.65314899512155
56,2020-01-31,2812.770511213191,45.00432817941106
56,2020-02-29,1730.2233693919823,27.68357391027172
56,2020-03-31,3820.941742521736,61.135067880347776
56,2020-04-30,3070.18099668006,49.122895946880966
56,2020-05-31,1162.8315018972692,18.605304030356308
56,2020-06-30,3491.159809483266,55.85855695173226
56,2020-07-31,3952.3151081071996,63.2370417297152
56,2020-08-31,1652.7395701195994,26.443833121913595
56,2020-09-30,1262.5016680270965,20.200026688433546
56,2020-10-31,4728.126545763721,75.65002473221953
56,2020-11-30,4152.762508216052,66.44420013145684
56,2020-12-31,4867.337687199032,77.87740299518453
56,2021-01-31,4237.521610399739,67.80034576639582
56,2021-02-28,2335.1289491756634,37.36206318681061
56,2021-03-31,4505.846624161431,72.0935459865829
56,2021-04-30,4865.993435283691,77.85589496453906
56,2021-05-31,2337.4879849281947,37.39980775885112
56,2021-06-30,5889.977097115021,94.23963355384035
56,2021-07-31,2360.430708870673,37.766891341930766
56,2021-08-31,3077.808111098828,49.244929777581255
56,2021-09-30,1308.0485877353092,20.92877740376495
56,2021-10-31,1744.5077022037274,27.912123235259642
56,2021-11-30,5283.971941936576,84.54355107098523
56,2021-12-31,2908.747469746573,46.539959515945185
56,2022-01-31,4867.481324453236,77.8797011912518
56,2022-02-28,4495.602874725211,71.92964599560338
56,2022-03-31,1412.6427925850996,22.602284681361596
56,2022-04-30,1818.634565266737,29.098153044267793
56,2022-05-31,1758.3814880376942,28.134103808603115
56,2022-06-30,2400.3527762715457,38.40564442034474
56,2022-07-31,2189.9367979458793,35.03898876713407
56,2022-08-31,1652.3383481507087,26.437413570411344
56,2022-09-30,1539.1588395415022,24.626541432664038
56,2022-10-31,2421.477495543967,38.74363992870348
56,2022-11-30,4588.618537178425,73.41789659485481
56,2022-12-31,5823.902042395463,93.18243267832742
56,2023-01-31,2371.1281543787118,37.938050470059395
56,2023-02-28,1713.493458577117,27.415895337233877
56,2023-03-31,5272.860768522576,84.36577229636123
56,2023-04-30,4123.214493924666,65.97143190279466
56,2023-05-31,2650.2645427898506,42.40423268463761
56,2023-06-30,6148.781138171427,98.38049821074286
56,2023-07-31,2119.8326105525293,33.91732176884047
56,2023-08-31,4324.614308121692,69.19382892994709
56,2023-09-30,3106.223023212651,49.69956837140242
56,2023-10-31,1601.0699917916565,25.617119868666506
56,2023-11-30,1609.444123947504,25.75110598316007
56,2023-12-31,3577.1471548237514,57.23435447718003
57,2019-01-31,3179.122742950681,76.29894583081635
57,2019-02-28,2756.856675606384,66.16456021455322
57,2019-03-31,3107.993056627875,74.591833359069
57,2019-04-30,1042.0811815540205,25.009948357296494
57,2019-05-31,1704.4513985781373,40.906833565875296
57,2019-06-30,2175.8577362690344,52.22058567045683
57,2019-07-31,4329.193365258069,103.90064076619366
57,2019-08-31,2413.1383124749245,57.915319499398194
57,2019-09-30,5718.008730248734,137.2322095259696
57,2019-10-31,2189.6898406568976,52.55255617576554
57,2019-11-30,3776.9551199805546,90.6469228795333
57,2019-12-31,5011.409730901051,120.27383354162522
57,2020-01-31,3636.2774269326674,87.270658246384
57,2020-02-29,4608.4124541464025,110.60189889951369
57,2020-03-31,4139.644927925739,99.35147827021771
57,2020-04-30,5116.648089194833,122.799554140676
57,2020-05-31,3748.9084071012576,89.97380177043019
57,2020-06-30,1144.122154439822,27.45893170655573
57,2020-07-31,1089.7056942989643,26.152936663175147
57,2020-08-31,1745.0791088606488,41.881898612655576
57,2020-09-30,2360.6194938020944,56.654867851250266
57,2020-10-31,2411.3298360385265,57.87191606492464
57,2020-11-30,794.4613718296431,19.067072923911432
57,2020-12-31,3094.231322244423,74.26155173386616
57,2021-01-31,1103.752759506077,26.49006622814585
57,2021-02-28,1877.4154079752896,45.057969791406954
57,2021-03-31,1768.0916291262336,42.434199099029605
57,2021-04-30,2944.2221315173256,70.66133115641581
57,2021-05-31,4485.562566415736,107.65350159397765
57,2021-06-30,3753.512688812079,90.0843045314899
57,2021-07-31,2939.7274588432356,70.55345901223765
57,2021-08-31,868.0208113222619,20.832499471734284
57,2021-09-30,4216.45851380913,101.19500433141911
57,2021-10-31,3983.5103990028138,95.60424957606753
57,2021-11-30,2729.066940452485,65.49760657085965
57,2021-12-31,4249.124337177961,101.97898409227106
57,2022-01-31,6674.491334310347,160.18779202344834
57,2022-02-28,2592.8374889807337,62.22809973553761
57,2022-03-31,1958.632655710016,47.007183737040386
57,2022-04-30,3312.685539461364,79.50445294707274
57,2022-05-31,4408.344489992968,105.80026775983123
57,2022-06-30,3978.6545615353634,95.48770947684874
57,2022-07-31,5035.814035345571,120.85953684829371
57,2022-08-31,6556.245640865278,157.34989538076667
57,2022-09-30,2544.109856118548,61.05863654684516
57,2022-10-31,1731.6969661263493,41.56072718703239
57,2022-11-30,1977.2306464233711,47.453535514160905
57,2022-12-31,5655.687834015497,135.73650801637194
57,2023-01-31,7264.323899719864,174.34377359327672
57,2023-02-28,1173.03347683187,28.152803443964885
57,2023-03-31,5665.9683361149855,135.98324006675966
57,2023-04-30,2228.515586475276,53.48437407540663
57,2023-05-31,2219.051948867095,53.25724677281027
57,2023-06-30,4713.749799724005,113.12999519337613
57,2023-07-31,5144.84282901059,123.47622789625417
57,2023-08-31,6241.165782942111,149.78797879061065
57,2023-09-30,3439.586649730353,82.55007959352847
57,2023-10-31,3180.7069006964102,76.33696561671385
57,2023-11-30,4944.255390829977,118.66212937991945
57,2023-12-31,2912.1685910092856,69.89204618422285
58,2019-01-31,5059.641958646132,80.95427133833812
58,2019-02-28,3850.239583054612,61.6038333288738
58,2019-03-31,2097.857481677096,33.56571970683354
58,2019-04-30,2443.6897368124423,39.09903578899908
58,2019-05-31,2505.436492757558,40.08698388412093
58,2019-06-30,6900.511242688276,110.40817988301242
58,2019-07-31,2992.7025882112075,47.88324141137932
58,2019-08-31,2921.359225680577,46.741747610889234
58,2019-09-30,4569.054685479345,73.10487496766953
58,2019-10-31,3210.8434191901706,51.37349470704274
58,2019-11-30,2681.6606631719173,42.906570610750684
58,2019-12-31,1850.4106107108475,29.606569771373564
58,2020-01-31,1759.172849355075,28.146765589681202
58,2020-02-29,1737.2198852017073,27.79551816322732
58,2020-03-31,3540.452909999296,56.647246559988744
58,2020-04-30,2358.3817325273276,37.734107720437244
58,2020-05-31,2563.6820671805463,41.01891307488875
58,2020-06-30,5993.773889061169,95.90038222497873
58,2020-07-31,3576.8584193142538,57.229734709028065
58,2020-08-31,4383.717572475142,70.1394811596023
58,2020-09-30,2074.6346737841477,33.19415478054636
58,2020-10-31,3011.665445012143,48.186647120194294
58,2020-11-30,1204.1991099523707,19.267185759237933
58,2020-12-31,2445.927184783389,39.13483495653423
58,2021-01-31,2268.8258786772585,36.30121405883614
58,2021-02-28,1568.9022844158858,25.102436550654176
58,2021-03-31,936.3919455070958,14.982271128113533
58,2021-04-30,4084.7731134122246,65.3563698145956
58,2021-05-31,1407.054087294311,22.51286539670898
58,2021-06-30,1141.8427021531688,18.2694832344507
58,2021-07-31,907.915007865966,14.526640125855458
58,2021-08-31,1538.7598702226715,24.620157923562743
58,2021-09-30,3049.976290326048,48.79962064521677
58,2021-10-31,2116.8580653272124,33.8697290452354
58,2021-11-30,2140.2303731059915,34.24368596969587
58,2021-12-31,5442.300369541119,87.07680591265792
58,2022-01-31,2506.4757628512443,40.10361220561991
58,2022-02-28,2245.0617644982485,35.92098823197198
58,2022-03-31,1600.096083133494,25.601537330135905
58,2022-04-30,3871.6925486882637,61.94708077901223
58,2022-05-31,2551.859259401171,40.82974815041874
58,2022-06-30,3277.5416082202787,52.44066573152446
58,2022-07-31,1805.9222926386487,28.894756682218386
58,2022-08-31,2152.178613736008,34.434857819776134
58,2022-09-30,4785.094758110528,76.56151612976846
58,2022-10-31,3832.1941582334825,61.31510653173572
58,2022-11-30,1042.8798251081575,16.686077201730523
58,2022-12-31,1539.6453163776946,24.634325062043118
58,2023-01-31,5618.539251986174,89.89662803177879
58,2023-02-28,3626.3033979226907,58.02085436676306
58,2023-03-31,1986.4192215188386,31.782707544301424
58,2023-04-30,5390.021311159282,86.24034097854853
58,2023-05-31,4352.130563289311,69.63408901262898
58,2023-06-30,1462.2590045315576,23.396144072504924
58,2023-07-31,1469.9663146257603,23.519461034012167
58,2023-08-31,3161.5942725128048,50.585508360204884
58,2023-09-30,1243.532399977485,19.896518399639763
58,2023-10-31,1913.2054690756822,30.61128750521092
58,2023-11-30,2502.422983686864,40.03876773898983
58,2023-12-31,5942.806343111678,95.08490148978686
59,2019-01-31,3347.4100649142424,32.13513662317673
59,2019-02-28,2484.3163315715906,23.84943678308727
59,2019-03-31,6362.8146191700125,61.083020344032114
59,2019-04-30,3874.4971053755417,37.1951722116052
59,2019-05-31,6136.078675543924,58.90635528522167
59,2019-06-30,4963.912224043744,47.653557350819945
59,2019-07-31,3749.6137407462047,35.99629191116357
59,2019-08-31,4294.727942801828,41.22938825089755
59,2019-09-30,2442.4779771243634,23.447788580393887
59,2019-10-31,3884.0917197124877,37.287280509239885
59,2019-11-30,5162.972322813066,49.56453429900543
59,2019-12-31,1216.1483386640045,11.675024051174445
59,2020-01-31,1713.2722412823523,16.44741351631058
59,2020-02-29,3971.215936871476,38.12367299396617
59,2020-03-31,3379.7565216765197,32.44566260809459
59,2020-04-30,4053.6184326047082,38.9147369530052
59,2020-05-31,2628.5929583632615,25.234492400287312
59,2020-06-30,2056.0930887277987,19.738493651786865
59,2020-07-31,1677.2974614846612,16.102055630252746
59,2020-08-31,3313.855179319953,31.813009721471552
59,2020-09-30,3367.756569250073,32.330463064800696
59,2020-10-31,1803.958196287691,17.317998684361832
59,2020-11-30,4711.169478953816,45.227226997956635
59,2020-12-31,3475.5660952909097,33.36543451479273
59,2021-01-31,1340.8736168956289,12.872386722198039
59,2021-02-28,3108.769781245778,29.84418989995947
59,2021-03-31,4341.282169259574,41.67630882489192
59,2021-04-30,1979.6778698764997,19.004907550814394
59,2021-05-31,2613.6324472544766,25.090871493642975
59,2021-06-30,3258.3699484611507,31.28035150522705
59,2021-07-31,1467.411663348416,14.087151968144791
59,2021-08-31,1016.5575445586325,9.758952427762873
59,2021-09-30,4066.0080867122842,39.03367763243793
59,2021-10-31,6090.767803152645,58.47137091026539
59,2021-11-30,2056.839261257059,19.74565690806777
59,2021-12-31,1628.1996305395796,15.630716453179964
59,2022-01-31,1650.966590072304,15.849279264694117
59,2022-02-28,3351.289103679476,32.172375395322966
59,2022-03-31,3683.671956982452,35.36325078703153
59,2022-04-30,5871.776597190806,56.36905533303173
59,2022-05-31,1790.8851959519209,17.19249788113844
59,2022-06-30,3212.322618543668,30.838297138019215
59,2022-07-31,4637.945908862427,44.5242807250793
59,2022-08-31,916.8549991406583,8.80180799175032
59,2022-09-30,5841.779531924522,56.081083506475416
59,2022-10-31,2620.954101209409,25.16115937161033
59,2022-11-30,3371.114567654071,32.36269984947908
59,2022-12-31,984.0673303560116,9.447046371417711
59,2023-01-31,1319.6921691223556,12.669044823574614
59,2023-02-28,3553.72795863141,34.11578840286153
59,2023-03-31,2429.496972037625,23.323170931561197
59,2023-04-30,4350.750722045903,41.767206931640665
59,2023-05-31,3264.966423990405,31.34367767030789
59,2023-06-30,6049.15831317359,58.07191980646647
59,2023-07-31,1497.7119555061618,14.378034772859152
59,2023-08-31,3803.733679468762,36.51584332290012
59,2023-09-30,3288.1199450537306,31.56595147251581
59,2023-10-31,3070.2381152373277,29.474285906278347
59,2023-11-30,2137.336760238078,20.51843289828555
59,2023-12-31,2755.119570136105,26.449147873306604
60,2019-01-31,3296.0175176191815,52.736280281906915
60,2019-02-28,2569.5505243068365,41.112808388909386
60,2019-03-31,2896.8757245690003,46.350011593104014
60,2019-04-30,3826.777302728164,61.22843684365063
60,2019-05-31,1100.2790898155918,17.60446543704947
60,2019-06-30,5202.077420048163,83.23323872077061
60,2019-07-31,5823.407903900396,93.17452646240635
60,2019-08-31,3671.513055759733,58.74420889215574
60,2019-09-30,3332.7135853093196,53.323417364949115
60,2019-10-31,1534.903947918492,24.558463166695873
60,2019-11-30,1716.0087505172432,27.456140008275895
60,2019-12-31,4941.786503014227,79.06858404822765
60,2020-01-31,2354.0460525038798,37.664736840062076
60,2020-02-29,3840.5592262568225,61.448947620109166
60,2020-03-31,4340.3738069507435,69.44598091121189
60,2020-04-30,3226.9661529883424,51.63145844781348
60,2020-05-31,4908.995333152717,78.54392533044347
60,2020-06-30,6811.216450734829,108.97946321175728
60,2020-07-31,3499.494861657311,55.99191778651698
60,2020-08-31,3160.8575899651796,50.57372143944288
60,2020-09-30,1323.349350661729,21.17358961058767
60,2020-10-31,2001.059632616775,32.0169541218684
60,2020-11-30,1203.7883419791244,19.26061347166599
60,2020-12-31,4080.831185186357,65.29329896298172
60,2021-01-31,2868.7343585245726,45.89974973639317
60,2021-02-28,3448.5555006711024,55.17688801073764
60,2021-03-31,4481.883786398379,71.71014058237407
60,2021-04-30,1892.5850096779568,30.281360154847306
60,2021-05-31,2815.849144584974,45.05358631335959
60,2021-06-30,3374.7385352352103,53.99581656376337
60,2021-07-31,2923.734352996038,46.77974964793661
60,2021-08-31,3506.144787897076,56.09831660635322
60,2021-09-30,2242.506575125422,35.88010520200675
60,2021-10-31,4661.72840275493,74.5876544440789
60,2021-11-30,3861.9126759210126,61.79060281473622
60,2021-12-31,2999.430838399251,47.990893414388026
60,2022-01-31,2713.686320268053,43.41898112428885
60,2022-02-28,3925.338113379654,62.80540981407447
60,2022-03-31,2275.166893672559,36.40267029876095
60,2022-04-30,3061.96077190474,48.99137235047584
60,2022-05-31,5698.351476602916,91.17362362564666
60,2022-06-30,2787.0730760262277,44.59316921641965
60,2022-07-31,3611.921817712533,57.790749083400534
60,2022-08-31,1484.806114150224,23.756897826403588
60,2022-09-30,2480.0457693716808,39.6807323099469
60,2022-10-31,2615.927056580844,41.854832905293506
60,2022-11-30,1409.174872387648,22.546797958202372
60,2022-12-31,2917.433842794647,46.67894148471436
60,2023-01-31,1695.802299767759,27.13283679628415
60,2023-02-28,1009.6374460753082,16.154199137204934
60,2023-03-31,2911.8994223998216,46.59039075839715
60,2023-04-30,2578.667249667579,41.258675994681276
60,2023-05-31,4794.9922876092605,76.71987660174818
60,2023-06-30,739.9179591001665,11.838687345602665
60,2023-07-31,4760.877887804847,76.17404620487756
60,2023-08-31,3969.5793322669506,63.51326931627122
60,2023-09-30,2506.7825584439975,40.10852093510396
60,2023-10-31,5437.748545248738,87.00397672397982
60,2023-11-30,1260.2027008228147,20.163243213165035
60,2023-12-31,1503.9638182738363,24.063421092381386
61,2019-01-31,3815.877404366484,36.63242308191825
61,2019-02-28,1210.9940246581864,11.625542636718588
61,2019-03-31,2745.638875593708,26.358133205699595
61,2019-04-30,4095.799965889304,39.31967967253732
61,2019-05-31,3113.540398884802,29.8899878292941
61,2019-06-30,3360.0592397804644,32.256568701892455
61,2019-07-31,4676.695549360908,44.89627727386472
61,2019-08-31,2844.46987058553,27.306910757621083
61,2019-09-30,5299.410028155134,50.87433627028928
61,2019-10-31,2176.8043905547256,20.897322149325365
61,2019-11-30,5585.371338214374,53.619564846858
61,2019-12-31,5975.831122954897,57.36797878036701
61,2020-01-31,1363.8259784022289,13.092729392661399
61,2020-02-29,2326.4790961549315,22.334199323087347
61,2020-03-31,1674.8002736976782,16.07808262749771
61,2020-04-30,3994.4978067382635,38.34717894468733
61,2020-05-31,4219.240914254141,40.50471277683976
61,2020-06-30,3507.02856315643,33.66747420630173
61,2020-07-31,2236.5628121825525,21.471002996952503
61,2020-08-31,1003.9920421515258,9.638323604654648
61,2020-09-30,1454.8375080376763,13.966440077161693
61,2020-10-31,1798.1051899549534,17.261809823567553
61,2020-11-30,3422.2503569236123,32.85360342646668
61,2020-12-31,1733.3542869842017,16.640201155048338
61,2021-01-31,6334.606318798537,60.81222066046596
61,2021-02-28,5220.050950616564,50.11248912591901
61,2021-03-31,5229.850648506994,50.20656622566714
61,2021-04-30,2776.9405027028893,26.658628825947737
61,2021-05-31,3759.1355634624865,36.08770140923987
61,2021-06-30,4587.5649589420955,44.04062360584412
61,2021-07-31,1857.4428158065407,17.83145103174279
61,2021-08-31,4867.512512042158,46.72812011560472
61,2021-09-30,6278.6038204648285,60.27459667646235
61,2021-10-31,4956.624379962613,47.583594047641085
61,2021-11-30,5184.982985227388,49.77583665818292
61,2021-12-31,1642.0786567188602,15.763955104501058
61,2022-01-31,2213.4203375610364,21.248835240585947
61,2022-02-28,3561.6575946027137,34.191912908186055
61,2022-03-31,3650.7335842247135,35.04704240855725
61,2022-04-30,3975.497853502543,38.164779393624414
61,2022-05-31,2749.60214189789,26.39618056221974
61,2022-06-30,3354.1293000757805,32.19964128072749
61,2022-07-31,1170.0744148984886,11.232714383025492
61,2022-08-31,2963.204655376001,28.446764691609612
61,2022-09-30,2807.742176681556,26.954324896142936
61,2022-10-31,3459.864378395926,33.21469803260089
61,2022-11-30,2220.370547944927,21.315557260271294
61,2022-12-31,4050.8438242854936,38.88810071314074
61,2023-01-31,2444.4742161897607,23.466952475421703
61,2023-02-28,4883.004072701619,46.876839097935544
61,2023-03-31,1777.7814969203678,17.06670237043553
61,2023-04-30,1505.8223710512962,14.455894762092445
61,2023-05-31,2189.6738453612543,21.020868915468046
61,2023-06-30,3159.7603917885226,30.333699761169818
61,2023-07-31,2520.944906052604,24.201071098104993
61,2023-08-31,966.3026875672842,9.276505800645928
61,2023-09-30,2005.747820831728,19.25517907998459
61,2023-10-31,3183.842752944317,30.564890428265443
61,2023-11-30,1847.6023535565876,17.73698259414324
61,2023-12-31,2651.2842445239608,25.45232874743002
62,2019-01-31,1442.1303964837143,23.07408634373943
62,2019-02-28,3321.667003842597,53.14667206148155
62,2019-03-31,1535.3659465695928,24.565855145113485
62,2019-04-30,3466.1183458132905,55.45789353301265
62,2019-05-31,3861.453500834589,61.78325601335342
62,2019-06-30,2326.525030023601,37.224400480377625
62,2019-07-31,3643.779554196176,58.30047286713882
62,2019-08-31,2394.128412722853,38.306054603565656
62,2019-09-30,2585.042345652354,41.36067753043767
62,2019-10-31,2710.990333670581,43.375845338729306
62,2019-11-30,3042.3015146804637,48.67682423488742
62,2019-12-31,6040.229641784694,96.64367426855512
62,2020-01-31,3256.002659595065,52.096042553521045
62,2020-02-29,6447.586432656794,103.16138292250872
62,2020-03-31,1942.255271893439,31.076084350295027
62,2020-04-30,3841.284496033181,61.4605519365309
62,2020-05-31,3840.6225016243416,61.44996002598947
62,2020-06-30,1506.603305271854,24.105652884349666
62,2020-07-31,2265.7221592741535,36.25155454838646
62,2020-08-31,2430.1888853411833,38.88302216545894
62,2020-09-30,2632.4186523836647,42.11869843813864
62,2020-10-31,4623.061264858462,73.9689802377354
62,2020-11-30,3618.2271183283237,57.891633893253186
62,2020-12-31,2393.13046826766,38.29008749228257
62,2021-01-31,1369.9921592539004,21.91987454806241
62,2021-02-28,6367.152510191221,101.87444016305955
62,2021-03-31,2687.886586775555,43.00618538840888
62,2021-04-30,3750.365104997006,60.0058416799521
62,2021-05-31,2228.250856421513,35.65201370274422
62,2021-06-30,5945.936746423313,95.13498794277302
62,2021-07-31,3070.29673065254,49.12474769044065
62,2021-08-31,4080.8899212614465,65.29423874018316
62,2021-09-30,2821.6169472600686,45.14587115616111
62,2021-10-31,3238.5905649043048,51.81744903846888
62,2021-11-30,3499.9461347599613,55.99913815615938
62,2021-12-31,3983.301894638581,63.7328303142173
62,2022-01-31,2284.3768418189798,36.55002946910368
62,2022-02-28,3879.3861487979966,62.07017838076795
62,2022-03-31,1956.9460945784124,31.311137513254604
62,2022-04-30,1559.038205305545,24.944611284888722
62,2022-05-31,4613.2646503779815,73.81223440604771
62,2022-06-30,931.8644245867337,14.90983079338774
62,2022-07-31,2322.0185016965547,37.15229602714488
62,2022-08-31,4368.758654895888,69.9001384783342
62,2022-09-30,1447.4504167663724,23.15920666826196
62,2022-10-31,6707.018048446348,107.31228877514157
62,2022-11-30,4404.711382305514,70.47538211688823
62,2022-12-31,2982.6818168791942,47.72290907006712
62,2023-01-31,1415.8548018880836,22.65367683020934
62,2023-02-28,6077.973189805099,97.2475710368816
62,2023-03-31,2883.025949066253,46.12841518506005
62,2023-04-30,1345.1353073176526,21.522164917082446
62,2023-05-31,3405.7842583215715,54.49254813314515
62,2023-06-30,1457.9014729894095,23.326423567830556
62,2023-07-31,3605.450910031893,57.68721456051029
62,2023-08-31,5165.075861902805,82.64121379044488
62,2023-09-30,5180.724662961406,82.8915946073825
62,2023-10-31,3014.565038100493,48.23304060960789
62,2023-11-30,3475.769285902388,55.61230857443822
62,2023-12-31,1959.4901270363976,31.351842032582365
63,2019-01-31,2696.5729792249895,64.71775150139976
63,2019-02-28,2864.262404136211,68.74229769926906
63,2019-03-31,2761.8850412974543,66.28524099113889
63,2019-04-30,1474.904618318607,35.39771083964657
63,2019-05-31,2672.1403468032495,64.131368323278
63,2019-06-30,2842.7772709464402,68.22665450271457
63,2019-07-31,3234.1834372238714,77.62040249337291
63,2019-08-31,5646.31000591735,135.51144014201643
63,2019-09-30,2243.61006602299,53.84664158455176
63,2019-10-31,4320.447419963031,103.69073807911275
63,2019-11-30,5810.069711143942,139.44167306745462
63,2019-12-31,4204.340997685977,100.90418394446344
63,2020-01-31,3149.91305226615,75.5979132543876
63,2020-02-29,2501.897792173999,60.04554701217597
63,2020-03-31,1420.3215841266663,34.08771801903999
63,2020-04-30,4124.436370145311,98.98647288348748
63,2020-05-31,1564.1908711956053,37.54058090869452
63,2020-06-30,5294.500477064112,127.06801144953869
63,2020-07-31,2770.1947736536495,66.48467456768759
63,2020-08-31,1423.8100186235738,34.171440446965775
63,2020-09-30,2275.600901250928,54.61442163002227
63,2020-10-31,3169.3861301245197,76.06526712298847
63,2020-11-30,3026.4845472068782,72.63562913296508
63,2020-12-31,5739.244525205995,137.7418686049439
63,2021-01-31,726.2487190242986,17.429969256583167
63,2021-02-28,3461.8183282862965,83.08363987887111
63,2021-03-31,2064.5360798034962,49.54886591528391
63,2021-04-30,1126.3490432267058,27.032377037440945
63,2021-05-31,6077.470133624271,145.8592832069825
63,2021-06-30,6420.717860690731,154.09722865657756
63,2021-07-31,1975.1110618823104,47.402665485175454
63,2021-08-31,4617.430343048864,110.81832823317274
63,2021-09-30,3358.5409243343547,80.60498218402451
63,2021-10-31,6502.961515985964,156.07107638366315
63,2021-11-30,1330.2657863318263,31.92637887196383
63,2021-12-31,6385.068708978179,153.24164901547627
63,2022-01-31,3719.08354050249,89.25800497205975
63,2022-02-28,2457.0892725081208,58.9701425401949
63,2022-03-31,4790.090992281913,114.96218381476591
63,2022-04-30,4944.831867825262,118.67596482780628
63,2022-05-31,4515.910753116754,108.38185807480208
63,2022-06-30,5360.2900250922285,128.64696060221348
63,2022-07-31,4799.966582896231,115.19919798950953
63,2022-08-31,851.7826695183691,20.442784068440858
63,2022-09-30,1887.7525212111752,45.3060605090682
63,2022-10-31,2590.2686251973364,62.16644700473607
63,2022-11-30,943.6364394737652,22.647274547370362
63,2022-12-31,2069.181710653425,49.660361055682195
63,2023-01-31,3204.8575037072314,76.91658008897356
63,2023-02-28,4302.151849478503,103.25164438748408
63,2023-03-31,4751.956827017379,114.04696384841709
63,2023-04-30,3234.9913192921094,77.63979166301063
63,2023-05-31,3186.482029310377,76.47556870344906
63,2023-06-30,2389.199969776658,57.340799274639785
63,2023-07-31,4051.5019506580393,97.23604681579295
63,2023-08-31,1887.2358416406046,45.293660199374514
63,2023-09-30,1763.819511985782,42.331668287658765
63,2023-10-31,1536.095104048758,36.8662824971702
63,2023-11-30,5219.926804458468,125.27824330700322
63,2023-12-31,4920.682829915596,118.0963879179743
64,2019-01-31,2085.3221974495027,33.36515515919205
64,2019-02-28,3652.161506847902,58.43458410956644
64,2019-03-31,3334.3326614997927,53.34932258399669
64,2019-04-30,2735.2688835273075,43.764302136436925
64,2019-05-31,2901.6366090614174,46.42618574498268
64,2019-06-30,5127.829532389055,82.04527251822489
64,2019-07-31,2692.1462596329006,43.07434015412642
64,2019-08-31,5040.4138548192495,80.646621677108
64,2019-09-30,2124.0858760266515,33.985374016426434
64,2019-10-31,2315.757146030108,37.05211433648173
64,2019-11-30,6333.310772669414,101.33297236271063
64,2019-12-31,2515.993350812331,40.2558936129973
64,2020-01-31,3513.2629373399222,56.212206997438756
64,2020-02-29,2797.139977443684,44.75423963909895
64,2020-03-31,2342.1319890159975,37.474111824255964
64,2020-04-30,2144.3977763109924,34.31036442097588
64,2020-05-31,1256.3307004762057,20.101291207619298
64,2020-06-30,3729.1513923229977,59.66642227716797
64,2020-07-31,3787.889557122441,60.60623291395906
64,2020-08-31,4098.619193051681,65.5779070888269
64,2020-09-30,5306.884136398704,84.91014618237928
64,2020-10-31,2861.3868406414776,45.782189450263644
64,2020-11-30,3161.853827350439,50.58966123760703
64,2020-12-31,2672.0520840560685,42.752833344897105
64,2021-01-31,1646.2249746716675,26.339599594746684
64,2021-02-28,2128.689508416196,34.05903213465914
64,2021-03-31,1174.5859409512675,18.79337505522028
64,2021-04-30,6141.512260798643,98.2641961727783
64,2021-05-31,1482.4704959121968,23.71952793459515
64,2021-06-30,2268.469956333058,36.29551930132893
64,2021-07-31,2575.508798286426,41.20814077258282
64,2021-08-31,3789.0007089533146,60.624011343253045
64,2021-09-30,3757.0372501459087,60.11259600233455
64,2021-10-31,2283.80246388178,36.54083942210848
64,2021-11-30,1448.6471485239058,23.178354376382497
64,2021-12-31,1312.107307869287,20.993716925908597
64,2022-01-31,3994.5394295389488,63.91263087262319
64,2022-02-28,1441.6948362740015,23.067117380384026
64,2022-03-31,4243.3142676357475,67.89302828217197
64,2022-04-30,2958.367824743468,47.3338851958955
64,2022-05-31,4206.276925344122,67.30043080550597
64,2022-06-30,2132.0159016125604,34.11225442580097
64,2022-07-31,2398.6082366911764,38.37773178705883
64,2022-08-31,4546.65702484702,72.74651239755232
64,2022-09-30,2929.049371204773,46.86478993927636
64,2022-10-31,4447.461534778193,71.1593845564511
64,2022-11-30,2951.7287630309193,47.22766020849471
64,2022-12-31,2677.8723410953876,42.845957457526204
64,2023-01-31,1076.5605774253165,17.224969238805066
64,2023-02-28,3599.2965703963146,57.588745126341045
64,2023-03-31,1015.2806202224854,16.244489923559765
64,2023-04-30,5640.331928668746,90.24531085869994
64,2023-05-31,3269.2683557267646,52.30829369162824
64,2023-06-30,2670.4950466310042,42.727920746096075
64,2023-07-31,4856.357384984366,77.70171815974987
64,2023-08-31,5080.507848546806,81.2881255767489
64,2023-09-30,2710.300910450947,43.364814567215156
64,2023-10-31,6018.779539237383,96.30047262779813
64,2023-11-30,2149.6954672258707,34.39512747561394
64,2023-12-31,5231.10056993231,83.69760911891696
65,2019-01-31,3452.619457348564,55.24191131757703
65,2019-02-28,4176.483597131857,66.82373755410973
65,2019-03-31,4970.185248173344,79.5229639707735
65,2019-04-30,945.4326560819721,15.126922497311554
65,2019-05-31,5103.590774294991,81.65745238871988
65,2019-06-30,3000.8163659081883,48.013061854531024
65,2019-07-31,5748.046003737613,91.96873605980181
65,2019-08-31,2799.4190998879358,44.790705598206976
65,2019-09-30,1920.7585412974377,30.732136660759007
65,2019-10-31,2168.435347171399,34.69496555474239
65,2019-11-30,3439.5398932580556,55.032638292128894
65,2019-12-31,859.5058298741203,13.752093277985928
65,2020-01-31,4090.2137556216626,65.44342008994661
65,2020-02-29,3400.788752780734,54.412620044491746
65,2020-03-31,4879.537701166172,78.07260321865877
65,2020-04-30,4404.878590211618,70.4780574433859
65,2020-05-31,3800.6494316828284,60.810390906925264
65,2020-06-30,3675.3670242071985,58.805872387315176
65,2020-07-31,2927.26577901783,46.83625246428528
65,2020-08-31,1972.9923845201265,31.567878152322027
65,2020-09-30,1728.357576802466,27.653721228839455
65,2020-10-31,1711.0172513907569,27.37627602225211
65,2020-11-30,4523.254732476868,72.3720757196299
65,2020-12-31,2762.7188838561833,44.20350214169894
65,2021-01-31,3270.318405410402,52.325094486566435
65,2021-02-28,3017.8103944294407,48.284966310871056
65,2021-03-31,1935.096242647985,30.961539882367767
65,2021-04-30,1589.4141022996544,25.430625636794474
65,2021-05-31,3620.509124030887,57.9281459844942
65,2021-06-30,2525.390675306743,40.4062508049079
65,2021-07-31,3918.79478920395,62.700716627263205
65,2021-08-31,2675.2800196717935,42.8044803147487
65,2021-09-30,2234.6816684625405,35.75490669540065
65,2021-10-31,918.4213380319085,14.694741408510536
65,2021-11-30,4981.649043223631,79.70638469157812
65,2021-12-31,3941.529222161409,63.064467554582556
65,2022-01-31,1217.7860087366332,19.484576139786135
65,2022-02-28,2254.6653405722186,36.0746454491555
65,2022-03-31,5919.867688499642,94.71788301599427
65,2022-04-30,2228.9306508856066,35.66289041416971
65,2022-05-31,3317.4434936290004,53.07909589806401
65,2022-06-30,2371.164423692111,37.93863077907378
65,2022-07-31,5389.225103683585,86.22760165893737
65,2022-08-31,3413.860152294623,54.621762436713965
65,2022-09-30,1646.3294953159368,26.341271925054993
65,2022-10-31,1517.6743616907709,24.282789787052337
65,2022-11-30,2590.9511474404258,41.45521835904682
65,2022-12-31,3457.79395628631,55.324703300580964
65,2023-01-31,3029.850964725296,48.47761543560473
65,2023-02-28,2155.683154461531,34.4909304713845
65,2023-03-31,1806.6861147942818,28.906977836708514
65,2023-04-30,3508.2502266411166,56.13200362625787
65,2023-05-31,2220.076744226532,35.521227907624514
65,2023-06-30,6529.819868340808,104.47711789345293
65,2023-07-31,5964.1797051290705,95.42687528206513
65,2023-08-31,1491.2345764705262,23.859753223528422
65,2023-09-30,2743.1089670569822,43.88974347291172
65,2023-10-31,3623.1653201831,57.970645122929604
65,2023-11-30,6213.27925767699,99.41246812283185
65,2023-12-31,4671.993447966185,74.75189516745897
66,2019-01-31,2515.735318051733,16.10070603553109
66,2019-02-28,2143.4532825729975,13.718101008467187
66,2019-03-31,2994.4659929588934,19.16458235493692
66,2019-04-30,3984.654445676577,25.501788452330093
66,2019-05-31,2513.01831306487,16.08331720361517
66,2019-06-30,1923.2485778376347,12.308790898160863
66,2019-07-31,1656.9184521039583,10.604278093465334
66,2019-08-31,4729.947208191495,30.271662132425565
66,2019-09-30,2044.3276964163874,13.083697257064882
66,2019-10-31,3636.2891134437596,23.272250326040066
66,2019-11-30,2528.7363103759562,16.18391238640612
66,2019-12-31,4040.2071797273557,25.857325950255074
66,2020-01-31,5293.823534770204,33.88047062252931
66,2020-02-29,3272.0397895792257,20.94105465330705
66,2020-03-31,3020.3013673880923,19.32992875128379
66,2020-04-30,4518.5275359875795,28.91857623032051
66,2020-05-31,1983.3508555918231,12.69344547578767
66,2020-06-30,2490.370210075223,15.938369344481428
66,2020-07-31,1534.1416965794917,9.818506858108748
66,2020-08-31,2664.6718757626886,17.05390000488121
66,2020-09-30,2114.280417178575,13.531394669942882
66,2020-10-31,5849.333977501774,37.43573745601136
66,2020-11-30,1439.4504732940877,9.212483029082161
66,2020-12-31,2349.345528038779,15.035811379448184
66,2021-01-31,3902.8956783277904,24.97853234129786
66,2021-02-28,3264.4179871907386,20.89227511802073
66,2021-03-31,3681.700414461712,23.56288265255496
66,2021-04-30,3186.55385036235,20.393944642319042
66,2021-05-31,4416.281677525373,28.26420273616239
66,2021-06-30,1780.2334192243572,11.393493883035887
66,2021-07-31,1446.7087306029337,9.258935875858775
66,2021-08-31,989.4742858582377,6.332635429492722
66,2021-09-30,2457.0842586280155,15.7253392552193
66,2021-10-31,3587.439568926483,22.95961324112949
66,2021-11-30,5043.612061143918,32.279117191321085
66,2021-12-31,4386.147244388561,28.0713423640868
66,2022-01-31,5932.966784029548,37.970987417789104
66,2022-02-28,1962.6684828045952,12.56107828994941
66,2022-03-31,3828.7781545264265,24.50418018896913
66,2022-04-30,2117.0200996034446,13.548928637462048
66,2022-05-31,5563.753768507254,35.60802411844642
66,2022-06-30,1116.0423328098968,7.142670929983341
66,2022-07-31,3563.137412096912,22.804079437420242
66,2022-08-31,4897.469407559803,31.34380420838274
66,2022-09-30,5631.182627120859,36.0395688135735
66,2022-10-31,2657.3780453092004,17.007219489978883
66,2022-11-30,964.2148489577506,6.170975033329604
66,2022-12-31,1133.2243734432634,7.252635990036886
66,2023-01-31,2046.3807300416408,13.096836672266503
66,2023-02-28,2440.6490283879903,15.620153781683142
66,2023-03-31,3308.2000135382436,21.17248008664476
66,2023-04-30,5980.732026970237,38.27668497260952
66,2023-05-31,1253.025534406991,8.019363420204742
66,2023-06-30,2092.959335052704,13.394939744337305
66,2023-07-31,3005.533703546444,19.235415702697242
66,2023-08-31,3936.1589198888596,25.191417087288702
66,2023-09-30,3042.8744078121563,19.474396209997806
66,2023-10-31,3655.5559777170715,23.395558257389258
66,2023-11-30,1066.8891582192887,6.828090612603448
66,2023-12-31,1479.8066400416042,9.470762496266266
67,2019-01-31,6014.235580460149,144.34165393104357
67,2019-02-28,3544.366519103976,85.06479645849542
67,2019-03-31,2620.56484236308,62.89355621671392
67,2019-04-30,2666.251687807877,63.990040507389054
67,2019-05-31,4561.118085052175,109.4668340412522
67,2019-06-30,1498.992820890103,35.975827701362476
67,2019-07-31,4736.391710053527,113.67340104128466
67,2019-08-31,6128.401894323921,147.0816454637741
67,2019-09-30,6411.133186376344,153.86719647303224
67,2019-10-31,2193.8586936349243,52.65260864723818
67,2019-11-30,6920.781593550817,166.09875824521959
67,2019-12-31,1475.3069158910603,35.407365981385446
67,2020-01-31,4521.524368659937,108.51658484783849
67,2020-02-29,4216.991316612817,101.2077915987076
67,2020-03-31,1973.326957827038,47.35984698784891
67,2020-04-30,2840.3388488927017,68.16813237342484
67,2020-05-31,3753.0507501740376,90.0732180041769
67,2020-06-30,6328.477350222762,151.8834564053463
67,2020-07-31,4411.81748337045,105.8836196008908
67,2020-08-31,950.6032081205932,22.814476994894235
67,2020-09-30,3652.822086636844,87.66773007928425
67,2020-10-31,4269.671307610924,102.47211138266218
67,2020-11-30,1429.3792868340302,34.305102884016726
67,2020-12-31,4841.472057739895,116.19532938575747
67,2021-01-31,2869.64036002692,68.87136864064608
67,2021-02-28,2548.9814457045395,61.175554696908954
67,2021-03-31,2981.0269799357247,71.5446475184574
67,2021-04-30,3167.4945574223425,76.01986937813622
67,2021-05-31,2072.78663644593,49.74687927470232
67,2021-06-30,5741.650171503623,137.79960411608693
67,2021-07-31,2562.934714661961,61.51043315188707
67,2021-08-31,5665.753690607111,135.97808857457065
67,2021-09-30,4029.9513698120727,96.71883287548975
67,2021-10-31,4353.258803206905,104.47821127696572
67,2021-11-30,2044.1245909513732,49.05899018283296
67,2021-12-31,2451.2637621328695,58.83033029118887
67,2022-01-31,1392.5260806801828,33.420625936324384
67,2022-02-28,2345.0935720277507,56.28224572866602
67,2022-03-31,2011.525852928221,48.27662047027731
67,2022-04-30,2121.749963817641,50.92199913162338
67,2022-05-31,2015.445238050595,48.37068571321428
67,2022-06-30,2122.9516540887466,50.95083969812992
67,2022-07-31,1821.22901613069,43.70949638713657
67,2022-08-31,2991.8008144715295,71.8032195473167
67,2022-09-30,4019.2979552864435,96.46315092687466
67,2022-10-31,3385.8135119070766,81.25952428576984
67,2022-11-30,3071.317266684951,73.71161440043883
67,2022-12-31,4442.884605277088,106.62923052665012
67,2023-01-31,2534.334197765621,60.824020746374906
67,2023-02-28,1349.4459152349248,32.386701965638196
67,2023-03-31,3555.534435466306,85.33282645119135
67,2023-04-30,3414.1831295402862,81.94039510896688
67,2023-05-31,3237.9081301356787,77.70979512325628
67,2023-06-30,1689.5576466353377,40.54938351924811
67,2023-07-31,4653.6294596543885,111.68710703170531
67,2023-08-31,5212.514983540727,125.10035960497746
67,2023-09-30,1716.4910001393637,41.19578400334473
67,2023-10-31,2414.7656823883053,57.95437637731933
67,2023-11-30,2858.140964166121,68.59538313998691
67,2023-12-31,954.8871277691524,22.917291066459654
68,2019-01-31,3385.7329870390586,54.17172779262494
68,2019-02-28,3568.940728131963,57.10305165011141
68,2019-03-31,1456.4872774105263,23.303796438568423
68,2019-04-30,3093.796441681771,49.50074306690834
68,2019-05-31,905.3442705612104,14.485508328979368
68,2019-06-30,4198.364120974267,67.17382593558828
68,2019-07-31,2306.9301603895105,36.91088256623217
68,2019-08-31,2279.484291824826,36.47174866919722
68,2019-09-30,1889.6205355730556,30.23392856916889
68,2019-10-31,2620.701414271393,41.93122262834229
68,2019-11-30,7216.30946538842,115.46095144621472
68,2019-12-31,2242.974889669844,35.8875982347175
68,2020-01-31,861.3417625112022,13.781468200179237
68,2020-02-29,2616.379086558136,41.86206538493018
68,2020-03-31,1849.7955893836324,29.596729430138126
68,2020-04-30,3638.8649616150024,58.22183938584004
68,2020-05-31,1578.9792406036786,25.263667849658862
68,2020-06-30,2155.5675607815074,34.48908097250412
68,2020-07-31,1325.8201866486954,21.21312298637913
68,2020-08-31,2337.973171862697,37.40757074980316
68,2020-09-30,2316.0311965704245,37.0564991451268
68,2020-10-31,3153.6237549033285,50.45798007845326
68,2020-11-30,4309.615696898391,68.95385115037426
68,2020-12-31,6417.307384852315,102.67691815763706
68,2021-01-31,3568.2293310491764,57.091669296786826
68,2021-02-28,5749.787535627601,91.99660057004162
68,2021-03-31,3349.8405353786648,53.597448566058645
68,2021-04-30,3407.3383636424123,54.517413818278605
68,2021-05-31,4121.3659420440545,65.94185507270488
68,2021-06-30,4777.996011112257,76.44793617779612
68,2021-07-31,900.2156929092241,14.403451086547589
68,2021-08-31,4208.0122781224,67.32819644995841
68,2021-09-30,1267.2589975605476,20.276143960968763
68,2021-10-31,2738.8074840068616,43.820919744109794
68,2021-11-30,4231.907106183128,67.71051369893006
68,2021-12-31,1238.1872717455835,19.81099634792934
68,2022-01-31,3532.2962256739147,56.516739610782636
68,2022-02-28,2281.5152001106917,36.504243201771075
68,2022-03-31,5893.535888606109,94.29657421769775
68,2022-04-30,1991.7568548298082,31.868109677276934
68,2022-05-31,2397.4809033640654,38.35969445382505
68,2022-06-30,2524.654165417628,40.394466646682055
68,2022-07-31,2540.9006205747946,40.65440992919672
68,2022-08-31,2066.132744932127,33.05812391891404
68,2022-09-30,1255.8031610976132,20.092850577561812
68,2022-10-31,1942.3946649301452,31.078314638882325
68,2022-11-30,3213.9087554712846,51.42254008754057
68,2022-12-31,3586.9930533546926,57.391888853675084
68,2023-01-31,5336.187654216118,85.3790024674579
68,2023-02-28,2169.1591917760857,34.70654706841738
68,2023-03-31,785.6499125796272,12.570398601274036
68,2023-04-30,4941.22181219834,79.05954899517344
68,2023-05-31,2762.144991143183,44.19431985829093
68,2023-06-30,3005.6996669668415,48.091194671469474
68,2023-07-31,2491.4617716190587,39.86338834590495
68,2023-08-31,1927.4813756597543,30.839702010556074
68,2023-09-30,1803.7104873868018,28.859367798188828
68,2023-10-31,2234.542797457774,35.75268475932439
68,2023-11-30,4428.265656606658,70.85225050570652
68,2023-12-31,2521.874551344995,40.34999282151992
69,2019-01-31,3817.762662297693,91.62630389514463
69,2019-02-28,2651.282257912266,63.63077418989437
69,2019-03-31,6589.194269318907,158.1406624636538
69,2019-04-30,1412.6213562195126,33.9029125492683
69,2019-05-31,3404.7671081114554,81.71441059467493
69,2019-06-30,4168.411159144097,100.04186781945833
69,2019-07-31,3784.0315583351085,90.8167574000426
69,2019-08-31,2919.636537633858,70.07127690321259
69,2019-09-30,3996.606965316877,95.91856716760505
69,2019-10-31,1922.8999923332208,46.149599815997306
69,2019-11-30,5085.2754027277515,122.04660966546604
69,2019-12-31,1019.2465402644774,24.46191696634746
69,2020-01-31,1585.7658428159598,38.05838022758304
69,2020-02-29,4086.34110773131,98.07218658555145
69,2020-03-31,3064.0985233271836,73.5383645598524
69,2020-04-30,4181.400100595734,100.35360241429764
69,2020-05-31,1686.316596780759,40.47159832273821
69,2020-06-30,6495.031825623913,155.8807638149739
69,2020-07-31,2868.037549949958,68.83290119879898
69,2020-08-31,2348.3108442591783,56.35946026222028
69,2020-09-30,2465.2564281187997,59.16615427485119
69,2020-10-31,2266.616128627315,54.39878708705556
69,2020-11-30,1483.9515424654803,35.61483701917153
69,2020-12-31,2212.117438914913,53.09081853395791
69,2021-01-31,5452.752579350881,130.86606190442114
69,2021-02-28,1875.3830575178495,45.009193380428385
69,2021-03-31,3311.8166343965822,79.48359922551798
69,2021-04-30,2780.1636369346525,66.72392728643166
69,2021-05-31,5659.810923550004,135.8354621652001
69,2021-06-30,3891.684179140693,93.40042029937663
69,2021-07-31,4303.435884501548,103.28246122803714
69,2021-08-31,4702.623198667223,112.86295676801335
69,2021-09-30,3031.89339110958,72.76544138662993
69,2021-10-31,1363.9594729290664,32.73502735029759
69,2021-11-30,2812.901903918891,67.50964569405339
69,2021-12-31,2067.949503891985,49.63078809340764
69,2022-01-31,2041.9501187469218,49.006802849926125
69,2022-02-28,5425.417249464573,130.21001398714975
69,2022-03-31,1731.0486979344148,41.54516875042595
69,2022-04-30,1848.3647179775885,44.36075323146213
69,2022-05-31,2426.746284191211,58.24191082058907
69,2022-06-30,4290.608459310766,102.97460302345839
69,2022-07-31,3612.3933772482105,86.69744105395705
69,2022-08-31,3525.859331785596,84.62062396285431
69,2022-09-30,2197.0608531270927,52.72946047505023
69,2022-10-31,3335.520231718406,80.05248556124175
69,2022-11-30,1759.1977432044387,42.22074583690653
69,2022-12-31,2607.5404483347,62.5809707600328
69,2023-01-31,1092.3789869675788,26.217095687221896
69,2023-02-28,2576.5064802215275,61.836155525316656
69,2023-03-31,2347.923218546498,56.35015724511595
69,2023-04-30,4720.018841792735,113.28045220302563
69,2023-05-31,3626.7043430777017,87.04090423386484
69,2023-06-30,1517.8479793394774,36.42835150414746
69,2023-07-31,1144.2265380704926,27.461436913691823
69,2023-08-31,3297.286336044509,79.13487206506822
69,2023-09-30,1089.8324512206063,26.15597882929455
69,2023-10-31,1305.0752621911006,31.321806292586412
69,2023-11-30,1106.5745721800458,26.557789732321105
69,2023-12-31,1697.1767535200522,40.73224208448126
70,2019-01-31,2390.3707098844193,38.24593135815071
70,2019-02-28,2509.739737604344,40.15583580166951
70,2019-03-31,4341.619583459511,69.46591333535218
70,2019-04-30,3499.0660632963654,55.98505701274185
70,2019-05-31,2739.271616501963,43.82834586403141
70,2019-06-30,3308.4589928977703,52.935343886364336
70,2019-07-31,3979.6720303940488,63.67475248630478
70,2019-08-31,5319.283946388983,85.10854314222375
70,2019-09-30,3638.970102167099,58.22352163467358
70,2019-10-31,1805.9245661079135,28.894793057726616
70,2019-11-30,4718.945058155176,75.50312093048284
70,2019-12-31,2860.0218232504885,45.76034917200782
70,2020-01-31,1558.2077165192995,24.931323464308797
70,2020-02-29,1053.1257001295746,16.850011202073198
70,2020-03-31,1489.4985904142554,23.83197744662809
70,2020-04-30,4545.951312327683,72.73522099724293
70,2020-05-31,2412.67882669812,38.60286122716992
70,2020-06-30,2199.8750526806607,35.19800084289058
70,2020-07-31,1770.2666866030588,28.324266985648947
70,2020-08-31,835.3164601624533,13.365063362599253
70,2020-09-30,4463.254527851444,71.41207244562312
70,2020-10-31,962.8517126031217,15.40562740164995
70,2020-11-30,2605.822490060402,41.69315984096643
70,2020-12-31,5900.666089286725,94.41065742858761
70,2021-01-31,3200.133154729087,51.20213047566539
70,2021-02-28,2281.170419808945,36.49872671694313
70,2021-03-31,3331.6902088149336,53.307043341038934
70,2021-04-30,6247.840326692543,99.96544522708069
70,2021-05-31,1577.4232953301519,25.23877272528243
70,2021-06-30,1890.5707370856162,30.249131793369862
70,2021-07-31,4490.200585240256,71.84320936384411
70,2021-08-31,2250.166231905746,36.00265971049193
70,2021-09-30,1445.909259976348,23.13454815962157
70,2021-10-31,4839.717036459776,77.43547258335643
70,2021-11-30,2135.5936231885585,34.16949797101694
70,2021-12-31,1249.2154860551805,19.987447776882888
70,2022-01-31,1809.8625241789773,28.95780038686364
70,2022-02-28,3969.570775824064,63.51313241318503
70,2022-03-31,4146.547463292242,66.34475941267588
70,2022-04-30,1625.1558706719443,26.00249393075111
70,2022-05-31,2255.7998279354133,36.09279724696662
70,2022-06-30,4206.714800366728,67.30743680586765
70,2022-07-31,1213.5758990511204,19.417214384817928
70,2022-08-31,3923.61530582454,62.77784489319265
70,2022-09-30,1010.443667066915,16.167098673070644
70,2022-10-31,2096.7884655439057,33.5486154487025
70,2022-11-30,2418.831662750482,38.70130660400772
70,2022-12-31,3701.882955953235,59.23012729525176
70,2023-01-31,849.7076971808677,13.595323154893885
70,2023-02-28,2894.247720229044,46.30796352366471
70,2023-03-31,5145.568411869035,82.32909458990457
70,2023-04-30,3042.2859365923246,48.676574985477195
70,2023-05-31,3582.1880938735167,57.31500950197628
70,2023-06-30,4463.291671716568,71.41266674746508
70,2023-07-31,1559.4139956568583,24.950623930509735
70,2023-08-31,2837.877050462148,45.406032807394375
70,2023-09-30,2695.194709989558,43.12311535983293
70,2023-10-31,3702.446693776539,59.239147100424624
70,2023-11-30,2520.5750189139194,40.329200302622716
70,2023-12-31,2630.8270463254894,42.093232741207835
71,2019-01-31,4797.135858160384,76.75417373056615
71,2019-02-28,6297.034897222143,100.7525583555543
71,2019-03-31,3253.579308550974,52.05726893681558
71,2019-04-30,5861.901244102675,93.79041990564282
71,2019-05-31,5729.059909664531,91.6649585546325
71,2019-06-30,3159.067777324325,50.5450844371892
71,2019-07-31,5155.344228897344,82.48550766235752
71,2019-08-31,2753.4211781106997,44.0547388497712
71,2019-09-30,2406.0376952506153,38.49660312400985
71,2019-10-31,1489.4475233266048,23.83116037322568
71,2019-11-30,2328.9342601770245,37.262948162832394
71,2019-12-31,6113.938306116289,97.82301289786064
71,2020-01-31,2422.1182745190727,38.753892392305175
71,2020-02-29,3609.3081236636217,57.74892997861795
71,2020-03-31,1711.3336423479718,27.38133827756755
71,2020-04-30,1584.30725025316,25.348916004050565
71,2020-05-31,2025.655019391832,32.410480310269314
71,2020-06-30,4472.866604531561,71.56586567250498
71,2020-07-31,3924.043489526108,62.78469583241773
71,2020-08-31,4347.824277376544,69.56518843802472
71,2020-09-30,1975.5174021349296,31.608278434158876
71,2020-10-31,2696.0791686176663,43.137266697882666
71,2020-11-30,1616.2616091127857,25.86018574580457
71,2020-12-31,5750.310762103837,92.0049721936614
71,2021-01-31,1469.3721114466434,23.509953783146297
71,2021-02-28,1586.1303220970578,25.378085153552927
71,2021-03-31,1427.2985463751802,22.836776742002886
71,2021-04-30,5419.094537847546,86.70551260556076
71,2021-05-31,4953.715601365735,79.25944962185177
71,2021-06-30,4873.226958229353,77.97163133166964
71,2021-07-31,5217.971912417429,83.48755059867887
71,2021-08-31,2094.172186516274,33.50675498426039
71,2021-09-30,2162.0095023040462,34.59215203686474
71,2021-10-31,1692.4211882340128,27.078739011744204
71,2021-11-30,6679.684142002633,106.87494627204212
71,2021-12-31,2468.7570877491667,39.50011340398667
71,2022-01-31,6939.339700983083,111.02943521572934
71,2022-02-28,3340.5390332325665,53.448624531721066
71,2022-03-31,2202.6040000385005,35.24166400061602
71,2022-04-30,2358.2106518458395,37.73137042953344
71,2022-05-31,3811.323385738247,60.981174171811965
71,2022-06-30,3426.49885301587,54.82398164825393
71,2022-07-31,1588.1358235633193,25.41017317701311
71,2022-08-31,3850.195557412519,61.603128918600305
71,2022-09-30,1185.440893688989,18.967054299023825
71,2022-10-31,2708.3540058584567,43.33366409373531
71,2022-11-30,3443.5063429067754,55.09610148650841
71,2022-12-31,4857.860999253814,77.72577598806103
71,2023-01-31,1316.7298325581942,21.06767732093111
71,2023-02-28,4239.322846018003,67.82916553628804
71,2023-03-31,1509.2516744148613,24.148026790637786
71,2023-04-30,854.2726457390619,13.668362331824992
71,2023-05-31,1767.4588515803373,28.2793416252854
71,2023-06-30,3406.7509545204853,54.508015272327775
71,2023-07-31,5073.885701822645,81.18217122916235
71,2023-08-31,2632.7713200754906,42.12434112120786
71,2023-09-30,1127.8195906805108,18.045113450888177
71,2023-10-31,1805.8052307810656,28.89288369249705
71,2023-11-30,872.8453382705032,13.965525412328052
71,2023-12-31,2687.26179219075,42.996188675052004
72,2019-01-31,2777.193170409427,44.43509072655083
72,2019-02-28,2099.1271269675476,33.58603403148077
72,2019-03-31,7183.519538872646,114.93631262196234
72,2019-04-30,1974.3557057765593,31.589691292424956
72,2019-05-31,3406.926538984121,54.51082462374595
72,2019-06-30,1912.710133892795,30.603362142284727
72,2019-07-31,2375.296246035424,38.004739936566786
72,2019-08-31,3600.2206504820415,57.60353040771267
72,2019-09-30,4190.175315502334,67.04280504803737
72,2019-10-31,3205.1896109075196,51.28303377452033
72,2019-11-30,4819.459829273106,77.11135726836972
72,2019-12-31,6431.192387332163,102.89907819731462
72,2020-01-31,1022.2866751839318,16.35658680294291
72,2020-02-29,4045.7050378607564,64.7312806057721
72,2020-03-31,5564.569762416153,89.03311619865845
72,2020-04-30,1754.4500736317382,28.071201178107817
72,2020-05-31,3011.3506373000114,48.18161019680019
72,2020-06-30,1270.7791106049758,20.332465769679615
72,2020-07-31,2205.3846441613905,35.286154306582254
72,2020-08-31,4075.2881829645867,65.2046109274334
72,2020-09-30,1448.8917129697038,23.182267407515262
72,2020-10-31,2826.0223747129426,45.21635799540709
72,2020-11-30,1486.0101011766028,23.776161618825647
72,2020-12-31,1994.1387007601134,31.90621921216182
72,2021-01-31,4678.8522222305055,74.8616355556881
72,2021-02-28,2115.696511992453,33.85114419187925
72,2021-03-31,3469.204434742008,55.50727095587213
72,2021-04-30,4740.209704043502,75.84335526469604
72,2021-05-31,1592.3428061769055,25.477484898830493
72,2021-06-30,4016.218530520149,64.25949648832238
72,2021-07-31,2031.2081678964055,32.49933068634249
72,2021-08-31,2572.8076812921536,41.16492290067446
72,2021-09-30,3948.8795469411143,63.18207275105783
72,2021-10-31,3659.8339352402045,58.55734296384328
72,2021-11-30,2359.88015386449,37.75808246183184
72,2021-12-31,2292.775231912748,36.68440371060397
72,2022-01-31,3004.185821350832,48.06697314161332
72,2022-02-28,2888.935699032004,46.22297118451206
72,2022-03-31,3882.053279718526,62.112852475496425
72,2022-04-30,1732.680799811503,27.72289279698405
72,2022-05-31,2369.1794279749183,37.9068708475987
72,2022-06-30,3870.8984298110267,61.93437487697643
72,2022-07-31,1700.7516289917503,27.21202606386801
72,2022-08-31,4606.763645227748,73.70821832364399
72,2022-09-30,2793.9719041655726,44.70355046664916
72,2022-10-31,1821.6936458827745,29.147098334124394
72,2022-11-30,5505.117705108592,88.08188328173749
72,2022-12-31,4137.997993933934,66.20796790294294
72,2023-01-31,967.3640255105869,15.477824408169392
72,2023-02-28,4250.948361510195,68.01517378416314
72,2023-03-31,1825.660541052242,29.210568656835875
72,2023-04-30,960.9030231336504,15.374448370138408
72,2023-05-31,1579.4121778335439,25.270594845336703
72,2023-06-30,1612.0495841299758,25.792793346079613
72,2023-07-31,1121.537616916041,17.944601870656662
72,2023-08-31,5498.808896237817,87.9809423398051
72,2023-09-30,1753.077538225626,28.04924061161002
72,2023-10-31,4657.50192869228,74.52003085907647
72,2023-11-30,3689.290653312841,59.02865045300546
72,2023-12-31,2157.254442021971,34.51607107235154
73,2019-01-31,2639.7216137261444,42.235545819618316
73,2019-02-28,1525.927360860594,24.414837773769506
73,2019-03-31,1450.1500682363553,23.202401091781688
73,2019-04-30,2795.660744065651,44.730571905050425
73,2019-05-31,1994.0066742268536,31.90410678762966
73,2019-06-30,3903.7225889282013,62.45956142285122
73,2019-07-31,2260.380456217338,36.16608729947741
73,2019-08-31,1378.0003401022318,22.048005441635713
73,2019-09-30,5457.297663671071,87.31676261873714
73,2019-10-31,5079.4244829155905,81.27079172664945
73,2019-11-30,4059.1709110747092,64.94673457719536
73,2019-12-31,2366.62899709095,37.8660639534552
73,2020-01-31,4236.13059184184,67.77808946946945
73,2020-02-29,1929.0473897957218,30.864758236731554
73,2020-03-31,3406.5415303752325,54.50466448600372
73,2020-04-30,4515.255122257169,72.24408195611473
73,2020-05-31,5932.495229446903,94.91992367115046
73,2020-06-30,4778.953121219713,76.4632499395154
73,2020-07-31,2110.2991093766586,33.76478575002654
73,2020-08-31,3125.676346777418,50.01082154843869
73,2020-09-30,2900.525985327968,46.4084157652475
73,2020-10-31,3621.6333531085997,57.946133649737604
73,2020-11-30,1220.3766531387432,19.526026450219895
73,2020-12-31,4403.112694831738,70.44980311730781
73,2021-01-31,2961.9022383955094,47.39043581432816
73,2021-02-28,1926.5753853365266,30.82520616538443
73,2021-03-31,2701.577188933839,43.22523502294143
73,2021-04-30,4945.280607338201,79.12448971741122
73,2021-05-31,1863.647678844991,29.81836286151986
73,2021-06-30,1582.8141226715568,25.32502596274491
73,2021-07-31,2788.8315105884794,44.62130416941568
73,2021-08-31,4253.833690403711,68.0613390464594
73,2021-09-30,1579.7709279555695,25.276334847289117
73,2021-10-31,2996.652588093675,47.94644140949881
73,2021-11-30,2104.4857431005667,33.67177188960907
73,2021-12-31,1419.7991492926585,22.716786388682536
73,2022-01-31,5924.560277282186,94.79296443651498
73,2022-02-28,5443.30397802417,87.09286364838673
73,2022-03-31,3213.879663020095,51.42207460832152
73,2022-04-30,5149.545874229626,82.39273398767403
73,2022-05-31,1044.6546016767145,16.714473626827434
73,2022-06-30,2215.2866603090806,35.4445865649453
73,2022-07-31,4956.017535990437,79.29628057584699
73,2022-08-31,2014.2771805959603,32.22843488953537
73,2022-09-30,1407.5242676991072,22.52038828318572
73,2022-10-31,902.2574600085749,14.436119360137198
73,2022-11-30,2494.1274564916594,39.90603930386655
73,2022-12-31,5325.0316572459315,85.20050651593492
73,2023-01-31,2348.418118130297,37.574689890084755
73,2023-02-28,2078.095877632734,33.24953404212374
73,2023-03-31,1129.8743960081813,18.077990336130906
73,2023-04-30,2072.8564258097695,33.16570281295632
73,2023-05-31,1906.3177288246661,30.501083661194656
73,2023-06-30,4798.8971266296485,76.78235402607439
73,2023-07-31,1199.26562492591,19.188249998814563
73,2023-08-31,4640.974718237745,74.25559549180393
73,2023-09-30,2036.3837795270429,32.582140472432684
73,2023-10-31,865.5365775299251,13.848585240478801
73,2023-11-30,3485.4841412453643,55.767746259925836
73,2023-12-31,1827.8849938436815,29.24615990149891
74,2019-01-31,2510.629997555612,60.2551199413347
74,2019-02-28,975.8361852763795,23.42006844663311
74,2019-03-31,2663.019255384639,63.91246212923134
74,2019-04-30,4126.540872994645,99.03698095187148
74,2019-05-31,1336.1712882074269,32.06811091697825
74,2019-06-30,2744.211048153298,65.86106515567916
74,2019-07-31,1269.5958226396717,30.470299743352122
74,2019-08-31,2055.689732273412,49.3365535745619
74,2019-09-30,4605.590000058887,110.5341600014133
74,2019-10-31,3408.3975082006305,81.80154019681513
74,2019-11-30,2462.560130556821,59.10144313336371
74,2019-12-31,2293.0696182633096,55.03367083831944
74,2020-01-31,2551.8634519083716,61.24472284580092
74,2020-02-29,3726.067778685601,89.42562668845441
74,2020-03-31,5920.951396554257,142.1028335173022
74,2020-04-30,2403.33669052855,57.680080572685206
74,2020-05-31,2221.792994550581,53.323031869213956
74,2020-06-30,2054.487131100115,49.30769114640277
74,2020-07-31,4086.4476870372664,98.07474448889441
74,2020-08-31,3269.7786270015613,78.47468704803748
74,2020-09-30,3789.6130292150165,90.9507127011604
74,2020-10-31,1554.9985613789656,37.31996547309517
74,2020-11-30,1441.4886395922688,34.595727350214446
74,2020-12-31,3428.82920117423,82.29190082818151
74,2021-01-31,3969.944701780717,95.27867284273721
74,2021-02-28,3843.2134389549196,92.23712253491807
74,2021-03-31,1989.470704054017,47.7472968972964
74,2021-04-30,2748.2616147196923,65.95827875327261
74,2021-05-31,1115.6556966237604,26.775736718970247
74,2021-06-30,3890.3846124831443,93.36923069959546
74,2021-07-31,6233.887536632672,149.61330087918412
74,2021-08-31,3248.4780741207755,77.96347377889862
74,2021-09-30,1910.3175688771248,45.84762165305099
74,2021-10-31,2782.6984819246077,66.78476356619059
74,2021-11-30,4663.43210027232,111.92237040653569
74,2021-12-31,5192.7697997685855,124.62647519444606
74,2022-01-31,1367.6323247239861,32.82317579337567
74,2022-02-28,1599.6618611781025,38.39188466827446
74,2022-03-31,2662.5765786244456,63.9018378869867
74,2022-04-30,4295.047872570842,103.0811489417002
74,2022-05-31,2297.4560125090984,55.13894430021837
74,2022-06-30,3781.639140190545,90.75933936457308
74,2022-07-31,3077.251446493488,73.85403471584371
74,2022-08-31,1359.5699135446137,32.62967792507073
74,2022-09-30,2693.6886407368193,64.64852737768366
74,2022-10-31,2507.3724916520964,60.17693979965031
74,2022-11-30,3472.1735283357525,83.33216468005806
74,2022-12-31,1732.4439115236378,41.57865387656731
74,2023-01-31,1904.5321974034541,45.7087727376829
74,2023-02-28,1262.170503935848,30.292092094460354
74,2023-03-31,3545.7515808208523,85.09803793970046
74,2023-04-30,2139.6148189720275,51.35075565532866
74,2023-05-31,1265.49828173194,30.371958761566564
74,2023-06-30,1427.8830051838017,34.26919212441124
74,2023-07-31,2023.5368852334218,48.56488524560212
74,2023-08-31,4232.36288564838,101.57670925556111
74,2023-09-30,3728.46453175474,89.48314876211377
74,2023-10-31,1655.8062645019684,39.739350348047246
74,2023-11-30,5368.383055283785,128.84119332681087
74,2023-12-31,1807.373765376751,43.37697036904202
75,2019-01-31,2067.5854321830084,49.6220503723922
75,2019-02-28,1364.7766623522887,32.754639896454925
75,2019-03-31,4046.527837809359,97.11666810742462
75,2019-04-30,2886.4964341180166,69.2759144188324
75,2019-05-31,3762.2344171124814,90.29362601069955
75,2019-06-30,960.6703512312915,23.056088429551
75,2019-07-31,4012.1532781661954,96.29167867598869
75,2019-08-31,1321.2799644054942,31.71071914573186
75,2019-09-30,4155.93714695362,99.74249152688688
75,2019-10-31,2692.5990183536696,64.62237644048807
75,2019-11-30,6126.830050972576,147.0439212233418
75,2019-12-31,2394.1377404373966,57.459305770497515
75,2020-01-31,2419.7231108433707,58.07335466024091
75,2020-02-29,5209.786208220605,125.03486899729452
75,2020-03-31,6003.904429611416,144.09370631067398
75,2020-04-30,1012.377711254997,24.29706507011993
75,2020-05-31,6469.711220751271,155.27306929803052
75,2020-06-30,1652.3212360576795,39.65570966538431
75,2020-07-31,4080.34602208875,97.92830453013
75,2020-08-31,4565.842108066018,109.58021059358445
75,2020-09-30,1058.6346763734016,25.407232232961636
75,2020-10-31,3440.1806335443134,82.56433520506351
75,2020-11-30,3423.6473258167625,82.1675358196023
75,2020-12-31,1919.4006493775985,46.06561558506236
75,2021-01-31,3018.085387403721,72.4340492976893
75,2021-02-28,1461.7124308812918,35.081098341151005
75,2021-03-31,2112.8741172346067,50.70897881363056
75,2021-04-30,1692.2487404336198,40.613969770406875
75,2021-05-31,4969.043337111795,119.25704009068309
75,2021-06-30,3245.8794789041604,77.90110749369985
75,2021-07-31,2283.604757555858,54.806514181340596
75,2021-08-31,1401.6592557787949,33.63982213869107
75,2021-09-30,2030.4671997539015,48.73121279409364
75,2021-10-31,3424.1096352981704,82.17863124715609
75,2021-11-30,4983.759554477068,119.61022930744966
75,2021-12-31,2369.9735004679446,56.87936401123067
75,2022-01-31,2531.8549549292375,60.764518918301704
75,2022-02-28,1170.9556373194982,28.102935295667958
75,2022-03-31,2926.3511906281196,70.23242857507486
75,2022-04-30,5388.201288394554,129.3168309214693
75,2022-05-31,4050.6678967642965,97.21602952234312
75,2022-06-30,3674.0291326877896,88.17669918450694
75,2022-07-31,4380.292565417114,105.12702157001075
75,2022-08-31,2146.9304369841625,51.5263304876199
75,2022-09-30,1909.865328999074,45.83676789597778
75,2022-10-31,2536.482372157792,60.87557693178701
75,2022-11-30,2467.48643045943,59.21967433102632
75,2022-12-31,4620.725396235535,110.89740950965285
75,2023-01-31,4375.400740949161,105.00961778277987
75,2023-02-28,3440.7974517735825,82.57913884256597
75,2023-03-31,1764.9343341501756,42.35842401960422
75,2023-04-30,1755.7261109788399,42.13742666349216
75,2023-05-31,2902.845405542843,69.66828973302822
75,2023-06-30,986.0456859613084,23.665096463071404
75,2023-07-31,6314.233589476879,151.5416061474451
75,2023-08-31,2539.2050827042362,60.94092198490167
75,2023-09-30,5180.179765048359,124.3243143611606
75,2023-10-31,3424.1178981412845,82.17882955539082
75,2023-11-30,1880.6332189828606,45.13519725558865
75,2023-12-31,2654.4785058256957,63.7074841398167
76,2019-01-31,1942.2068249702606,18.645185519714502
76,2019-02-28,4929.27431471712,47.321033421284355
76,2019-03-31,5313.1219500175675,51.00597072016865
76,2019-04-30,3656.866908145138,35.10592231819332
76,2019-05-31,3329.7973857625466,31.966054903320444
76,2019-06-30,958.9023746090055,9.205462796246453
76,2019-07-31,3262.737975477428,31.32228456458331
76,2019-08-31,4362.187862486991,41.87700347987512
76,2019-09-30,2929.310166163909,28.121377595173524
76,2019-10-31,2127.3395640786744,20.42245981515527
76,2019-11-30,1427.4417437941238,13.703440740423588
76,2019-12-31,1497.7636676094917,14.378531209051122
76,2020-01-31,3125.523580298572,30.00502637086629
76,2020-02-29,2544.4407060189474,24.426630777781895
76,2020-03-31,5934.604407500493,56.97220231200473
76,2020-04-30,3787.1267700380495,36.356416992365276
76,2020-05-31,1921.7653576388907,18.44894743333335
76,2020-06-30,3423.7036306792124,32.86755485452044
76,2020-07-31,1994.1347515432408,19.143693614815113
76,2020-08-31,3956.3922364189293,37.98136546962172
76,2020-09-30,5698.948500573905,54.70990560550948
76,2020-10-31,2483.302921991197,23.83970805111549
76,2020-11-30,4957.193553283784,47.58905811152433
76,2020-12-31,5098.7881916909955,48.948366640233566
76,2021-01-31,2721.5422741240436,26.126805831590815
76,2021-02-28,3200.0117908464254,30.720113192125684
76,2021-03-31,2769.2672666602853,26.584965759938736
76,2021-04-30,2923.4138534154185,28.06477299278802
76,2021-05-31,4165.610934760288,39.989864973698765
76,2021-06-30,2224.2814621477,21.35310203661792
76,2021-07-31,1440.499343825341,13.828793700723274
76,2021-08-31,2529.4218202051943,24.282449473969862
76,2021-09-30,1964.8187822060054,18.862260309177653
76,2021-10-31,915.8928727816475,8.792571578703814
76,2021-11-30,4536.878475363459,43.554033363489204
76,2021-12-31,3908.7265743520848,37.52377511378001
76,2022-01-31,4032.210678989986,38.70922251830387
76,2022-02-28,1600.9955073951342,15.369556870993286
76,2022-03-31,2434.789680384903,23.37398093169507
76,2022-04-30,4095.4288525629618,39.31611698460443
76,2022-05-31,3208.641699126302,30.802960311612495
76,2022-06-30,1808.4920774080579,17.361523943117355
76,2022-07-31,2557.4260597868606,24.551290173953863
76,2022-08-31,1102.4832444781307,10.583839146990055
76,2022-09-30,1686.0250455888186,16.185840437652658
76,2022-10-31,1491.8464083170666,14.321725519843836
76,2022-11-30,694.3438030725969,6.66570050949693
76,2022-12-31,1573.6689525376614,15.107221944361548
76,2023-01-31,2101.524442284668,20.174634645932816
76,2023-02-28,2742.3705645150585,26.32675741934456
76,2023-03-31,2698.3515012219177,25.904174411730406
76,2023-04-30,2791.373017595069,26.797180968912663
76,2023-05-31,1999.2369952132492,19.19267515404719
76,2023-06-30,1337.5167330079903,12.840160636876709
76,2023-07-31,4850.6340031966665,46.566086430687996
76,2023-08-31,1954.0744333629675,18.759114560284488
76,2023-09-30,981.3271539025596,9.420740677464572
76,2023-10-31,5837.957685087109,56.044393776836245
76,2023-11-30,1496.7719794874813,14.369011003079821
76,2023-12-31,2784.833352174424,26.73440018087447
77,2019-01-31,2160.437486510981,34.5669997841757
77,2019-02-28,3328.054934392885,53.24887895028617
77,2019-03-31,2335.877656931086,37.37404251089738
77,2019-04-30,1596.263543435085,25.540216694961362
77,2019-05-31,4417.947628234286,70.68716205174859
77,2019-06-30,1470.1025193403657,23.521640309445857
77,2019-07-31,1105.181576034948,17.68290521655917
77,2019-08-31,1410.8655352062863,22.573848563300583
77,2019-09-30,3222.8496844524607,51.565594951239376
77,2019-10-31,1629.195613925488,26.067129822807814
77,2019-11-30,3789.0426678287026,60.624682685259245
77,2019-12-31,5573.67544649609,89.17880714393746
77,2020-01-31,4572.815784278277,73.16505254845242
77,2020-02-29,860.2474595122641,13.763959352196228
77,2020-03-31,2367.542276880711,37.88067643009138
77,2020-04-30,2885.422918836176,46.166766701378826
77,2020-05-31,2800.1797823628167,44.802876517805075
77,2020-06-30,1885.1861380934008,30.162978209494412
77,2020-07-31,1932.8213516320673,30.925141626113078
77,2020-08-31,3485.4805150439183,55.7676882407027
77,2020-09-30,2624.147570047478,41.98636112075965
77,2020-10-31,1507.1013849571843,24.113622159314954
77,2020-11-30,1592.2428996753838,25.47588639480614
77,2020-12-31,2572.7475269781876,41.163960431651006
77,2021-01-31,1787.2311530152929,28.595698448244686
77,2021-02-28,1198.0310064440766,19.168496103105227
77,2021-03-31,5690.728108415882,91.05164973465412
77,2021-04-30,2215.035067752073,35.44056108403316
77,2021-05-31,2458.9799092320864,39.34367854771339
77,2021-06-30,2805.5522438029907,44.88883590084786
77,2021-07-31,2026.2091978392746,32.4193471654284
77,2021-08-31,3580.283424695016,57.284534795120265
77,2021-09-30,3044.2063253251827,48.707301205202924
77,2021-10-31,1581.9617793085558,25.311388468936897
77,2021-11-30,2579.369967626748,41.26991948202797
77,2021-12-31,2057.8993285666165,32.92638925706587
77,2022-01-31,3488.890009452552,55.822240151240834
77,2022-02-28,1963.3636972828908,31.41381915652626
77,2022-03-31,5719.428745257442,91.51085992411907
77,2022-04-30,3714.122855999028,59.42596569598445
77,2022-05-31,3203.0707509357617,51.24913201497219
77,2022-06-30,2735.090029404496,43.76144047047194
77,2022-07-31,2433.5707389364275,38.93713182298284
77,2022-08-31,3260.179766184616,52.162876258953865
77,2022-09-30,1826.7358440420392,29.227773504672626
77,2022-10-31,6135.962228134291,98.17539565014867
77,2022-11-30,2444.7329746511637,39.11572759441862
77,2022-12-31,6387.586940708206,102.20139105133131
77,2023-01-31,2163.068291913667,34.60909267061867
77,2023-02-28,4228.826131901402,67.66121811042244
77,2023-03-31,4319.762048391366,69.11619277426188
77,2023-04-30,4869.4113077374805,77.91058092379969
77,2023-05-31,1971.2112549180765,31.539380078689227
77,2023-06-30,5505.385623547609,88.08616997676175
77,2023-07-31,1976.662292016622,31.626596672265954
77,2023-08-31,1453.819867210277,23.261117875364434
77,2023-09-30,4464.139606300407,71.4262337008065
77,2023-10-31,4635.252991932384,74.16404787091815
77,2023-11-30,2974.5414026041035,47.59266244166565
77,2023-12-31,5490.449965453837,87.8471994472614
78,2019-01-31,4095.7870782144755,26.213037300572644
78,2019-02-28,4282.699954505776,27.409279708836966
78,2019-03-31,1631.9751340257076,10.44464085776453
78,2019-04-30,1597.7385264301856,10.225526569153189
78,2019-05-31,3158.6473991305247,20.215343354435362
78,2019-06-30,1995.6865345352503,12.772393821025602
78,2019-07-31,2709.6624328465814,17.341839570218124
78,2019-08-31,3893.3628403836615,24.917522178455435
78,2019-09-30,3565.441783167629,22.818827412272825
78,2019-10-31,3671.6039216464915,23.498265098537544
78,2019-11-30,1361.1292188608516,8.711227000709451
78,2019-12-31,2961.0697792655815,18.950846587299722
78,2020-01-31,1984.1631340450663,12.698644057888426
78,2020-02-29,845.1511609720135,5.408967430220887
78,2020-03-31,2337.6858906453035,14.961189700129943
78,2020-04-30,2151.451893338744,13.769292117367963
78,2020-05-31,4020.6098334430317,25.731902934035404
78,2020-06-30,2095.733251146563,13.412692807338003
78,2020-07-31,3570.537837000331,22.85144215680212
78,2020-08-31,2685.4435768458143,17.186838891813213
78,2020-09-30,3723.91063516115,23.83302806503136
78,2020-10-31,1485.5880698474912,9.507763647023943
78,2020-11-30,2989.5130441120855,19.132883482317347
78,2020-12-31,1554.2263095518542,9.947048381131868
78,2021-01-31,4263.464546168777,27.286173095480173
78,2021-02-28,927.0481976526489,5.933108464976954
78,2021-03-31,4577.426723846567,29.295531032618033
78,2021-04-30,4446.124698416983,28.455198069868693
78,2021-05-31,2260.963695173317,14.470167649109229
78,2021-06-30,1880.7031115171217,12.036499913709578
78,2021-07-31,1182.3376196482777,7.566960765748978
78,2021-08-31,2114.378600560169,13.532023043585083
78,2021-09-30,2734.1284739446337,17.49842223324566
78,2021-10-31,1893.006494157486,12.115241562607913
78,2021-11-30,2164.1471774712873,13.850541935816242
78,2021-12-31,2999.525785009069,19.19696502405804
78,2022-01-31,3356.0638037959598,21.478808344294144
78,2022-02-28,2017.0102055835466,12.9088653157347
78,2022-03-31,4791.95567764314,30.668516336916095
78,2022-04-30,2054.835848980789,13.15094943347705
78,2022-05-31,2075.84409947343,13.285402236629952
78,2022-06-30,758.6556055875997,4.855395875760639
78,2022-07-31,7291.294284488151,46.664283420724175
78,2022-08-31,6423.521866792864,41.11053994747434
78,2022-09-30,2417.3762470711677,15.471207981255473
78,2022-10-31,3475.9152177597225,22.245857393662224
78,2022-11-30,3776.1254566929706,24.167202922835013
78,2022-12-31,4881.772974243384,31.243347035157655
78,2023-01-31,3494.677202283458,22.365934094614133
78,2023-02-28,6621.2196478357555,42.37580574614884
78,2023-03-31,2883.6001284157255,18.455040821860646
78,2023-04-30,5353.117846578217,34.259954218100596
78,2023-05-31,3464.3843383494313,22.17205976543636
78,2023-06-30,4167.850812292548,26.674245198672306
78,2023-07-31,2166.6874734879734,13.866799830323032
78,2023-08-31,4666.040069897382,29.862656447343245
78,2023-09-30,2545.5122626316443,16.291278480842525
78,2023-10-31,3891.6277712742726,24.906417736155348
78,2023-11-30,1836.557003725757,11.753964823844846
78,2023-12-31,2408.037019947094,15.411436927661402
79,2019-01-31,1589.1190020677298,10.17036161323347
79,2019-02-28,4220.283357335401,27.00981348694657
79,2019-03-31,4611.596541016523,29.514217862505745
79,2019-04-30,3201.2861249644625,20.48823119977256
79,2019-05-31,2830.546470794725,18.115497413086242
79,2019-06-30,1866.8401065758621,11.947776682085518
79,2019-07-31,1547.4668238086515,9.90378767237537
79,2019-08-31,2989.7178619329043,19.13419431637059
79,2019-09-30,4811.364608711129,30.792733495751232
79,2019-10-31,3383.4603651512425,21.654146336967955
79,2019-11-30,1491.9406242248092,9.54841999503878
79,2019-12-31,6168.8984185216195,39.48094987853837
79,2020-01-31,1376.9351306056526,8.812384835876179
79,2020-02-29,3391.751339158216,21.707208570612586
79,2020-03-31,1905.9011319889846,12.197767244729501
79,2020-04-30,2921.4460220648334,18.697254541214935
79,2020-05-31,4708.163217601851,30.132244592651848
79,2020-06-30,2445.25957513313,15.649661280852033
79,2020-07-31,2710.2007813479263,17.345285000626728
79,2020-08-31,2127.072441673093,13.613263626707798
79,2020-09-30,4926.792083496414,31.531469334377057
79,2020-10-31,2413.503357941732,15.446421490827085
79,2020-11-30,3613.5913475497005,23.126984624318084
79,2020-12-31,2057.616555066059,13.168745952422777
79,2021-01-31,6635.801558270439,42.46912997293081
79,2021-02-28,6202.577041478094,39.696493065459805
79,2021-03-31,3447.8393581841337,22.06617189237846
79,2021-04-30,3374.7894928359456,21.598652754150052
79,2021-05-31,1734.1363083770113,11.098472373612873
79,2021-06-30,4003.615757717069,25.623140849389245
79,2021-07-31,2524.600209875675,16.157441343204322
79,2021-08-31,1345.2405728338927,8.609539666136913
79,2021-09-30,1549.4325479920135,9.916368307148888
79,2021-10-31,3894.8879196851994,24.927282685985276
79,2021-11-30,1937.2874256036962,12.398639523863658
79,2021-12-31,1456.0173605307423,9.31851110739675
79,2022-01-31,3408.2240596687934,21.81263398188028
79,2022-02-28,2527.6560230477044,16.176998547505306
79,2022-03-31,4878.321495888062,31.221257573683598
79,2022-04-30,4528.96127147365,28.985352137431363
79,2022-05-31,4607.873984528931,29.49039350098516
79,2022-06-30,2124.6821985075812,13.59796607044852
79,2022-07-31,1027.0659437300078,6.57322203987205
79,2022-08-31,4107.58062166114,26.288515978631303
79,2022-09-30,4340.964369862425,27.782171967119524
79,2022-10-31,3783.418659212935,24.213879418962787
79,2022-11-30,3695.919133653267,23.65388245538091
79,2022-12-31,2024.1000946643003,12.954240605851524
79,2023-01-31,1260.5087473544663,8.067255983068586
79,2023-02-28,2730.595725531175,17.47581264339952
79,2023-03-31,2003.04988221037,12.819519246146369
79,2023-04-30,4321.1400487342125,27.655296311898958
79,2023-05-31,1918.513111277232,12.278483912174286
79,2023-06-30,3782.7285346143517,24.209462621531852
79,2023-07-31,3477.951191777025,22.258887627372964
79,2023-08-31,1728.1877378502659,11.060401522241703
79,2023-09-30,4058.7551381914036,25.976032884424985
79,2023-10-31,1553.969215409836,9.945402978622951
79,2023-11-30,1781.7545335675109,11.403229014832071
79,2023-12-31,6370.625428615084,40.77200274313654
80,2019-01-31,2680.1311440739532,64.32314745777488
80,2019-02-28,5059.79301638207,121.43503239316969
80,2019-03-31,2131.856444324626,51.16455466379102
80,2019-04-30,2625.1000198362976,63.002400476071145
80,2019-05-31,1311.4234790215553,31.47416349651733
80,2019-06-30,2787.451618613147,66.89883884671552
80,2019-07-31,3207.0611740782538,76.96946817787808
80,2019-08-31,3829.388971353098,91.90533531247435
80,2019-09-30,4184.021873458597,100.41652496300634
80,2019-10-31,1822.0581419577045,43.72939540698491
80,2019-11-30,5309.884517158309,127.43722841179942
80,2019-12-31,3204.0775579473175,76.89786139073563
80,2020-01-31,1318.1226687615203,31.634944050276484
80,2020-02-29,3378.523577275882,81.08456585462116
80,2020-03-31,1242.1319615211644,29.811167076507942
80,2020-04-30,2908.065597512031,69.79357434028874
80,2020-05-31,4924.015306989571,118.17636736774972
80,2020-06-30,1886.1744115491772,45.26818587718025
80,2020-07-31,2685.7197923930307,64.45727501743274
80,2020-08-31,1284.627975807607,30.83107141938257
80,2020-09-30,4639.810818373089,111.35545964095415
80,2020-10-31,4408.928539374676,105.81428494499222
80,2020-11-30,1567.9162316165432,37.629989558797035
80,2020-12-31,3600.8882500214713,86.42131800051531
80,2021-01-31,7357.216981377855,176.5732075530685
80,2021-02-28,2462.8863887290827,59.10927332949799
80,2021-03-31,5113.006972742901,122.71216734582961
80,2021-04-30,4920.783866586206,118.09881279806895
80,2021-05-31,4284.473873821901,102.82737297172564
80,2021-06-30,1974.4276924667904,47.38626461920297
80,2021-07-31,1540.1144865637878,36.962747677530906
80,2021-08-31,3090.864183495478,74.18074040389146
80,2021-09-30,1866.1479798597654,44.787551516634366
80,2021-10-31,2105.6066739471994,50.534560174732796
80,2021-11-30,7127.280895019407,171.05474148046574
80,2021-12-31,1741.8772557891477,41.805054138939546
80,2022-01-31,4301.076466304647,103.22583519131152
80,2022-02-28,1606.069074692623,38.545657792622954
80,2022-03-31,2110.443285330961,50.650638847943064
80,2022-04-30,1867.7266683947755,44.825440041474614
80,2022-05-31,1890.201062863897,45.36482550873353
80,2022-06-30,4220.35015940761,101.28840382578264
80,2022-07-31,3366.1309297288285,80.78714231349188
80,2022-08-31,2685.899759311319,64.46159422347165
80,2022-09-30,2433.3999597940438,58.401599035057046
80,2022-10-31,3642.64872951801,87.42356950843224
80,2022-11-30,2854.1824106045397,68.50037785450895
80,2022-12-31,3351.8451423052575,80.44428341532618
80,2023-01-31,3172.1303336188366,76.13112800685208
80,2023-02-28,3416.7787298992926,82.00268951758302
80,2023-03-31,2707.566723943382,64.98160137464116
80,2023-04-30,3182.4371861058016,76.37849246653924
80,2023-05-31,1691.0399618466888,40.58495908432054
80,2023-06-30,1509.2110314479785,36.22106475475149
80,2023-07-31,2717.4966746540977,65.21992019169834
80,2023-08-31,1584.4764617312335,38.027435081549605
80,2023-09-30,2635.7177246067204,63.25722539056129
80,2023-10-31,2743.4641232746535,65.8431389585917
80,2023-11-30,1263.389053017274,30.321337272414574
80,2023-12-31,1319.754208323864,31.67410099977274
81,2019-01-31,2673.3292470305096,17.10930718099526
81,2019-02-28,2617.166805497632,16.749867555184846
81,2019-03-31,2629.051706522826,16.82593092174609
81,2019-04-30,3814.778357788088,24.414581489843766
81,2019-05-31,6820.534995525036,43.65142397136023
81,2019-06-30,3979.724051392126,25.470233928909607
81,2019-07-31,1454.185797618111,9.306789104755913
81,2019-08-31,7128.243949903213,45.620761279380574
81,2019-09-30,4674.948291188506,29.919669063606445
81,2019-10-31,2044.400543789322,13.08416348025166
81,2019-11-30,2589.202515343405,16.570896098197796
81,2019-12-31,1615.695801079081,10.34045312690612
81,2020-01-31,2839.102161272917,18.170253832146667
81,2020-02-29,4815.350026404001,30.81824016898561
81,2020-03-31,2636.100613881007,16.871043928838443
81,2020-04-30,3017.670359235467,19.31309029910699
81,2020-05-31,3623.9997594997603,23.19359846079847
81,2020-06-30,2702.5883193117834,17.296565243595417
81,2020-07-31,2895.9010230606305,18.533766547588037
81,2020-08-31,6218.937023616825,39.80119695114768
81,2020-09-30,1463.9352252203219,9.36918544141006
81,2020-10-31,2918.2521567058825,18.676813802917646
81,2020-11-30,2227.5207460516467,14.25613277473054
81,2020-12-31,2096.88525817874,13.420065652343936
81,2021-01-31,5317.199494607354,34.03007676548707
81,2021-02-28,2143.8531365142144,13.720660073690972
81,2021-03-31,2815.119379814918,18.016764030815477
81,2021-04-30,5541.488254562781,35.46552482920179
81,2021-05-31,5190.504799696282,33.21923071805621
81,2021-06-30,2353.619135273397,15.063162465749745
81,2021-07-31,2512.9660380577375,16.08298264356952
81,2021-08-31,2246.438215479733,14.377204579070293
81,2021-09-30,2905.9046490867786,18.597789754155382
81,2021-10-31,2153.9314928819936,13.785161554444759
81,2021-11-30,2945.5734737367457,18.851670231915175
81,2021-12-31,3070.0798803666585,19.648511234346614
81,2022-01-31,2976.888242838665,19.052084754167456
81,2022-02-28,3763.628115146176,24.087219936935526
81,2022-03-31,3934.7912881309767,25.18266424403825
81,2022-04-30,2469.203375382793,15.802901602449877
81,2022-05-31,3366.7308846857713,21.547077661988936
81,2022-06-30,1244.6832448589437,7.965972767097241
81,2022-07-31,2612.829341014998,16.72210778249599
81,2022-08-31,1902.4624686780749,12.17575979953968
81,2022-09-30,2350.8305198969424,15.045315327340433
81,2022-10-31,4716.774221133171,30.187355015252294
81,2022-11-30,2305.544369930209,14.75548396755334
81,2022-12-31,4170.792547566032,26.693072304422607
81,2023-01-31,1836.206649199764,11.751722554878489
81,2023-02-28,4070.5795316826557,26.051709002768998
81,2023-03-31,4138.507461209847,26.48644775174302
81,2023-04-30,3485.477525665455,22.30705616425891
81,2023-05-31,3752.361599359619,24.015114235901564
81,2023-06-30,5122.970135408877,32.78700886661681
81,2023-07-31,4101.2924332368775,26.248271572716018
81,2023-08-31,5481.240151681495,35.07993697076157
81,2023-09-30,3736.815298815656,23.915617912420203
81,2023-10-31,2998.333326965255,19.189333292577633
81,2023-11-30,3633.1629203852985,23.252242690465913
81,2023-12-31,4498.08885296165,28.787768658954565
82,2019-01-31,4886.437819978799,78.18300511966079
82,2019-02-28,4638.924239298399,74.22278782877439
82,2019-03-31,3093.2573852140704,49.49211816342513
82,2019-04-30,5299.055452971581,84.78488724754531
82,2019-05-31,2657.657059787397,42.52251295659835
82,2019-06-30,2239.056972046281,35.824911552740495
82,2019-07-31,2118.7196681969453,33.899514691151126
82,2019-08-31,5320.978397713359,85.13565436341375
82,2019-09-30,3201.674676551304,51.22679482482087
82,2019-10-31,3156.300295481587,50.5008047277054
82,2019-11-30,4777.263173939984,76.43621078303975
82,2019-12-31,4290.499103194967,68.64798565111947
82,2020-01-31,2120.763764198734,33.93222022717975
82,2020-02-29,2737.4239425199125,43.7987830803186
82,2020-03-31,4900.08800386303,78.4014080618085
82,2020-04-30,1516.306047216443,24.26089675546309
82,2020-05-31,3593.974817792183,57.50359708467494
82,2020-06-30,1504.2722493537224,24.068355989659562
82,2020-07-31,2050.7397801723555,32.81183648275769
82,2020-08-31,3199.7804338174496,51.1964869410792
82,2020-09-30,1582.7589283370326,25.324142853392527
82,2020-10-31,1153.9258603714047,18.462813765942478
82,2020-11-30,4677.145089402864,74.83432143044584
82,2020-12-31,2580.401079532591,41.28641727252146
82,2021-01-31,2913.6027532417847,46.61764405186856
82,2021-02-28,4541.772050917767,72.66835281468427
82,2021-03-31,3899.8400034365677,62.39744005498509
82,2021-04-30,1988.152434353124,31.810438949649985
82,2021-05-31,4894.501985045533,78.31203176072853
82,2021-06-30,1590.3929527266146,25.446287243625836
82,2021-07-31,1205.3916392196818,19.28626622751491
82,2021-08-31,3425.0317798274255,54.80050847723882
82,2021-09-30,2106.359591859472,33.70175346975156
82,2021-10-31,2957.139955142424,47.31423928227878
82,2021-11-30,1449.1794267882722,23.186870828612356
82,2021-12-31,4399.539734118479,70.39263574589567
82,2022-01-31,2756.1010748437234,44.09761719749958
82,2022-02-28,2439.003612051158,39.02405779281853
82,2022-03-31,4269.644312281047,68.31430899649676
82,2022-04-30,2919.5637810072176,46.71302049611548
82,2022-05-31,3303.1164672293876,52.849863475670205
82,2022-06-30,2135.3079543131357,34.16492726901017
82,2022-07-31,2121.984831738887,33.95175730782219
82,2022-08-31,2086.3135398444565,33.38101663751131
82,2022-09-30,2999.3218973494177,47.98915035759069
82,2022-10-31,3445.1712159764197,55.12273945562272
82,2022-11-30,1845.1207180057477,29.521931488091965
82,2022-12-31,2770.0516731139264,44.32082676982283
82,2023-01-31,2571.889786695341,41.15023658712546
82,2023-02-28,2381.826477384162,38.109223638146595
82,2023-03-31,1572.0960255063833,25.153536408102134
82,2023-04-30,6720.118756555747,107.52190010489194
82,2023-05-31,4606.742340611877,73.70787744979003
82,2023-06-30,2114.1915703792583,33.82706512606814
82,2023-07-31,2145.7834682290954,34.33253549166553
82,2023-08-31,2265.216288532875,36.243460616526
82,2023-09-30,3990.282900703924,63.84452641126279
82,2023-10-31,3321.8287610402417,53.14926017664388
82,2023-11-30,1949.01278311699,31.18420452987184
82,2023-12-31,5215.738578259667,83.45181725215468
83,2019-01-31,1633.4170960841411,26.13467353734626
83,2019-02-28,2504.908841536334,40.07854146458135
83,2019-03-31,1178.3366888436594,18.853387021498552
83,2019-04-30,2991.8004268025206,47.86880682884034
83,2019-05-31,1929.8911829663564,30.878258927461708
83,2019-06-30,3428.437310244339,54.85499696390943
83,2019-07-31,3856.177635279653,61.69884216447445
83,2019-08-31,2824.9344282492075,45.19895085198732
83,2019-09-30,1809.4714423427533,28.951543077484054
83,2019-10-31,1266.365946622404,20.261855145958464
83,2019-11-30,2242.730553107579,35.88368884972127
83,2019-12-31,2698.7304146163224,43.17968663386117
83,2020-01-31,2677.2674982891667,42.83627997262668
83,2020-02-29,3716.7644586405286,59.468231338248465
83,2020-03-31,1140.743681685403,18.251898906966453
83,2020-04-30,1865.1541030558196,29.842465648893114
83,2020-05-31,3728.6641794227316,59.65862687076372
83,2020-06-30,5686.324999744113,90.98119999590581
83,2020-07-31,2575.6783721379866,41.21085395420779
83,2020-08-31,3524.057535995014,56.38492057592023
83,2020-09-30,3066.8307164908238,49.06929146385318
83,2020-10-31,2508.527861401332,40.13644578242131
83,2020-11-30,4167.23867361129,66.67581877778065
83,2020-12-31,1608.1787718485182,25.730860349576297
83,2021-01-31,5645.878435596825,90.3340549695492
83,2021-02-28,4628.093566853142,74.04949706965027
83,2021-03-31,5826.301630772383,93.22082609235814
83,2021-04-30,4544.892481515213,72.71827970424341
83,2021-05-31,3245.408703082737,51.92653924932379
83,2021-06-30,2318.140505710936,37.090248091374974
83,2021-07-31,5462.429141773486,87.39886626837578
83,2021-08-31,6335.915993748453,101.37465589997525
83,2021-09-30,1802.4925682282874,28.8398810916526
83,2021-10-31,2079.5546660037885,33.272874656060615
83,2021-11-30,3944.2564885990346,63.10810381758456
83,2021-12-31,1825.4681274319455,29.207490038911132
83,2022-01-31,1236.5001084257333,19.78400173481174
83,2022-02-28,2541.2323080500432,40.6597169288007
83,2022-03-31,5646.658968055935,90.34654348889495
83,2022-04-30,1530.8115491731724,24.492984786770762
83,2022-05-31,1472.1488053254982,23.554380885207973
83,2022-06-30,3779.000265883804,60.46400425414087
83,2022-07-31,2283.694824933113,36.539117198929816
83,2022-08-31,5203.413435835174,83.25461497336279
83,2022-09-30,1511.1323772215064,24.178118035544106
83,2022-10-31,2131.907106440268,34.11051370304428
83,2022-11-30,2477.6431769351693,39.642290830962715
83,2022-12-31,2430.8236556381353,38.893178490210175
83,2023-01-31,1613.1234561108088,25.80997529777294
83,2023-02-28,3422.7441118818306,54.763905790109305
83,2023-03-31,4381.153834054793,70.09846134487671
83,2023-04-30,5724.134507613706,91.5861521218193
83,2023-05-31,2009.4298669582972,32.15087787133276
83,2023-06-30,4975.788720403395,79.61261952645432
83,2023-07-31,2023.457472515533,32.37531956024853
83,2023-08-31,1681.335327581746,26.901365241307936
83,2023-09-30,2089.010547792836,33.424168764685376
83,2023-10-31,2462.03748570023,39.392599771203685
83,2023-11-30,4268.679663565182,68.29887461704293
83,2023-12-31,3759.3551121750857,60.149681794801374
84,2019-01-31,3965.6422402343414,63.450275843749466
84,2019-02-28,1878.8543959154802,30.061670334647687
84,2019-03-31,1631.4794009727561,26.103670415564096
84,2019-04-30,1547.665156909025,24.762642510544403
84,2019-05-31,1319.7679980732878,21.116287969172607
84,2019-06-30,3456.199584480146,55.299193351682334
84,2019-07-31,2824.1854194755656,45.18696671160905
84,2019-08-31,1808.535811521241,28.93657298433986
84,2019-09-30,3717.5808461313004,59.48129353810081
84,2019-10-31,3386.1489924247435,54.1783838787959
84,2019-11-30,2308.012043572716,36.92819269716345
84,2019-12-31,3492.306848744488,55.87690957991181
84,2020-01-31,4659.211174878334,74.54737879805334
84,2020-02-29,3503.192594413997,56.05108151062396
84,2020-03-31,1266.4074720878273,20.26251955340524
84,2020-04-30,3132.855218253215,50.125683492051444
84,2020-05-31,3037.5317413689363,48.60050786190298
84,2020-06-30,2533.02047481898,40.52832759710368
84,2020-07-31,2489.1448121678536,39.82631699468566
84,2020-08-31,2159.831117708971,34.557297883343544
84,2020-09-30,1025.134362018552,16.402149792296836
84,2020-10-31,1726.3231456849005,27.62117033095841
84,2020-11-30,2291.1388649410114,36.65822183905618
84,2020-12-31,5068.632608906346,81.09812174250155
84,2021-01-31,5772.870617780523,92.36592988448838
84,2021-02-28,4031.8096293327376,64.5089540693238
84,2021-03-31,2977.055653516544,47.632890456264704
84,2021-04-30,4222.449261254354,67.55918818006967
84,2021-05-31,2059.132140162174,32.94611424259479
84,2021-06-30,5830.843047571976,93.29348876115164
84,2021-07-31,3040.3399038823345,48.64543846211736
84,2021-08-31,2507.1314449516385,40.11410311922623
84,2021-09-30,790.7230377821793,12.651568604514871
84,2021-10-31,1020.903067907459,16.334449086519346
84,2021-11-30,1349.5200384082905,21.59232061453265
84,2021-12-31,3448.0792575468586,55.16926812074975
84,2022-01-31,5609.319202869673,89.74910724591479
84,2022-02-28,1750.073633859022,28.001178141744358
84,2022-03-31,4274.195115146435,68.38712184234296
84,2022-04-30,2062.7863100215486,33.00458096034478
84,2022-05-31,2638.390810918192,42.21425297469108
84,2022-06-30,4273.426969586554,68.37483151338488
84,2022-07-31,4506.896931414067,72.11035090262509
84,2022-08-31,4702.361790646962,75.23778865035139
84,2022-09-30,3115.487554783836,49.847800876541385
84,2022-10-31,2664.080706982598,42.625291311721575
84,2022-11-30,3354.0143978981932,53.6642303663711
84,2022-12-31,2844.52957155956,45.51247314495296
84,2023-01-31,4389.739376302221,70.23583002083554
84,2023-02-28,2207.76208329673,35.324193332747676
84,2023-03-31,2375.6008917768672,38.00961426842988
84,2023-04-30,3135.0894804101326,50.161431686562125
84,2023-05-31,1328.4401202859394,21.255041924575032
84,2023-06-30,3675.041098270447,58.80065757232716
84,2023-07-31,1638.3369096995457,26.213390555192735
84,2023-08-31,5514.30887232528,88.22894195720448
84,2023-09-30,2865.277193155737,45.8444350904918
84,2023-10-31,945.9062269913842,15.134499631862148
84,2023-11-30,2774.3253911617685,44.3892062585883
84,2023-12-31,1537.5153978082915,24.600246364932666
85,2019-01-31,5067.1480383062735,32.42974744516015
85,2019-02-28,1912.545654616752,12.240292189547214
85,2019-03-31,1670.3102162444698,10.689985383964606
85,2019-04-30,4954.387619885737,31.70808076726872
85,2019-05-31,3147.1461687242613,20.141735479835276
85,2019-06-30,3537.092893704289,22.637394519707453
85,2019-07-31,977.6454151693707,6.256930657083974
85,2019-08-31,1691.13102768913,10.823238577210432
85,2019-09-30,4889.283317349222,31.291413231035023
85,2019-10-31,4153.7880867742515,26.584243755355217
85,2019-11-30,2830.484257745662,18.11509924957224
85,2019-12-31,1891.1058397714924,12.103077374537554
85,2020-01-31,1760.4403096167794,11.26681798154739
85,2020-02-29,2134.6022495656457,13.661454397220133
85,2020-03-31,3227.7359461525616,20.657510055376395
85,2020-04-30,1297.517982613098,8.304115088723828
85,2020-05-31,1232.6722933898448,7.889102677695007
85,2020-06-30,3507.690877772988,22.449221617747128
85,2020-07-31,3282.739231979783,21.009531084670613
85,2020-08-31,2682.425506922177,17.167523244301936
85,2020-09-30,2293.0940076008337,14.675801648645336
85,2020-10-31,2074.6432512136535,13.277716807767384
85,2020-11-30,1969.2192636114794,12.603003287113468
85,2020-12-31,4013.0161037813423,25.68330306420059
85,2021-01-31,2204.6065581235853,14.109481971990945
85,2021-02-28,1391.5104044779882,8.905666588659127
85,2021-03-31,4499.195147367681,28.79484894315316
85,2021-04-30,2168.446374078955,13.878056794105314
85,2021-05-31,3236.2955962115957,20.712291815754213
85,2021-06-30,1604.582296359993,10.269326696703956
85,2021-07-31,2336.4216013521336,14.953098248653658
85,2021-08-31,4372.325650086197,27.982884160551663
85,2021-09-30,1703.2641090976438,10.90089029822492
85,2021-10-31,4681.399739681785,29.960958333963426
85,2021-11-30,1087.087235481143,6.957358307079315
85,2021-12-31,5815.1898931240175,37.21721531599372
85,2022-01-31,900.2485987778975,5.761591032178544
85,2022-02-28,5641.547860472969,36.105906307027
85,2022-03-31,1712.983522919702,10.963094546686094
85,2022-04-30,6148.248564051442,39.348790809929234
85,2022-05-31,1835.4931299043667,11.747156031387949
85,2022-06-30,4488.525348062778,28.72656222760178
85,2022-07-31,4273.327492835944,27.349295954150048
85,2022-08-31,3944.0262845204406,25.241768220930823
85,2022-09-30,4211.063234747963,26.950804702386968
85,2022-10-31,3132.871730427651,20.05037907473697
85,2022-11-30,6827.479883077316,43.695871251694825
85,2022-12-31,1079.3607861798503,6.907909031551043
85,2023-01-31,2495.8689438020374,15.973561240333039
85,2023-02-28,2921.1926775155016,18.695633136099215
85,2023-03-31,5131.667250235332,32.842670401506126
85,2023-04-30,1931.4837318853176,12.361495884066034
85,2023-05-31,926.1150376392895,5.927136240891453
85,2023-06-30,4321.065171996217,27.65481710077579
85,2023-07-31,2514.009450406244,16.089660482599964
85,2023-08-31,3321.2694601271396,21.256124544813698
85,2023-09-30,6760.463250838347,43.26696480536543
85,2023-10-31,2495.046036192727,15.968294631633453
85,2023-11-30,2448.970478330971,15.673411061318214
85,2023-12-31,828.4402327180508,5.302017489395524
86,2019-01-31,1703.383007699394,16.35247687391418
86,2019-02-28,3243.7472747232555,31.139973837343252
86,2019-03-31,1036.0332598277846,9.945919294346732
86,2019-04-30,4815.663062293933,46.23036539802176
86,2019-05-31,4316.233189406401,41.43583861830145
86,2019-06-30,3131.9625488950496,30.066840469392478
86,2019-07-31,6033.436247172742,57.92098797285833
86,2019-08-31,1560.4972544033055,14.980773642271732
86,2019-09-30,2516.2477783430204,24.155978672092992
86,2019-10-31,4079.8547147578643,39.1666052616755
86,2019-11-30,2953.0818911811893,28.349586155339416
86,2019-12-31,4501.141002649002,43.21095362543042
86,2020-01-31,1966.023081987935,18.873821587084176
86,2020-02-29,2602.2986851942314,24.98206737786462
86,2020-03-31,1428.9417816172609,13.717841103525702
86,2020-04-30,4771.643053715418,45.80777331566802
86,2020-05-31,1059.825207425679,10.174321991286519
86,2020-06-30,3763.49653379378,36.129566724420286
86,2020-07-31,3688.1227725063404,35.40597861606087
86,2020-08-31,6662.947842405006,63.96429928708805
86,2020-09-30,2364.8083877007903,22.702160521927585
86,2020-10-31,4070.865853097883,39.08031218973968
86,2020-11-30,2485.716060966752,23.86287418528082
86,2020-12-31,2514.1812546271594,24.136140044420728
86,2021-01-31,1364.977768520651,13.10378657779825
86,2021-02-28,1718.2775269008484,16.495464258248145
86,2021-03-31,3657.9482891658336,35.116303575992
86,2021-04-30,2924.610089794938,28.07625686203141
86,2021-05-31,2319.0388024845656,22.26277250385183
86,2021-06-30,3713.0654885102877,35.64542868969876
86,2021-07-31,2937.86243473563,28.20347937346205
86,2021-08-31,5400.867789409126,51.848330778327615
86,2021-09-30,5571.405132363297,53.485489270687644
86,2021-10-31,2406.4818878026263,23.10222612290521
86,2021-11-30,3725.8491688544145,35.76815202100237
86,2021-12-31,2274.5617362323296,21.835792667830365
86,2022-01-31,3963.2928189092604,38.0476110615289
86,2022-02-28,2322.221817210633,22.293329445222078
86,2022-03-31,6002.038536654455,57.619569951882774
86,2022-04-30,2334.781574717925,22.413903117292083
86,2022-05-31,2610.2038369302177,25.057956834530085
86,2022-06-30,3247.218352163315,31.173296180767824
86,2022-07-31,4183.293748166487,40.15961998239826
86,2022-08-31,4844.421471700308,46.506446128322956
86,2022-09-30,2824.3931829324174,27.114174556151205
86,2022-10-31,4608.1307228472615,44.238054939333715
86,2022-11-30,5385.587877496242,51.701643623963925
86,2022-12-31,3367.916070943179,32.33199428105452
86,2023-01-31,2675.163780767528,25.681572295368266
86,2023-02-28,2964.5461735517124,28.45964326609644
86,2023-03-31,3730.9394575527135,35.81701879250605
86,2023-04-30,1480.204244440742,14.209960746631122
86,2023-05-31,1837.5087153856648,17.64008366770238
86,2023-06-30,2109.6769360754192,20.252898586324026
86,2023-07-31,1633.9166670862685,15.685600004028176
86,2023-08-31,1933.3693218702556,18.560345489954454
86,2023-09-30,1118.4228271481352,10.736859140622096
86,2023-10-31,2201.9929723499986,21.139132534559987
86,2023-11-30,2178.288890561468,20.911573349390096
86,2023-12-31,5137.04104736466,49.31559405470073
87,2019-01-31,4999.0129878122725,47.990524682997815
87,2019-02-28,2307.513442987514,22.152129052680134
87,2019-03-31,1937.7561704200846,18.602459236032814
87,2019-04-30,2905.615309966566,27.89390697567904
87,2019-05-31,1062.715371023519,10.202067561825784
87,2019-06-30,2185.195137419376,20.97787331922601
87,2019-07-31,4943.427218564533,47.45690129821952
87,2019-08-31,3367.51269686659,32.32812188991926
87,2019-09-30,2688.300554958219,25.807685327598904
87,2019-10-31,3398.528310706695,32.625871782784266
87,2019-11-30,2305.4612265020523,22.132427774419703
87,2019-12-31,1419.3735213253121,13.625985804722996
87,2020-01-31,3170.461777102545,30.43643306018443
87,2020-02-29,3966.136084733209,38.074906413438804
87,2020-03-31,4843.169289131814,46.49442517566541
87,2020-04-30,2007.1251835404842,19.26840176198865
87,2020-05-31,4008.2455790353442,38.47915755873931
87,2020-06-30,3192.3008654866053,30.64608830867141
87,2020-07-31,2651.883594009313,25.458082502489404
87,2020-08-31,2378.505669520946,22.83365442740108
87,2020-09-30,7147.229547956495,68.61340366038235
87,2020-10-31,4451.891623528654,42.73815958587508
87,2020-11-30,2379.6775360779684,22.8449043463485
87,2020-12-31,2643.1646100504895,25.374380256484702
87,2021-01-31,800.5921445618771,7.685684587794021
87,2021-02-28,1995.78711532139,19.159556307085346
87,2021-03-31,2161.7809703360726,20.753097315226295
87,2021-04-30,3379.9019906449025,32.44705911019106
87,2021-05-31,1308.8113746272934,12.564589196422016
87,2021-06-30,4563.880661849815,43.813254353758225
87,2021-07-31,4726.272529378777,45.37221628203627
87,2021-08-31,922.5317405560157,8.856304709337751
87,2021-09-30,4919.1692662720125,47.22402495621133
87,2021-10-31,5848.412100184838,56.144756161774446
87,2021-11-30,2476.4123687221313,23.77355873973246
87,2021-12-31,1782.2579044475028,17.109675882696028
87,2022-01-31,1626.8938644614582,15.618181098829997
87,2022-02-28,3067.170751670765,29.444839216039348
87,2022-03-31,5474.357438348272,52.55383140814342
87,2022-04-30,2070.4428568952007,19.876251426193924
87,2022-05-31,1253.0090833439024,12.028887200101464
87,2022-06-30,2535.9155195187386,24.34478898737989
87,2022-07-31,3194.792319411519,30.670006266350583
87,2022-08-31,2867.507453372753,27.528071552378428
87,2022-09-30,2178.4724601444823,20.913335617387034
87,2022-10-31,5006.933764621607,48.066564140367426
87,2022-11-30,7021.375674024155,67.40520647063188
87,2022-12-31,1784.0757662513422,17.127127356012885
87,2023-01-31,2395.154464474167,22.993482858952003
87,2023-02-28,2294.321089980953,22.02548246381715
87,2023-03-31,4402.898029842316,42.26782108648623
87,2023-04-30,3666.391316567141,35.19735663904455
87,2023-05-31,2207.482095743806,21.191828119140535
87,2023-06-30,3599.3981750769626,34.55422248073884
87,2023-07-31,2097.620552685235,20.137157305778256
87,2023-08-31,7184.136918933074,68.96771442175752
87,2023-09-30,3643.2891257495817,34.975575607195985
87,2023-10-31,2666.234698593085,25.595853106493614
87,2023-11-30,2994.2267358153103,28.744576663826983
87,2023-12-31,2470.8079392401582,23.71975621670552
88,2019-01-31,2335.6097508864873,56.0546340212757
88,2019-02-28,2114.9738704332044,50.75937289039691
88,2019-03-31,4613.394604944491,110.7214705186678
88,2019-04-30,1357.533226566777,32.58079743760265
88,2019-05-31,6361.971112267238,152.6873066944137
88,2019-06-30,1203.8527132697461,28.892465118473904
88,2019-07-31,1662.4357721826977,39.898458532384744
88,2019-08-31,987.8540241397463,23.708496579353916
88,2019-09-30,4277.784216818184,102.66682120363643
88,2019-10-31,1053.0917402101834,25.274201765044403
88,2019-11-30,1421.288818928239,34.110931654277735
88,2019-12-31,6808.313093270331,163.39951423848794
88,2020-01-31,891.2826555353856,21.390783732849258
88,2020-02-29,1588.717678650577,38.12922428761385
88,2020-03-31,3547.6376735235503,85.14330416456521
88,2020-04-30,5455.493774866619,130.93185059679885
88,2020-05-31,2148.8133346607747,51.5715200318586
88,2020-06-30,1526.2918384577722,36.63100412298653
88,2020-07-31,2659.813536512005,63.83552487628812
88,2020-08-31,1636.8939133125677,39.28545391950163
88,2020-09-30,5389.035963774068,129.33686313057763
88,2020-10-31,3691.702941461072,88.60087059506573
88,2020-11-30,1578.0787983966975,37.87389116152074
88,2020-12-31,1892.2531480974326,45.414075554338375
88,2021-01-31,3496.7263552329914,83.9214325255918
88,2021-02-28,2514.2012701892318,60.340830484541556
88,2021-03-31,5403.585233218671,129.6860455972481
88,2021-04-30,1672.577386321452,40.14185727171485
88,2021-05-31,4409.743537607975,105.83384490259138
88,2021-06-30,2450.2149183317674,58.80515803996242
88,2021-07-31,4986.962687999289,119.68710451198294
88,2021-08-31,1905.7284021846544,45.737481652431704
88,2021-09-30,2536.793145494666,60.88303549187199
88,2021-10-31,4252.064150847365,102.04953962033677
88,2021-11-30,6895.1936702681305,165.48464808643513
88,2021-12-31,1594.1846975334215,38.260432740802116
88,2022-01-31,1958.2284274146784,46.997482257952285
88,2022-02-28,3261.0426229894715,78.26502295174733
88,2022-03-31,4440.828833082355,106.57989199397652
88,2022-04-30,1509.1799094488877,36.220317826773304
88,2022-05-31,5890.009486154395,141.36022766770546
88,2022-06-30,3920.318883990931,94.08765321578235
88,2022-07-31,3037.631238545098,72.90314972508234
88,2022-08-31,4372.984810976787,104.95163546344288
88,2022-09-30,1324.5597470140947,31.789433928338276
88,2022-10-31,1980.7158009937575,47.53717922385018
88,2022-11-30,1947.2774569154067,46.734658965969764
88,2022-12-31,2787.9270804905127,66.91024993177231
88,2023-01-31,5367.726686988343,128.82544048772024
88,2023-02-28,4585.960211122502,110.06304506694005
88,2023-03-31,2058.0829081931884,49.393989796636525
88,2023-04-30,3365.092097212256,80.76221033309415
88,2023-05-31,2568.3377102885083,61.640105046924205
88,2023-06-30,1878.78825696343,45.090918167122325
88,2023-07-31,2599.4934628567075,62.38784310856098
88,2023-08-31,2362.933129319072,56.710395103657724
88,2023-09-30,1870.1991314085894,44.88477915380614
88,2023-10-31,4480.406886532893,107.52976527678943
88,2023-11-30,1821.219015520502,43.70925637249204
88,2023-12-31,2197.461936385879,52.7390864732611
89,2019-01-31,3334.1093725279143,80.01862494066994
89,2019-02-28,1997.6192845286128,47.94286282868671
89,2019-03-31,4865.301717503334,116.76724122008001
89,2019-04-30,3102.780208525227,74.46672500460544
89,2019-05-31,4915.997518420452,117.98394044209086
89,2019-06-30,814.4336547672547,19.546407714414112
89,2019-07-31,2700.430169249957,64.81032406199897
89,2019-08-31,7188.357777096244,172.52058665030987
89,2019-09-30,2168.5764491927375,52.045834780625704
89,2019-10-31,3277.1130724502045,78.65071373880492
89,2019-11-30,4394.161084661884,105.45986603188523
89,2019-12-31,2706.3157875192333,64.9515789004616
89,2020-01-31,2623.8071749353803,62.97137219844913
89,2020-02-29,1435.7215669185143,34.45731760604435
89,2020-03-31,4016.401898866857,96.39364557280457
89,2020-04-30,2827.2217163654304,67.85332119277034
89,2020-05-31,2651.206705156805,63.62896092376332
89,2020-06-30,2538.640213584471,60.9273651260273
89,2020-07-31,1110.8054551532027,26.659330923676865
89,2020-08-31,4027.051037018494,96.64922488844387
89,2020-09-30,4226.1106762280215,101.42665622947251
89,2020-10-31,2196.799063744442,52.7231775298666
89,2020-11-30,4188.96606979718,100.53518567513233
89,2020-12-31,1386.0282088395475,33.264677012149136
89,2021-01-31,3827.1612192222647,91.85186926133436
89,2021-02-28,4633.993262739851,111.21583830575642
89,2021-03-31,4359.152164134235,104.61965193922164
89,2021-04-30,2909.629654741637,69.83111171379929
89,2021-05-31,1682.8963903749354,40.38951336899845
89,2021-06-30,2207.027861398096,52.968668673554305
89,2021-07-31,3358.5614701296117,80.60547528311068
89,2021-08-31,3947.580528941231,94.74193269458955
89,2021-09-30,1655.5084887441312,39.73220372985915
89,2021-10-31,2983.9858929132606,71.61566142991825
89,2021-11-30,3495.9214153677995,83.9021139688272
89,2021-12-31,1475.4737306374013,35.41136953529763
89,2022-01-31,6419.623336970527,154.07096008729263
89,2022-02-28,2343.7603032620036,56.25024727828809
89,2022-03-31,2445.6586780309917,58.695808272743804
89,2022-04-30,3078.6455275507224,73.88749266121734
89,2022-05-31,2797.4003888445127,67.13760933226831
89,2022-06-30,5055.033214368919,121.32079714485407
89,2022-07-31,4293.641807758167,103.047403386196
89,2022-08-31,4574.480045874256,109.78752110098215
89,2022-09-30,5359.3267328128095,128.62384158750743
89,2022-10-31,3591.504740267503,86.19611376642008
89,2022-11-30,4188.72453572307,100.52938885735371
89,2022-12-31,3141.177539747096,75.3882609539303
89,2023-01-31,3670.8434948837794,88.10024387721072
89,2023-02-28,3331.232047558603,79.94956914140646
89,2023-03-31,2270.153352661034,54.48368046386482
89,2023-04-30,3381.23872211058,81.14972933065393
89,2023-05-31,3001.185484768834,72.02845163445201
89,2023-06-30,5526.114771133649,132.62675450720758
89,2023-07-31,1114.1399924757804,26.739359819418734
89,2023-08-31,2661.4005898554565,63.873614156530955
89,2023-09-30,3922.954338294995,94.1509041190799
89,2023-10-31,5437.768748697243,130.50644996873382
89,2023-11-30,4035.590830964379,96.8541799431451
89,2023-12-31,3328.5439877196973,79.88505570527273
90,2019-01-31,7349.8885077165905,117.59821612346546
90,2019-02-28,3181.351696130171,50.901627138082745
90,2019-03-31,3773.2144527036435,60.37143124325829
90,2019-04-30,1663.3107321829991,26.61297171492799
90,2019-05-31,2498.532973405308,39.97652757448493
90,2019-06-30,2999.912150971948,47.998594415551175
90,2019-07-31,3132.5106439731117,50.120170303569786
90,2019-08-31,2109.3618141940347,33.749789027104555
90,2019-09-30,2128.159525646187,34.050552410338994
90,2019-10-31,3208.460459275051,51.335367348400816
90,2019-11-30,1549.9567773565811,24.799308437705303
90,2019-12-31,3005.8965951739833,48.09434552278374
90,2020-01-31,5898.118680735383,94.36989889176614
90,2020-02-29,3426.6809686522242,54.82689549843559
90,2020-03-31,3136.546011410644,50.184736182570305
90,2020-04-30,1575.3108311231426,25.204973297970284
90,2020-05-31,6665.093151308155,106.64149042093048
90,2020-06-30,2621.8262635953142,41.94922021752503
90,2020-07-31,721.9819928404715,11.551711885447546
90,2020-08-31,4212.108172786608,67.39373076458573
90,2020-09-30,2577.5149067930897,41.24023850868944
90,2020-10-31,3108.110574886893,49.7297691981903
90,2020-11-30,1985.4474987865808,31.767159980585298
90,2020-12-31,3059.997128401429,48.95995405442287
90,2021-01-31,3401.3961102815615,54.42233776450499
90,2021-02-28,4640.977080784525,74.25563329255242
90,2021-03-31,1504.552186633086,24.072834986129376
90,2021-04-30,1903.1441735458268,30.450306776733232
90,2021-05-31,5335.590632145473,85.36945011432759
90,2021-06-30,2801.1298793145843,44.81807806903335
90,2021-07-31,3788.9562181399538,60.62329949023927
90,2021-08-31,4375.446116716298,70.00713786746078
90,2021-09-30,1517.6352259816867,24.28216361570699
90,2021-10-31,2524.3745467806193,40.38999274848991
90,2021-11-30,6500.8718499067845,104.01394959850857
90,2021-12-31,2903.467929799183,46.45548687678693
90,2022-01-31,1186.3656144279794,18.981849830847672
90,2022-02-28,1957.9657674141401,31.327452278626243
90,2022-03-31,3158.7865047864125,50.540584076582604
90,2022-04-30,2184.2335031551775,34.94773605048284
90,2022-05-31,7213.583756797274,115.41734010875639
90,2022-06-30,2973.7616139232277,47.580185822771654
90,2022-07-31,1418.0731823361284,22.689170917378057
90,2022-08-31,1958.5009141545174,31.33601462647228
90,2022-09-30,5847.035761304733,93.55257218087573
90,2022-10-31,3963.427062147608,63.41483299436174
90,2022-11-30,1990.755983338533,31.852095733416533
90,2022-12-31,2083.892978636246,33.342287658179934
90,2023-01-31,971.4781923950454,15.543651078320728
90,2023-02-28,1666.940673080558,26.671050769288936
90,2023-03-31,1597.706003366169,25.563296053858707
90,2023-04-30,4974.025294272393,79.58440470835829
90,2023-05-31,1739.0029953316343,27.82404792530615
90,2023-06-30,2046.5910927425741,32.74545748388119
90,2023-07-31,3695.133494698193,59.12213591517109
90,2023-08-31,2806.345835278082,44.90153336444932
90,2023-09-30,2970.527588097074,47.52844140955318
90,2023-10-31,3613.71078140572,57.81937250249152
90,2023-11-30,2573.142708575249,41.17028333720398
90,2023-12-31,2086.106036311779,33.37769658098846
91,2019-01-31,2796.503275004925,44.7440524000788
91,2019-02-28,1934.6071188936219,30.953713902297956
91,2019-03-31,2713.5142115179124,43.4162273842866
91,2019-04-30,1497.8883509311331,23.96621361489813
91,2019-05-31,4743.9460255689955,75.90313640910395
91,2019-06-30,2304.112006576415,36.865792105222646
91,2019-07-31,2479.173324189206,39.6667731870273
91,2019-08-31,5354.185523783558,85.66696838053694
91,2019-09-30,1992.1995620037374,31.8751929920598
91,2019-10-31,2011.550493218419,32.18480789149471
91,2019-11-30,3752.077384295514,60.03323814872823
91,2019-12-31,4980.0905187514145,79.68144830002265
91,2020-01-31,5100.617671461943,81.60988274339111
91,2020-02-29,2099.563689191355,33.59301902706168
91,2020-03-31,2000.3436162729124,32.0054978603666
91,2020-04-30,1924.6819127284407,30.794910603655058
91,2020-05-31,2906.522410810939,46.50435857297503
91,2020-06-30,1516.1606543633288,24.258570469813264
91,2020-07-31,6183.256833690749,98.93210933905199
91,2020-08-31,1761.4283794990502,28.182854071984806
91,2020-09-30,1343.7847939560215,21.500556703296343
91,2020-10-31,3948.0349895183103,63.16855983229298
91,2020-11-30,1490.154014098837,23.842464225581395
91,2020-12-31,4242.0580563643325,67.87292890182933
91,2021-01-31,1853.5049005592386,29.65607840894782
91,2021-02-28,3277.4467453502784,52.43914792560446
91,2021-03-31,2960.336405588414,47.36538248941463
91,2021-04-30,5180.015255782855,82.88024409252569
91,2021-05-31,4482.361834463285,71.71778935141256
91,2021-06-30,2443.081679722064,39.089306875553035
91,2021-07-31,1881.406600682713,30.10250561092341
91,2021-08-31,3339.944467004018,53.4391114720643
91,2021-09-30,5578.461834346145,89.25538934953835
91,2021-10-31,1494.0154212953928,23.904246740726286
91,2021-11-30,2590.732612239919,41.45172179583871
91,2021-12-31,3943.435379720359,63.09496607552575
91,2022-01-31,1567.5787977040684,25.081260763265096
91,2022-02-28,2078.9074152508997,33.2625186440144
91,2022-03-31,2172.6060704787687,34.761697127660305
91,2022-04-30,3880.1430052530895,62.08228808404944
91,2022-05-31,2924.682931470188,46.79492690352302
91,2022-06-30,1518.0998929284217,24.28959828685475
91,2022-07-31,6654.528997313964,106.47246395702344
91,2022-08-31,1864.3871811330985,29.830194898129577
91,2022-09-30,2038.9092200418663,32.62254752066986
91,2022-10-31,3310.506909004399,52.968110544070385
91,2022-11-30,2217.2954635421006,35.47672741667361
91,2022-12-31,3278.0737001788207,52.44917920286114
91,2023-01-31,3224.756909475889,51.59611055161423
91,2023-02-28,1052.3101408249186,16.836962253198703
91,2023-03-31,3986.3065163810134,63.780904262096215
91,2023-04-30,3929.0379073278,62.86460651724481
91,2023-05-31,4202.981440141426,67.24770304226283
91,2023-06-30,1612.3874662444332,25.798199459910933
91,2023-07-31,1763.8850710576876,28.222161136923003
91,2023-08-31,918.550974312479,14.696815588999664
91,2023-09-30,1651.9031981021874,26.430451169635003
91,2023-10-31,4623.288903080701,73.97262244929122
91,2023-11-30,2388.940328770047,38.22304526032075
91,2023-12-31,2522.3278534336946,40.35724565493912
92,2019-01-31,2603.104875947528,24.98980680909627
92,2019-02-28,1943.6610039400593,18.65914563782457
92,2019-03-31,4070.6391492656967,39.078135832950686
92,2019-04-30,2643.7527071809877,25.38002598893748
92,2019-05-31,2833.114474194722,27.19789895226933
92,2019-06-30,4189.456222099063,40.218779732151
92,2019-07-31,1590.3127498536255,15.267002398594805
92,2019-08-31,754.4242389640083,7.242472694054479
92,2019-09-30,2097.7274489396,20.13818350982016
92,2019-10-31,5214.455685475152,50.05877458056146
92,2019-11-30,4594.6922810331525,44.109045897918264
92,2019-12-31,1912.6428608781591,18.361371464430327
92,2020-01-31,4142.74664717797,39.77036781290851
92,2020-02-29,2759.7846449439694,26.4939325914621
92,2020-03-31,4690.242844265851,45.02633130495217
92,2020-04-30,5968.4166697949095,57.29680003003113
92,2020-05-31,3027.1461018284654,29.060602577553265
92,2020-06-30,3745.665032203907,35.9583843091575
92,2020-07-31,3600.676236005525,34.56649186565304
92,2020-08-31,2909.086557366754,27.927230950720837
92,2020-09-30,5256.113138298946,50.45868612766988
92,2020-10-31,1263.2114349849728,12.126829775855738
92,2020-11-30,1345.5502371209336,12.917282276360964
92,2020-12-31,5420.082233605661,52.032789442614344
92,2021-01-31,1519.5384632370556,14.587569247075734
92,2021-02-28,1847.5735991346046,17.7367065516922
92,2021-03-31,1479.7709272338484,14.205800901444944
92,2021-04-30,1223.6169537294802,11.746722755803011
92,2021-05-31,3368.792289231156,32.340405976619095
92,2021-06-30,2863.0776902292237,27.485545826200546
92,2021-07-31,4028.0811344579606,38.66957889079642
92,2021-08-31,4610.496817208548,44.260769445202065
92,2021-09-30,1813.9533164865454,17.413951838270837
92,2021-10-31,2520.230447422873,24.194212295259582
92,2021-11-30,2447.1563711304707,23.492701162852516
92,2021-12-31,3893.995038905902,37.38235237349666
92,2022-01-31,975.5920087176089,9.365683283689046
92,2022-02-28,4686.36500035044,44.989104003364226
92,2022-03-31,2037.992354649181,19.56472660463214
92,2022-04-30,6056.912466668232,58.146359680015024
92,2022-05-31,4065.5858697047124,39.02962434916524
92,2022-06-30,2434.9244292257135,23.375274520566848
92,2022-07-31,5360.453320005009,51.46035187204809
92,2022-08-31,1991.3559130812578,19.117016765580075
92,2022-09-30,3524.372191893886,33.833973042181306
92,2022-10-31,2216.5588811495577,21.278965259035754
92,2022-11-30,2050.6227058718964,19.685977976370204
92,2022-12-31,5458.705577278068,52.40357354186944
92,2023-01-31,2481.441364594454,23.82183710010676
92,2023-02-28,5393.785496246687,51.7803407639682
92,2023-03-31,2082.2225721237533,19.989336692388033
92,2023-04-30,1452.9311804934541,13.94813933273716
92,2023-05-31,1446.7024317736289,13.888343345026838
92,2023-06-30,1946.4190993767068,18.685623354016386
92,2023-07-31,6929.000313035962,66.51840300514523
92,2023-08-31,2366.362102428812,22.717076183316593
92,2023-09-30,2195.2164043836283,21.07407748208283
92,2023-10-31,4976.523238814845,47.77462309262251
92,2023-11-30,2106.8823270922935,20.22607034008602
92,2023-12-31,3525.443728339467,33.844259792058885
93,2019-01-31,2460.6779808034953,59.0562715392839
93,2019-02-28,1759.7290004185472,42.23349601004514
93,2019-03-31,2666.113121085057,63.98671490604137
93,2019-04-30,5539.674409222181,132.95218582133234
93,2019-05-31,2818.0561623606172,67.63334789665481
93,2019-06-30,3336.0099836392333,80.0642396073416
93,2019-07-31,2990.302712127245,71.76726509105387
93,2019-08-31,2753.818766052816,66.09165038526758
93,2019-09-30,6865.503409250745,164.77208182201787
93,2019-10-31,4350.471076896876,104.41130584552504
93,2019-11-30,3311.292831368212,79.47102795283708
93,2019-12-31,2060.89861635413,49.46156679249913
93,2020-01-31,4540.4564612458435,108.97095506990024
93,2020-02-29,1365.7312654830243,32.77755037159258
93,2020-03-31,2878.8709971053936,69.09290393052945
93,2020-04-30,4065.4688851191167,97.5712532428588
93,2020-05-31,2470.150878560425,59.28362108545021
93,2020-06-30,3013.917972750901,72.33403134602162
93,2020-07-31,6292.383968262004,151.0172152382881
93,2020-08-31,4719.591546227616,113.27019710946279
93,2020-09-30,1480.4930745986721,35.53183379036813
93,2020-10-31,3480.343582862255,83.52824598869411
93,2020-11-30,2856.268257575145,68.55043818180349
93,2020-12-31,1475.2794398216972,35.40670655572073
93,2021-01-31,5284.882107472317,126.83717057933562
93,2021-02-28,3209.6658470454854,77.03198032909165
93,2021-03-31,1084.150978117036,26.019623474808864
93,2021-04-30,3096.465209948813,74.31516503877153
93,2021-05-31,6494.809499989149,155.87542799973957
93,2021-06-30,2540.81834937402,60.97964038497647
93,2021-07-31,1152.274634679817,27.654591232315607
93,2021-08-31,3627.2396760622205,87.0537522254933
93,2021-09-30,1978.2825334920424,47.478780803809016
93,2021-10-31,6168.780240106234,148.0507257625496
93,2021-11-30,3159.1032391397466,75.81847773935391
93,2021-12-31,2051.739089338135,49.24173814411524
93,2022-01-31,911.3019817405843,21.871247561774023
93,2022-02-28,1137.8240936808836,27.307778248341208
93,2022-03-31,1459.5389858603862,35.028935660649275
93,2022-04-30,1616.708554981931,38.80100531956635
93,2022-05-31,6430.224176027101,154.32538022465044
93,2022-06-30,3878.046549381374,93.07311718515298
93,2022-07-31,3909.943414899001,93.83864195757603
93,2022-08-31,3944.6564127774527,94.67175390665886
93,2022-09-30,1144.338139526786,27.464115348642867
93,2022-10-31,3002.228621322888,72.05348691174932
93,2022-11-30,1426.59566369348,34.238295928643524
93,2022-12-31,3472.7125763948115,83.34510183347548
93,2023-01-31,2202.5249132286185,52.86059791748685
93,2023-02-28,1690.852991828009,40.58047180387222
93,2023-03-31,4875.2922436686895,117.00701384804854
93,2023-04-30,2648.975981739997,63.575423561759926
93,2023-05-31,3492.083205110379,83.80999692264909
93,2023-06-30,2058.496213506807,49.40390912416337
93,2023-07-31,3430.2177458974356,82.32522590153847
93,2023-08-31,3407.6591484762553,81.78381956343013
93,2023-09-30,2725.0062626976414,65.40015030474339
93,2023-10-31,3434.331713419431,82.42396112206633
93,2023-11-30,3900.305135963854,93.6073232631325
93,2023-12-31,2706.4620761198194,64.95508982687566
94,2019-01-31,1144.5169456281235,27.468406695074965
94,2019-02-28,2773.131250766996,66.5551500184079
94,2019-03-31,4528.54757690326,108.68514184567826
94,2019-04-30,2328.636749063125,55.88728197751501
94,2019-05-31,6138.565718242812,147.3255772378275
94,2019-06-30,2507.0954960556783,60.17029190533628
94,2019-07-31,1358.878927177438,32.61309425225851
94,2019-08-31,5396.308074869778,129.51139379687467
94,2019-09-30,5120.677214192118,122.89625314061084
94,2019-10-31,3390.0030523249143,81.36007325579794
94,2019-11-30,2258.8465584578953,54.21231740298949
94,2019-12-31,1181.9469269023566,28.366726245656558
94,2020-01-31,1511.1378628885827,36.26730870932599
94,2020-02-29,1996.3066277308308,47.91135906553995
94,2020-03-31,4039.3794297340055,96.94510631361614
94,2020-04-30,3039.288582254466,72.94292597410717
94,2020-05-31,6175.795991417731,148.21910379402556
94,2020-06-30,6723.583802547757,161.36601126114618
94,2020-07-31,3036.733738328178,72.88160971987627
94,2020-08-31,2535.906776987245,60.86176264769388
94,2020-09-30,2168.496645033942,52.043919480814615
94,2020-10-31,1838.6761809962743,44.128228343910585
94,2020-11-30,5790.727571323241,138.9774617117578
94,2020-12-31,2748.746322582842,65.96991174198821
94,2021-01-31,1755.8339618966477,42.14001508551954
94,2021-02-28,1137.7714907346333,27.306515777631198
94,2021-03-31,1539.0833882755792,36.9380013186139
94,2021-04-30,2007.0598748736509,48.169436996967626
94,2021-05-31,2581.6448911527614,61.959477387666276
94,2021-06-30,3300.040290961055,79.20096698306531
94,2021-07-31,2197.0855457640655,52.730053098337564
94,2021-08-31,4155.930066655898,99.74232159974156
94,2021-09-30,4934.236574272352,118.42167778253646
94,2021-10-31,1898.0155566325802,45.55237335918192
94,2021-11-30,1428.3036590681436,34.27928781763545
94,2021-12-31,5639.844246685481,135.35626192045154
94,2022-01-31,2209.095714160796,53.0182971398591
94,2022-02-28,2948.1081847814294,70.7545964347543
94,2022-03-31,2987.5176756498763,71.70042421559702
94,2022-04-30,5623.705568814463,134.96893365154713
94,2022-05-31,4256.849427241396,102.16438625379351
94,2022-06-30,1387.285944248581,33.294862661965944
94,2022-07-31,1461.0757316626627,35.065817559903905
94,2022-08-31,1470.167259812364,35.284014235496734
94,2022-09-30,2784.725290780571,66.8334069787337
94,2022-10-31,3681.896200906126,88.36550882174701
94,2022-11-30,5024.514461628791,120.58834707909098
94,2022-12-31,4967.382407602024,119.21717778244857
94,2023-01-31,3697.634428563405,88.74322628552171
94,2023-02-28,3990.359352767466,95.7686244664192
94,2023-03-31,3289.3268817200037,78.9438451612801
94,2023-04-30,2975.469819166483,71.41127565999558
94,2023-05-31,1275.7679628445692,30.61843110826966
94,2023-06-30,3908.2408129831165,93.7977795115948
94,2023-07-31,1159.4763171964069,27.827431612713767
94,2023-08-31,3824.969977820437,91.7992794676905
94,2023-09-30,1946.7657214362166,46.7223773144692
94,2023-10-31,2423.6499985224914,58.16759996453979
94,2023-11-30,4758.569113800867,114.20565873122081
94,2023-12-31,1707.4268278664047,40.97824386879371
95,2019-01-31,2173.9114194780896,20.86954962698966
95,2019-02-28,2628.052470142761,25.22930371337051
95,2019-03-31,2836.353345436168,27.22899211618721
95,2019-04-30,4144.4077497046255,39.7863143971644
95,2019-05-31,5186.418376721348,49.78961641652494
95,2019-06-30,5529.2410286753375,53.08071387528324
95,2019-07-31,1829.218476213598,17.56049737165054
95,2019-08-31,1764.3664757362271,16.93791816706778
95,2019-09-30,1609.8136082633355,15.45421063932802
95,2019-10-31,1686.2758687438804,16.188248339941254
95,2019-11-30,4146.868790085307,39.80994038481895
95,2019-12-31,1995.5631380356863,19.15740612514259
95,2020-01-31,3916.740455503301,37.60070837283169
95,2020-02-29,1958.9852734430385,18.80625862505317
95,2020-03-31,3256.4183604354084,31.261616260179917
95,2020-04-30,2461.6990246329947,23.63231063647675
95,2020-05-31,1289.9393893397896,12.38341813766198
95,2020-06-30,967.6943049525642,9.289865327544616
95,2020-07-31,4252.223608241454,40.821346639117955
95,2020-08-31,3849.2867281961,36.953152590682556
95,2020-09-30,2737.05040131553,26.27568385262909
95,2020-10-31,2024.0300871012078,19.430688836171594
95,2020-11-30,2780.7999446682315,26.695679468815023
95,2020-12-31,6261.1762520582715,60.107292019759406
95,2021-01-31,2341.5486173881336,22.478866726926082
95,2021-02-28,1016.3183954627093,9.756656596442008
95,2021-03-31,4267.945496182058,40.97227676334776
95,2021-04-30,1840.1416801796572,17.66536012972471
95,2021-05-31,1534.6569601704023,14.73270681763586
95,2021-06-30,2423.8540356881967,23.268998742606687
95,2021-07-31,2550.019963180562,24.480191646533395
95,2021-08-31,1023.650688884122,9.82704661328757
95,2021-09-30,2099.0541195448127,20.1509195476302
95,2021-10-31,3136.6744769696325,30.11207497890847
95,2021-11-30,829.5356079449544,7.963541836271563
95,2021-12-31,1312.3758637855735,12.598808292341506
95,2022-01-31,2548.8806666970027,24.469254400291224
95,2022-02-28,2302.2495196904993,22.10159538902879
95,2022-03-31,2712.820202335548,26.043073942421263
95,2022-04-30,3304.9359835388523,31.727385441972977
95,2022-05-31,2317.1655943050664,22.24478970532864
95,2022-06-30,3591.4552722936905,34.477970614019426
95,2022-07-31,2953.258230991089,28.351279017514454
95,2022-08-31,2655.973298886798,25.497343669313263
95,2022-09-30,3418.997724239053,32.8223781526949
95,2022-10-31,4784.00695571023,45.9264667748182
95,2022-11-30,3463.7819135698956,33.25230637027099
95,2022-12-31,1064.4993559454033,10.219193817075872
95,2023-01-31,2130.959505572679,20.457211253497718
95,2023-02-28,3333.317301094766,31.999846090509752
95,2023-03-31,5454.58018032028,52.36396973107469
95,2023-04-30,1623.7379248295933,15.587884078364098
95,2023-05-31,5699.105879674067,54.71141644487104
95,2023-06-30,2020.8364313044333,19.400029740522562
95,2023-07-31,2633.532443855657,25.28191146101431
95,2023-08-31,3619.5111600930586,34.74730713689336
95,2023-09-30,7086.841155310104,68.033675090977
95,2023-10-31,1834.1284232268854,17.607632862978097
95,2023-11-30,2207.5892226468186,21.192856537409458
95,2023-12-31,2999.1097621664317,28.791453716797747
96,2019-01-31,5040.06147214856,80.64098355437697
96,2019-02-28,2742.7097996662656,43.88335679466025
96,2019-03-31,2991.8041241585015,47.86886598653603
96,2019-04-30,1815.1443719394028,29.04230995103045
96,2019-05-31,4847.1158107269885,77.55385297163183
96,2019-06-30,2841.973404906077,45.47157447849724
96,2019-07-31,3823.511341870987,61.1761814699358
96,2019-08-31,4002.722939760343,64.0435670361655
96,2019-09-30,716.5173450856062,11.464277521369702
96,2019-10-31,6303.9883594691955,100.86381375150714
96,2019-11-30,3353.4014123921543,53.65442259827447
96,2019-12-31,1086.6510564076293,17.38641690252207
96,2020-01-31,4228.061901924963,67.64899043079942
96,2020-02-29,3584.9603039186554,57.35936486269849
96,2020-03-31,5426.730257986575,86.82768412778523
96,2020-04-30,6356.034554878559,101.69655287805695
96,2020-05-31,5422.543753078058,86.76070004924895
96,2020-06-30,2461.9663395846064,39.391461433353705
96,2020-07-31,2509.647110601385,40.15435376962216
96,2020-08-31,2685.0423166293285,42.96067706606926
96,2020-09-30,4839.487662096042,77.43180259353669
96,2020-10-31,2159.430537734075,34.55088860374521
96,2020-11-30,3882.091184683135,62.11345895493017
96,2020-12-31,2444.5782083571457,39.11325133371434
96,2021-01-31,3231.29274556136,51.70068392898177
96,2021-02-28,3630.6295262410695,58.09007241985712
96,2021-03-31,5737.617397178054,91.80187835484885
96,2021-04-30,1024.017788349369,16.38428461358991
96,2021-05-31,5216.519116459339,83.46430586334942
96,2021-06-30,2521.7472065607344,40.347955304971755
96,2021-07-31,3876.820286599031,62.0291245855845
96,2021-08-31,4222.281865311586,67.55650984498538
96,2021-09-30,2861.93098404503,45.79089574472049
96,2021-10-31,6155.30603846031,98.48489661536496
96,2021-11-30,3586.290179528168,57.38064287245069
96,2021-12-31,5279.084274011798,84.46534838418877
96,2022-01-31,1952.2369687378787,31.235791499806062
96,2022-02-28,2434.8657679552853,38.95785228728457
96,2022-03-31,3304.482436686242,52.87171898697988
96,2022-04-30,2823.3086686400693,45.17293869824111
96,2022-05-31,2120.008239915115,33.92013183864185
96,2022-06-30,3522.284412710755,56.356550603372085
96,2022-07-31,2924.5392819817584,46.79262851170814
96,2022-08-31,5859.824801892471,93.75719683027955
96,2022-09-30,2022.8994685238767,32.366391496382036
96,2022-10-31,1929.0070410556973,30.864112656891162
96,2022-11-30,4294.937486320528,68.71899978112845
96,2022-12-31,5885.949106352704,94.17518570164327
96,2023-01-31,1604.7262665326398,25.675620264522237
96,2023-02-28,1066.7387236941163,17.067819579105862
96,2023-03-31,5108.515405971013,81.73624649553622
96,2023-04-30,3394.7206003100696,54.315529604961114
96,2023-05-31,3070.3639733170367,49.12582357307259
96,2023-06-30,2399.271424487778,38.38834279180445
96,2023-07-31,4606.355709785819,73.70169135657311
96,2023-08-31,4237.468155743778,67.79949049190046
96,2023-09-30,2307.098789590931,36.9135806334549
96,2023-10-31,1302.414464022444,20.838631424359107
96,2023-11-30,1541.1474460809743,24.65835913729559
96,2023-12-31,3343.7627429412014,53.50020388705923
97,2019-01-31,1754.5869367143277,16.844034592457543
97,2019-02-28,4618.9304637567675,44.34173245206497
97,2019-03-31,4070.040787106216,39.07239155621968
97,2019-04-30,1415.1061194580486,13.585018746797267
97,2019-05-31,5009.30639313203,48.089341374067494
97,2019-06-30,1917.085846055766,18.404024122135354
97,2019-07-31,5087.1032301860005,48.83619100978561
97,2019-08-31,3568.2549283705025,34.25524731235682
97,2019-09-30,3397.7005745452207,32.61792551563412
97,2019-10-31,2274.7825208440318,21.837912200102704
97,2019-11-30,2239.5351025505333,21.499536984485115
97,2019-12-31,3041.9578498227975,29.202795358298854
97,2020-01-31,2218.713361909106,21.299648274327417
97,2020-02-29,1573.986157389685,15.110267110940978
97,2020-03-31,4012.1935532636194,38.51705811133075
97,2020-04-30,2573.1959404196964,24.702681028029087
97,2020-05-31,4533.481595016365,43.521423312157104
97,2020-06-30,2901.570859321175,27.855080249483276
97,2020-07-31,6648.636266538209,63.826908158766805
97,2020-08-31,4290.049810048416,41.184478176464786
97,2020-09-30,3809.2364386809377,36.568669811337
97,2020-10-31,5308.130098851581,50.95804894897519
97,2020-11-30,1343.5027071939317,12.897625989061742
97,2020-12-31,3578.905348606955,34.35749134662677
97,2021-01-31,2490.644468353126,23.91018689619001
97,2021-02-28,4869.3765497877475,46.746014877962374
97,2021-03-31,2057.841238788527,19.75527589236986
97,2021-04-30,1109.8528446734701,10.654587308865313
97,2021-05-31,4544.700975370224,43.62912936355415
97,2021-06-30,2077.602107093821,19.94498022810068
97,2021-07-31,2345.3481443633327,22.515342185887995
97,2021-08-31,4320.816495313452,41.47983835500914
97,2021-09-30,2889.9282966320493,27.743311647667674
97,2021-10-31,5070.235777082682,48.67426345999375
97,2021-11-30,3706.678393053135,35.584112573310094
97,2021-12-31,5274.911345821442,50.63914891988585
97,2022-01-31,1162.7692639363213,11.162584933788684
97,2022-02-28,2108.701134124348,20.243530887593735
97,2022-03-31,2674.130132224355,25.671649269353807
97,2022-04-30,1954.1191597223533,18.75954393333459
97,2022-05-31,2780.8855816537293,26.696501583875804
97,2022-06-30,4172.100266845448,40.0521625617163
97,2022-07-31,1899.0385936870157,18.23077049939535
97,2022-08-31,3640.903132189565,34.952670069019824
97,2022-09-30,2326.9083904139857,22.33832054797426
97,2022-10-31,1356.4367936938174,13.021793219460648
97,2022-11-30,2934.5347468108826,28.171533569384472
97,2022-12-31,2271.6944731682584,21.80826694241528
97,2023-01-31,2386.4243690688813,22.90967394306126
97,2023-02-28,1534.890810147517,14.734951777416162
97,2023-03-31,2051.4906206421115,19.694309958164272
97,2023-04-30,2790.9397636050007,26.793021730608004
97,2023-05-31,3749.8351736271075,35.99841766682023
97,2023-06-30,2799.4300459219257,26.874528440850483
97,2023-07-31,1947.494085564304,18.69594322141732
97,2023-08-31,4444.092569532316,42.66328866751023
97,2023-09-30,2163.779198351722,20.77228030417653
97,2023-10-31,4810.803197369395,46.183710694746196
97,2023-11-30,3384.3190357874523,32.48946274355954
97,2023-12-31,1528.8831995275555,14.677278715464533
98,2019-01-31,2362.2776429127034,56.69466342990488
98,2019-02-28,3124.071273941654,74.9777105745997
98,2019-03-31,2543.6299468451707,61.0471187242841
98,2019-04-30,4215.315935066667,101.16758244160002
98,2019-05-31,3674.9084601564728,88.19780304375534
98,2019-06-30,899.4211046931259,21.586106512635023
98,2019-07-31,2540.62357844062,60.974965882574885
98,2019-08-31,4954.316565943476,118.90359758264344
98,2019-09-30,1434.1470781141243,34.419529874738984
98,2019-10-31,3221.8759470123355,77.32502272829605
98,2019-11-30,4421.253183864021,106.11007641273652
98,2019-12-31,1882.908627133885,45.189807051213236
98,2020-01-31,3486.142978306197,83.66743147934874
98,2020-02-29,2866.4058461251134,68.79374030700272
98,2020-03-31,4188.027543001574,100.51266103203778
98,2020-04-30,2326.204842971135,55.82891623130725
98,2020-05-31,2768.807509812322,66.45138023549573
98,2020-06-30,5928.858236841657,142.2925976841998
98,2020-07-31,2980.883669118753,71.54120805885007
98,2020-08-31,4941.425120683503,118.59420289640407
98,2020-09-30,1863.6803191393894,44.72832765934535
98,2020-10-31,4838.494509506161,116.12386822814786
98,2020-11-30,1229.9768471833427,29.519444332400226
98,2020-12-31,3044.6972138944793,73.07273313346751
98,2021-01-31,2384.0042585692518,57.21610220566203
98,2021-02-28,1548.3459187338556,37.16030204961253
98,2021-03-31,4203.584389343476,100.88602534424342
98,2021-04-30,1866.3910158055328,44.793384379332785
98,2021-05-31,5232.435657070562,125.57845576969348
98,2021-06-30,4546.349850581086,109.11239641394606
98,2021-07-31,2867.1834494799314,68.81240278751835
98,2021-08-31,1617.4956849468217,38.81989643872372
98,2021-09-30,2896.032169602318,69.50477207045563
98,2021-10-31,1418.5154189802804,34.044370055526734
98,2021-11-30,3783.158524762358,90.7958045942966
98,2021-12-31,4181.541286661871,100.35699087988492
98,2022-01-31,2159.731349046834,51.833552377124015
98,2022-02-28,1530.8644601907226,36.74074704457735
98,2022-03-31,3262.2179616777753,78.29323108026661
98,2022-04-30,4045.7403270443688,97.09776784906485
98,2022-05-31,5008.135885072596,120.19526124174229
98,2022-06-30,1836.8213119326451,44.083711486383486
98,2022-07-31,2850.250936648776,68.40602247957062
98,2022-08-31,1414.0941956779166,33.93826069627
98,2022-09-30,4575.037372089714,109.80089693015314
98,2022-10-31,4038.75858346453,96.93020600314874
98,2022-11-30,1431.445362517013,34.35468870040831
98,2022-12-31,6342.670635850443,152.22409526041062
98,2023-01-31,1128.3340713152475,27.08001771156594
98,2023-02-28,1378.2887018718925,33.078928844925414
98,2023-03-31,991.062073568303,23.785489765639277
98,2023-04-30,1863.6031407231233,44.72647537735496
98,2023-05-31,2368.233294900852,56.83759907762045
98,2023-06-30,2485.176349420851,59.64423238610042
98,2023-07-31,3093.2633883901226,74.23832132136293
98,2023-08-31,2718.962230390436,65.25509352937047
98,2023-09-30,6177.970679481496,148.2712963075559
98,2023-10-31,2915.116875512559,69.96280501230143
98,2023-11-30,4145.355921031415,99.48854210475396
98,2023-12-31,4820.459430024119,115.69102632057883
99,2019-01-31,2277.217957733868,21.861292394245133
99,2019-02-28,6776.673861598483,65.05606907134543
99,2019-03-31,2636.800593171266,25.313285694444158
99,2019-04-30,5784.52518275025,55.5314417544024
99,2019-05-31,4892.089420567489,46.96405843744788
99,2019-06-30,5575.139632750965,53.52134047440926
99,2019-07-31,2927.465283925573,28.1036667256855
99,2019-08-31,3658.8066809275397,35.12454413690438
99,2019-09-30,1666.4098536760162,15.997534595289753
99,2019-10-31,1595.616449212788,15.317917912442764
99,2019-11-30,1976.352234340417,18.972981449668005
99,2019-12-31,3826.9170310700183,36.73840349827218
99,2020-01-31,4606.671472315366,44.22404613422752
99,2020-02-29,3664.5342932822587,35.17952921550968
99,2020-03-31,4084.4092387855835,39.2103286923416
99,2020-04-30,1358.6929164557512,13.043451997975213
99,2020-05-31,2573.200143915852,24.702721381592184
99,2020-06-30,1738.5188965498992,16.689781406879032
99,2020-07-31,2901.179392452418,27.851322167543213
99,2020-08-31,6044.334229441733,58.02560860264064
99,2020-09-30,2371.054677274814,22.762124901838213
99,2020-10-31,4797.53392592742,46.05632568890323
99,2020-11-30,1940.142820157547,18.62537107351245
99,2020-12-31,1350.7755218214513,12.967445009485932
99,2021-01-31,1543.4272295647818,14.816901403821905
99,2021-02-28,3548.678185353531,34.0673105793939
99,2021-03-31,3272.8552241505263,31.419410151845053
99,2021-04-30,1387.3131014123892,13.318205773558935
99,2021-05-31,7425.170644630516,71.28163818845296
99,2021-06-30,3506.421937425885,33.6616505992885
99,2021-07-31,1065.5450776629523,10.22923274556434
99,2021-08-31,2297.7145496718786,22.058059676850036
99,2021-09-30,2788.4039976102463,26.76867837705836
99,2021-10-31,1303.9572992129863,12.517990072444666
99,2021-11-30,6041.541781836023,57.998801105625816
99,2021-12-31,1580.006488714316,15.168062291657431
99,2022-01-31,1370.2203618383362,13.154115473648027
99,2022-02-28,3057.491375740161,29.351917207105547
99,2022-03-31,4893.542173654547,46.97800486708365
99,2022-04-30,1976.4706029427812,18.974117788250698
99,2022-05-31,3607.7862929445555,34.634748412267726
99,2022-06-30,3637.795818129844,34.92283985404651
99,2022-07-31,3102.894820867051,29.78779028032369
99,2022-08-31,3936.3167473124035,37.788640774199074
99,2022-09-30,2686.3159884989127,25.78863348958956
99,2022-10-31,1705.0323653345968,16.368310707212128
99,2022-11-30,1145.3671336539796,10.995524483078205
99,2022-12-31,4502.701144902922,43.225930991068054
99,2023-01-31,2788.0655343956237,26.765429130197987
99,2023-02-28,3247.1012850563534,31.172172336540992
99,2023-03-31,4910.181710372497,47.137744419575974
99,2023-04-30,1362.1854557301117,13.076980375009072
99,2023-05-31,3001.6791929809374,28.816120252617
99,2023-06-30,1122.058345983397,10.771760121440611
99,2023-07-31,2634.2829222002433,25.28911605312234
99,2023-08-31,1527.975407607714,14.668563913034054
99,2023-09-30,1822.3547412803282,17.494605516291152
99,2023-10-31,3478.1943831702897,33.39066607843478
99,2023-11-30,1659.4442967103182,15.930665248419054
99,2023-12-31,2253.117551533624,21.62992849472279
100,2019-01-31,3094.9649113110163,49.519438580976264
100,2019-02-28,5647.516588998543,90.3602654239767
100,2019-03-31,1598.691863154499,25.579069810471985
100,2019-04-30,1510.2457629899418,24.16393220783907
100,2019-05-31,5672.673488552718,90.76277581684349
100,2019-06-30,4399.666911884178,70.39467059014686
100,2019-07-31,2560.1701383505174,40.96272221360828
100,2019-08-31,3476.452000854381,55.623232013670105
100,2019-09-30,1788.2487973545117,28.61198075767219
100,2019-10-31,2768.053124258955,44.288849988143284
100,2019-11-30,5688.395431945943,91.0143269111351
100,2019-12-31,3081.632863042677,49.30612580868283
100,2020-01-31,2674.600335261516,42.79360536418426
100,2020-02-29,6333.1247132636,101.32999541221761
100,2020-03-31,3600.523398678889,57.60837437886224
100,2020-04-30,4689.6333329884765,75.03413332781562
100,2020-05-31,3053.5241649409345,48.85638663905496
100,2020-06-30,2576.1232200382256,41.21797152061161
100,2020-07-31,2662.948024983789,42.60716839974063
100,2020-08-31,4703.762039173237,75.2601926267718
100,2020-09-30,2068.810797371052,33.10097275793684
100,2020-10-31,7086.251318905224,113.38002110248361
100,2020-11-30,3363.4259857352054,53.81481577176329
100,2020-12-31,4503.7175737834,72.0594811805344
100,2021-01-31,1442.6540884961137,23.08246541593782
100,2021-02-28,1925.5840515447685,30.8093448247163
100,2021-03-31,5647.619341732887,90.36190946772619
100,2021-04-30,1928.347544221824,30.853560707549185
100,2021-05-31,1610.722722521398,25.771563560342372
100,2021-06-30,3899.396607268838,62.39034571630141
100,2021-07-31,1786.7270960553933,28.587633536886297
100,2021-08-31,1617.7944325505507,25.884710920808814
100,2021-09-30,2216.026145982183,35.456418335714936
100,2021-10-31,2338.2329464911513,37.41172714385842
100,2021-11-30,4284.318008833216,68.54908814133147
100,2021-12-31,3991.4564268957906,63.86330283033266
100,2022-01-31,5392.040027399433,86.27264043839092
100,2022-02-28,1442.0868399501087,23.07338943920174
100,2022-03-31,2526.3582073686493,40.4217313178984
100,2022-04-30,3711.9925453056635,59.391880724890626
100,2022-05-31,1465.6496969876175,23.450395151801885
100,2022-06-30,4341.905607154036,69.47048971446459
100,2022-07-31,5025.691933577655,80.41107093724249
100,2022-08-31,4820.1490657521645,77.12238505203464
100,2022-09-30,1008.6095429521422,16.137752687234276
100,2022-10-31,5197.795692600993,83.1647310816159
100,2022-11-30,4671.158417694991,74.73853468311987
100,2022-12-31,2779.652312673321,44.47443700277314
100,2023-01-31,2436.2694670863434,38.9803114733815
100,2023-02-28,902.118215605923,14.43389144969477
100,2023-03-31,2090.4222930558894,33.44675668889423
100,2023-04-30,3142.1534688631477,50.274455501810365
100,2023-05-31,5820.290783318314,93.12465253309304
100,2023-06-30,1834.055116584448,29.34488186535117
100,2023-07-31,7071.818416086977,113.14909465739163
100,2023-08-31,3340.4821448021744,53.44771431683479
100,2023-09-30,3558.4842519462236,56.93574803113958
100,2023-10-31,4636.009344868394,74.1761495178943
100,2023-11-30,2745.3207287046525,43.92513165927444
100,2023-12-31,2884.223246164868,46.147571938637896
