Industry_ID,Date,Past_Violation_Count,Inspection_Frequency,Penalty_Last_Year,Audit_Score
1,2019-01-31,2,2,0,92.84934481555126
1,2019-02-28,3,1,0,65.9683443290552
1,2019-03-31,0,2,0,66.37826307258219
1,2019-04-30,5,1,0,78.9943629105387
1,2019-05-31,1,3,0,92.02358864403233
1,2019-06-30,2,3,0,74.96393564254923
1,2019-07-31,1,3,0,90.81637436553402
1,2019-08-31,1,1,1,60.243324568591675
1,2019-09-30,3,1,0,94.92091697671296
1,2019-10-31,1,2,0,82.13070407077528
1,2019-11-30,1,4,0,92.91831425713613
1,2019-12-31,4,3,0,72.22233511144313
1,2020-01-31,0,3,1,69.9372341158113
1,2020-02-29,3,2,1,73.75842036333661
1,2020-03-31,1,4,0,69.78461196288654
1,2020-04-30,2,3,0,63.4011772819769
1,2020-05-31,5,1,0,62.482932094997466
1,2020-06-30,1,3,0,64.44711794281596
1,2020-07-31,3,3,0,86.04149250496904
1,2020-08-31,3,2,0,86.52461386625292
1,2020-09-30,1,3,0,93.2201006056985
1,2020-10-31,3,1,0,92.95126830717838
1,2020-11-30,2,2,0,77.36131090026922
1,2020-12-31,2,4,1,75.01479095812564
1,2021-01-31,1,3,1,83.68694665485062
1,2021-02-28,1,3,1,72.28202543932275
1,2021-03-31,0,1,0,80.34568960293738
1,2021-04-30,1,2,0,61.970614648864306
1,2021-05-31,1,4,0,71.29402358971542
1,2021-06-30,1,2,0,81.70464092305379
1,2021-07-31,3,2,0,92.91861394973841
1,2021-08-31,4,1,0,69.56924751757472
1,2021-09-30,1,3,0,67.25296771528198
1,2021-10-31,3,1,0,84.64279188347282
1,2021-11-30,5,4,1,86.91212094603891
1,2021-12-31,1,1,1,76.58865740920054
1,2022-01-31,1,2,0,71.25539676380102
1,2022-02-28,1,3,0,84.96723550595934
1,2022-03-31,1,2,0,68.16257440424305
1,2022-04-30,2,3,1,81.20211867749106
1,2022-05-31,3,2,0,92.10884645799361
1,2022-06-30,2,1,0,70.10206936340896
1,2022-07-31,3,3,0,81.21356583695436
1,2022-08-31,3,3,0,78.30728986691918
1,2022-09-30,2,2,0,68.01588868236787
1,2022-10-31,1,2,0,90.68679728666123
1,2022-11-30,4,1,1,93.56761780974097
1,2022-12-31,0,3,0,80.17009260583846
1,2023-01-31,4,1,0,67.19529329314732
1,2023-02-28,2,1,1,72.68378646908216
1,2023-03-31,2,3,0,87.99237077259943
1,2023-04-30,1,4,1,93.11404117467714
1,2023-05-31,2,2,0,79.93052312172252
1,2023-06-30,0,2,0,67.27601893011095
1,2023-07-31,2,2,0,90.13738069911525
1,2023-08-31,1,2,1,94.45407632462432
1,2023-09-30,2,1,0,69.32744376798088
1,2023-10-31,0,3,0,73.62534649146917
1,2023-11-30,0,4,0,89.45353811085153
1,2023-12-31,0,4,0,69.5250798030487
2,2019-01-31,3,3,0,61.80585323305485
2,2019-02-28,2,3,0,89.0120415952737
2,2019-03-31,3,4,0,90.68328822518573
2,2019-04-30,2,1,0,74.62183737585669
2,2019-05-31,3,4,1,87.92962627501842
2,2019-06-30,0,1,0,66.52533917504891
2,2019-07-31,1,4,0,81.80280840272916
2,2019-08-31,3,2,0,85.31970397910047
2,2019-09-30,2,1,0,78.24411092631452
2,2019-10-31,0,4,0,86.02278897020628
2,2019-11-30,3,2,0,75.12842743623793
2,2019-12-31,0,4,0,90.50378821533317
2,2020-01-31,2,1,1,63.576776689280166
2,2020-02-29,5,2,1,68.04841120618802
2,2020-03-31,4,1,1,93.86289422648221
2,2020-04-30,2,1,0,73.73727447423397
2,2020-05-31,2,2,0,72.11057986756938
2,2020-06-30,2,3,0,92.76742861852915
2,2020-07-31,3,1,0,75.35125257713385
2,2020-08-31,0,3,0,94.87168706198597
2,2020-09-30,2,4,0,77.66957086625563
2,2020-10-31,3,2,0,91.81613822329743
2,2020-11-30,2,3,0,73.96660811479889
2,2020-12-31,1,4,0,84.7372025909906
2,2021-01-31,1,2,1,64.30397829853693
2,2021-02-28,3,3,0,64.88779391647095
2,2021-03-31,1,3,1,73.10038684989274
2,2021-04-30,2,4,0,94.2010964477461
2,2021-05-31,4,2,0,71.49334297597784
2,2021-06-30,6,1,0,73.95879733139152
2,2021-07-31,3,3,0,76.77141303052599
2,2021-08-31,2,4,0,78.38071842834711
2,2021-09-30,4,1,0,66.1170704989582
2,2021-10-31,1,1,0,90.197897714013
2,2021-11-30,1,1,0,75.49509383728345
2,2021-12-31,2,3,0,78.16709268178946
2,2022-01-31,4,4,0,63.1068587937719
2,2022-02-28,0,3,0,94.73692257554313
2,2022-03-31,1,1,0,71.95860756639223
2,2022-04-30,2,2,1,73.32181527168031
2,2022-05-31,3,2,0,81.22298305516814
2,2022-06-30,1,4,0,77.71496519940854
2,2022-07-31,0,3,0,81.68242129926557
2,2022-08-31,1,4,0,74.912918436163
2,2022-09-30,2,3,0,83.83411895333856
2,2022-10-31,0,2,0,85.80749770857298
2,2022-11-30,1,2,1,68.85704514802745
2,2022-12-31,0,4,0,85.07131858219388
2,2023-01-31,1,1,0,89.0687059741694
2,2023-02-28,0,1,0,61.468292820107266
2,2023-03-31,2,1,0,79.25321791603545
2,2023-04-30,2,2,1,85.49717370065646
2,2023-05-31,2,4,0,74.46957572533415
2,2023-06-30,3,4,1,67.14124721201146
2,2023-07-31,3,3,0,89.46896300238481
2,2023-08-31,1,1,0,80.58707934319366
2,2023-09-30,2,2,0,86.1073823084786
2,2023-10-31,2,2,0,87.49780663280812
2,2023-11-30,0,2,0,84.41847196320263
2,2023-12-31,0,3,0,75.28977459153128
3,2019-01-31,3,1,0,62.28781551475348
3,2019-02-28,2,4,0,81.85489062651048
3,2019-03-31,0,1,0,68.78383314691042
3,2019-04-30,2,2,0,90.16954179414952
3,2019-05-31,4,4,1,90.78536492330352
3,2019-06-30,3,2,0,72.48348409496177
3,2019-07-31,3,2,0,67.07054839408715
3,2019-08-31,3,2,1,82.96469063072033
3,2019-09-30,1,4,0,76.49087646264852
3,2019-10-31,2,1,0,80.20374057690145
3,2019-11-30,1,1,1,69.77466309590437
3,2019-12-31,3,4,0,67.93556340232287
3,2020-01-31,7,4,1,69.85324194452255
3,2020-02-29,5,3,0,89.33532642431736
3,2020-03-31,1,3,1,90.76426150987936
3,2020-04-30,2,4,0,87.5362617304053
3,2020-05-31,2,2,1,71.59714524860678
3,2020-06-30,3,2,0,88.58387614077513
3,2020-07-31,1,3,0,91.76638508947943
3,2020-08-31,2,3,0,79.23542798527502
3,2020-09-30,1,3,1,85.33905694131329
3,2020-10-31,3,4,0,89.81444329058817
3,2020-11-30,0,3,0,72.99103482031697
3,2020-12-31,2,2,0,63.54409701153056
3,2021-01-31,1,2,0,61.083452682177025
3,2021-02-28,4,1,1,87.07386120370974
3,2021-03-31,2,3,0,72.15469636606777
3,2021-04-30,2,4,0,80.96922047641138
3,2021-05-31,2,4,1,80.60560327459619
3,2021-06-30,3,1,0,60.11087470032456
3,2021-07-31,1,3,0,64.70522952928427
3,2021-08-31,6,1,0,69.81170612770323
3,2021-09-30,1,2,0,84.74802670433444
3,2021-10-31,3,1,0,86.58640000449287
3,2021-11-30,1,2,0,65.00065864687942
3,2021-12-31,2,2,0,71.9129761207017
3,2022-01-31,3,1,0,77.2834914159925
3,2022-02-28,0,3,0,94.98131868754707
3,2022-03-31,1,4,1,67.41979191445303
3,2022-04-30,2,4,0,61.50524331534288
3,2022-05-31,1,3,0,78.58281874442329
3,2022-06-30,0,3,0,72.87067777817884
3,2022-07-31,5,4,0,73.9301852534076
3,2022-08-31,2,1,0,85.39695200960455
3,2022-09-30,4,3,0,62.177112915764596
3,2022-10-31,3,2,0,90.23865532572536
3,2022-11-30,3,4,0,75.29485599829673
3,2022-12-31,2,4,0,89.93224447564295
3,2023-01-31,2,1,0,83.18519040953738
3,2023-02-28,2,3,0,89.65450837026508
3,2023-03-31,1,4,0,80.30310921343091
3,2023-04-30,2,1,0,70.33346308713747
3,2023-05-31,1,4,0,61.31498816396176
3,2023-06-30,2,1,0,81.33708540799157
3,2023-07-31,1,4,0,79.05739356863528
3,2023-08-31,5,1,0,64.37938399996115
3,2023-09-30,3,2,0,87.51719782913703
3,2023-10-31,3,4,0,93.33634908407464
3,2023-11-30,4,4,0,79.21005327770746
3,2023-12-31,1,3,0,94.3717337955587
4,2019-01-31,3,4,0,72.12834587834514
4,2019-02-28,1,4,0,63.22333386315158
4,2019-03-31,0,4,1,63.70670315413152
4,2019-04-30,4,4,0,83.27480806832207
4,2019-05-31,2,1,0,84.99184531823444
4,2019-06-30,2,4,0,90.97375078632058
4,2019-07-31,1,3,0,69.40987300337677
4,2019-08-31,0,2,0,87.47841999334977
4,2019-09-30,2,1,0,66.49763467154351
4,2019-10-31,5,2,0,69.50245639636537
4,2019-11-30,2,1,0,83.57758961162176
4,2019-12-31,1,4,0,64.14452637115761
4,2020-01-31,5,2,0,90.46844381942844
4,2020-02-29,2,1,1,83.56362537740861
4,2020-03-31,1,2,0,75.79529395602393
4,2020-04-30,2,1,1,75.76675000147084
4,2020-05-31,2,3,0,60.29272886569
4,2020-06-30,2,1,0,84.96325538291678
4,2020-07-31,2,1,0,69.48299444107279
4,2020-08-31,3,3,0,86.18814909661636
4,2020-09-30,5,4,0,69.08517572462672
4,2020-10-31,3,4,1,88.93282201112241
4,2020-11-30,3,4,0,68.12063631080838
4,2020-12-31,4,4,0,90.39437757794838
4,2021-01-31,4,4,1,65.85749612828734
4,2021-02-28,2,4,0,66.000196184869
4,2021-03-31,0,3,0,72.42236313069535
4,2021-04-30,2,2,0,81.10638442686492
4,2021-05-31,3,3,0,69.3996758608775
4,2021-06-30,0,3,0,72.3793840303257
4,2021-07-31,2,4,0,77.69280661364525
4,2021-08-31,4,3,0,79.68943204455665
4,2021-09-30,1,3,0,86.6856435536204
4,2021-10-31,1,4,0,89.89912761490675
4,2021-11-30,3,1,0,83.54676150443633
4,2021-12-31,2,2,0,92.3582864056165
4,2022-01-31,2,3,0,67.15569303624956
4,2022-02-28,0,2,0,71.76024706465381
4,2022-03-31,2,1,0,92.52006510240906
4,2022-04-30,2,2,0,81.68655744307227
4,2022-05-31,2,4,0,69.13669841821968
4,2022-06-30,6,4,0,76.18369119193892
4,2022-07-31,5,1,0,70.07808699365974
4,2022-08-31,4,1,1,62.895691386828474
4,2022-09-30,3,3,0,79.87910040606282
4,2022-10-31,2,3,0,91.42102482784038
4,2022-11-30,2,4,1,88.82682637621407
4,2022-12-31,4,4,0,77.93051214104781
4,2023-01-31,5,1,0,73.83407604009052
4,2023-02-28,5,2,0,87.33373522755524
4,2023-03-31,1,2,0,70.79638985213194
4,2023-04-30,3,4,0,76.08777868808504
4,2023-05-31,4,2,0,60.58073682214093
4,2023-06-30,2,2,1,87.35654177187396
4,2023-07-31,0,3,0,61.77005863384801
4,2023-08-31,0,4,0,85.46352305787832
4,2023-09-30,1,2,0,61.21354464791232
4,2023-10-31,2,2,0,62.87082898240148
4,2023-11-30,4,2,0,79.74811358395877
4,2023-12-31,1,2,0,81.08644407462093
5,2019-01-31,1,2,0,68.16664879272643
5,2019-02-28,2,4,1,89.47054815273604
5,2019-03-31,1,1,0,63.145689810765624
5,2019-04-30,3,3,0,92.35004747781315
5,2019-05-31,3,3,0,85.5128720036805
5,2019-06-30,2,1,0,76.801658205853
5,2019-07-31,2,4,0,71.03338021273078
5,2019-08-31,0,2,0,77.22190712838402
5,2019-09-30,3,3,0,88.70236257194773
5,2019-10-31,1,2,0,71.80559927636202
5,2019-11-30,2,1,0,64.21565689987979
5,2019-12-31,0,4,1,60.006528485973206
5,2020-01-31,2,3,0,64.43884078926466
5,2020-02-29,0,3,0,65.19261180513308
5,2020-03-31,1,2,0,89.00285171414012
5,2020-04-30,1,1,1,60.45175297933472
5,2020-05-31,3,3,0,72.35860111284363
5,2020-06-30,1,4,1,87.57097659058294
5,2020-07-31,4,2,0,77.69938603234809
5,2020-08-31,1,3,0,75.8997438876438
5,2020-09-30,0,2,0,79.4156131148824
5,2020-10-31,3,1,0,61.78412069578548
5,2020-11-30,4,1,0,94.23772339842955
5,2020-12-31,2,3,0,62.071197515223965
5,2021-01-31,3,1,0,80.14577000240287
5,2021-02-28,3,1,1,62.1325052602252
5,2021-03-31,1,3,0,79.2686088208679
5,2021-04-30,2,2,0,87.67418856650588
5,2021-05-31,1,1,1,60.4851747569501
5,2021-06-30,2,2,0,64.81704070394265
5,2021-07-31,3,1,0,87.36618195489115
5,2021-08-31,2,3,0,78.31925147736152
5,2021-09-30,4,4,1,90.64210276385637
5,2021-10-31,0,2,0,66.19945004693889
5,2021-11-30,2,2,0,90.55651014553212
5,2021-12-31,5,4,0,84.69723887291435
5,2022-01-31,2,1,0,87.14268538516498
5,2022-02-28,1,4,0,76.59021930819557
5,2022-03-31,1,4,0,71.22990899624452
5,2022-04-30,0,2,1,85.29746102175324
5,2022-05-31,0,2,0,66.6456365183572
5,2022-06-30,4,1,1,73.95248729745724
5,2022-07-31,2,4,0,66.54934946436757
5,2022-08-31,1,1,1,92.05326541727354
5,2022-09-30,1,3,1,60.46300845168529
5,2022-10-31,1,2,0,75.65203612757533
5,2022-11-30,1,3,0,61.50850381319134
5,2022-12-31,4,1,0,83.49921254253078
5,2023-01-31,5,3,1,66.30555267064167
5,2023-02-28,1,1,0,89.71233543166255
5,2023-03-31,1,1,0,65.81802767180805
5,2023-04-30,2,4,0,89.02848025498311
5,2023-05-31,3,4,1,73.82686682498786
5,2023-06-30,2,4,0,73.85221878811508
5,2023-07-31,0,2,1,68.48237932978668
5,2023-08-31,0,4,0,63.78542551006748
5,2023-09-30,3,1,0,82.23631713479124
5,2023-10-31,1,2,0,87.71619633285053
5,2023-11-30,1,1,0,81.81828480859674
5,2023-12-31,2,3,1,73.5741994349883
6,2019-01-31,2,3,0,86.25536303010294
6,2019-02-28,3,3,0,61.39728863973129
6,2019-03-31,4,3,0,70.15154098622953
6,2019-04-30,6,3,1,80.14828385490969
6,2019-05-31,3,3,0,65.42001509275875
6,2019-06-30,4,2,1,90.98336075476479
6,2019-07-31,2,1,0,81.96137645681254
6,2019-08-31,1,1,0,90.43367851352428
6,2019-09-30,0,1,0,72.92739455313013
6,2019-10-31,0,2,0,72.88875375882967
6,2019-11-30,3,1,1,74.94004150782814
6,2019-12-31,1,4,0,76.50692278183416
6,2020-01-31,2,4,0,93.64950891482736
6,2020-02-29,4,3,1,91.28767287344967
6,2020-03-31,1,4,0,80.5669445315288
6,2020-04-30,6,2,0,84.25181188586687
6,2020-05-31,2,2,0,63.16958136603222
6,2020-06-30,1,4,0,77.88828375153393
6,2020-07-31,0,2,0,80.34254171212842
6,2020-08-31,0,1,0,61.725307246754575
6,2020-09-30,3,3,1,73.33116269186318
6,2020-10-31,0,1,0,72.1737821601566
6,2020-11-30,4,4,0,72.55314770592607
6,2020-12-31,2,3,1,70.28708661767268
6,2021-01-31,2,1,0,85.27756345357761
6,2021-02-28,2,2,0,63.71748396559597
6,2021-03-31,0,2,0,90.31642981041603
6,2021-04-30,2,4,0,62.634755082808574
6,2021-05-31,0,1,1,90.03723768419604
6,2021-06-30,2,3,0,61.3981790650133
6,2021-07-31,1,2,1,94.3365701789063
6,2021-08-31,6,2,1,90.69921636818009
6,2021-09-30,2,2,0,85.46083369501422
6,2021-10-31,3,4,0,85.9589445147138
6,2021-11-30,0,3,0,71.28136885642988
6,2021-12-31,2,4,0,77.30297838660154
6,2022-01-31,3,3,1,65.78970532449432
6,2022-02-28,1,1,1,83.68870152705165
6,2022-03-31,1,1,0,63.03740339227467
6,2022-04-30,0,2,1,94.49602568834801
6,2022-05-31,4,1,0,81.8439697015979
6,2022-06-30,4,2,0,91.83475495831054
6,2022-07-31,1,1,0,85.70225123673535
6,2022-08-31,0,2,0,61.98189450821453
6,2022-09-30,1,2,0,70.49559939554227
6,2022-10-31,1,3,0,71.20056395805871
6,2022-11-30,3,3,0,65.09310551355988
6,2022-12-31,1,2,0,81.93809205226954
6,2023-01-31,1,3,0,68.7619093583485
6,2023-02-28,0,4,0,92.43048841264334
6,2023-03-31,1,3,0,76.78687838605603
6,2023-04-30,1,3,0,60.687801896139675
6,2023-05-31,1,3,0,91.46583939273194
6,2023-06-30,2,3,1,70.12026170589529
6,2023-07-31,0,1,0,61.73294203958027
6,2023-08-31,2,4,0,93.68183201184223
6,2023-09-30,0,2,0,88.52553608366519
6,2023-10-31,2,1,0,84.97810990892538
6,2023-11-30,5,4,0,87.89015495966669
6,2023-12-31,3,4,0,76.12354770792476
7,2019-01-31,1,1,0,74.66265422943812
7,2019-02-28,1,4,0,64.32917977148162
7,2019-03-31,1,4,0,94.98112383708856
7,2019-04-30,4,4,1,85.91324039293569
7,2019-05-31,2,2,0,64.76196820510751
7,2019-06-30,1,3,0,90.9945805254971
7,2019-07-31,0,2,0,64.74693156025597
7,2019-08-31,3,1,1,76.92917881013778
7,2019-09-30,1,1,0,84.7529914917398
7,2019-10-31,5,2,0,77.51016815373629
7,2019-11-30,1,4,0,89.2701959585861
7,2019-12-31,1,1,1,93.65644654516491
7,2020-01-31,1,4,1,75.82752850356013
7,2020-02-29,3,3,0,72.70030359482863
7,2020-03-31,0,2,0,77.83281056284707
7,2020-04-30,2,4,0,91.51092838510718
7,2020-05-31,2,3,0,92.22697973726264
7,2020-06-30,1,4,1,81.54079971345422
7,2020-07-31,6,3,0,63.08497851867772
7,2020-08-31,1,3,0,60.825718872327855
7,2020-09-30,4,2,0,75.26246680767593
7,2020-10-31,0,3,1,84.7779320508998
7,2020-11-30,0,2,0,71.21045598738598
7,2020-12-31,1,3,1,85.42062251290864
7,2021-01-31,2,3,0,77.19656511692457
7,2021-02-28,2,1,1,89.43875581286045
7,2021-03-31,0,1,0,89.58654914910544
7,2021-04-30,4,3,1,90.37883247007458
7,2021-05-31,2,3,0,78.26408063568162
7,2021-06-30,2,4,0,65.92978407326365
7,2021-07-31,2,1,0,66.68717487712253
7,2021-08-31,3,2,0,88.65076306305878
7,2021-09-30,1,4,0,74.22282418471116
7,2021-10-31,3,1,0,83.71885393911944
7,2021-11-30,1,1,0,68.37794427197161
7,2021-12-31,1,2,0,82.62277892432796
7,2022-01-31,1,1,0,60.56436262302752
7,2022-02-28,3,4,0,74.22422003803484
7,2022-03-31,0,2,0,75.3223517054867
7,2022-04-30,1,1,0,65.42530335958641
7,2022-05-31,6,4,0,63.02601274920533
7,2022-06-30,3,4,0,88.23400491672528
7,2022-07-31,2,3,1,88.17826818798342
7,2022-08-31,0,3,0,72.78297741899087
7,2022-09-30,2,4,1,90.08260414687143
7,2022-10-31,0,1,0,92.73055003318174
7,2022-11-30,2,1,0,62.51073703115988
7,2022-12-31,1,1,0,85.02978718839114
7,2023-01-31,1,2,0,86.8531687955728
7,2023-02-28,4,4,0,76.85561990767769
7,2023-03-31,0,4,0,67.53757489991129
7,2023-04-30,3,2,0,77.90567137262923
7,2023-05-31,0,3,0,86.71532191990485
7,2023-06-30,5,3,0,84.195561926733
7,2023-07-31,1,4,0,66.79450696560903
7,2023-08-31,0,2,1,74.15718725581684
7,2023-09-30,1,2,0,68.76690313624172
7,2023-10-31,3,2,0,60.10191012418261
7,2023-11-30,2,1,0,92.64268351898676
7,2023-12-31,4,4,0,82.18289415974552
8,2019-01-31,1,4,0,75.14684785978677
8,2019-02-28,2,2,0,93.870898413068
8,2019-03-31,1,3,0,78.09912757999219
8,2019-04-30,2,2,0,86.73871187139663
8,2019-05-31,4,4,0,63.63857815693363
8,2019-06-30,1,4,0,86.46817564356746
8,2019-07-31,1,4,0,87.30294083072377
8,2019-08-31,1,3,0,69.27812090632126
8,2019-09-30,3,2,0,81.4079486476105
8,2019-10-31,2,1,0,69.9640716540495
8,2019-11-30,2,3,1,65.7015929067088
8,2019-12-31,1,1,0,86.07028754631978
8,2020-01-31,5,1,0,81.78922886745897
8,2020-02-29,1,1,1,88.05668200937117
8,2020-03-31,2,4,0,94.62723299147137
8,2020-04-30,1,4,0,66.59347532672055
8,2020-05-31,2,3,0,76.47747489544476
8,2020-06-30,4,2,0,89.94752824507313
8,2020-07-31,2,2,0,94.54850300734408
8,2020-08-31,0,3,0,60.643334642133475
8,2020-09-30,0,3,0,75.63410526106327
8,2020-10-31,0,3,0,91.07555261479656
8,2020-11-30,7,4,0,64.06957881025082
8,2020-12-31,2,3,1,84.43608512502168
8,2021-01-31,0,4,0,75.38128810254547
8,2021-02-28,0,3,0,90.34779990054483
8,2021-03-31,1,4,1,60.7899004120832
8,2021-04-30,2,3,0,89.25774215057777
8,2021-05-31,4,4,1,84.63778334620804
8,2021-06-30,0,1,0,73.7405712626389
8,2021-07-31,2,3,0,83.5122744589203
8,2021-08-31,1,3,1,73.10070976922137
8,2021-09-30,3,4,1,73.9015410210995
8,2021-10-31,4,1,0,91.02290264834393
8,2021-11-30,2,2,0,71.18562991909994
8,2021-12-31,3,1,0,85.42738612180979
8,2022-01-31,1,4,1,78.54564689313722
8,2022-02-28,4,4,0,63.49948366193218
8,2022-03-31,1,2,0,93.39460745498754
8,2022-04-30,1,4,0,71.95493715304963
8,2022-05-31,2,1,0,83.18301509694638
8,2022-06-30,3,4,0,89.41401160212692
8,2022-07-31,3,4,0,93.06625280735742
8,2022-08-31,1,2,0,88.02323795338589
8,2022-09-30,3,3,0,92.91880553860317
8,2022-10-31,1,4,0,78.48793127045049
8,2022-11-30,3,1,0,70.61268413515069
8,2022-12-31,3,2,1,70.42139537852856
8,2023-01-31,2,4,1,63.66312218677637
8,2023-02-28,1,4,0,71.35939384058241
8,2023-03-31,3,1,0,64.24427126756979
8,2023-04-30,2,3,0,72.2982638365338
8,2023-05-31,3,2,0,61.999645177016546
8,2023-06-30,4,3,0,92.02002320722659
8,2023-07-31,2,4,1,82.91715129494911
8,2023-08-31,4,4,0,61.97691984012187
8,2023-09-30,1,2,0,68.05295721501163
8,2023-10-31,4,2,1,63.57924983489906
8,2023-11-30,2,1,0,79.3140056736959
8,2023-12-31,3,2,0,78.65067521438615
9,2019-01-31,1,4,1,62.90635652335653
9,2019-02-28,2,3,0,76.89549356168742
9,2019-03-31,1,3,1,90.35741236903752
9,2019-04-30,4,3,0,87.34399338239983
9,2019-05-31,3,1,0,73.17091359342491
9,2019-06-30,1,1,1,70.31501963997641
9,2019-07-31,1,2,0,71.08395246059241
9,2019-08-31,1,4,1,92.42917232628415
9,2019-09-30,1,2,0,72.58401005820012
9,2019-10-31,1,2,0,85.56448135086274
9,2019-11-30,2,1,1,81.47977893403116
9,2019-12-31,3,3,0,81.30792860631377
9,2020-01-31,3,1,0,89.45039159846857
9,2020-02-29,2,2,0,90.10886502398965
9,2020-03-31,2,4,1,90.2480710791545
9,2020-04-30,1,3,0,90.79336525018898
9,2020-05-31,3,1,1,64.64113967613838
9,2020-06-30,2,3,0,65.62111012503772
9,2020-07-31,4,4,0,80.6405162626763
9,2020-08-31,3,3,0,93.43349689005703
9,2020-09-30,2,4,0,66.96788094897852
9,2020-10-31,1,2,0,94.47352893690409
9,2020-11-30,2,1,1,69.46341323587298
9,2020-12-31,3,1,0,74.6829798268131
9,2021-01-31,2,4,0,65.95499590620052
9,2021-02-28,3,4,0,76.91872233387443
9,2021-03-31,3,3,0,87.55720969433975
9,2021-04-30,2,4,1,93.5869153826406
9,2021-05-31,4,4,1,75.68563056791507
9,2021-06-30,1,3,0,87.15918974353349
9,2021-07-31,2,1,0,90.14312795411351
9,2021-08-31,2,3,0,63.577845989618055
9,2021-09-30,2,1,0,88.3142212364798
9,2021-10-31,2,3,1,77.4842206793654
9,2021-11-30,2,1,0,68.82780969807166
9,2021-12-31,2,2,0,74.58072797244695
9,2022-01-31,0,4,0,80.06905690641963
9,2022-02-28,4,1,0,91.523312943802
9,2022-03-31,1,2,0,75.89586145587174
9,2022-04-30,1,3,1,84.77582433327873
9,2022-05-31,0,2,0,91.45236249053862
9,2022-06-30,3,2,1,71.18325081326165
9,2022-07-31,2,4,0,77.73695142512258
9,2022-08-31,4,4,0,76.08598423733783
9,2022-09-30,1,4,0,77.90376679821772
9,2022-10-31,3,1,0,77.38258243363265
9,2022-11-30,4,4,0,72.25828150144768
9,2022-12-31,4,4,0,73.841800981108
9,2023-01-31,1,2,0,81.93743359681456
9,2023-02-28,2,3,1,82.85474560396011
9,2023-03-31,1,4,0,91.27371042244529
9,2023-04-30,2,3,0,90.6292347333873
9,2023-05-31,2,2,0,64.0755933429649
9,2023-06-30,1,4,0,89.25025588267549
9,2023-07-31,2,2,0,85.37185951426295
9,2023-08-31,0,3,0,80.95230125904514
9,2023-09-30,0,3,0,84.85734469106927
9,2023-10-31,1,2,0,75.13245972513677
9,2023-11-30,3,3,0,77.65332465045684
9,2023-12-31,2,3,0,87.81382014287826
10,2019-01-31,4,3,0,64.73965974362397
10,2019-02-28,7,1,0,80.47474567620377
10,2019-03-31,4,2,0,85.68721296006952
10,2019-04-30,4,3,0,67.66395444870305
10,2019-05-31,4,3,0,74.27597243976257
10,2019-06-30,3,3,0,65.6688514541029
10,2019-07-31,1,2,0,63.25606311593135
10,2019-08-31,2,2,0,71.85251450067521
10,2019-09-30,3,3,0,86.97850825825124
10,2019-10-31,1,2,0,83.71133691270617
10,2019-11-30,6,3,0,77.92081861880658
10,2019-12-31,2,2,0,90.82339618925519
10,2020-01-31,1,3,1,81.56784880624335
10,2020-02-29,1,1,0,84.3345946530546
10,2020-03-31,2,3,0,62.738473450300795
10,2020-04-30,4,3,0,87.2294549095959
10,2020-05-31,0,3,1,69.30909226289393
10,2020-06-30,2,1,0,60.440826335929934
10,2020-07-31,2,2,0,92.35240211678301
10,2020-08-31,1,1,0,84.37532274457746
10,2020-09-30,0,2,0,75.69898922789608
10,2020-10-31,6,2,0,64.23499186292233
10,2020-11-30,0,4,1,81.83136845292314
10,2020-12-31,2,2,1,94.31450260814825
10,2021-01-31,2,1,0,78.53025091894467
10,2021-02-28,3,3,0,83.47460759510628
10,2021-03-31,2,1,1,85.66765301562327
10,2021-04-30,3,3,0,90.51292198586319
10,2021-05-31,1,1,1,88.14710175542234
10,2021-06-30,1,1,0,87.5779322235515
10,2021-07-31,4,2,0,66.66599489605161
10,2021-08-31,0,3,1,69.644483454243
10,2021-09-30,3,1,0,65.66634635183254
10,2021-10-31,2,3,0,73.74446896756295
10,2021-11-30,2,2,1,79.38796068491231
10,2021-12-31,4,4,0,91.90663719261998
10,2022-01-31,1,3,0,65.93968337043357
10,2022-02-28,4,3,0,86.88723687326217
10,2022-03-31,3,2,0,68.49502453795041
10,2022-04-30,1,3,0,78.66882120273816
10,2022-05-31,2,1,0,68.84992425668956
10,2022-06-30,6,4,0,61.12219437073818
10,2022-07-31,5,1,0,74.32707223088374
10,2022-08-31,1,1,1,62.96550391516113
10,2022-09-30,1,1,1,78.25598295468926
10,2022-10-31,0,2,0,85.70416248901364
10,2022-11-30,1,4,1,85.16174306116767
10,2022-12-31,1,4,0,64.46681151832136
10,2023-01-31,2,4,0,94.98268163979807
10,2023-02-28,0,4,0,63.197385287825284
10,2023-03-31,5,3,0,79.24926452343524
10,2023-04-30,2,3,1,81.28746453328513
10,2023-05-31,1,1,0,67.59991414131852
10,2023-06-30,1,2,0,75.02624696886727
10,2023-07-31,1,1,1,90.72414112515351
10,2023-08-31,2,4,0,91.24598900487243
10,2023-09-30,1,2,0,65.1846872705734
10,2023-10-31,4,2,0,60.59184346397285
10,2023-11-30,1,4,0,94.02335976243089
10,2023-12-31,1,3,0,86.14529748589358
11,2019-01-31,2,4,0,81.88259705284983
11,2019-02-28,1,4,0,87.8453642789799
11,2019-03-31,0,4,0,75.5917189079171
11,2019-04-30,2,2,0,77.31780242296557
11,2019-05-31,2,3,0,80.92752993869405
11,2019-06-30,4,1,0,83.76308984982344
11,2019-07-31,2,2,1,62.93460013015684
11,2019-08-31,6,3,0,77.54887675083636
11,2019-09-30,2,2,0,85.16616685764606
11,2019-10-31,1,4,0,65.02920625416068
11,2019-11-30,2,2,0,84.97116819282749
11,2019-12-31,0,1,0,79.34946285946688
11,2020-01-31,1,2,0,65.1436142066334
11,2020-02-29,1,4,0,88.73886847095307
11,2020-03-31,0,2,0,72.11612770571452
11,2020-04-30,0,3,0,68.8976240173341
11,2020-05-31,1,2,0,73.99867436043782
11,2020-06-30,3,4,1,88.89850060928174
11,2020-07-31,2,1,0,91.13063654230871
11,2020-08-31,1,3,0,83.69786901828878
11,2020-09-30,0,1,0,76.13402182894771
11,2020-10-31,4,1,0,86.93198855604555
11,2020-11-30,1,3,0,86.15109596888776
11,2020-12-31,2,1,0,82.64313479180569
11,2021-01-31,2,1,1,61.509472587659005
11,2021-02-28,2,1,0,65.57490630723105
11,2021-03-31,0,3,0,92.93311676447291
11,2021-04-30,3,3,0,94.67804745810783
11,2021-05-31,1,2,0,71.71529404201281
11,2021-06-30,3,1,0,73.63422075685328
11,2021-07-31,3,2,0,81.60518766184163
11,2021-08-31,2,4,1,94.74064565768457
11,2021-09-30,2,1,0,84.92413197169473
11,2021-10-31,4,1,0,85.60760663719608
11,2021-11-30,5,2,0,61.74327571541976
11,2021-12-31,1,1,0,60.390410555914066
11,2022-01-31,4,1,1,76.87327315781499
11,2022-02-28,3,1,0,66.39280665603202
11,2022-03-31,2,1,0,87.00004961475277
11,2022-04-30,2,3,0,72.05534009499785
11,2022-05-31,2,2,0,83.0259377367786
11,2022-06-30,3,3,1,64.50020412789075
11,2022-07-31,5,2,0,87.96756968201686
11,2022-08-31,3,4,0,63.78510798180195
11,2022-09-30,2,3,1,74.17857444664922
11,2022-10-31,1,3,0,81.42731721400256
11,2022-11-30,2,1,0,66.30063157677824
11,2022-12-31,0,4,0,67.5163783038779
11,2023-01-31,2,4,0,68.49805249391963
11,2023-02-28,0,3,1,74.12496373573605
11,2023-03-31,2,3,0,74.40445112907595
11,2023-04-30,2,2,1,83.74376012420676
11,2023-05-31,1,2,0,67.782355672361
11,2023-06-30,2,3,0,61.47020185965842
11,2023-07-31,5,4,0,93.89509465623644
11,2023-08-31,1,2,0,80.97827277913856
11,2023-09-30,2,4,0,93.80978098429142
11,2023-10-31,3,3,0,93.34813468872106
11,2023-11-30,4,3,0,60.843914376423925
11,2023-12-31,3,3,0,89.24374254438584
12,2019-01-31,3,1,0,65.15734681058585
12,2019-02-28,1,3,0,89.21794724029792
12,2019-03-31,6,3,0,82.18353921804807
12,2019-04-30,1,1,0,77.0821054694382
12,2019-05-31,1,4,0,69.62690566881751
12,2019-06-30,2,3,0,87.85906352433054
12,2019-07-31,2,3,0,71.10803165736081
12,2019-08-31,1,4,0,81.43096846964228
12,2019-09-30,0,3,1,75.26964794738483
12,2019-10-31,2,2,0,85.57474095270102
12,2019-11-30,0,4,0,93.07520240530386
12,2019-12-31,0,4,0,93.08160029158405
12,2020-01-31,2,3,0,92.09061901233368
12,2020-02-29,2,3,0,92.2732428750316
12,2020-03-31,3,2,0,64.73297478343073
12,2020-04-30,3,1,0,82.83844072126466
12,2020-05-31,3,2,1,89.58680278772448
12,2020-06-30,1,2,1,72.77659927166397
12,2020-07-31,4,3,0,93.59212436182115
12,2020-08-31,1,4,1,90.42690377675743
12,2020-09-30,0,3,0,88.79734777031588
12,2020-10-31,2,4,0,92.91106536337425
12,2020-11-30,3,4,0,93.21275562505264
12,2020-12-31,3,2,0,86.47671875941444
12,2021-01-31,5,2,0,76.17893349954352
12,2021-02-28,2,1,0,68.87938904985337
12,2021-03-31,0,3,0,91.65164966363889
12,2021-04-30,4,3,0,90.5478713777805
12,2021-05-31,2,3,0,89.34444559085799
12,2021-06-30,3,2,0,72.00122319721429
12,2021-07-31,4,4,0,73.40028254192386
12,2021-08-31,5,4,0,80.09946330899805
12,2021-09-30,2,2,1,66.94247638872666
12,2021-10-31,0,1,0,92.4511193207596
12,2021-11-30,3,2,0,73.43787280630406
12,2021-12-31,2,3,0,67.30929571581943
12,2022-01-31,3,2,1,62.11969951944217
12,2022-02-28,0,3,0,68.70421333148973
12,2022-03-31,2,4,0,73.44402189353193
12,2022-04-30,3,4,0,76.68783283651341
12,2022-05-31,0,4,1,70.50672645069825
12,2022-06-30,2,4,1,65.76593634271451
12,2022-07-31,1,4,0,74.92542783523511
12,2022-08-31,3,2,1,92.84617185936341
12,2022-09-30,6,4,0,76.49565406147778
12,2022-10-31,2,3,0,62.27660852079992
12,2022-11-30,1,4,0,64.56149276063923
12,2022-12-31,5,1,0,66.49614223844016
12,2023-01-31,1,4,0,65.47307643866574
12,2023-02-28,4,4,0,86.31296305815479
12,2023-03-31,1,4,0,74.05306889646107
12,2023-04-30,0,4,0,62.80113994180778
12,2023-05-31,3,4,0,91.84842721454133
12,2023-06-30,1,4,0,90.68967209539392
12,2023-07-31,0,4,1,83.75735929828964
12,2023-08-31,1,3,0,92.56967094624504
12,2023-09-30,2,1,0,61.133138204604286
12,2023-10-31,2,1,0,83.078967796688
12,2023-11-30,0,3,1,84.74836266563891
12,2023-12-31,1,2,0,69.53859091640723
13,2019-01-31,1,4,0,64.52910502094987
13,2019-02-28,2,1,0,73.19132559098249
13,2019-03-31,3,1,1,79.24959455530835
13,2019-04-30,2,4,1,93.93154871495159
13,2019-05-31,2,4,0,75.50046771370617
13,2019-06-30,2,2,0,61.15176330433401
13,2019-07-31,1,3,0,93.95268166185004
13,2019-08-31,1,4,0,62.39776485695433
13,2019-09-30,4,3,0,74.6249665282746
13,2019-10-31,2,4,0,70.90891398960865
13,2019-11-30,3,1,0,66.58611261185213
13,2019-12-31,5,3,0,84.24735272499203
13,2020-01-31,0,2,0,89.9223979778875
13,2020-02-29,1,4,1,74.7206700954913
13,2020-03-31,1,2,0,77.5264346159345
13,2020-04-30,1,2,0,78.65057877065274
13,2020-05-31,1,4,0,63.53938158635804
13,2020-06-30,3,4,0,60.546371779020525
13,2020-07-31,1,3,1,84.32378440865236
13,2020-08-31,4,2,0,71.4348225243134
13,2020-09-30,3,2,0,85.85896030729128
13,2020-10-31,4,4,0,84.68931058907194
13,2020-11-30,2,1,0,81.14252352096722
13,2020-12-31,0,4,0,73.86770505686233
13,2021-01-31,2,3,1,77.02490422591251
13,2021-02-28,4,3,0,83.08356116604932
13,2021-03-31,0,3,0,88.7847808505697
13,2021-04-30,3,4,0,80.15123737213469
13,2021-05-31,5,4,0,85.73949089274511
13,2021-06-30,2,3,1,69.95118904424021
13,2021-07-31,2,3,0,75.92680966828485
13,2021-08-31,3,1,0,79.55006975978931
13,2021-09-30,2,2,0,66.05228741695414
13,2021-10-31,1,4,0,67.07062430628373
13,2021-11-30,2,4,0,62.04508467991013
13,2021-12-31,1,2,0,93.28052716188998
13,2022-01-31,0,3,0,64.79737798891568
13,2022-02-28,4,2,1,80.53062901940713
13,2022-03-31,1,1,0,87.96536299733255
13,2022-04-30,3,1,0,86.7774001031963
13,2022-05-31,3,2,0,65.13968591756992
13,2022-06-30,3,4,0,68.39340846991084
13,2022-07-31,1,3,0,67.2760923936749
13,2022-08-31,4,2,1,78.44370730389221
13,2022-09-30,1,2,1,87.42679598552004
13,2022-10-31,0,4,1,69.92137026688522
13,2022-11-30,4,1,0,74.92364631692988
13,2022-12-31,2,2,0,91.55126016506475
13,2023-01-31,0,4,0,70.23153305449217
13,2023-02-28,4,1,0,70.26431300099905
13,2023-03-31,3,1,0,92.90819675055113
13,2023-04-30,4,2,0,79.59856158969858
13,2023-05-31,1,3,0,75.54504707770418
13,2023-06-30,4,4,0,73.47328093749915
13,2023-07-31,2,4,1,66.33720146905875
13,2023-08-31,3,2,1,90.1875364312582
13,2023-09-30,3,3,1,66.07737594188941
13,2023-10-31,0,1,0,72.66298879520697
13,2023-11-30,3,4,1,69.86389876848897
13,2023-12-31,1,2,0,69.24094834939199
14,2019-01-31,4,3,0,70.40552097289738
14,2019-02-28,1,4,1,62.83552124909425
14,2019-03-31,1,3,0,89.93676456058101
14,2019-04-30,3,4,0,68.76779525600422
14,2019-05-31,3,2,0,85.40156064086464
14,2019-06-30,1,4,0,74.50293627672951
14,2019-07-31,1,3,0,71.09758192770704
14,2019-08-31,1,2,1,88.83336826581228
14,2019-09-30,2,4,0,92.45429714209932
14,2019-10-31,2,1,0,71.51917037941624
14,2019-11-30,4,1,0,70.7947381090038
14,2019-12-31,1,3,0,80.69753498142236
14,2020-01-31,4,2,0,91.47687931564411
14,2020-02-29,1,3,0,79.3796653011047
14,2020-03-31,4,3,1,64.25448203313942
14,2020-04-30,3,1,0,67.13574199175598
14,2020-05-31,1,2,0,91.09077116031969
14,2020-06-30,3,3,0,71.26619698868873
14,2020-07-31,1,4,0,75.01394932511275
14,2020-08-31,2,4,0,88.52034552379061
14,2020-09-30,1,4,1,86.16511226189387
14,2020-10-31,3,4,1,74.78147576860484
14,2020-11-30,0,3,1,67.6714520978316
14,2020-12-31,1,4,0,80.44566059466172
14,2021-01-31,2,4,0,71.01411408549643
14,2021-02-28,1,2,1,62.03832239487374
14,2021-03-31,2,1,0,67.99464598911776
14,2021-04-30,3,4,0,81.32592671674013
14,2021-05-31,1,3,0,76.64778445580728
14,2021-06-30,3,4,0,89.8492100614917
14,2021-07-31,5,4,1,75.85977160174748
14,2021-08-31,0,2,1,79.99246636108737
14,2021-09-30,4,2,0,65.29694405420366
14,2021-10-31,5,4,1,79.54644880055241
14,2021-11-30,4,1,0,67.4521049961507
14,2021-12-31,0,1,0,69.87497450525986
14,2022-01-31,1,4,0,84.3998934881024
14,2022-02-28,8,1,0,61.28210739473668
14,2022-03-31,3,3,0,64.24566465978073
14,2022-04-30,5,3,0,60.98355892661755
14,2022-05-31,2,3,0,90.43106907882606
14,2022-06-30,3,1,0,78.46320613529731
14,2022-07-31,1,1,0,67.1618915395657
14,2022-08-31,4,2,0,84.20496322188197
14,2022-09-30,2,2,0,65.01191263580847
14,2022-10-31,4,3,1,72.50051563516799
14,2022-11-30,1,2,0,74.06720654474368
14,2022-12-31,2,3,0,73.88628240298605
14,2023-01-31,1,1,1,74.85183489286965
14,2023-02-28,4,2,0,63.64060381282857
14,2023-03-31,1,2,0,63.488140345593706
14,2023-04-30,1,2,0,92.68983783368358
14,2023-05-31,2,3,0,93.80825717894007
14,2023-06-30,1,4,0,73.40719842470637
14,2023-07-31,1,4,0,74.70470939640852
14,2023-08-31,2,3,0,70.59486991934949
14,2023-09-30,0,3,0,72.46868885806543
14,2023-10-31,3,2,0,77.85793895197182
14,2023-11-30,4,1,0,63.24016234682345
14,2023-12-31,4,1,1,81.0786075221863
15,2019-01-31,2,1,0,76.38792414324213
15,2019-02-28,2,2,0,82.00212559659974
15,2019-03-31,2,3,0,91.31499366644645
15,2019-04-30,0,3,0,77.96244304511117
15,2019-05-31,0,4,1,76.56973957217059
15,2019-06-30,1,4,0,68.65556295897031
15,2019-07-31,1,3,0,62.279803353481356
15,2019-08-31,1,2,1,83.74640157766181
15,2019-09-30,5,1,0,70.38982119979948
15,2019-10-31,2,4,0,74.76669446767622
15,2019-11-30,0,3,1,87.65383292934831
15,2019-12-31,3,1,0,79.29344613429161
15,2020-01-31,0,4,0,78.43412756242229
15,2020-02-29,4,3,0,62.029952905996
15,2020-03-31,0,1,0,79.13079922240357
15,2020-04-30,1,2,0,69.58372167501773
15,2020-05-31,3,3,1,87.0696373816877
15,2020-06-30,4,4,1,79.61860619234237
15,2020-07-31,1,3,0,73.67458927408383
15,2020-08-31,2,2,0,90.06238859857426
15,2020-09-30,3,1,0,94.38565749664761
15,2020-10-31,2,2,0,66.08622612726607
15,2020-11-30,4,4,0,94.47618457520859
15,2020-12-31,1,2,0,82.40912526594795
15,2021-01-31,2,3,1,73.87887296475694
15,2021-02-28,5,4,0,91.43773933683494
15,2021-03-31,1,3,0,84.2906981038598
15,2021-04-30,4,3,0,72.12377488175382
15,2021-05-31,2,1,0,82.7052658054217
15,2021-06-30,0,2,1,70.70503377981949
15,2021-07-31,1,2,0,94.80767864771956
15,2021-08-31,2,4,0,93.49524212367741
15,2021-09-30,2,1,0,83.68578445379603
15,2021-10-31,2,4,0,74.34461345485846
15,2021-11-30,0,3,0,92.41796075720404
15,2021-12-31,6,2,1,78.32808817220075
15,2022-01-31,2,3,1,64.92120314267844
15,2022-02-28,0,4,0,88.8615508753523
15,2022-03-31,2,4,0,74.62076680790469
15,2022-04-30,4,2,0,82.60177327425279
15,2022-05-31,3,1,0,73.45186597854847
15,2022-06-30,0,3,0,69.83281034197765
15,2022-07-31,0,2,0,67.17828138032635
15,2022-08-31,3,4,0,80.1698207649293
15,2022-09-30,5,4,0,76.98805133092179
15,2022-10-31,3,3,1,83.58817714150072
15,2022-11-30,3,2,0,79.55860322214124
15,2022-12-31,2,2,0,94.90105947688909
15,2023-01-31,2,1,0,62.36441952094905
15,2023-02-28,1,4,0,69.49952526318853
15,2023-03-31,0,1,0,78.71308483621797
15,2023-04-30,3,3,1,65.279030318136
15,2023-05-31,2,4,0,92.6125990067911
15,2023-06-30,0,2,0,81.19863277606102
15,2023-07-31,2,3,1,90.89819877159697
15,2023-08-31,0,2,0,74.29437757468673
15,2023-09-30,5,3,0,88.67615668214376
15,2023-10-31,2,2,0,71.03234465063849
15,2023-11-30,4,3,0,78.32944351949581
15,2023-12-31,1,1,1,79.70259310267906
16,2019-01-31,2,1,1,67.32834667060204
16,2019-02-28,2,3,1,76.23061075759622
16,2019-03-31,1,4,1,93.34600055942647
16,2019-04-30,4,1,0,81.58057433249363
16,2019-05-31,5,2,0,85.85790514472951
16,2019-06-30,2,4,0,73.36501688276414
16,2019-07-31,2,1,0,74.26370330537758
16,2019-08-31,2,4,0,76.43769247409423
16,2019-09-30,1,2,0,64.82310456884437
16,2019-10-31,2,3,0,66.53802943657624
16,2019-11-30,1,4,0,91.58828886557025
16,2019-12-31,2,3,0,89.56766261013466
16,2020-01-31,3,4,0,64.56277584619119
16,2020-02-29,1,1,0,62.11280452302701
16,2020-03-31,2,2,0,94.7819514820527
16,2020-04-30,4,4,1,61.91588725684779
16,2020-05-31,1,1,0,60.25110534226589
16,2020-06-30,3,2,0,92.85101105281547
16,2020-07-31,1,4,0,88.51290577079178
16,2020-08-31,3,4,1,69.95203684369277
16,2020-09-30,1,4,0,73.8019277583013
16,2020-10-31,2,3,0,65.39546173688696
16,2020-11-30,3,1,1,94.42921504460118
16,2020-12-31,4,4,1,69.26068621690553
16,2021-01-31,2,2,0,78.59894074487127
16,2021-02-28,1,3,0,79.78848060347185
16,2021-03-31,2,3,0,86.90649417859812
16,2021-04-30,2,1,0,61.938675550732874
16,2021-05-31,1,3,0,94.50313729532559
16,2021-06-30,0,2,0,77.36115114794951
16,2021-07-31,0,1,0,87.75887362598773
16,2021-08-31,2,2,0,86.56818364886095
16,2021-09-30,5,4,0,67.75140040611545
16,2021-10-31,5,2,0,63.38414007182101
16,2021-11-30,1,3,0,71.36879852987164
16,2021-12-31,2,1,0,75.80728396391282
16,2022-01-31,4,3,0,72.74783768042764
16,2022-02-28,3,3,1,91.21538715334641
16,2022-03-31,1,3,0,74.02430510574737
16,2022-04-30,1,4,0,71.4018841875179
16,2022-05-31,2,1,0,77.27309453536702
16,2022-06-30,1,2,0,69.2725810177842
16,2022-07-31,0,2,0,60.93981839119498
16,2022-08-31,1,3,0,91.09272889804424
16,2022-09-30,1,2,0,60.857385611306654
16,2022-10-31,3,1,0,72.65209504878366
16,2022-11-30,2,4,1,72.35230125825856
16,2022-12-31,1,3,0,85.1015411403845
16,2023-01-31,2,2,0,70.20858123635688
16,2023-02-28,1,4,0,67.35647862675403
16,2023-03-31,0,2,0,61.30314117205781
16,2023-04-30,3,4,0,69.8537264037413
16,2023-05-31,2,2,0,91.61717476281203
16,2023-06-30,3,1,0,73.67242291815187
16,2023-07-31,0,4,0,79.61708138173357
16,2023-08-31,2,1,0,91.79834106751792
16,2023-09-30,0,1,0,72.15668180058722
16,2023-10-31,1,1,0,68.84477508981936
16,2023-11-30,1,1,0,67.61649085570889
16,2023-12-31,1,2,0,82.59898638109843
17,2019-01-31,2,1,0,68.08370515052187
17,2019-02-28,1,1,1,65.03248105556673
17,2019-03-31,4,1,0,87.4656344502416
17,2019-04-30,1,1,0,75.37172579889335
17,2019-05-31,4,4,0,90.93891953065543
17,2019-06-30,3,4,0,68.26864387002901
17,2019-07-31,1,1,0,90.15057270980259
17,2019-08-31,3,2,0,92.81135157348106
17,2019-09-30,0,1,0,74.21433326709354
17,2019-10-31,2,3,1,72.64279573320002
17,2019-11-30,2,2,0,60.88039454380896
17,2019-12-31,2,2,0,66.04050279172452
17,2020-01-31,3,4,0,65.30855991901777
17,2020-02-29,1,4,0,69.4303471761832
17,2020-03-31,3,4,0,90.58732877850687
17,2020-04-30,3,3,0,89.32390019732603
17,2020-05-31,1,2,0,89.51559363213968
17,2020-06-30,1,4,0,73.82937096710985
17,2020-07-31,1,4,0,92.35730254856023
17,2020-08-31,0,4,0,89.25479624129841
17,2020-09-30,1,2,0,94.07995155746073
17,2020-10-31,0,2,1,93.13764218538057
17,2020-11-30,4,4,0,93.36156752970325
17,2020-12-31,0,2,0,69.48101192592311
17,2021-01-31,4,3,0,67.51961040726889
17,2021-02-28,2,1,1,74.80913691417057
17,2021-03-31,0,3,0,87.61045384363281
17,2021-04-30,3,4,1,90.49750694312726
17,2021-05-31,1,2,0,76.38948255925725
17,2021-06-30,2,1,0,70.39818390731122
17,2021-07-31,2,2,0,76.6389080152359
17,2021-08-31,2,3,0,75.44588893359611
17,2021-09-30,1,1,0,76.12618472480301
17,2021-10-31,2,3,0,92.27421364291729
17,2021-11-30,3,2,0,74.44508544790605
17,2021-12-31,1,4,0,71.75872769937783
17,2022-01-31,4,3,0,89.11692609418273
17,2022-02-28,1,4,0,63.735024015393144
17,2022-03-31,8,2,0,93.19654868093886
17,2022-04-30,3,1,0,83.46120230407736
17,2022-05-31,4,2,0,90.51424517399687
17,2022-06-30,2,2,0,93.8252183529512
17,2022-07-31,3,4,0,91.13567244784026
17,2022-08-31,2,2,1,78.02981857113852
17,2022-09-30,1,1,0,78.3482829797106
17,2022-10-31,2,3,0,88.06811965096213
17,2022-11-30,3,2,0,67.32179586700173
17,2022-12-31,1,4,1,75.34432663257444
17,2023-01-31,0,4,1,73.55154417448506
17,2023-02-28,2,2,0,64.93586760101175
17,2023-03-31,1,1,0,92.56074195454109
17,2023-04-30,0,4,0,93.52346139636754
17,2023-05-31,4,1,0,83.68041796469568
17,2023-06-30,2,1,1,82.14486084881675
17,2023-07-31,3,3,0,60.06171136831669
17,2023-08-31,0,3,0,94.58865044915859
17,2023-09-30,2,2,0,93.34774894790195
17,2023-10-31,2,3,0,94.01699455439896
17,2023-11-30,5,2,1,70.71053344250939
17,2023-12-31,3,1,0,63.43731111671023
18,2019-01-31,1,3,0,78.80585906512637
18,2019-02-28,2,3,0,79.49523872412699
18,2019-03-31,1,2,0,71.71897480443727
18,2019-04-30,2,4,0,80.5355177445141
18,2019-05-31,0,2,0,71.34540410367606
18,2019-06-30,4,3,0,80.88718085758305
18,2019-07-31,3,2,0,73.47937748217278
18,2019-08-31,3,1,0,60.61416469879276
18,2019-09-30,1,2,0,65.42827621948508
18,2019-10-31,3,4,0,88.7950674835559
18,2019-11-30,1,1,0,81.78691616601631
18,2019-12-31,3,4,0,77.44252770030532
18,2020-01-31,3,4,1,66.25425333002097
18,2020-02-29,2,4,0,83.59588141948291
18,2020-03-31,3,1,1,73.69298774492191
18,2020-04-30,2,1,0,64.74775370780227
18,2020-05-31,2,1,1,92.53785072266946
18,2020-06-30,0,3,0,80.37571186344296
18,2020-07-31,1,1,0,79.64219785846043
18,2020-08-31,3,1,1,70.33571729543611
18,2020-09-30,2,2,0,92.24502440880376
18,2020-10-31,6,3,0,75.68970010407557
18,2020-11-30,3,1,0,68.02616326076789
18,2020-12-31,1,3,1,80.29628407622484
18,2021-01-31,4,3,0,82.57373197608186
18,2021-02-28,2,4,0,72.64687969193196
18,2021-03-31,2,4,0,91.99809817204569
18,2021-04-30,1,4,0,80.64731123958353
18,2021-05-31,2,1,0,70.07611252829449
18,2021-06-30,3,1,0,66.8805305653686
18,2021-07-31,1,2,1,85.96241658113962
18,2021-08-31,2,2,0,84.38737957476363
18,2021-09-30,1,1,0,85.37046769999233
18,2021-10-31,4,1,0,88.27626749270766
18,2021-11-30,2,4,1,76.34930824425987
18,2021-12-31,2,2,0,83.49868516887459
18,2022-01-31,2,4,0,64.01384348325345
18,2022-02-28,4,2,1,90.0656354029769
18,2022-03-31,1,2,0,74.2359835516959
18,2022-04-30,2,2,0,60.73479247980089
18,2022-05-31,1,4,0,92.9451482637997
18,2022-06-30,3,2,0,92.72016279883269
18,2022-07-31,3,1,0,61.71191388474705
18,2022-08-31,3,1,1,94.68808542925655
18,2022-09-30,1,3,0,75.18328127814144
18,2022-10-31,1,1,0,66.3389217330859
18,2022-11-30,2,3,0,85.47389842108804
18,2022-12-31,2,2,0,77.6707356707817
18,2023-01-31,5,3,0,77.77220501243477
18,2023-02-28,0,2,1,62.97068606856504
18,2023-03-31,1,3,0,62.87951617366723
18,2023-04-30,1,2,0,92.17536753651169
18,2023-05-31,4,4,0,79.14637002672296
18,2023-06-30,1,2,0,89.83065842078993
18,2023-07-31,1,3,0,66.35751327952006
18,2023-08-31,2,4,0,89.19800881791392
18,2023-09-30,2,1,0,71.05248842039576
18,2023-10-31,2,2,0,88.63393913711069
18,2023-11-30,1,4,1,72.87998815068336
18,2023-12-31,1,3,1,72.7086162213343
19,2019-01-31,4,3,0,72.7552685669759
19,2019-02-28,2,2,0,63.44802757139868
19,2019-03-31,2,3,1,74.87859802549966
19,2019-04-30,2,2,1,69.24386365626765
19,2019-05-31,3,3,0,60.49284499267075
19,2019-06-30,2,4,1,87.8810159774432
19,2019-07-31,1,4,0,83.02465336224755
19,2019-08-31,0,1,0,87.25036470522252
19,2019-09-30,1,1,0,77.34080920044923
19,2019-10-31,2,1,0,82.7089056775215
19,2019-11-30,2,4,0,61.41175956364633
19,2019-12-31,1,3,0,93.85074192976182
19,2020-01-31,2,3,1,75.19909160654024
19,2020-02-29,2,2,0,85.11923086894663
19,2020-03-31,1,3,1,71.51842156409357
19,2020-04-30,3,1,0,69.16684621563863
19,2020-05-31,3,1,0,67.11570898510288
19,2020-06-30,2,4,0,76.16932889832435
19,2020-07-31,3,3,1,80.1568765429023
19,2020-08-31,2,1,0,75.31783276535478
19,2020-09-30,4,1,0,88.51025541009341
19,2020-10-31,4,4,1,86.63525515650699
19,2020-11-30,1,4,0,69.76570620965259
19,2020-12-31,2,2,0,77.30804099354114
19,2021-01-31,4,3,0,71.33551825071983
19,2021-02-28,1,3,0,71.75724485683672
19,2021-03-31,3,4,0,80.04332762151624
19,2021-04-30,3,2,0,63.795526621294165
19,2021-05-31,2,2,0,75.62223825339191
19,2021-06-30,3,2,0,92.26143357594125
19,2021-07-31,6,4,0,87.20513190014458
19,2021-08-31,2,1,0,67.82863242192286
19,2021-09-30,3,2,0,93.34106516101068
19,2021-10-31,1,4,0,87.20299820005802
19,2021-11-30,2,2,0,85.56293807157844
19,2021-12-31,2,3,0,84.6947116626293
19,2022-01-31,2,4,0,62.3231688579543
19,2022-02-28,3,1,0,62.05200451479044
19,2022-03-31,0,4,0,65.65870712455111
19,2022-04-30,1,2,0,77.4296544714169
19,2022-05-31,1,3,1,67.47470529602566
19,2022-06-30,3,2,0,72.38083884729662
19,2022-07-31,2,2,1,64.01233500488651
19,2022-08-31,2,3,1,73.609278096659
19,2022-09-30,2,3,0,69.47937076932843
19,2022-10-31,2,3,0,60.52876059556965
19,2022-11-30,0,1,1,65.48906594938117
19,2022-12-31,1,3,0,91.37531025015578
19,2023-01-31,2,3,0,85.96124317350464
19,2023-02-28,0,1,0,93.95822718498073
19,2023-03-31,1,4,0,78.04139991556029
19,2023-04-30,4,2,1,87.7370704579525
19,2023-05-31,2,4,1,77.61263177608258
19,2023-06-30,0,4,0,61.145701921147655
19,2023-07-31,2,3,0,81.00768392372147
19,2023-08-31,4,3,0,64.51757828573903
19,2023-09-30,3,4,0,85.0791992470117
19,2023-10-31,3,2,0,69.49791552587698
19,2023-11-30,4,3,0,64.2647587590448
19,2023-12-31,2,1,0,66.12312798152958
20,2019-01-31,1,2,1,94.86234343181789
20,2019-02-28,1,4,0,83.91664259931093
20,2019-03-31,2,2,1,79.60015274270405
20,2019-04-30,5,3,0,90.03272731993087
20,2019-05-31,1,2,0,67.69919782289068
20,2019-06-30,1,1,0,69.64574158253895
20,2019-07-31,3,4,0,80.41621673853197
20,2019-08-31,0,3,0,90.6912087235714
20,2019-09-30,1,2,0,80.33634134599352
20,2019-10-31,2,2,1,80.04687660071458
20,2019-11-30,2,2,0,79.89269655966578
20,2019-12-31,0,2,1,87.46500507208822
20,2020-01-31,2,3,0,80.33879825944769
20,2020-02-29,2,1,1,62.090844200594134
20,2020-03-31,3,3,0,62.61378014858484
20,2020-04-30,1,3,0,79.62397786613124
20,2020-05-31,3,1,1,93.93122353410413
20,2020-06-30,2,1,0,81.61971774881356
20,2020-07-31,0,3,0,67.66733876508599
20,2020-08-31,4,2,1,93.31329358242348
20,2020-09-30,2,2,0,87.12999674158687
20,2020-10-31,4,2,0,78.82410989103448
20,2020-11-30,3,3,0,61.854257765590894
20,2020-12-31,2,4,0,92.26109872771994
20,2021-01-31,2,4,0,76.9214172513173
20,2021-02-28,5,3,0,77.13133298634288
20,2021-03-31,1,2,0,60.65031169192847
20,2021-04-30,0,2,1,93.09371750909253
20,2021-05-31,1,4,0,62.66764377057669
20,2021-06-30,2,3,0,93.75528566112506
20,2021-07-31,2,1,0,73.07940094076781
20,2021-08-31,1,3,0,74.91512428981757
20,2021-09-30,2,1,0,78.21372790975369
20,2021-10-31,2,2,0,78.36793048019756
20,2021-11-30,1,2,0,60.63383030507845
20,2021-12-31,3,4,0,83.11485498505232
20,2022-01-31,1,3,1,94.67533686938222
20,2022-02-28,5,1,1,86.88608393393437
20,2022-03-31,0,4,0,77.27045951968981
20,2022-04-30,0,4,1,89.02915242344272
20,2022-05-31,2,4,1,87.46706210998346
20,2022-06-30,2,4,0,90.98941824714308
20,2022-07-31,0,2,0,63.218759856112975
20,2022-08-31,1,1,0,77.90123735146311
20,2022-09-30,0,4,0,71.26687672536376
20,2022-10-31,3,4,0,88.26449995172266
20,2022-11-30,2,1,0,93.64227654280009
20,2022-12-31,1,3,1,90.23472140396942
20,2023-01-31,0,1,1,80.28706995828146
20,2023-02-28,1,4,0,94.81658730574487
20,2023-03-31,0,2,0,70.26938185067883
20,2023-04-30,3,3,0,76.53399890937774
20,2023-05-31,1,3,1,66.75128102884821
20,2023-06-30,2,3,0,93.20480505009893
20,2023-07-31,3,2,0,62.61758575760028
20,2023-08-31,2,4,0,94.06467908736872
20,2023-09-30,2,1,1,75.97048746266945
20,2023-10-31,4,1,0,65.03369193375681
20,2023-11-30,6,1,0,83.48480687099106
20,2023-12-31,2,2,1,73.97252060352439
21,2019-01-31,2,2,0,83.4441183304027
21,2019-02-28,2,2,1,78.27911415851557
21,2019-03-31,3,3,0,81.24500003423591
21,2019-04-30,2,1,0,84.80563163977027
21,2019-05-31,1,4,0,71.58424488333185
21,2019-06-30,1,3,0,86.5691683454491
21,2019-07-31,4,3,0,62.633347771316956
21,2019-08-31,1,1,0,94.63925037252828
21,2019-09-30,3,1,0,69.32268619394064
21,2019-10-31,0,4,0,75.26514849705107
21,2019-11-30,4,4,0,85.24223731865735
21,2019-12-31,3,3,1,74.29353310061953
21,2020-01-31,2,1,0,68.37000578755205
21,2020-02-29,2,1,0,94.28838456478397
21,2020-03-31,3,2,0,87.56097900178258
21,2020-04-30,2,4,0,81.10137188062424
21,2020-05-31,1,2,0,70.74126137661779
21,2020-06-30,3,2,0,80.37032483086695
21,2020-07-31,1,3,0,88.55286264848985
21,2020-08-31,3,4,0,81.36439212927831
21,2020-09-30,4,1,0,84.16504149708574
21,2020-10-31,3,4,1,89.79189806175665
21,2020-11-30,3,1,0,71.2507331314825
21,2020-12-31,1,3,1,81.01911836503626
21,2021-01-31,2,3,0,85.54739627500601
21,2021-02-28,0,2,0,93.83287849647098
21,2021-03-31,1,1,0,68.5710985316943
21,2021-04-30,4,1,0,94.32858038733562
21,2021-05-31,2,2,0,93.36906811881954
21,2021-06-30,2,4,0,75.71984880005627
21,2021-07-31,3,2,1,88.57446984453242
21,2021-08-31,2,1,1,88.75444951602974
21,2021-09-30,3,2,0,79.09571192496463
21,2021-10-31,0,2,0,81.09156969271419
21,2021-11-30,2,4,0,90.34478943153547
21,2021-12-31,0,2,0,94.66310830385243
21,2022-01-31,5,1,1,83.32797874795878
21,2022-02-28,1,1,1,91.38400963270549
21,2022-03-31,2,4,0,90.49539441279003
21,2022-04-30,0,4,0,67.77125672296611
21,2022-05-31,0,2,0,77.76404344131515
21,2022-06-30,1,1,0,61.69740791128784
21,2022-07-31,6,2,0,94.78308843454187
21,2022-08-31,0,4,1,77.76160241321926
21,2022-09-30,1,4,0,79.70891140411734
21,2022-10-31,2,2,1,70.9781318211484
21,2022-11-30,0,1,1,68.94955041978324
21,2022-12-31,2,2,0,69.0238993577579
21,2023-01-31,2,1,1,72.57057592595676
21,2023-02-28,1,1,0,69.75548151673829
21,2023-03-31,0,4,0,82.08246762744614
21,2023-04-30,1,2,0,67.00170216037714
21,2023-05-31,1,1,0,79.62547643674415
21,2023-06-30,2,4,1,71.84952343942427
21,2023-07-31,1,2,1,66.4856429233377
21,2023-08-31,3,1,1,61.17753378903167
21,2023-09-30,2,4,0,92.62063529636549
21,2023-10-31,5,1,1,66.66124281046062
21,2023-11-30,2,4,0,78.36364120539393
21,2023-12-31,1,2,0,82.66316455546661
22,2019-01-31,3,2,0,66.4801289608808
22,2019-02-28,3,3,0,86.31136752619547
22,2019-03-31,0,3,0,69.66763589788324
22,2019-04-30,2,2,0,85.01767024532325
22,2019-05-31,1,2,1,94.6277624893152
22,2019-06-30,5,4,0,68.68848862633887
22,2019-07-31,3,4,1,79.51245658879816
22,2019-08-31,1,2,1,83.45569021387487
22,2019-09-30,2,2,0,86.29809928753038
22,2019-10-31,1,3,0,70.7434075674317
22,2019-11-30,0,1,1,71.38333812373486
22,2019-12-31,1,1,0,90.43855963058775
22,2020-01-31,1,1,0,77.37311827904989
22,2020-02-29,5,1,1,68.64725542763756
22,2020-03-31,2,4,0,75.71886543028384
22,2020-04-30,3,2,0,74.50115275883213
22,2020-05-31,2,3,0,81.01241399281787
22,2020-06-30,2,2,0,81.75585198306442
22,2020-07-31,3,3,0,79.62093247477226
22,2020-08-31,0,3,0,63.26864921496707
22,2020-09-30,4,2,0,79.6903368817632
22,2020-10-31,7,2,0,92.35424922509458
22,2020-11-30,2,3,0,66.79006350453245
22,2020-12-31,1,2,0,81.8082594559867
22,2021-01-31,2,4,0,67.65760610326542
22,2021-02-28,3,3,0,67.61264233591562
22,2021-03-31,2,1,0,93.69282490795996
22,2021-04-30,0,3,0,81.03947973036843
22,2021-05-31,3,1,0,78.21995374044583
22,2021-06-30,3,1,0,76.43854985418703
22,2021-07-31,3,1,0,72.87688282356248
22,2021-08-31,3,2,0,67.57648021513671
22,2021-09-30,3,3,0,74.66056293433734
22,2021-10-31,2,3,1,91.10903047762821
22,2021-11-30,1,2,0,87.83824089656258
22,2021-12-31,4,1,0,66.82594447576567
22,2022-01-31,4,3,0,78.00819994009201
22,2022-02-28,2,1,0,82.31863751168854
22,2022-03-31,2,1,1,62.06987942054573
22,2022-04-30,1,3,0,92.5604935401655
22,2022-05-31,2,4,0,70.21481880708063
22,2022-06-30,0,1,0,69.625236817762
22,2022-07-31,2,2,0,84.47336480524447
22,2022-08-31,3,1,0,75.42622901300518
22,2022-09-30,4,4,0,84.02519461658892
22,2022-10-31,4,1,0,60.227802640961336
22,2022-11-30,2,4,0,80.70913158100882
22,2022-12-31,1,4,0,83.05083134159649
22,2023-01-31,2,3,0,84.01670251696108
22,2023-02-28,3,4,0,74.80805794488666
22,2023-03-31,2,2,0,81.37877725073743
22,2023-04-30,3,2,1,92.01579709679835
22,2023-05-31,1,3,0,89.39792860014198
22,2023-06-30,3,2,0,69.66434274568482
22,2023-07-31,2,1,0,67.06657536899787
22,2023-08-31,0,1,0,87.58754884880764
22,2023-09-30,1,3,0,68.05642219669005
22,2023-10-31,1,3,0,76.78187972340942
22,2023-11-30,0,4,0,78.39551324447552
22,2023-12-31,4,4,0,82.30999667313444
23,2019-01-31,1,2,0,79.25488861888608
23,2019-02-28,3,3,0,89.95652671026805
23,2019-03-31,3,1,1,69.84531784348857
23,2019-04-30,2,1,0,71.59292807032372
23,2019-05-31,2,1,1,93.28979662546251
23,2019-06-30,2,1,0,91.80516248052186
23,2019-07-31,1,4,0,63.29573330984904
23,2019-08-31,1,2,0,81.22622898114477
23,2019-09-30,1,3,0,78.83369804957312
23,2019-10-31,2,4,0,75.15563414117622
23,2019-11-30,1,2,0,61.86148695135023
23,2019-12-31,4,2,1,72.68377082048339
23,2020-01-31,2,3,0,82.68387057268401
23,2020-02-29,1,2,1,82.00834306279377
23,2020-03-31,2,4,0,63.83378117420799
23,2020-04-30,3,3,0,66.81086324882409
23,2020-05-31,4,3,0,84.51665654625393
23,2020-06-30,2,2,1,93.63066472919766
23,2020-07-31,3,1,0,94.44914530455246
23,2020-08-31,2,2,0,63.68224251475557
23,2020-09-30,1,1,0,87.28895278779522
23,2020-10-31,1,3,0,84.22402488052082
23,2020-11-30,1,4,1,72.46690073716249
23,2020-12-31,2,2,1,90.84633859311508
23,2021-01-31,0,1,1,67.55032216629633
23,2021-02-28,3,1,1,86.38433907148818
23,2021-03-31,2,3,0,92.25649781481556
23,2021-04-30,2,3,0,93.01109179055007
23,2021-05-31,1,2,0,65.45773029606273
23,2021-06-30,2,1,1,93.19956501630162
23,2021-07-31,4,2,0,79.06236694662503
23,2021-08-31,0,2,0,83.57802489638254
23,2021-09-30,2,4,0,88.17459956416428
23,2021-10-31,3,1,0,79.74198356703259
23,2021-11-30,2,2,0,85.74684525761282
23,2021-12-31,3,4,0,88.2242609002285
23,2022-01-31,4,1,0,81.32952862803347
23,2022-02-28,3,2,0,90.9114952545232
23,2022-03-31,2,3,0,88.32386296777293
23,2022-04-30,4,4,0,78.76496747289306
23,2022-05-31,2,4,0,71.33364870953963
23,2022-06-30,1,3,0,90.26539493312963
23,2022-07-31,2,1,1,62.1144197093073
23,2022-08-31,2,1,0,72.07333914510738
23,2022-09-30,2,3,0,63.31290331377737
23,2022-10-31,1,2,0,80.90197734306983
23,2022-11-30,1,4,0,87.57022755536367
23,2022-12-31,3,4,0,76.9914437275
23,2023-01-31,1,4,1,64.97512296597809
23,2023-02-28,3,2,0,92.30612597788354
23,2023-03-31,1,3,0,86.31614270746921
23,2023-04-30,0,4,0,76.77088741118467
23,2023-05-31,1,3,0,64.69290997693165
23,2023-06-30,1,3,0,73.82617712968634
23,2023-07-31,3,2,0,92.78688466802359
23,2023-08-31,3,3,0,94.31892270382428
23,2023-09-30,2,2,0,62.841359688709254
23,2023-10-31,2,2,0,68.6568354967988
23,2023-11-30,2,2,0,77.44951740986215
23,2023-12-31,2,2,1,91.92222229293174
24,2019-01-31,3,3,1,77.88815704047465
24,2019-02-28,2,2,0,83.17875249832275
24,2019-03-31,0,4,0,69.78932546749418
24,2019-04-30,2,4,0,60.50075497663177
24,2019-05-31,2,1,0,93.92442355219842
24,2019-06-30,1,3,1,82.46057476568538
24,2019-07-31,2,1,0,68.29012483041257
24,2019-08-31,0,4,0,82.71626615714825
24,2019-09-30,3,3,0,77.19455213365652
24,2019-10-31,4,4,0,84.49383066703398
24,2019-11-30,5,3,0,64.66922684473747
24,2019-12-31,1,4,0,72.23601763321058
24,2020-01-31,2,3,0,75.86312577849746
24,2020-02-29,2,3,1,65.76977223733145
24,2020-03-31,1,3,1,85.63029931490306
24,2020-04-30,2,2,0,73.258348416992
24,2020-05-31,3,4,0,68.22057953806251
24,2020-06-30,2,4,0,83.08705085755483
24,2020-07-31,3,3,0,69.32093104592911
24,2020-08-31,2,3,0,94.9921067161935
24,2020-09-30,1,1,0,69.66643350422763
24,2020-10-31,2,3,1,67.16521422460791
24,2020-11-30,4,2,1,78.98050259084296
24,2020-12-31,2,4,0,74.36087082370015
24,2021-01-31,5,2,0,94.57833288722976
24,2021-02-28,1,1,0,89.29539411760558
24,2021-03-31,3,3,0,75.54590733054816
24,2021-04-30,3,1,0,88.77399838926186
24,2021-05-31,2,3,0,65.07475352369137
24,2021-06-30,0,4,0,79.99457667217378
24,2021-07-31,1,4,0,83.5512831396251
24,2021-08-31,1,2,0,65.56923300051844
24,2021-09-30,0,4,0,71.64185866223939
24,2021-10-31,3,1,0,66.45711274324452
24,2021-11-30,2,3,0,88.76952146900024
24,2021-12-31,1,2,0,78.29061048600593
24,2022-01-31,0,4,0,63.18394469493996
24,2022-02-28,3,3,0,70.75924239587863
24,2022-03-31,4,4,0,70.88481457041837
24,2022-04-30,2,1,1,76.18906705238783
24,2022-05-31,3,1,0,87.92266071021872
24,2022-06-30,2,3,0,85.69515889843326
24,2022-07-31,2,2,0,83.01871018274207
24,2022-08-31,1,4,0,90.08408860744976
24,2022-09-30,5,3,0,75.96237056390547
24,2022-10-31,2,1,0,83.47922151736947
24,2022-11-30,1,2,0,94.92848504258001
24,2022-12-31,2,4,0,88.20605297282783
24,2023-01-31,4,2,0,69.05906085242482
24,2023-02-28,1,4,0,64.51383953480719
24,2023-03-31,2,4,0,82.27280335583248
24,2023-04-30,2,3,0,76.90010127164962
24,2023-05-31,2,1,1,75.8256263273205
24,2023-06-30,0,4,0,79.76855236971899
24,2023-07-31,4,4,0,89.99905798110785
24,2023-08-31,3,3,0,65.59752898878324
24,2023-09-30,5,1,0,91.09491497657498
24,2023-10-31,0,3,0,65.39702699232625
24,2023-11-30,2,2,0,86.66079157743813
24,2023-12-31,3,2,0,78.98630403443715
25,2019-01-31,1,2,0,71.68368489934105
25,2019-02-28,4,2,1,71.08468166214776
25,2019-03-31,6,1,0,91.136743252624
25,2019-04-30,3,4,0,91.12428041887316
25,2019-05-31,1,1,0,80.68321360530604
25,2019-06-30,1,1,1,74.07414183095841
25,2019-07-31,2,2,1,88.84627148703802
25,2019-08-31,6,2,0,85.06320266592512
25,2019-09-30,2,1,0,90.32195025476366
25,2019-10-31,1,4,1,91.88478303254097
25,2019-11-30,3,3,0,84.93356724469268
25,2019-12-31,2,2,0,82.63599051295917
25,2020-01-31,4,4,0,86.86666929893087
25,2020-02-29,3,4,0,94.59910774294349
25,2020-03-31,3,1,1,76.17338884674693
25,2020-04-30,3,3,1,74.51859936656007
25,2020-05-31,1,3,0,84.52447623857196
25,2020-06-30,0,1,1,70.08612194723023
25,2020-07-31,2,4,0,77.56625588060533
25,2020-08-31,3,1,0,89.1600462085299
25,2020-09-30,5,1,0,63.25882482101613
25,2020-10-31,1,2,0,70.88096451801931
25,2020-11-30,2,1,0,84.40989103544443
25,2020-12-31,3,2,1,87.89574716860108
25,2021-01-31,4,2,1,86.31342267146832
25,2021-02-28,3,4,0,93.9088098460009
25,2021-03-31,3,4,0,94.00776742760618
25,2021-04-30,1,2,1,62.59167879648699
25,2021-05-31,2,1,1,70.46217057494269
25,2021-06-30,1,3,0,88.74920339960165
25,2021-07-31,1,3,0,92.71172941238677
25,2021-08-31,3,2,0,83.51292638016217
25,2021-09-30,2,4,0,64.88126291096623
25,2021-10-31,0,4,1,72.57554204427984
25,2021-11-30,1,2,0,70.26646261517654
25,2021-12-31,2,1,0,89.98538180240585
25,2022-01-31,1,1,0,61.20525893762828
25,2022-02-28,5,4,0,69.84948515099119
25,2022-03-31,5,3,0,64.17842263505356
25,2022-04-30,1,4,1,92.4966646060525
25,2022-05-31,2,1,0,77.58546274011526
25,2022-06-30,2,4,0,69.81636148276792
25,2022-07-31,2,4,1,78.04473806525233
25,2022-08-31,1,1,0,71.56962866798818
25,2022-09-30,1,1,0,78.44217785565513
25,2022-10-31,0,2,0,78.10697747724615
25,2022-11-30,0,2,0,66.7614369456558
25,2022-12-31,4,3,0,88.51047967487332
25,2023-01-31,7,3,0,76.62158021408369
25,2023-02-28,4,4,0,65.1234016799956
25,2023-03-31,1,3,0,66.64760835191503
25,2023-04-30,4,1,1,92.42294690641066
25,2023-05-31,1,3,0,85.32965490884607
25,2023-06-30,1,1,0,94.77019172793464
25,2023-07-31,3,2,0,68.82957702882362
25,2023-08-31,5,1,0,87.01916277319737
25,2023-09-30,3,4,0,67.964693141254
25,2023-10-31,2,1,0,66.62919179324868
25,2023-11-30,2,2,0,76.51231851194203
25,2023-12-31,2,4,0,65.98286248474518
26,2019-01-31,3,1,0,77.96879250547666
26,2019-02-28,2,2,0,92.97574214607766
26,2019-03-31,1,1,0,91.12858323481312
26,2019-04-30,4,2,0,89.41439485276175
26,2019-05-31,2,2,0,82.8083098490645
26,2019-06-30,3,2,0,74.23925185629707
26,2019-07-31,4,3,1,91.33870810280368
26,2019-08-31,1,3,0,91.37754157908834
26,2019-09-30,3,3,0,61.24191918009941
26,2019-10-31,2,2,0,66.81173992267362
26,2019-11-30,0,1,1,78.07555913069564
26,2019-12-31,4,1,0,62.19299384257321
26,2020-01-31,2,2,0,68.45819836311034
26,2020-02-29,3,1,0,69.2527499640039
26,2020-03-31,2,3,0,71.33884264906891
26,2020-04-30,2,4,0,70.17084754104252
26,2020-05-31,0,1,0,63.177291612414
26,2020-06-30,2,4,0,93.15523536665432
26,2020-07-31,2,2,1,79.1209864126662
26,2020-08-31,4,4,0,91.23067095289443
26,2020-09-30,3,2,1,78.13015583250387
26,2020-10-31,4,1,1,74.70262027697039
26,2020-11-30,1,3,1,77.62675358810561
26,2020-12-31,1,3,1,83.78559695381159
26,2021-01-31,1,2,1,79.97712562882063
26,2021-02-28,1,2,0,88.57445341654974
26,2021-03-31,1,2,0,62.09235514058659
26,2021-04-30,1,1,0,79.81653494844352
26,2021-05-31,2,1,0,73.72770800107098
26,2021-06-30,4,1,0,67.86387171721023
26,2021-07-31,3,3,0,60.416024309658425
26,2021-08-31,3,2,1,78.61980537344719
26,2021-09-30,3,4,0,92.00918276854046
26,2021-10-31,4,3,1,63.040294189518626
26,2021-11-30,1,1,0,78.60029124401343
26,2021-12-31,2,3,1,73.19890183695281
26,2022-01-31,0,4,0,63.354737181906216
26,2022-02-28,1,3,1,90.50192892098144
26,2022-03-31,2,4,0,78.01986509613923
26,2022-04-30,2,4,0,66.08244713343227
26,2022-05-31,5,3,0,89.1192177062093
26,2022-06-30,0,2,0,73.24895686978994
26,2022-07-31,2,4,0,69.08130196963266
26,2022-08-31,1,4,1,62.22905340701255
26,2022-09-30,4,3,0,76.11878176429414
26,2022-10-31,2,3,1,79.87703500982165
26,2022-11-30,1,2,1,76.83719258711017
26,2022-12-31,2,2,1,79.6811573909516
26,2023-01-31,0,4,0,62.5906996589563
26,2023-02-28,1,3,0,84.21161857671473
26,2023-03-31,2,3,0,62.1359699001347
26,2023-04-30,0,2,1,80.29366731105546
26,2023-05-31,8,3,0,65.2069001666642
26,2023-06-30,2,4,0,69.62804661179464
26,2023-07-31,3,1,0,82.6838643106702
26,2023-08-31,1,4,0,62.368020777199376
26,2023-09-30,2,4,0,69.51792809845506
26,2023-10-31,2,1,0,86.5536389486428
26,2023-11-30,1,1,0,83.45928706498248
26,2023-12-31,3,4,0,70.5911653178785
27,2019-01-31,3,1,0,76.37759262788883
27,2019-02-28,1,1,0,61.16866997901415
27,2019-03-31,2,3,0,85.04534208437433
27,2019-04-30,2,1,0,94.49521020712267
27,2019-05-31,2,3,0,71.74054654053617
27,2019-06-30,1,3,0,68.79309836350618
27,2019-07-31,0,4,0,86.14366250876819
27,2019-08-31,1,1,0,92.68623805221604
27,2019-09-30,1,2,0,86.41450617439894
27,2019-10-31,2,1,0,80.82837530699271
27,2019-11-30,2,2,0,78.42376618526544
27,2019-12-31,2,2,0,93.99346415081229
27,2020-01-31,1,4,0,61.16190929977537
27,2020-02-29,1,1,0,89.1004622941847
27,2020-03-31,1,3,0,75.06976947594526
27,2020-04-30,2,2,0,85.77635856075008
27,2020-05-31,2,4,0,85.05589293105004
27,2020-06-30,1,2,0,78.58303058753276
27,2020-07-31,0,2,0,77.11471938089079
27,2020-08-31,6,1,0,85.57058107401419
27,2020-09-30,2,1,0,85.95620167722046
27,2020-10-31,4,1,0,76.28604160697853
27,2020-11-30,1,2,0,72.80164407874582
27,2020-12-31,3,2,1,93.1308457024378
27,2021-01-31,5,2,0,82.85234647304623
27,2021-02-28,3,3,0,86.63509197160083
27,2021-03-31,4,1,1,77.22304145966726
27,2021-04-30,3,4,0,65.15390616715239
27,2021-05-31,2,4,0,81.31265573463749
27,2021-06-30,1,4,0,64.43781955178369
27,2021-07-31,3,4,0,92.26978195115899
27,2021-08-31,1,2,0,80.73699533334756
27,2021-09-30,2,1,0,78.18542138548825
27,2021-10-31,4,2,0,86.1563598958103
27,2021-11-30,5,2,1,74.0590124698019
27,2021-12-31,2,4,1,76.59845291196068
27,2022-01-31,0,1,1,92.8306510648
27,2022-02-28,2,1,0,67.29771168490755
27,2022-03-31,0,4,1,79.7356488525848
27,2022-04-30,3,1,1,70.70108180054902
27,2022-05-31,4,3,1,92.33941197868259
27,2022-06-30,2,2,0,70.50944425481308
27,2022-07-31,2,3,1,89.67498575299103
27,2022-08-31,4,3,0,83.44899721153288
27,2022-09-30,0,1,0,64.88483860579126
27,2022-10-31,4,4,0,86.42064413719936
27,2022-11-30,2,1,0,77.20462108515943
27,2022-12-31,2,4,0,64.21982222975835
27,2023-01-31,0,1,1,72.11441533981538
27,2023-02-28,1,4,0,77.60108198749839
27,2023-03-31,0,3,0,87.23874601647623
27,2023-04-30,2,3,0,84.67892914673703
27,2023-05-31,1,4,1,76.78007659782517
27,2023-06-30,0,1,0,60.900624304390114
27,2023-07-31,1,3,0,75.44417705272332
27,2023-08-31,1,2,0,81.05437773752313
27,2023-09-30,1,3,0,91.4011215584738
27,2023-10-31,4,1,1,92.83298408306538
27,2023-11-30,4,3,1,86.37219575683153
27,2023-12-31,3,4,0,92.24461507571125
28,2019-01-31,5,4,1,85.46479745498394
28,2019-02-28,4,4,1,82.50147176457217
28,2019-03-31,5,2,0,66.1681493352821
28,2019-04-30,4,2,0,64.04860618309694
28,2019-05-31,1,2,1,87.1001951633406
28,2019-06-30,0,3,0,84.22415273490205
28,2019-07-31,2,2,0,83.67318924792193
28,2019-08-31,4,1,0,64.73102959295814
28,2019-09-30,1,3,0,60.44298695741519
28,2019-10-31,1,1,0,82.37602216075214
28,2019-11-30,0,4,0,90.91049110317189
28,2019-12-31,4,1,0,72.73528859068205
28,2020-01-31,2,1,0,90.68487389309144
28,2020-02-29,3,2,0,84.52360451080949
28,2020-03-31,2,2,1,63.272957325111804
28,2020-04-30,0,2,0,82.62795386967932
28,2020-05-31,2,3,0,61.660661620101756
28,2020-06-30,2,2,0,90.10838376010494
28,2020-07-31,2,4,0,67.03972887367863
28,2020-08-31,1,4,0,61.032922257321516
28,2020-09-30,1,2,1,88.66740886822424
28,2020-10-31,1,4,0,66.67030065554188
28,2020-11-30,2,2,0,87.30816785031303
28,2020-12-31,3,3,0,67.7896838078026
28,2021-01-31,5,4,0,78.01125585824116
28,2021-02-28,2,2,0,86.68543180366363
28,2021-03-31,1,1,0,68.28132699068405
28,2021-04-30,1,1,0,65.81119509828858
28,2021-05-31,3,3,0,60.843932584173906
28,2021-06-30,4,1,0,69.17105326659006
28,2021-07-31,1,1,1,63.804828993004996
28,2021-08-31,2,1,0,74.30522667796811
28,2021-09-30,3,3,1,65.34081583752823
28,2021-10-31,2,1,0,87.77818783942531
28,2021-11-30,1,4,1,91.89590537614691
28,2021-12-31,0,1,0,64.20627652185281
28,2022-01-31,4,2,0,93.33383109223831
28,2022-02-28,1,4,0,86.38700415191022
28,2022-03-31,3,2,0,72.07914625521397
28,2022-04-30,3,2,1,94.29872875525024
28,2022-05-31,4,1,1,60.81012208743696
28,2022-06-30,3,3,0,76.70207664276265
28,2022-07-31,3,3,0,78.36969240903275
28,2022-08-31,2,2,0,91.64387843958366
28,2022-09-30,1,3,0,74.21216562683415
28,2022-10-31,3,1,0,66.50709595703077
28,2022-11-30,2,3,0,75.09076269088723
28,2022-12-31,1,3,0,92.32198743744081
28,2023-01-31,1,4,0,93.22342231904989
28,2023-02-28,3,3,1,86.39517946612548
28,2023-03-31,2,4,0,65.41909613677063
28,2023-04-30,0,2,0,92.16901122341002
28,2023-05-31,3,2,0,90.2841780196132
28,2023-06-30,0,2,1,91.4752042135753
28,2023-07-31,2,3,0,68.47761752822574
28,2023-08-31,0,2,0,75.73501991919223
28,2023-09-30,5,1,1,91.17464095850724
28,2023-10-31,2,1,0,68.13024805677338
28,2023-11-30,1,2,0,84.31761858286836
28,2023-12-31,3,3,0,68.43262719876225
29,2019-01-31,1,1,0,75.42406884311507
29,2019-02-28,1,2,0,67.9646057083373
29,2019-03-31,2,3,1,83.36438298966807
29,2019-04-30,3,4,0,76.3800245378463
29,2019-05-31,2,2,0,65.46949230884921
29,2019-06-30,2,4,1,63.01063656472882
29,2019-07-31,2,4,0,66.88144992622544
29,2019-08-31,0,4,0,76.35313338084235
29,2019-09-30,1,4,0,69.43892809724694
29,2019-10-31,2,4,0,78.06214102652267
29,2019-11-30,4,4,0,73.97127001982625
29,2019-12-31,4,2,0,79.53168844360187
29,2020-01-31,2,2,1,67.56473125363517
29,2020-02-29,2,3,0,70.75914348810552
29,2020-03-31,1,4,0,63.2665607699892
29,2020-04-30,2,3,0,76.8195693678051
29,2020-05-31,1,1,0,83.02015376270839
29,2020-06-30,1,4,0,81.34918526073061
29,2020-07-31,2,1,1,66.38393418535154
29,2020-08-31,0,2,0,82.5155058112638
29,2020-09-30,1,3,0,67.28128339159765
29,2020-10-31,1,4,0,84.69553030225802
29,2020-11-30,1,4,0,90.49774121868577
29,2020-12-31,3,1,0,64.09805085741957
29,2021-01-31,3,4,1,62.24090766000543
29,2021-02-28,1,1,1,81.68773885314103
29,2021-03-31,2,4,0,63.782406237612136
29,2021-04-30,4,1,0,82.39362508594843
29,2021-05-31,0,4,0,79.6990673460628
29,2021-06-30,2,3,0,80.0653315614552
29,2021-07-31,0,4,0,68.82416374362215
29,2021-08-31,2,1,0,85.10798126797414
29,2021-09-30,3,3,0,84.99440764746552
29,2021-10-31,2,3,0,76.15547496717512
29,2021-11-30,3,2,0,88.79839089876799
29,2021-12-31,3,3,0,76.23990285284343
29,2022-01-31,3,2,0,86.58148078971797
29,2022-02-28,1,2,0,88.5459802908271
29,2022-03-31,2,1,0,93.06351596748331
29,2022-04-30,2,2,0,86.56368013665231
29,2022-05-31,1,2,1,73.05599459477881
29,2022-06-30,0,4,0,83.91710212777608
29,2022-07-31,1,4,0,83.28195156748528
29,2022-08-31,2,1,0,64.97900357397853
29,2022-09-30,2,4,0,88.85854883054189
29,2022-10-31,3,3,0,64.34834388228099
29,2022-11-30,0,2,0,79.34158033436394
29,2022-12-31,2,2,1,74.3378960393311
29,2023-01-31,2,4,1,86.63101876164816
29,2023-02-28,2,3,0,61.86991446066424
29,2023-03-31,1,1,1,66.6492386514742
29,2023-04-30,1,1,0,61.62989701958131
29,2023-05-31,2,2,0,72.88043432316606
29,2023-06-30,3,4,0,82.12793435200716
29,2023-07-31,1,2,1,92.84118944059345
29,2023-08-31,3,3,0,66.35329217088852
29,2023-09-30,2,1,0,90.00602784193933
29,2023-10-31,4,3,0,77.7677090389505
29,2023-11-30,2,2,0,75.47603203037056
29,2023-12-31,3,2,0,93.02810090312158
30,2019-01-31,0,3,1,69.10766263136999
30,2019-02-28,2,2,0,94.99437516667416
30,2019-03-31,3,4,0,78.02839264110357
30,2019-04-30,0,3,0,87.68818193508154
30,2019-05-31,2,3,1,82.911732732011
30,2019-06-30,0,2,0,82.45436522906024
30,2019-07-31,1,1,0,65.27574192182742
30,2019-08-31,1,4,0,77.04687663987869
30,2019-09-30,0,2,0,78.04708693592113
30,2019-10-31,0,4,1,66.17647193469797
30,2019-11-30,3,1,1,83.31082046330656
30,2019-12-31,1,1,1,91.31952381925453
30,2020-01-31,1,1,0,69.30395323458234
30,2020-02-29,4,1,0,72.77444238632243
30,2020-03-31,1,3,1,72.20335935741117
30,2020-04-30,3,2,0,71.92996037851395
30,2020-05-31,5,1,0,87.05001997978344
30,2020-06-30,1,1,1,87.58901751126939
30,2020-07-31,2,2,1,69.94971416917295
30,2020-08-31,1,3,0,60.15186000921995
30,2020-09-30,1,2,1,70.36569555912628
30,2020-10-31,1,1,0,83.71191254135657
30,2020-11-30,2,2,0,79.2443692402755
30,2020-12-31,4,3,0,68.64929290474473
30,2021-01-31,1,2,0,84.06042546119943
30,2021-02-28,1,1,0,67.90184299909167
30,2021-03-31,2,2,1,67.49867471297257
30,2021-04-30,1,2,0,62.61591600159934
30,2021-05-31,0,3,0,69.71988296679318
30,2021-06-30,3,3,0,73.96073927987688
30,2021-07-31,3,2,0,67.92762794057136
30,2021-08-31,4,4,0,93.70043739084727
30,2021-09-30,3,3,0,80.9808820662028
30,2021-10-31,1,3,1,81.56892222933743
30,2021-11-30,0,3,1,75.30270446803705
30,2021-12-31,0,2,0,85.41393460880525
30,2022-01-31,1,4,0,60.33520536455428
30,2022-02-28,1,1,1,83.81532458223674
30,2022-03-31,4,4,1,86.17384739147383
30,2022-04-30,5,3,0,68.93101770575122
30,2022-05-31,1,3,1,82.13390425442479
30,2022-06-30,1,1,0,71.54006650872098
30,2022-07-31,0,2,0,62.1208920135658
30,2022-08-31,1,3,0,84.2724302156644
30,2022-09-30,6,3,0,66.55376265969947
30,2022-10-31,1,1,0,74.66869304723208
30,2022-11-30,6,2,1,91.63751684961309
30,2022-12-31,1,4,1,72.22954413515089
30,2023-01-31,2,3,1,70.8158262119665
30,2023-02-28,1,1,0,75.5868465609349
30,2023-03-31,3,2,0,91.64770892944698
30,2023-04-30,0,1,1,60.49571219220293
30,2023-05-31,2,4,1,77.75062068240373
30,2023-06-30,1,4,0,68.07523480589647
30,2023-07-31,1,2,0,68.17796161902005
30,2023-08-31,2,1,0,79.61349789651362
30,2023-09-30,0,3,0,75.90045761223405
30,2023-10-31,0,1,0,84.40508062706614
30,2023-11-30,3,1,0,71.42952363585587
30,2023-12-31,2,3,0,67.21649519396439
31,2019-01-31,1,4,1,79.5731855315113
31,2019-02-28,2,1,1,72.49408297204492
31,2019-03-31,7,2,0,72.92654833171513
31,2019-04-30,5,3,1,80.37152524682006
31,2019-05-31,2,1,0,75.92460220091988
31,2019-06-30,1,4,0,78.18551185384933
31,2019-07-31,3,3,0,63.77842256101095
31,2019-08-31,1,2,0,75.4029247012333
31,2019-09-30,2,4,0,61.189686781513345
31,2019-10-31,0,2,0,80.32672611610161
31,2019-11-30,1,4,0,62.796952220390665
31,2019-12-31,2,2,0,77.38333869860578
31,2020-01-31,1,2,0,65.30575049393538
31,2020-02-29,4,2,0,68.18074361329911
31,2020-03-31,2,2,1,83.05285512114465
31,2020-04-30,4,4,0,81.13809705453777
31,2020-05-31,1,1,0,61.39151398655088
31,2020-06-30,1,1,0,64.33763794288777
31,2020-07-31,2,4,0,62.7556806149486
31,2020-08-31,6,4,0,92.85565178151813
31,2020-09-30,3,4,0,83.54302836347838
31,2020-10-31,1,4,0,79.20358732015575
31,2020-11-30,2,2,1,86.6383764376957
31,2020-12-31,1,3,1,60.14396065561841
31,2021-01-31,1,3,0,88.65302827185064
31,2021-02-28,3,2,0,75.57683816755933
31,2021-03-31,3,2,0,92.64173589996948
31,2021-04-30,0,2,0,93.2239629640375
31,2021-05-31,0,4,0,64.92029158030414
31,2021-06-30,2,2,0,68.33416504722267
31,2021-07-31,3,4,0,67.61846826674007
31,2021-08-31,4,2,0,60.783697926212206
31,2021-09-30,0,1,1,79.25886704163403
31,2021-10-31,2,1,0,84.71673219043542
31,2021-11-30,2,2,0,78.17823121500528
31,2021-12-31,3,3,0,63.84227345103601
31,2022-01-31,3,3,0,82.35535248296713
31,2022-02-28,2,1,0,77.86575821366854
31,2022-03-31,0,1,0,77.65432649015193
31,2022-04-30,0,3,0,89.43231415122108
31,2022-05-31,3,1,0,92.3047645904262
31,2022-06-30,1,4,0,73.51986953133654
31,2022-07-31,1,3,0,64.41251212080905
31,2022-08-31,2,1,0,81.62049164614486
31,2022-09-30,5,4,0,83.8009887945431
31,2022-10-31,1,4,0,61.341079811446576
31,2022-11-30,2,2,0,78.79798640489513
31,2022-12-31,0,1,0,81.669615451649
31,2023-01-31,4,1,0,85.05988714893364
31,2023-02-28,3,1,1,82.0479027623065
31,2023-03-31,2,4,0,60.71727653861083
31,2023-04-30,1,1,0,72.38673184035808
31,2023-05-31,1,4,1,88.68289338066958
31,2023-06-30,3,4,0,83.69379196188733
31,2023-07-31,6,2,0,81.51698546013131
31,2023-08-31,0,1,0,73.40622346069213
31,2023-09-30,4,2,0,83.18742459568715
31,2023-10-31,4,4,0,70.77397262407669
31,2023-11-30,1,4,0,93.10949645616725
31,2023-12-31,2,4,1,83.33786846881686
32,2019-01-31,3,1,1,81.08495871839658
32,2019-02-28,4,4,0,94.79665548515187
32,2019-03-31,1,4,0,90.6607744053899
32,2019-04-30,0,4,0,82.9131569996484
32,2019-05-31,4,1,1,66.21488821833779
32,2019-06-30,2,1,0,84.77668372106923
32,2019-07-31,1,2,0,94.95353940229481
32,2019-08-31,2,2,0,89.76418028700698
32,2019-09-30,1,1,0,84.69271189676518
32,2019-10-31,2,1,0,78.10651454023062
32,2019-11-30,0,3,1,65.30280488696235
32,2019-12-31,2,4,0,83.85785431031614
32,2020-01-31,3,1,1,60.34338139300594
32,2020-02-29,2,3,0,61.29465391476468
32,2020-03-31,1,4,0,67.20840957194025
32,2020-04-30,0,3,0,66.2034520992855
32,2020-05-31,1,4,0,84.52525485585676
32,2020-06-30,0,2,0,63.56278514318777
32,2020-07-31,1,2,0,93.39497248800667
32,2020-08-31,2,2,0,74.58887302089354
32,2020-09-30,2,4,1,60.664165257294144
32,2020-10-31,2,1,0,83.49147150701634
32,2020-11-30,4,2,1,93.9367119417
32,2020-12-31,3,4,0,81.51362154478755
32,2021-01-31,4,3,0,93.52298570424952
32,2021-02-28,0,4,0,69.55373544511708
32,2021-03-31,4,1,1,78.30117148180881
32,2021-04-30,2,4,0,60.60779628807248
32,2021-05-31,0,2,0,83.18255036610967
32,2021-06-30,2,1,0,68.05429176888504
32,2021-07-31,2,2,0,63.36131002327213
32,2021-08-31,2,2,0,64.4303685014755
32,2021-09-30,1,3,0,75.63280006771488
32,2021-10-31,2,2,0,90.94045260948337
32,2021-11-30,1,1,0,79.86550351952869
32,2021-12-31,0,2,0,87.1358437566281
32,2022-01-31,3,1,0,81.07348199436586
32,2022-02-28,2,2,0,70.02417068462758
32,2022-03-31,0,3,1,91.95262830541012
32,2022-04-30,0,2,0,76.47037492107069
32,2022-05-31,3,1,0,87.57449016869671
32,2022-06-30,0,3,0,86.23289999287753
32,2022-07-31,1,4,0,93.36310937274763
32,2022-08-31,4,4,0,87.90342405170958
32,2022-09-30,2,4,1,72.05732559020929
32,2022-10-31,3,2,0,67.66575590583835
32,2022-11-30,0,1,1,69.76866784388443
32,2022-12-31,2,4,0,75.85771140477594
32,2023-01-31,2,1,0,73.48671804737626
32,2023-02-28,2,4,1,60.00510186625386
32,2023-03-31,0,2,1,91.61402094692164
32,2023-04-30,2,4,0,78.07634768042391
32,2023-05-31,2,3,0,85.62588598059659
32,2023-06-30,2,2,0,72.28409502603881
32,2023-07-31,1,3,0,81.06193916301339
32,2023-08-31,0,3,1,70.75705938056407
32,2023-09-30,3,4,1,84.01335970542176
32,2023-10-31,0,2,0,73.25895152208687
32,2023-11-30,2,3,1,89.69427295847096
32,2023-12-31,1,4,0,91.52171344929748
33,2019-01-31,1,2,0,90.84767154818651
33,2019-02-28,3,1,0,94.20668240096433
33,2019-03-31,1,1,0,88.5968791020952
33,2019-04-30,1,1,0,87.7360997391099
33,2019-05-31,3,2,0,64.5465593017899
33,2019-06-30,2,4,0,87.5079321252295
33,2019-07-31,0,4,0,85.61607173505539
33,2019-08-31,4,1,1,60.985348826701916
33,2019-09-30,2,4,0,64.64555494799222
33,2019-10-31,0,2,0,81.98599010833915
33,2019-11-30,2,4,0,91.80118447647374
33,2019-12-31,0,3,0,84.35301965404693
33,2020-01-31,1,2,0,71.15415762804321
33,2020-02-29,2,4,0,76.0268492364803
33,2020-03-31,1,3,0,90.34634193430078
33,2020-04-30,1,4,0,94.19860991356921
33,2020-05-31,2,1,0,71.33876034255483
33,2020-06-30,1,3,0,60.29293161425297
33,2020-07-31,2,3,1,72.4123390755696
33,2020-08-31,2,2,0,73.70925954969329
33,2020-09-30,1,1,0,80.93451301765751
33,2020-10-31,1,2,0,76.14716341665863
33,2020-11-30,0,2,0,90.48452318627031
33,2020-12-31,4,3,0,89.08553910687121
33,2021-01-31,4,4,0,68.83919542537825
33,2021-02-28,0,1,0,82.92778181022858
33,2021-03-31,3,4,1,74.19342936973719
33,2021-04-30,3,2,0,66.38740741950024
33,2021-05-31,1,3,1,60.00358303840464
33,2021-06-30,1,3,0,62.26687135477803
33,2021-07-31,5,3,0,66.79788090914268
33,2021-08-31,4,2,0,70.63922682023154
33,2021-09-30,1,1,0,90.0420070416086
33,2021-10-31,1,3,0,77.80844645723502
33,2021-11-30,2,3,0,80.69202662247122
33,2021-12-31,2,1,0,88.80380440620979
33,2022-01-31,4,4,0,94.40902866646448
33,2022-02-28,1,3,0,92.29104352787175
33,2022-03-31,1,3,1,76.35512843817185
33,2022-04-30,4,2,0,92.06110373498692
33,2022-05-31,2,1,0,76.90467008332983
33,2022-06-30,1,4,0,85.55563516951591
33,2022-07-31,2,2,0,83.42945200898792
33,2022-08-31,1,3,0,75.74580158962165
33,2022-09-30,5,4,1,60.26264656831888
33,2022-10-31,1,4,1,78.85351038748513
33,2022-11-30,1,2,0,63.19824669525448
33,2022-12-31,2,4,0,84.01236938552277
33,2023-01-31,3,2,1,61.726131043319114
33,2023-02-28,0,2,0,65.51280233374243
33,2023-03-31,3,2,0,85.20619245881856
33,2023-04-30,3,3,0,83.50651671855323
33,2023-05-31,0,1,1,75.68212939014347
33,2023-06-30,1,1,0,71.39284598271716
33,2023-07-31,2,4,1,74.59328433757912
33,2023-08-31,2,4,1,83.85523638899505
33,2023-09-30,3,4,0,81.17935509745175
33,2023-10-31,0,4,0,66.7085027047786
33,2023-11-30,4,1,0,92.7011823106016
33,2023-12-31,3,4,0,67.19361201721907
34,2019-01-31,1,4,1,80.9590120569607
34,2019-02-28,2,2,0,69.06346323728785
34,2019-03-31,2,2,0,85.20794701972025
34,2019-04-30,2,2,1,75.24052221281097
34,2019-05-31,1,1,0,62.75636017207047
34,2019-06-30,1,2,1,90.25223694712238
34,2019-07-31,3,3,0,79.65279235949487
34,2019-08-31,3,2,0,89.32437943080994
34,2019-09-30,0,1,0,93.73340850309609
34,2019-10-31,2,1,1,71.82033065449319
34,2019-11-30,3,2,0,82.68805403162825
34,2019-12-31,1,4,0,63.07230916087895
34,2020-01-31,4,2,0,68.19555324300785
34,2020-02-29,3,1,0,70.33786087590248
34,2020-03-31,1,3,0,62.98189268333653
34,2020-04-30,5,3,0,69.6502787830027
34,2020-05-31,4,1,0,83.67366011039368
34,2020-06-30,1,1,0,84.82994161532301
34,2020-07-31,2,2,1,62.018662576617835
34,2020-08-31,5,4,1,94.64109862177727
34,2020-09-30,2,4,0,88.00134987621419
34,2020-10-31,3,3,0,93.76441461554714
34,2020-11-30,1,4,0,76.1288428201529
34,2020-12-31,2,4,0,88.97000631748512
34,2021-01-31,2,1,0,79.30200637863592
34,2021-02-28,4,2,0,60.67748758014174
34,2021-03-31,3,2,1,64.32641502869089
34,2021-04-30,3,1,0,64.37182487919912
34,2021-05-31,1,2,0,65.56405559060013
34,2021-06-30,0,2,0,83.49482022991803
34,2021-07-31,1,4,0,75.85628650773488
34,2021-08-31,2,1,0,79.19099424639805
34,2021-09-30,4,3,0,70.87800308046884
34,2021-10-31,4,2,0,94.4960583730304
34,2021-11-30,2,3,1,69.81117149089192
34,2021-12-31,2,4,1,91.65891522246689
34,2022-01-31,0,2,0,67.72259463155699
34,2022-02-28,1,1,0,71.23425120943037
34,2022-03-31,1,1,0,85.04803655149658
34,2022-04-30,0,2,0,90.76376522526799
34,2022-05-31,1,2,1,73.10296538626031
34,2022-06-30,4,1,0,63.83338007155855
34,2022-07-31,2,2,0,82.75484441902317
34,2022-08-31,2,4,0,92.88049677146958
34,2022-09-30,1,2,0,68.18254235090222
34,2022-10-31,1,4,1,64.61416088297428
34,2022-11-30,0,3,1,68.42277893363364
34,2022-12-31,1,4,0,79.5871558500356
34,2023-01-31,2,2,0,88.53981525667129
34,2023-02-28,5,1,0,69.80723070256359
34,2023-03-31,3,4,0,87.64766538726766
34,2023-04-30,1,4,0,86.03726147957087
34,2023-05-31,2,2,0,94.14296781646675
34,2023-06-30,1,3,0,77.13881929834452
34,2023-07-31,2,1,0,85.0692141627624
34,2023-08-31,0,1,0,83.72133610956489
34,2023-09-30,2,2,0,78.94208554052872
34,2023-10-31,2,4,0,89.48079976346256
34,2023-11-30,3,2,0,63.521966954160234
34,2023-12-31,3,4,0,71.78925457126316
35,2019-01-31,1,1,0,61.94047861532809
35,2019-02-28,0,3,0,93.95832386540616
35,2019-03-31,1,4,0,91.6792648286445
35,2019-04-30,1,4,0,86.3315366785539
35,2019-05-31,2,3,0,65.59045146725842
35,2019-06-30,0,3,0,90.07279813656291
35,2019-07-31,3,4,1,67.21049396432353
35,2019-08-31,0,4,1,74.91576302691364
35,2019-09-30,3,3,0,85.73023113258093
35,2019-10-31,7,4,0,91.31191661445307
35,2019-11-30,2,4,0,66.58264294050885
35,2019-12-31,3,3,1,80.33691516274706
35,2020-01-31,1,2,0,65.25548554240966
35,2020-02-29,3,2,0,63.730764047647675
35,2020-03-31,3,4,1,93.23801899984085
35,2020-04-30,1,4,0,89.45354329807502
35,2020-05-31,3,1,0,77.0303078451545
35,2020-06-30,6,4,0,60.03594985137748
35,2020-07-31,2,1,1,64.35158413824499
35,2020-08-31,3,2,0,65.53536701214512
35,2020-09-30,1,3,0,94.29307090697552
35,2020-10-31,4,2,0,78.80027647554373
35,2020-11-30,4,3,0,61.59000156903079
35,2020-12-31,1,3,0,85.2361229628012
35,2021-01-31,1,4,0,68.30592031855078
35,2021-02-28,0,3,0,77.63738738386914
35,2021-03-31,2,2,0,77.48724553880072
35,2021-04-30,1,1,0,70.8451310282939
35,2021-05-31,2,3,0,94.06739394775462
35,2021-06-30,3,1,0,63.73597062630526
35,2021-07-31,1,1,1,86.92880833043648
35,2021-08-31,5,4,0,82.00446319140002
35,2021-09-30,0,2,1,60.85394306694372
35,2021-10-31,1,4,0,83.03541398034514
35,2021-11-30,1,4,0,90.94382112723532
35,2021-12-31,0,3,0,83.0936010009808
35,2022-01-31,1,1,0,83.48427531255928
35,2022-02-28,0,3,0,84.86204834815615
35,2022-03-31,2,4,0,78.48060581784469
35,2022-04-30,4,2,0,84.24502999430044
35,2022-05-31,3,3,1,83.27503470594135
35,2022-06-30,2,3,0,85.75587321675758
35,2022-07-31,0,3,0,70.59716270676876
35,2022-08-31,1,2,0,71.69961262011608
35,2022-09-30,1,2,1,78.88425765019937
35,2022-10-31,2,3,0,84.03300851119585
35,2022-11-30,3,3,1,62.388716303220136
35,2022-12-31,2,1,0,67.44006053606296
35,2023-01-31,3,1,0,74.42942407551399
35,2023-02-28,2,2,0,64.20498534244582
35,2023-03-31,3,3,0,82.21972218920453
35,2023-04-30,4,1,0,66.18026403713124
35,2023-05-31,0,2,1,60.93728511061866
35,2023-06-30,3,1,0,79.23363600162286
35,2023-07-31,2,4,0,73.86731417047
35,2023-08-31,1,2,1,83.28834416373469
35,2023-09-30,0,4,0,83.57873803443889
35,2023-10-31,2,2,0,66.84023754369439
35,2023-11-30,0,2,0,66.54709021969818
35,2023-12-31,2,3,0,91.27649349546519
36,2019-01-31,0,4,0,60.07771127035684
36,2019-02-28,1,3,1,85.01102059219515
36,2019-03-31,2,1,0,88.91039726748673
36,2019-04-30,1,1,0,85.65581255249269
36,2019-05-31,4,3,0,70.7095775408942
36,2019-06-30,2,3,0,91.70839875041024
36,2019-07-31,1,1,1,63.8213062609452
36,2019-08-31,1,1,0,66.63368384865699
36,2019-09-30,2,4,1,76.99769863763976
36,2019-10-31,2,4,0,85.62901294607738
36,2019-11-30,4,4,0,80.44865517988833
36,2019-12-31,5,1,1,74.25438560200233
36,2020-01-31,1,2,0,85.5111770386273
36,2020-02-29,4,4,0,87.84182196532322
36,2020-03-31,1,4,1,77.79951211172235
36,2020-04-30,1,2,0,76.56312120842999
36,2020-05-31,2,1,0,76.56993363957613
36,2020-06-30,3,3,0,89.25961774663948
36,2020-07-31,1,3,0,62.247462583454045
36,2020-08-31,1,1,1,65.78752920932503
36,2020-09-30,4,2,0,90.05829590794566
36,2020-10-31,3,1,0,78.18289085602177
36,2020-11-30,1,3,1,71.92877077652209
36,2020-12-31,1,3,0,79.32352955435806
36,2021-01-31,1,4,0,62.432812106698535
36,2021-02-28,2,4,0,93.50503442698601
36,2021-03-31,4,4,1,76.49114565520541
36,2021-04-30,0,3,0,71.19210620937828
36,2021-05-31,0,1,0,71.28364374807163
36,2021-06-30,2,2,1,83.10234962251509
36,2021-07-31,2,3,0,94.19034860375154
36,2021-08-31,2,2,0,83.35445577116839
36,2021-09-30,1,1,0,64.0421329787213
36,2021-10-31,1,3,1,84.14028349763306
36,2021-11-30,0,1,0,85.40884316487833
36,2021-12-31,2,2,0,77.26983443728518
36,2022-01-31,0,2,0,78.39103607475883
36,2022-02-28,1,3,0,88.49527972319473
36,2022-03-31,2,4,0,87.12459010442134
36,2022-04-30,2,1,1,73.75402640388167
36,2022-05-31,2,2,0,70.77404862026532
36,2022-06-30,4,1,0,88.46852420015718
36,2022-07-31,1,3,0,87.3992062180152
36,2022-08-31,2,2,0,69.4595326546488
36,2022-09-30,4,2,0,82.40251735705041
36,2022-10-31,4,1,0,91.1002207542837
36,2022-11-30,1,2,0,66.78279582186272
36,2022-12-31,1,4,0,77.5871498313137
36,2023-01-31,3,3,0,88.4341751767989
36,2023-02-28,1,1,0,70.58334802296697
36,2023-03-31,1,2,0,94.36720628297888
36,2023-04-30,1,2,0,87.19983376138124
36,2023-05-31,5,1,0,92.11243337687192
36,2023-06-30,3,3,1,84.20085105674123
36,2023-07-31,2,1,0,83.40435753161533
36,2023-08-31,2,4,0,86.45214221605188
36,2023-09-30,4,3,0,88.81050298254576
36,2023-10-31,2,1,0,90.56524328201101
36,2023-11-30,1,3,0,76.87851941547906
36,2023-12-31,0,1,0,74.8979402322544
37,2019-01-31,1,1,0,90.54284647531354
37,2019-02-28,2,2,1,66.15414345297236
37,2019-03-31,1,1,1,75.16666645623995
37,2019-04-30,4,4,0,63.73407168341281
37,2019-05-31,1,2,1,80.18169041398187
37,2019-06-30,1,3,0,70.67951120895572
37,2019-07-31,3,1,1,61.232050966658214
37,2019-08-31,3,4,0,71.7440938173812
37,2019-09-30,1,3,1,93.19544930848045
37,2019-10-31,0,3,0,64.04014728860099
37,2019-11-30,2,3,1,93.85625699829414
37,2019-12-31,5,3,1,65.54867967141038
37,2020-01-31,0,4,0,76.90746802313421
37,2020-02-29,4,1,0,62.57146022714732
37,2020-03-31,2,3,0,91.02270336914705
37,2020-04-30,2,1,0,88.56794378483009
37,2020-05-31,4,3,0,60.67231505734961
37,2020-06-30,4,1,0,87.98065869210411
37,2020-07-31,2,3,0,65.66070503074693
37,2020-08-31,2,1,0,86.64716945453
37,2020-09-30,2,2,1,82.69964348304973
37,2020-10-31,1,4,1,61.146406944083054
37,2020-11-30,2,2,0,66.30494634300183
37,2020-12-31,3,3,0,64.72170034996364
37,2021-01-31,0,3,0,90.39484504002013
37,2021-02-28,2,3,0,66.99018309530744
37,2021-03-31,2,4,0,74.44493489420105
37,2021-04-30,1,2,1,66.88610303337084
37,2021-05-31,1,1,1,70.0040226694481
37,2021-06-30,0,2,0,85.18808865860817
37,2021-07-31,3,1,0,71.10717645869427
37,2021-08-31,2,2,0,81.2307840945695
37,2021-09-30,0,3,0,70.85978177988743
37,2021-10-31,2,1,0,81.70140128530095
37,2021-11-30,4,3,1,75.84375137658189
37,2021-12-31,2,1,0,80.80114089015322
37,2022-01-31,1,4,1,61.70974536283307
37,2022-02-28,2,3,0,60.302259367859094
37,2022-03-31,4,4,0,64.05292742807694
37,2022-04-30,4,1,0,71.03273547147558
37,2022-05-31,2,4,1,66.30980719121257
37,2022-06-30,0,1,0,87.17953996366114
37,2022-07-31,0,3,0,62.747830372033775
37,2022-08-31,3,1,1,67.58602506443412
37,2022-09-30,4,4,0,61.8636612618978
37,2022-10-31,3,4,0,93.0027240925958
37,2022-11-30,1,1,1,64.91811501322451
37,2022-12-31,1,3,0,83.89902096539097
37,2023-01-31,1,3,0,75.80350995787151
37,2023-02-28,2,2,0,83.87012194586819
37,2023-03-31,1,1,0,89.2512460104943
37,2023-04-30,3,2,1,64.38797469557721
37,2023-05-31,4,3,0,73.96538777030247
37,2023-06-30,4,1,1,72.45396554651704
37,2023-07-31,4,3,0,64.53428363651341
37,2023-08-31,0,1,0,66.77226237201775
37,2023-09-30,2,4,0,79.42904696566752
37,2023-10-31,1,4,0,94.17300992520852
37,2023-11-30,0,3,0,88.11879807366972
37,2023-12-31,1,2,0,74.92181599965559
38,2019-01-31,3,1,0,74.29709066029699
38,2019-02-28,1,4,0,64.09906901154952
38,2019-03-31,1,2,0,67.93617392194102
38,2019-04-30,0,1,0,75.09763456333685
38,2019-05-31,4,3,1,79.19740693868279
38,2019-06-30,4,1,0,70.055062011019
38,2019-07-31,1,1,0,61.97515082605218
38,2019-08-31,1,1,0,91.63304648168008
38,2019-09-30,3,3,0,79.23346515656019
38,2019-10-31,3,1,1,91.88747760273948
38,2019-11-30,3,2,0,82.37097876710038
38,2019-12-31,2,2,0,75.68297765659034
38,2020-01-31,2,2,1,70.37409901033158
38,2020-02-29,3,2,1,94.8793054488249
38,2020-03-31,3,1,0,68.51217830307644
38,2020-04-30,2,3,0,87.75266772708109
38,2020-05-31,0,1,1,88.0901809561018
38,2020-06-30,1,3,0,85.54063576994619
38,2020-07-31,0,4,1,89.60003633612041
38,2020-08-31,3,2,0,91.15411280885543
38,2020-09-30,4,1,0,64.45818533365336
38,2020-10-31,2,3,0,90.31980372426027
38,2020-11-30,2,3,0,83.30700165528913
38,2020-12-31,1,2,0,67.66563307259146
38,2021-01-31,0,2,1,65.36091204178344
38,2021-02-28,6,1,0,86.80029112414039
38,2021-03-31,4,3,1,66.50308376222594
38,2021-04-30,3,3,0,76.99944358017046
38,2021-05-31,2,4,1,73.95438866738486
38,2021-06-30,0,1,0,77.09514599624033
38,2021-07-31,3,2,0,68.75543941721281
38,2021-08-31,2,3,1,72.2918086890898
38,2021-09-30,2,3,0,79.74161930715162
38,2021-10-31,1,3,0,62.00722036225321
38,2021-11-30,0,4,0,77.23145025646491
38,2021-12-31,2,1,0,85.5367504338066
38,2022-01-31,3,4,0,69.44953896367043
38,2022-02-28,0,3,1,61.27031299405148
38,2022-03-31,5,4,0,80.1436030671274
38,2022-04-30,2,2,1,73.1989556938205
38,2022-05-31,3,2,0,77.81235173650316
38,2022-06-30,4,2,1,74.68297372975871
38,2022-07-31,2,4,0,83.57181473144242
38,2022-08-31,3,3,0,83.5413910495376
38,2022-09-30,1,2,1,71.83816491314525
38,2022-10-31,2,3,0,90.5233676169198
38,2022-11-30,4,3,1,81.923180871393
38,2022-12-31,1,4,0,69.49853811530754
38,2023-01-31,1,4,0,81.89388765317591
38,2023-02-28,4,1,0,89.35045868244589
38,2023-03-31,2,1,0,66.44514726746509
38,2023-04-30,4,4,0,64.65369203233253
38,2023-05-31,0,1,0,86.69009428506143
38,2023-06-30,2,4,0,79.48959293874591
38,2023-07-31,4,3,1,61.96604796157741
38,2023-08-31,2,1,0,63.128550957400975
38,2023-09-30,2,3,1,81.54650021314691
38,2023-10-31,1,1,0,73.07653524601297
38,2023-11-30,1,4,0,62.31090746318067
38,2023-12-31,0,4,0,79.95231261929878
39,2019-01-31,2,2,0,77.51408863951846
39,2019-02-28,1,1,1,72.27886847319508
39,2019-03-31,2,1,0,77.64887794643855
39,2019-04-30,5,1,0,87.96908164209461
39,2019-05-31,1,1,0,81.13642678993563
39,2019-06-30,3,1,0,83.6883779400143
39,2019-07-31,1,4,0,89.48292354941589
39,2019-08-31,4,1,0,64.8078835148051
39,2019-09-30,1,1,0,92.63934018492012
39,2019-10-31,2,4,0,72.75641005969098
39,2019-11-30,2,3,0,94.50141788757963
39,2019-12-31,2,4,0,84.02625030352331
39,2020-01-31,1,4,0,71.70683235530757
39,2020-02-29,3,1,0,72.40930855109617
39,2020-03-31,3,4,0,86.97265159447666
39,2020-04-30,0,1,0,79.88481529385265
39,2020-05-31,2,4,0,84.45040492856747
39,2020-06-30,1,4,0,77.93226440039616
39,2020-07-31,2,1,1,78.83810736367343
39,2020-08-31,1,4,1,67.44878699782531
39,2020-09-30,4,3,0,72.60631708885805
39,2020-10-31,5,2,0,87.80139663947062
39,2020-11-30,2,3,0,83.08627961246526
39,2020-12-31,2,4,0,76.57259499761098
39,2021-01-31,3,4,0,62.20844103905937
39,2021-02-28,3,2,0,72.3413494094126
39,2021-03-31,0,1,0,92.80737041262464
39,2021-04-30,3,4,0,63.505233434468884
39,2021-05-31,2,4,0,87.40024217328994
39,2021-06-30,2,3,0,83.76480680858685
39,2021-07-31,1,1,0,86.25039114132719
39,2021-08-31,4,4,0,69.91373982950988
39,2021-09-30,2,3,0,87.49910912027264
39,2021-10-31,1,4,0,88.78836864196825
39,2021-11-30,3,4,1,78.09063678895899
39,2021-12-31,1,2,0,63.53420096694017
39,2022-01-31,2,3,0,65.0652191980288
39,2022-02-28,1,4,0,75.11391027039414
39,2022-03-31,1,2,0,84.41563869091979
39,2022-04-30,4,3,1,65.63845266762476
39,2022-05-31,0,2,1,83.72819592993781
39,2022-06-30,3,2,0,87.50777776073076
39,2022-07-31,2,4,1,90.5007331876109
39,2022-08-31,1,1,0,77.28208721990295
39,2022-09-30,1,1,0,85.42848567483593
39,2022-10-31,2,1,0,86.10448892581437
39,2022-11-30,4,4,0,65.7026105229485
39,2022-12-31,1,3,0,82.64977337743622
39,2023-01-31,2,1,0,94.38739604517734
39,2023-02-28,2,3,0,69.03757462654818
39,2023-03-31,1,1,0,62.20106579036068
39,2023-04-30,3,1,0,92.2267581871528
39,2023-05-31,3,4,0,66.83440873619325
39,2023-06-30,3,4,0,94.23779345092713
39,2023-07-31,3,4,0,83.13669331304456
39,2023-08-31,4,4,0,88.59450956780017
39,2023-09-30,2,2,0,67.81008273867776
39,2023-10-31,6,1,0,85.43261095591775
39,2023-11-30,3,3,0,79.34443057113495
39,2023-12-31,2,2,0,90.07442445121941
40,2019-01-31,2,4,0,87.91326268674185
40,2019-02-28,1,1,0,63.9205072758871
40,2019-03-31,2,2,0,64.67052352980487
40,2019-04-30,4,4,1,88.07931672268842
40,2019-05-31,3,4,0,60.998497812542254
40,2019-06-30,2,2,0,64.13450746918411
40,2019-07-31,1,1,0,90.2609701239397
40,2019-08-31,2,3,0,89.38532910534032
40,2019-09-30,3,1,0,77.34491539446923
40,2019-10-31,7,3,0,69.87313519946507
40,2019-11-30,3,4,0,68.27055636103779
40,2019-12-31,2,4,0,87.2063761126465
40,2020-01-31,0,2,0,92.68899430141445
40,2020-02-29,3,2,1,63.50456175642309
40,2020-03-31,1,1,0,91.06386097405009
40,2020-04-30,1,2,1,87.600064477902
40,2020-05-31,2,1,0,72.67696993044176
40,2020-06-30,0,4,0,79.96921796612487
40,2020-07-31,2,3,0,90.61376163643614
40,2020-08-31,1,4,0,93.12439707577187
40,2020-09-30,5,1,0,72.1614832675884
40,2020-10-31,1,1,0,90.12181155354244
40,2020-11-30,3,3,0,90.28064456817911
40,2020-12-31,2,2,1,63.9929405793595
40,2021-01-31,1,3,0,83.87326097532423
40,2021-02-28,2,1,1,69.78528759012133
40,2021-03-31,0,4,1,92.68851768443676
40,2021-04-30,5,4,0,87.21126615269355
40,2021-05-31,2,1,0,61.24801753428457
40,2021-06-30,2,2,0,69.72751165152555
40,2021-07-31,0,2,0,64.76212276780345
40,2021-08-31,1,2,0,86.4271552404032
40,2021-09-30,3,2,1,61.392271908920144
40,2021-10-31,4,3,0,61.480470845987064
40,2021-11-30,1,2,0,74.9756069300472
40,2021-12-31,2,3,0,61.67513728054247
40,2022-01-31,1,2,1,70.50968626915152
40,2022-02-28,0,1,0,62.3061528172171
40,2022-03-31,1,1,0,93.78259418312305
40,2022-04-30,2,3,0,74.8646752272238
40,2022-05-31,1,1,0,63.93087551753051
40,2022-06-30,3,3,0,71.98038961016442
40,2022-07-31,0,2,1,88.50557998036197
40,2022-08-31,3,2,0,70.36197954927384
40,2022-09-30,4,2,0,74.30682002104348
40,2022-10-31,1,3,0,88.9517948223752
40,2022-11-30,4,3,0,69.41003291965993
40,2022-12-31,1,1,0,67.21206348288399
40,2023-01-31,3,4,0,81.54610283177472
40,2023-02-28,2,1,1,74.88779701652155
40,2023-03-31,1,2,0,80.78975565410008
40,2023-04-30,0,2,0,82.86493766312549
40,2023-05-31,3,4,0,71.02824995882895
40,2023-06-30,5,1,0,70.87387179486883
40,2023-07-31,0,3,0,67.74657844197012
40,2023-08-31,2,4,0,65.93369494602973
40,2023-09-30,3,3,0,81.44863658388793
40,2023-10-31,0,2,0,86.90852192534636
40,2023-11-30,1,1,0,80.28186499250816
40,2023-12-31,1,4,0,90.79302676524274
41,2019-01-31,0,4,0,75.87117104586291
41,2019-02-28,2,2,1,88.37488846175837
41,2019-03-31,3,1,1,82.92587623773609
41,2019-04-30,4,2,0,91.4414563156534
41,2019-05-31,3,3,0,76.6006806101079
41,2019-06-30,1,4,0,75.95020654678149
41,2019-07-31,2,2,0,63.58853980873638
41,2019-08-31,1,3,0,61.327459870055705
41,2019-09-30,3,3,0,94.32227991685079
41,2019-10-31,3,3,0,65.28253392145218
41,2019-11-30,1,2,1,83.60418622229918
41,2019-12-31,4,1,1,78.00754471689109
41,2020-01-31,1,4,1,76.5195655057847
41,2020-02-29,3,2,0,88.94280031003434
41,2020-03-31,0,3,0,70.36652304749359
41,2020-04-30,0,2,0,70.95391710543291
41,2020-05-31,4,1,1,67.6955917720186
41,2020-06-30,2,2,0,94.83274386746459
41,2020-07-31,3,1,0,89.73350553208647
41,2020-08-31,0,4,0,88.004392062898
41,2020-09-30,1,1,0,88.28564033990111
41,2020-10-31,1,1,0,90.84411141938814
41,2020-11-30,1,2,0,71.84107005891434
41,2020-12-31,1,4,0,61.20749028438654
41,2021-01-31,2,1,0,92.30141868503915
41,2021-02-28,3,3,0,83.91839413023179
41,2021-03-31,2,4,0,82.54456750843084
41,2021-04-30,0,4,0,72.92537977243236
41,2021-05-31,1,2,1,74.32536099841016
41,2021-06-30,1,2,0,86.19180022291066
41,2021-07-31,5,2,0,88.90791958237634
41,2021-08-31,1,1,0,88.4123183143039
41,2021-09-30,1,3,0,68.22286659267839
41,2021-10-31,3,4,0,84.10236273046374
41,2021-11-30,3,2,0,66.32126540155355
41,2021-12-31,2,2,1,75.56975213738575
41,2022-01-31,2,4,1,75.5695759669479
41,2022-02-28,0,4,0,80.27909904884716
41,2022-03-31,2,3,0,67.75433446566849
41,2022-04-30,1,3,0,93.27732536852183
41,2022-05-31,3,3,0,82.67869911574536
41,2022-06-30,3,3,0,88.01624424248618
41,2022-07-31,3,2,0,91.67785423318554
41,2022-08-31,1,4,0,69.64698066332355
41,2022-09-30,1,3,0,79.50089842874789
41,2022-10-31,0,4,0,91.14879895457982
41,2022-11-30,1,1,1,90.42589272947679
41,2022-12-31,2,2,0,66.32609015700852
41,2023-01-31,1,2,0,65.15525783733622
41,2023-02-28,3,3,0,80.19246022403743
41,2023-03-31,0,1,1,85.475390264353
41,2023-04-30,0,2,0,80.34868847192416
41,2023-05-31,0,1,1,77.30085718321006
41,2023-06-30,0,3,0,80.91748530080953
41,2023-07-31,3,1,0,72.9401085999063
41,2023-08-31,0,1,0,93.37459586065401
41,2023-09-30,1,4,0,89.21931505635563
41,2023-10-31,2,1,0,88.06196719094005
41,2023-11-30,4,3,0,90.54544606161075
41,2023-12-31,0,2,0,91.29560639879305
42,2019-01-31,6,1,1,80.43636716822114
42,2019-02-28,3,1,0,94.7207709457414
42,2019-03-31,2,2,1,66.67201153721253
42,2019-04-30,2,1,0,80.93888624458333
42,2019-05-31,3,1,0,79.57747288407495
42,2019-06-30,2,1,1,94.06716140475785
42,2019-07-31,2,2,0,82.51507780059556
42,2019-08-31,7,4,0,86.52445119272856
42,2019-09-30,2,2,0,67.4466271117756
42,2019-10-31,0,3,1,61.45363254471656
42,2019-11-30,2,1,0,94.88249242874588
42,2019-12-31,2,4,0,71.97898998562069
42,2020-01-31,0,3,0,84.46342554167349
42,2020-02-29,2,2,0,89.33801283734306
42,2020-03-31,1,4,0,65.82887312349412
42,2020-04-30,2,2,0,66.25197651465743
42,2020-05-31,0,1,0,65.52130736074092
42,2020-06-30,2,1,0,84.33828993989583
42,2020-07-31,3,3,0,60.2594745584886
42,2020-08-31,3,3,0,82.89463021229321
42,2020-09-30,1,4,0,65.3411151853251
42,2020-10-31,2,3,0,85.93020779291538
42,2020-11-30,1,4,0,68.8305028293447
42,2020-12-31,4,4,1,74.81918235828974
42,2021-01-31,3,1,0,71.29468161623193
42,2021-02-28,2,1,0,73.09857873397193
42,2021-03-31,0,1,0,65.03965055700286
42,2021-04-30,2,1,0,82.83613373394215
42,2021-05-31,2,1,0,69.3514886191017
42,2021-06-30,0,2,1,82.59364129192917
42,2021-07-31,2,2,0,67.17887312633297
42,2021-08-31,4,3,0,81.20966465302425
42,2021-09-30,3,1,0,67.66370660356654
42,2021-10-31,2,1,0,93.25697256901694
42,2021-11-30,1,2,0,73.36886015423016
42,2021-12-31,3,4,0,86.9938690233174
42,2022-01-31,1,2,0,76.49298585619808
42,2022-02-28,3,4,0,76.40774701193982
42,2022-03-31,1,3,0,88.78967319467469
42,2022-04-30,4,3,0,84.70587713678768
42,2022-05-31,3,1,0,63.00787169494484
42,2022-06-30,1,3,0,79.7019874726738
42,2022-07-31,5,3,0,68.35148253488421
42,2022-08-31,1,4,0,94.10616358179581
42,2022-09-30,1,4,0,94.68394369176013
42,2022-10-31,1,2,0,60.35827509516672
42,2022-11-30,2,1,0,67.7251337673926
42,2022-12-31,3,1,0,93.61049022181595
42,2023-01-31,3,1,0,82.35002806764219
42,2023-02-28,1,4,0,65.67805075235124
42,2023-03-31,2,2,0,86.69951488317011
42,2023-04-30,2,4,0,88.62043353783848
42,2023-05-31,1,2,0,65.01955993423542
42,2023-06-30,5,3,0,88.55603849200205
42,2023-07-31,2,2,0,73.87757786501305
42,2023-08-31,1,3,1,76.93310950677021
42,2023-09-30,2,4,1,79.5997518248493
42,2023-10-31,2,1,0,89.41673868011277
42,2023-11-30,5,3,0,94.54330902056785
42,2023-12-31,2,3,1,64.7499443342731
43,2019-01-31,2,4,0,90.84341326056227
43,2019-02-28,0,2,0,84.74152764327584
43,2019-03-31,1,1,0,93.44053715525392
43,2019-04-30,2,4,1,94.84364703993404
43,2019-05-31,3,2,0,87.32017088391243
43,2019-06-30,2,2,0,68.90622200257697
43,2019-07-31,1,4,0,74.91443235700345
43,2019-08-31,3,2,0,93.10949718421048
43,2019-09-30,5,3,0,78.75553632348056
43,2019-10-31,1,3,0,60.26801731789312
43,2019-11-30,4,2,1,90.39234706275465
43,2019-12-31,1,2,0,80.9916009770194
43,2020-01-31,2,4,1,82.48341685744424
43,2020-02-29,2,2,0,93.77169819890514
43,2020-03-31,0,4,0,73.51441151107873
43,2020-04-30,3,4,0,86.72578522683085
43,2020-05-31,0,2,1,85.29027221426341
43,2020-06-30,4,4,0,78.80508651720632
43,2020-07-31,2,1,0,61.793359789147296
43,2020-08-31,1,1,0,90.69239247891437
43,2020-09-30,2,3,0,67.0465755015514
43,2020-10-31,1,4,0,67.09529535789478
43,2020-11-30,1,2,0,64.20046231407134
43,2020-12-31,4,2,1,87.12572009928905
43,2021-01-31,1,2,0,82.82903511100128
43,2021-02-28,2,3,0,84.95374222518683
43,2021-03-31,1,4,0,78.89253919896201
43,2021-04-30,3,1,1,72.21612241521053
43,2021-05-31,1,2,1,93.73328491223367
43,2021-06-30,5,3,1,67.16723845661821
43,2021-07-31,1,2,1,66.74879346516882
43,2021-08-31,4,3,0,80.08413111555117
43,2021-09-30,3,1,0,76.09026453922404
43,2021-10-31,5,1,0,60.38761737765545
43,2021-11-30,2,2,0,67.64699065339045
43,2021-12-31,2,3,0,79.5443707296499
43,2022-01-31,0,1,1,71.85602571912844
43,2022-02-28,0,3,0,67.56352091818788
43,2022-03-31,1,3,0,91.54979088106403
43,2022-04-30,6,4,1,86.7581358303291
43,2022-05-31,1,4,0,77.43960681393126
43,2022-06-30,1,2,0,92.14430369236484
43,2022-07-31,1,2,1,72.97563016353224
43,2022-08-31,2,3,1,79.91701430391772
43,2022-09-30,0,2,0,88.2790790107079
43,2022-10-31,1,1,0,62.45663742021462
43,2022-11-30,1,3,0,92.99062761854174
43,2022-12-31,3,1,0,88.80272715154592
43,2023-01-31,2,3,0,72.4057522229586
43,2023-02-28,4,2,0,73.17536423442012
43,2023-03-31,1,2,1,68.48701353791829
43,2023-04-30,1,4,0,64.64418109598293
43,2023-05-31,1,2,0,87.14530705345322
43,2023-06-30,0,2,0,60.91725567220055
43,2023-07-31,4,4,0,62.66051634679889
43,2023-08-31,2,1,0,85.95468886179796
43,2023-09-30,2,4,0,75.1806307612438
43,2023-10-31,2,2,0,76.1268352776913
43,2023-11-30,2,1,0,62.67032425449548
43,2023-12-31,0,1,1,79.96223849363443
44,2019-01-31,1,2,0,80.8863076526844
44,2019-02-28,2,4,0,92.96526416749344
44,2019-03-31,3,1,0,60.3177265225829
44,2019-04-30,1,4,1,74.54644928103033
44,2019-05-31,0,3,1,66.41097224196268
44,2019-06-30,2,3,0,88.1085654781902
44,2019-07-31,1,4,0,70.55246933982144
44,2019-08-31,0,2,0,84.7860077804389
44,2019-09-30,0,2,0,72.66658455598231
44,2019-10-31,0,4,0,91.17795923061674
44,2019-11-30,2,4,1,65.3606925805501
44,2019-12-31,2,4,0,84.00085222312502
44,2020-01-31,1,1,0,88.24308502957493
44,2020-02-29,1,3,0,81.99677789094534
44,2020-03-31,2,1,1,64.29254620288212
44,2020-04-30,2,3,0,67.76671983006352
44,2020-05-31,3,4,0,88.94958044155999
44,2020-06-30,3,4,0,60.954361797871954
44,2020-07-31,5,2,0,79.87475994934573
44,2020-08-31,3,1,0,77.58140262655684
44,2020-09-30,3,3,0,88.127717207116
44,2020-10-31,2,3,0,65.86981098101549
44,2020-11-30,2,4,0,94.57600025311794
44,2020-12-31,0,1,1,85.38669515459314
44,2021-01-31,2,4,0,75.14787867293039
44,2021-02-28,3,1,0,63.59356359066374
44,2021-03-31,3,1,1,92.45714881082708
44,2021-04-30,1,3,1,62.498898661053666
44,2021-05-31,1,1,0,68.04546520918616
44,2021-06-30,4,3,0,62.289934639503095
44,2021-07-31,4,1,0,92.41861691644354
44,2021-08-31,2,2,0,76.71632088627382
44,2021-09-30,2,2,1,93.92085200545623
44,2021-10-31,2,3,1,78.89858011573196
44,2021-11-30,1,2,0,81.56120650666344
44,2021-12-31,3,3,0,73.90088214659474
44,2022-01-31,3,4,1,67.1754472607821
44,2022-02-28,2,3,0,92.53415495136909
44,2022-03-31,3,3,0,79.58413077920508
44,2022-04-30,2,2,0,69.73672427578414
44,2022-05-31,2,1,0,89.42651557964507
44,2022-06-30,2,4,0,80.8813277749513
44,2022-07-31,0,3,0,77.56280963314666
44,2022-08-31,1,2,1,86.53233741102125
44,2022-09-30,1,3,0,81.0109012894172
44,2022-10-31,2,1,1,79.35755077515074
44,2022-11-30,1,1,0,86.8265434749762
44,2022-12-31,1,3,1,88.16550076625367
44,2023-01-31,1,3,0,72.0600183968525
44,2023-02-28,4,4,0,79.20806043103785
44,2023-03-31,0,3,0,88.64280305382867
44,2023-04-30,3,4,0,61.66712730374229
44,2023-05-31,1,3,0,78.74505123394331
44,2023-06-30,1,1,0,94.58769399092692
44,2023-07-31,2,3,1,79.89909811054179
44,2023-08-31,1,1,0,85.91657268191024
44,2023-09-30,2,2,0,89.48407551959158
44,2023-10-31,3,4,0,86.36731812606902
44,2023-11-30,1,1,0,86.8257995303595
44,2023-12-31,2,2,0,88.48328659597759
45,2019-01-31,1,4,0,64.34390346231999
45,2019-02-28,3,1,0,85.90417817588349
45,2019-03-31,0,4,1,86.3493155660603
45,2019-04-30,1,2,0,60.76553651488747
45,2019-05-31,1,4,0,82.78015694897942
45,2019-06-30,3,2,0,92.26234520525307
45,2019-07-31,4,2,0,73.89689826648981
45,2019-08-31,0,1,1,72.25811896538585
45,2019-09-30,2,3,0,64.22254765195561
45,2019-10-31,2,2,1,94.43486626734762
45,2019-11-30,1,4,0,86.87966639128561
45,2019-12-31,3,1,0,71.33061100699092
45,2020-01-31,4,2,0,70.70118902470361
45,2020-02-29,2,4,0,72.38908643156584
45,2020-03-31,4,3,1,75.65246347627237
45,2020-04-30,2,2,0,60.691918191933254
45,2020-05-31,0,3,0,91.25166254427695
45,2020-06-30,2,3,0,72.24646838947078
45,2020-07-31,0,2,0,64.56134027257892
45,2020-08-31,5,4,1,64.12880766336625
45,2020-09-30,2,3,1,79.98045898473218
45,2020-10-31,2,1,1,88.72296323292602
45,2020-11-30,4,4,0,71.40394410340681
45,2020-12-31,2,3,0,67.46143284154583
45,2021-01-31,2,3,0,68.46744345949993
45,2021-02-28,2,3,0,81.04756423671955
45,2021-03-31,3,1,0,69.75913928959683
45,2021-04-30,1,1,0,71.91312047170196
45,2021-05-31,3,4,1,90.76042323152764
45,2021-06-30,1,3,0,70.19941016582415
45,2021-07-31,2,1,0,61.73139871752942
45,2021-08-31,2,4,0,85.52605934223853
45,2021-09-30,1,4,0,84.89383376945018
45,2021-10-31,1,1,0,80.91545505683543
45,2021-11-30,1,2,0,82.54009102273837
45,2021-12-31,1,4,0,80.6291727184393
45,2022-01-31,2,3,0,81.19609536802504
45,2022-02-28,3,2,0,84.11390692874313
45,2022-03-31,2,3,1,74.96998515998192
45,2022-04-30,4,1,0,79.55972533198747
45,2022-05-31,0,4,0,71.53142543164317
45,2022-06-30,3,3,0,87.50412252118817
45,2022-07-31,1,2,1,68.52464372283433
45,2022-08-31,1,3,0,66.01353409740149
45,2022-09-30,1,2,1,62.073654196188606
45,2022-10-31,1,3,0,60.30508368943036
45,2022-11-30,3,4,0,68.27814591764312
45,2022-12-31,2,4,0,87.2356415273157
45,2023-01-31,2,4,1,82.46273629098894
45,2023-02-28,3,2,0,60.435272831940885
45,2023-03-31,1,4,0,68.88436785550627
45,2023-04-30,4,4,0,81.95691523974722
45,2023-05-31,2,3,0,81.67645890050332
45,2023-06-30,2,4,0,88.01596273547626
45,2023-07-31,4,2,0,81.38282252503629
45,2023-08-31,3,4,0,94.19099564989712
45,2023-09-30,1,2,1,74.96051992775699
45,2023-10-31,1,4,1,79.67345440512305
45,2023-11-30,2,1,0,93.91970510867402
45,2023-12-31,2,4,0,62.524932116407356
46,2019-01-31,4,4,1,74.09901673065369
46,2019-02-28,0,1,0,92.95960971472172
46,2019-03-31,2,3,0,81.17873667946373
46,2019-04-30,0,2,0,88.9471609113969
46,2019-05-31,2,3,0,90.73240398319552
46,2019-06-30,3,2,0,65.26245092098489
46,2019-07-31,1,1,0,80.80478046278617
46,2019-08-31,0,1,0,85.59087514501482
46,2019-09-30,1,4,0,75.47242028120607
46,2019-10-31,0,2,0,73.05146500692786
46,2019-11-30,2,1,1,82.87281066926316
46,2019-12-31,0,3,0,86.2283231009223
46,2020-01-31,4,2,0,70.77774113461314
46,2020-02-29,2,3,0,92.36430581265262
46,2020-03-31,3,4,0,77.59158087756309
46,2020-04-30,3,1,0,63.50430312250043
46,2020-05-31,5,2,0,79.70858362775977
46,2020-06-30,2,3,0,79.88708635236185
46,2020-07-31,3,4,0,82.87882215096661
46,2020-08-31,5,2,0,65.51856592278254
46,2020-09-30,5,2,0,82.32047193840091
46,2020-10-31,2,2,1,69.76474966250946
46,2020-11-30,2,1,1,66.22915984183777
46,2020-12-31,1,1,0,77.22531891933042
46,2021-01-31,2,4,1,66.29126924138903
46,2021-02-28,0,3,1,84.23765059722545
46,2021-03-31,2,4,0,86.27136721087793
46,2021-04-30,1,4,0,75.80424993921174
46,2021-05-31,2,1,0,89.91163881973381
46,2021-06-30,2,4,0,79.22856075342708
46,2021-07-31,6,4,1,85.46333383755588
46,2021-08-31,1,1,0,63.21137607476513
46,2021-09-30,0,3,0,87.64730364058596
46,2021-10-31,3,1,0,67.28250943669603
46,2021-11-30,5,2,0,65.8461783276491
46,2021-12-31,1,2,0,85.51880689444967
46,2022-01-31,2,2,0,73.59093751665517
46,2022-02-28,2,1,0,69.91016563370279
46,2022-03-31,3,2,0,65.31518438214496
46,2022-04-30,2,1,0,74.64180360989722
46,2022-05-31,2,1,1,91.52793610285886
46,2022-06-30,3,1,0,94.96248557595922
46,2022-07-31,3,1,0,89.89639440606459
46,2022-08-31,2,1,0,79.19737206471477
46,2022-09-30,1,3,0,85.527756533741
46,2022-10-31,0,2,0,72.53697282508743
46,2022-11-30,1,2,0,94.70380152619751
46,2022-12-31,4,4,0,77.54125555022455
46,2023-01-31,1,2,0,69.28480069485539
46,2023-02-28,2,2,0,86.90823434561705
46,2023-03-31,0,3,0,72.37740560329193
46,2023-04-30,3,1,0,78.40500127311837
46,2023-05-31,4,1,0,75.88682314550444
46,2023-06-30,4,1,0,93.90781963302729
46,2023-07-31,1,4,0,63.45520729759676
46,2023-08-31,2,4,0,69.63070167449808
46,2023-09-30,3,4,0,80.56306896109007
46,2023-10-31,0,4,1,66.24404678421227
46,2023-11-30,2,2,0,84.99605980849522
46,2023-12-31,1,4,0,75.4879673765095
47,2019-01-31,2,3,0,87.72015076860524
47,2019-02-28,1,1,0,65.88526274045758
47,2019-03-31,1,1,0,70.22396943773131
47,2019-04-30,6,4,0,64.68530025844409
47,2019-05-31,3,1,0,60.72223987208798
47,2019-06-30,4,2,0,65.63530237940871
47,2019-07-31,3,3,0,82.00819606276987
47,2019-08-31,1,1,0,82.61446088323379
47,2019-09-30,1,2,1,82.90344994515642
47,2019-10-31,2,4,0,69.74290717337898
47,2019-11-30,2,4,0,92.99734117856217
47,2019-12-31,0,3,0,69.17550888806785
47,2020-01-31,1,3,1,66.92406767642726
47,2020-02-29,4,1,0,78.69655821633746
47,2020-03-31,0,1,0,77.05654145122301
47,2020-04-30,1,3,0,74.68562824180579
47,2020-05-31,2,3,0,65.5641686649808
47,2020-06-30,1,1,0,64.48526033421925
47,2020-07-31,3,3,0,90.17715135001714
47,2020-08-31,0,1,1,88.8097385612622
47,2020-09-30,3,3,0,62.9073609953845
47,2020-10-31,1,3,0,70.50830045606898
47,2020-11-30,5,4,1,65.03577955523286
47,2020-12-31,2,4,1,75.13563869225347
47,2021-01-31,2,2,0,67.3682408633097
47,2021-02-28,3,2,0,65.97717422157417
47,2021-03-31,1,4,0,64.0156676262104
47,2021-04-30,3,2,1,88.65025452242885
47,2021-05-31,1,3,0,62.60058518316869
47,2021-06-30,2,1,1,69.292537315862
47,2021-07-31,4,3,0,70.9394046021174
47,2021-08-31,0,4,1,90.48501634252469
47,2021-09-30,2,1,0,64.27332694369413
47,2021-10-31,2,1,0,77.62021740808058
47,2021-11-30,0,3,0,83.2442251218568
47,2021-12-31,5,3,0,61.25292247397355
47,2022-01-31,3,1,0,89.80425657669731
47,2022-02-28,2,2,0,78.74151402441709
47,2022-03-31,0,2,1,60.35844973466983
47,2022-04-30,1,3,0,87.84587625280254
47,2022-05-31,3,4,0,82.98588693983214
47,2022-06-30,3,1,0,78.83190787862166
47,2022-07-31,2,1,0,60.49984076090651
47,2022-08-31,1,3,1,70.03703857632348
47,2022-09-30,3,3,0,74.10134273441312
47,2022-10-31,3,2,0,76.70541711524025
47,2022-11-30,3,4,0,85.85281624837064
47,2022-12-31,1,3,0,65.48200865622928
47,2023-01-31,0,2,1,92.52029499879735
47,2023-02-28,0,4,0,83.51423004648379
47,2023-03-31,1,3,0,91.61326275428195
47,2023-04-30,2,1,0,77.58872583396848
47,2023-05-31,1,3,0,85.59503231231062
47,2023-06-30,0,3,0,90.96596208662477
47,2023-07-31,0,3,0,88.2419508631713
47,2023-08-31,1,4,0,61.61047924706914
47,2023-09-30,2,1,1,86.15196871926602
47,2023-10-31,0,3,0,94.03109708282666
47,2023-11-30,4,3,0,64.87231770108936
47,2023-12-31,2,3,0,69.8097866561942
48,2019-01-31,2,3,0,90.31418005104533
48,2019-02-28,2,4,0,77.07775667205077
48,2019-03-31,4,2,0,70.29487357320542
48,2019-04-30,1,1,0,83.45429425335026
48,2019-05-31,3,4,0,66.66116720726494
48,2019-06-30,0,2,0,72.27028789894054
48,2019-07-31,3,3,0,92.89726624146104
48,2019-08-31,2,3,0,83.62158493566488
48,2019-09-30,3,3,0,94.80204649810182
48,2019-10-31,1,1,0,80.98941488685969
48,2019-11-30,0,1,0,70.29504686300557
48,2019-12-31,3,2,0,82.58769985035049
48,2020-01-31,6,2,0,90.62424119429312
48,2020-02-29,0,1,0,83.53972903122677
48,2020-03-31,3,2,0,68.55011743737073
48,2020-04-30,2,4,0,72.10485631733202
48,2020-05-31,3,1,0,88.73678580284657
48,2020-06-30,5,3,0,65.68904663818876
48,2020-07-31,1,4,0,66.56088624399511
48,2020-08-31,1,4,0,76.9531709729734
48,2020-09-30,1,1,0,61.34592441028653
48,2020-10-31,1,1,0,65.81001822275685
48,2020-11-30,0,3,0,82.71834824822847
48,2020-12-31,1,4,0,85.80834703604737
48,2021-01-31,2,1,0,71.69120501077465
48,2021-02-28,2,4,0,65.88538489991103
48,2021-03-31,0,1,0,91.35016701762524
48,2021-04-30,1,3,0,65.51032555110635
48,2021-05-31,0,2,0,86.49234548318458
48,2021-06-30,0,1,0,62.1391965195079
48,2021-07-31,0,2,0,71.93921796923617
48,2021-08-31,1,1,0,80.9879437047224
48,2021-09-30,2,3,0,72.6056192686681
48,2021-10-31,1,4,0,75.67258598208414
48,2021-11-30,3,4,0,80.39043520843192
48,2021-12-31,2,1,0,63.56582438984426
48,2022-01-31,3,2,0,85.15376309628223
48,2022-02-28,2,1,0,82.75296140068545
48,2022-03-31,5,1,0,62.580447955658535
48,2022-04-30,2,1,0,93.79960643124659
48,2022-05-31,1,1,0,76.79100826008076
48,2022-06-30,0,2,0,91.24811436399142
48,2022-07-31,1,2,0,88.77323401296756
48,2022-08-31,1,3,0,80.0818232553816
48,2022-09-30,2,3,0,66.76839278770252
48,2022-10-31,2,3,0,67.53932381250756
48,2022-11-30,4,3,0,92.22336920976949
48,2022-12-31,2,4,0,91.13352690397949
48,2023-01-31,5,2,0,61.614769057476295
48,2023-02-28,1,3,0,81.0685436452414
48,2023-03-31,1,2,1,77.25596853704774
48,2023-04-30,2,3,0,81.50067678308571
48,2023-05-31,3,3,0,72.75442949394784
48,2023-06-30,3,1,0,92.14225065068148
48,2023-07-31,0,4,0,63.043787793065235
48,2023-08-31,1,1,1,90.46046715153471
48,2023-09-30,3,3,0,68.25427748964941
48,2023-10-31,0,4,0,84.46202063079456
48,2023-11-30,0,3,0,72.63846183721377
48,2023-12-31,3,2,0,61.92320851660511
49,2019-01-31,4,1,0,71.05539801413877
49,2019-02-28,0,4,0,72.08782101622434
49,2019-03-31,2,1,1,81.82948243212601
49,2019-04-30,1,3,0,69.47502837143205
49,2019-05-31,4,2,0,74.23937740951541
49,2019-06-30,1,4,0,84.47870383897114
49,2019-07-31,1,3,1,82.37722698198952
49,2019-08-31,2,2,1,84.10808478203796
49,2019-09-30,5,1,0,75.74938441726455
49,2019-10-31,4,3,1,87.52189134212644
49,2019-11-30,1,3,0,91.05073035441234
49,2019-12-31,3,3,0,91.42424492280415
49,2020-01-31,0,2,0,85.91604259533223
49,2020-02-29,0,3,1,78.83157965935119
49,2020-03-31,2,4,0,73.44970909635337
49,2020-04-30,0,2,1,80.84495717144841
49,2020-05-31,1,3,0,85.41392578049295
49,2020-06-30,3,2,0,62.997009268530405
49,2020-07-31,4,4,0,69.00608345661709
49,2020-08-31,0,4,0,80.49992756222449
49,2020-09-30,0,2,0,61.511860896830896
49,2020-10-31,2,3,0,71.00504530088867
49,2020-11-30,1,1,0,71.94868521735553
49,2020-12-31,2,3,0,80.28202047569401
49,2021-01-31,2,4,0,73.52461991737341
49,2021-02-28,2,2,0,60.519309472667196
49,2021-03-31,0,1,0,72.9183669150368
49,2021-04-30,1,1,0,69.64820263461519
49,2021-05-31,2,1,0,86.80298540201849
49,2021-06-30,0,1,0,69.48407519204568
49,2021-07-31,1,4,0,67.94854170144222
49,2021-08-31,0,4,1,62.20062906839257
49,2021-09-30,0,4,0,90.83656217283834
49,2021-10-31,0,2,0,87.16047443887486
49,2021-11-30,5,1,0,66.90375511278867
49,2021-12-31,1,4,0,74.26003339832444
49,2022-01-31,1,3,0,76.34068861728322
49,2022-02-28,3,4,1,89.16593706800705
49,2022-03-31,1,1,0,82.63886635183759
49,2022-04-30,1,2,1,63.11645831158624
49,2022-05-31,0,2,0,62.982854172811194
49,2022-06-30,0,2,1,87.48523699951583
49,2022-07-31,2,4,0,91.01463437293879
49,2022-08-31,6,2,0,74.22737989535693
49,2022-09-30,1,2,0,61.45035225837509
49,2022-10-31,1,2,0,77.49510704186275
49,2022-11-30,4,2,0,68.46841301708307
49,2022-12-31,4,2,0,78.81443979212716
49,2023-01-31,3,3,1,64.67274354389366
49,2023-02-28,2,4,1,67.23739168656539
49,2023-03-31,1,1,1,88.0350761688221
49,2023-04-30,1,1,0,73.95119603178243
49,2023-05-31,1,1,0,68.06753800318154
49,2023-06-30,1,3,0,94.62822693367812
49,2023-07-31,2,2,0,82.01123700443088
49,2023-08-31,2,1,0,70.80685781011614
49,2023-09-30,3,2,0,92.8294087935335
49,2023-10-31,2,3,0,90.31460878740991
49,2023-11-30,2,3,0,61.23186680516288
49,2023-12-31,1,4,0,82.62515321376377
50,2019-01-31,0,1,0,93.98529056771936
50,2019-02-28,1,1,1,75.06480607626104
50,2019-03-31,1,3,0,92.23672117428978
50,2019-04-30,4,4,0,72.04251425999524
50,2019-05-31,0,1,0,60.24279238181322
50,2019-06-30,1,3,1,91.93298092068589
50,2019-07-31,1,3,0,69.79732434383675
50,2019-08-31,2,1,1,87.00553135395593
50,2019-09-30,1,1,0,75.50465070759046
50,2019-10-31,1,1,0,70.1199179306858
50,2019-11-30,3,1,0,69.061380656255
50,2019-12-31,0,1,0,70.30187656177196
50,2020-01-31,2,3,1,65.58407461254275
50,2020-02-29,1,4,0,67.93284184338485
50,2020-03-31,1,3,0,83.96773698577778
50,2020-04-30,0,4,0,67.50430468489532
50,2020-05-31,0,1,1,83.82436802966673
50,2020-06-30,1,3,0,91.89177351315152
50,2020-07-31,2,4,0,89.48700996438515
50,2020-08-31,1,2,0,71.0521540827834
50,2020-09-30,1,2,1,61.39334606681337
50,2020-10-31,0,2,0,79.30347339437546
50,2020-11-30,3,4,0,68.67732515797148
50,2020-12-31,3,2,0,84.79160506011532
50,2021-01-31,2,4,0,72.53696921902156
50,2021-02-28,3,4,0,82.69345466501471
50,2021-03-31,4,3,0,72.7872787589489
50,2021-04-30,1,3,0,94.05098422534752
50,2021-05-31,1,3,0,64.50545030716363
50,2021-06-30,2,3,1,83.12434219124299
50,2021-07-31,4,3,0,67.91380051687518
50,2021-08-31,3,4,0,74.11979223517201
50,2021-09-30,2,2,0,78.65633572126353
50,2021-10-31,3,4,0,92.18262971711636
50,2021-11-30,2,4,0,65.54114123763159
50,2021-12-31,2,2,0,84.64450885329003
50,2022-01-31,4,2,0,73.35198880674122
50,2022-02-28,1,2,0,63.41772309222976
50,2022-03-31,2,3,1,86.49959027664684
50,2022-04-30,2,3,0,91.58964265512626
50,2022-05-31,1,2,0,74.1942280838015
50,2022-06-30,4,2,1,82.00960138866844
50,2022-07-31,6,3,0,94.44046322928627
50,2022-08-31,3,1,0,90.08825072809819
50,2022-09-30,1,2,0,71.65980916230792
50,2022-10-31,1,2,0,62.13120902906806
50,2022-11-30,0,1,0,84.94433454147824
50,2022-12-31,3,4,0,85.29661323568081
50,2023-01-31,3,3,0,69.4053559109933
50,2023-02-28,2,3,0,77.75428065733858
50,2023-03-31,2,1,0,77.51994494221559
50,2023-04-30,2,3,0,67.10087288362458
50,2023-05-31,2,2,1,71.4262667324659
50,2023-06-30,0,3,0,60.51166194333529
50,2023-07-31,3,4,0,77.55742893287977
50,2023-08-31,1,2,0,94.78705986281409
50,2023-09-30,2,3,0,70.97697753497955
50,2023-10-31,3,2,0,81.07078782492927
50,2023-11-30,1,4,0,93.52635671435448
50,2023-12-31,1,4,0,66.25418325578478
51,2019-01-31,2,2,1,82.34563797450173
51,2019-02-28,1,1,0,74.90186822418164
51,2019-03-31,3,2,0,76.68785512628838
51,2019-04-30,1,4,0,63.05179993737071
51,2019-05-31,6,4,0,65.12428702495252
51,2019-06-30,3,1,0,87.98089415405089
51,2019-07-31,6,3,0,63.25385840043401
51,2019-08-31,5,2,0,82.70427561272986
51,2019-09-30,0,3,0,73.30359930447926
51,2019-10-31,2,4,0,83.88645863642364
51,2019-11-30,2,1,0,90.15800222612336
51,2019-12-31,3,2,1,73.20294727003103
51,2020-01-31,3,2,0,82.40054403277338
51,2020-02-29,4,2,0,90.95298706561834
51,2020-03-31,5,3,0,90.91886703450564
51,2020-04-30,3,3,0,61.31393798011557
51,2020-05-31,7,3,1,86.02266195437474
51,2020-06-30,3,3,0,72.69417082636998
51,2020-07-31,1,1,1,74.9648596232151
51,2020-08-31,2,1,0,86.69426076986188
51,2020-09-30,3,2,1,68.6880210922237
51,2020-10-31,3,2,1,82.42672717056831
51,2020-11-30,3,4,0,67.67405619798053
51,2020-12-31,1,3,0,67.62259415825999
51,2021-01-31,3,1,1,74.49863752840854
51,2021-02-28,0,2,0,61.77109039404248
51,2021-03-31,4,2,0,62.117102033084684
51,2021-04-30,3,4,0,80.42084413366064
51,2021-05-31,3,4,0,89.43805679408084
51,2021-06-30,3,4,0,71.30313102371902
51,2021-07-31,4,1,0,89.45281607818283
51,2021-08-31,1,2,0,92.36867952664583
51,2021-09-30,4,1,0,74.82405712007784
51,2021-10-31,2,3,0,85.57934654796202
51,2021-11-30,3,1,0,71.81822292816115
51,2021-12-31,3,3,0,91.4159237311394
51,2022-01-31,1,4,1,87.05202688376598
51,2022-02-28,2,4,0,68.94166825522528
51,2022-03-31,3,2,0,79.10137133067275
51,2022-04-30,0,4,0,77.74082916405868
51,2022-05-31,4,1,0,88.55329295294655
51,2022-06-30,5,1,1,78.24727169208671
51,2022-07-31,3,3,1,68.79627902365716
51,2022-08-31,4,2,0,70.05365365806583
51,2022-09-30,2,1,0,82.75019478628745
51,2022-10-31,2,3,1,94.60963783092144
51,2022-11-30,2,1,0,90.02579104721889
51,2022-12-31,0,3,0,79.69260202044528
51,2023-01-31,3,4,0,79.46291930723118
51,2023-02-28,1,1,0,70.98192499060764
51,2023-03-31,1,1,0,85.29412297953908
51,2023-04-30,2,4,1,76.1183869778788
51,2023-05-31,2,3,0,89.56457732864942
51,2023-06-30,2,3,0,63.66281953850801
51,2023-07-31,1,2,0,70.3374999091134
51,2023-08-31,3,3,0,89.42276136593938
51,2023-09-30,2,2,0,85.78104623449673
51,2023-10-31,1,1,0,69.73467915234097
51,2023-11-30,3,4,0,89.10962867562363
51,2023-12-31,2,3,0,82.96641997479833
52,2019-01-31,1,4,1,68.93741466834823
52,2019-02-28,2,1,1,78.23375359792203
52,2019-03-31,3,3,0,78.37674128458336
52,2019-04-30,3,4,0,62.90807854380045
52,2019-05-31,4,3,0,90.62082066057388
52,2019-06-30,2,1,0,62.18941834260179
52,2019-07-31,3,4,0,62.30197772980537
52,2019-08-31,0,1,0,60.67830944975429
52,2019-09-30,2,1,0,84.16228226936572
52,2019-10-31,4,3,1,76.08728598985735
52,2019-11-30,3,4,0,76.71254225430764
52,2019-12-31,6,3,0,91.64173171034422
52,2020-01-31,0,2,0,72.23759923470388
52,2020-02-29,2,3,0,77.0064177537214
52,2020-03-31,1,2,0,63.883231593741534
52,2020-04-30,4,2,0,84.30218297449107
52,2020-05-31,2,2,0,62.371564411662405
52,2020-06-30,1,3,0,71.61006434283436
52,2020-07-31,0,3,1,74.42308730243651
52,2020-08-31,3,4,1,63.26910052016639
52,2020-09-30,5,4,1,87.60622083532375
52,2020-10-31,1,2,0,66.18951740839898
52,2020-11-30,0,4,0,70.94450879226544
52,2020-12-31,2,2,0,92.56801566558163
52,2021-01-31,4,4,0,89.99551521821807
52,2021-02-28,4,2,0,73.6867941627579
52,2021-03-31,3,2,0,73.50972025270345
52,2021-04-30,1,1,0,64.40586024371976
52,2021-05-31,1,3,0,69.40539198638835
52,2021-06-30,0,2,0,75.77935916936295
52,2021-07-31,3,4,0,68.67830547266608
52,2021-08-31,2,3,0,67.12355847304707
52,2021-09-30,2,4,0,68.31147937051318
52,2021-10-31,3,4,0,63.88235592931488
52,2021-11-30,0,1,0,84.04935366911823
52,2021-12-31,0,4,1,64.46012712933201
52,2022-01-31,5,3,0,86.24871706352036
52,2022-02-28,1,3,0,77.84952989295206
52,2022-03-31,6,4,1,67.45703188720925
52,2022-04-30,1,2,0,80.34133687803237
52,2022-05-31,2,4,0,66.09383958628878
52,2022-06-30,2,4,0,80.73691640341211
52,2022-07-31,3,3,0,73.83241168308454
52,2022-08-31,1,1,1,69.57850157738515
52,2022-09-30,1,1,0,92.19720764211144
52,2022-10-31,1,1,0,69.03614468062332
52,2022-11-30,3,1,0,79.15290264911742
52,2022-12-31,1,4,0,69.278990468116
52,2023-01-31,2,4,0,71.53351651902427
52,2023-02-28,2,3,1,66.51501104020997
52,2023-03-31,3,2,1,60.61451179401343
52,2023-04-30,5,4,0,79.2623268840048
52,2023-05-31,3,4,0,73.35977524595657
52,2023-06-30,6,4,0,75.22651032302822
52,2023-07-31,3,4,1,88.11928054881518
52,2023-08-31,4,2,1,90.08851981880504
52,2023-09-30,1,3,0,71.51366106614708
52,2023-10-31,0,2,0,71.2526619132987
52,2023-11-30,2,2,0,80.19025832264747
52,2023-12-31,2,2,0,64.49683190567917
53,2019-01-31,2,2,0,78.27700031058322
53,2019-02-28,1,3,0,82.09200706288587
53,2019-03-31,1,2,1,72.97023076934185
53,2019-04-30,2,3,0,69.30096550427481
53,2019-05-31,5,4,0,65.63939813149804
53,2019-06-30,3,4,0,79.08817735347628
53,2019-07-31,1,1,0,83.58093428442425
53,2019-08-31,1,4,0,61.67464495595976
53,2019-09-30,2,1,0,91.34549071962901
53,2019-10-31,1,3,0,87.16595723901219
53,2019-11-30,2,4,1,70.58816771214423
53,2019-12-31,4,1,0,90.2994419329383
53,2020-01-31,4,3,0,92.29738862089809
53,2020-02-29,1,3,0,63.33625560399712
53,2020-03-31,0,3,0,93.81284454320098
53,2020-04-30,5,1,0,85.75572535545834
53,2020-05-31,1,2,0,84.7568388315135
53,2020-06-30,4,2,0,91.45761932643154
53,2020-07-31,0,2,1,73.08284685845103
53,2020-08-31,3,3,0,64.34622208891312
53,2020-09-30,0,2,0,70.53482520431709
53,2020-10-31,2,3,0,80.34376175664917
53,2020-11-30,7,2,1,78.31617719756768
53,2020-12-31,2,4,0,67.6545698959387
53,2021-01-31,2,3,0,76.64721628468007
53,2021-02-28,2,4,0,77.18923476054307
53,2021-03-31,1,4,1,87.29557220947649
53,2021-04-30,2,4,0,62.609841643848654
53,2021-05-31,2,2,0,88.2387875085492
53,2021-06-30,3,3,0,80.97160443795069
53,2021-07-31,3,4,0,73.55141490668963
53,2021-08-31,2,2,0,82.4810074020052
53,2021-09-30,3,3,0,75.27593089900653
53,2021-10-31,0,3,1,80.9946088498115
53,2021-11-30,1,1,0,94.02259802363926
53,2021-12-31,0,3,0,78.66063719054182
53,2022-01-31,2,2,0,66.46097923620948
53,2022-02-28,2,2,0,86.09161362795531
53,2022-03-31,0,1,0,63.82356457832282
53,2022-04-30,4,1,0,80.80521525754764
53,2022-05-31,2,1,0,84.64528601618683
53,2022-06-30,3,4,0,85.48752707937209
53,2022-07-31,3,4,0,85.99409937790998
53,2022-08-31,4,2,0,91.9159164189644
53,2022-09-30,1,1,0,60.171240691876584
53,2022-10-31,3,3,0,64.9740644072132
53,2022-11-30,2,3,0,75.62491553241422
53,2022-12-31,2,1,0,61.212029439477135
53,2023-01-31,1,3,0,83.35555727273196
53,2023-02-28,1,3,0,92.84296299718099
53,2023-03-31,1,1,0,85.46610226698137
53,2023-04-30,1,2,0,61.16232945616071
53,2023-05-31,2,4,0,61.021198038554346
53,2023-06-30,1,3,1,64.78355053602235
53,2023-07-31,5,4,0,61.51576635875204
53,2023-08-31,4,4,0,94.53205042446831
53,2023-09-30,2,4,0,63.982111842274826
53,2023-10-31,0,2,0,94.48642875843427
53,2023-11-30,1,1,0,82.69108235896827
53,2023-12-31,5,3,1,60.57918228860942
54,2019-01-31,1,2,0,83.53969203787396
54,2019-02-28,3,3,1,89.54703467802685
54,2019-03-31,1,4,0,66.68855603336567
54,2019-04-30,2,4,0,66.57846380297973
54,2019-05-31,1,4,0,84.58072669286452
54,2019-06-30,1,1,0,78.14274558054755
54,2019-07-31,2,4,0,74.1847773323199
54,2019-08-31,4,1,0,82.54194168676403
54,2019-09-30,0,2,0,66.75247697313151
54,2019-10-31,3,3,0,91.37256430165294
54,2019-11-30,3,1,0,76.44975596810454
54,2019-12-31,1,1,0,66.17079608001795
54,2020-01-31,2,3,0,70.91623842407598
54,2020-02-29,0,2,0,77.83073789778484
54,2020-03-31,5,1,0,82.85776635203491
54,2020-04-30,4,3,0,87.35345672179113
54,2020-05-31,2,3,0,87.63873699455266
54,2020-06-30,2,4,1,62.892974164961814
54,2020-07-31,0,1,1,81.40826165910346
54,2020-08-31,5,2,0,88.46440614441624
54,2020-09-30,3,2,1,67.2649176979084
54,2020-10-31,2,1,0,74.91067916633352
54,2020-11-30,3,4,0,76.05307911687905
54,2020-12-31,1,1,0,93.90200735073404
54,2021-01-31,2,2,0,62.811910612827276
54,2021-02-28,4,3,0,67.45606010634651
54,2021-03-31,2,1,1,70.04696770237533
54,2021-04-30,0,2,1,91.598282080949
54,2021-05-31,1,3,0,61.530112977451665
54,2021-06-30,4,2,0,79.59938454297703
54,2021-07-31,1,3,0,63.97451590186867
54,2021-08-31,4,2,0,92.00717315645699
54,2021-09-30,4,4,0,61.03057818482858
54,2021-10-31,1,1,0,86.10392572139838
54,2021-11-30,3,2,0,86.65917045659776
54,2021-12-31,3,1,0,90.91756731304726
54,2022-01-31,4,2,0,91.43410460861048
54,2022-02-28,4,4,0,76.65081582361854
54,2022-03-31,0,3,1,79.78014422419469
54,2022-04-30,1,2,0,69.95840359775679
54,2022-05-31,1,3,1,76.48017448703493
54,2022-06-30,3,4,0,81.95768064589205
54,2022-07-31,2,2,0,77.98210036539488
54,2022-08-31,1,1,0,87.45519165701273
54,2022-09-30,4,4,1,64.69518470823714
54,2022-10-31,1,1,0,91.20322271446773
54,2022-11-30,1,3,0,89.2022525572789
54,2022-12-31,4,2,0,68.84745097766003
54,2023-01-31,3,4,1,60.013931531904106
54,2023-02-28,1,1,0,89.45544777442478
54,2023-03-31,3,2,0,69.70903657439712
54,2023-04-30,0,3,0,66.72266329338174
54,2023-05-31,3,3,1,72.79784391453866
54,2023-06-30,2,1,1,79.80835960994092
54,2023-07-31,1,2,0,70.19928220625378
54,2023-08-31,2,1,0,63.423239314163865
54,2023-09-30,1,2,0,72.02553765937421
54,2023-10-31,3,3,0,80.48494154140496
54,2023-11-30,2,4,1,92.26401313238104
54,2023-12-31,0,1,0,92.05319649355874
55,2019-01-31,1,4,1,70.47148178171634
55,2019-02-28,3,2,0,84.15287842003654
55,2019-03-31,0,2,0,79.14490712559609
55,2019-04-30,1,1,0,67.5884343398422
55,2019-05-31,2,1,0,84.2912766070216
55,2019-06-30,1,1,0,92.72325882884006
55,2019-07-31,2,4,1,80.50536137934105
55,2019-08-31,0,2,0,90.53667511137719
55,2019-09-30,2,1,0,82.08552964549524
55,2019-10-31,3,3,0,90.09922822126826
55,2019-11-30,0,1,0,68.91608416960405
55,2019-12-31,2,2,0,60.49724525475767
55,2020-01-31,2,2,0,64.36666962547595
55,2020-02-29,1,1,1,87.44137375205766
55,2020-03-31,0,4,0,82.79460981216315
55,2020-04-30,1,3,0,74.43165861756671
55,2020-05-31,1,1,0,94.80638010310142
55,2020-06-30,0,4,0,94.0849484202202
55,2020-07-31,1,2,0,92.53380853670186
55,2020-08-31,3,3,0,85.52099140762536
55,2020-09-30,3,1,0,61.98472396491883
55,2020-10-31,3,4,1,66.20066079698232
55,2020-11-30,2,4,0,69.20015618260433
55,2020-12-31,1,3,1,87.05543733567399
55,2021-01-31,1,1,0,81.07976961353852
55,2021-02-28,1,4,0,92.04640714486776
55,2021-03-31,0,2,1,67.60244586407937
55,2021-04-30,2,2,1,83.81812261309594
55,2021-05-31,1,4,0,72.60875814354878
55,2021-06-30,5,2,0,64.85788968681487
55,2021-07-31,4,4,0,77.25007001192252
55,2021-08-31,1,1,0,77.2120041491756
55,2021-09-30,2,4,0,75.6110012436786
55,2021-10-31,3,1,0,88.74875481217398
55,2021-11-30,0,1,1,80.52907788275435
55,2021-12-31,2,3,0,82.37796576365935
55,2022-01-31,1,2,0,69.87087727139186
55,2022-02-28,3,1,0,63.95007568733556
55,2022-03-31,2,4,0,82.75559479404448
55,2022-04-30,2,2,1,71.61465372629988
55,2022-05-31,2,2,0,66.06519719051562
55,2022-06-30,4,3,0,82.58224981974723
55,2022-07-31,2,4,0,88.02275690411282
55,2022-08-31,0,3,0,69.13349573242436
55,2022-09-30,3,4,0,75.63967707337399
55,2022-10-31,1,4,1,68.5899933080661
55,2022-11-30,1,4,0,91.72687099931838
55,2022-12-31,3,2,0,63.48369918192811
55,2023-01-31,5,1,0,93.09365973100306
55,2023-02-28,4,4,1,67.6995509680977
55,2023-03-31,1,1,0,86.42504387706617
55,2023-04-30,2,1,1,60.56007046645715
55,2023-05-31,2,2,0,66.908775738834
55,2023-06-30,2,4,0,60.366111593337095
55,2023-07-31,5,1,0,79.07926410168164
55,2023-08-31,1,2,0,69.90542810251922
55,2023-09-30,1,3,0,67.16042146757106
55,2023-10-31,0,2,0,80.93937585399658
55,2023-11-30,3,3,0,73.66308483774274
55,2023-12-31,2,1,1,88.24245013702742
56,2019-01-31,2,3,0,83.19199731974288
56,2019-02-28,4,3,0,80.86246346281978
56,2019-03-31,0,2,0,94.28847964245418
56,2019-04-30,0,4,0,78.00297225313751
56,2019-05-31,2,2,0,87.4748913681937
56,2019-06-30,4,1,0,62.396014946207394
56,2019-07-31,4,3,0,60.71850162936254
56,2019-08-31,1,4,0,86.35033776623361
56,2019-09-30,4,1,0,64.99866233544006
56,2019-10-31,4,1,0,61.523873497026635
56,2019-11-30,4,2,0,74.67892544375533
56,2019-12-31,2,1,0,65.35741048623821
56,2020-01-31,1,4,0,63.41156746249564
56,2020-02-29,2,3,0,88.26606672523302
56,2020-03-31,2,2,0,77.83125855726682
56,2020-04-30,4,2,0,62.84776630245183
56,2020-05-31,1,4,0,72.71940974830527
56,2020-06-30,1,2,0,86.61305288869913
56,2020-07-31,1,4,0,81.35201440136183
56,2020-08-31,2,2,0,72.3648304821565
56,2020-09-30,2,4,0,81.07354740224437
56,2020-10-31,1,1,0,94.00819751049474
56,2020-11-30,2,1,0,69.53863978603401
56,2020-12-31,1,4,1,93.24400228535464
56,2021-01-31,3,4,1,78.87247925217547
56,2021-02-28,3,3,1,74.08649793195275
56,2021-03-31,2,2,0,70.70867522586151
56,2021-04-30,0,2,0,73.64592619100259
56,2021-05-31,1,2,0,83.41505830461833
56,2021-06-30,1,1,1,70.09820032244009
56,2021-07-31,2,1,1,87.03910114012939
56,2021-08-31,5,1,0,93.85894880850918
56,2021-09-30,0,1,0,65.65578714145907
56,2021-10-31,4,4,0,85.2337728842374
56,2021-11-30,1,2,1,71.10256159754297
56,2021-12-31,3,4,0,83.95922488295697
56,2022-01-31,1,4,0,69.55701717985454
56,2022-02-28,1,1,1,94.50256991738311
56,2022-03-31,2,1,0,66.34175522926236
56,2022-04-30,2,4,0,94.15907572102111
56,2022-05-31,1,3,0,60.302238725647086
56,2022-06-30,1,4,0,75.01548064383611
56,2022-07-31,4,2,0,70.12744100921793
56,2022-08-31,1,4,0,76.95238343682084
56,2022-09-30,1,1,0,90.96110696696839
56,2022-10-31,3,1,0,79.42562340286335
56,2022-11-30,0,2,1,62.366049060532255
56,2022-12-31,2,2,0,93.84060823742504
56,2023-01-31,3,1,0,65.53918661150372
56,2023-02-28,5,3,0,80.91660232144078
56,2023-03-31,5,1,0,70.09259181269182
56,2023-04-30,3,4,1,90.85784609886969
56,2023-05-31,2,2,1,77.64110238026187
56,2023-06-30,0,2,0,62.6961234153263
56,2023-07-31,4,2,0,85.62381487668023
56,2023-08-31,1,1,1,82.20066748576858
56,2023-09-30,2,4,1,77.59123984470858
56,2023-10-31,1,3,0,66.47713806925677
56,2023-11-30,3,4,0,77.88092369315429
56,2023-12-31,3,1,0,80.78402878372555
57,2019-01-31,3,1,1,61.079627334258745
57,2019-02-28,0,4,0,73.42969300953854
57,2019-03-31,1,4,1,70.95492104503961
57,2019-04-30,5,3,0,87.8520489280716
57,2019-05-31,5,2,1,78.04391962167114
57,2019-06-30,4,1,0,89.03181460103218
57,2019-07-31,4,1,0,61.56826501652879
57,2019-08-31,2,2,1,92.00477436380476
57,2019-09-30,1,3,0,81.82716797574821
57,2019-10-31,2,3,0,76.7137026482733
57,2019-11-30,1,2,0,78.70223425555984
57,2019-12-31,1,3,0,89.94941312247022
57,2020-01-31,2,1,0,85.39569662902049
57,2020-02-29,1,2,1,62.7124535360181
57,2020-03-31,1,2,1,93.14203164751208
57,2020-04-30,4,1,0,75.98588497731318
57,2020-05-31,1,2,1,88.81818269074218
57,2020-06-30,3,3,1,91.96193086422782
57,2020-07-31,4,4,0,90.81258076717575
57,2020-08-31,2,4,0,68.0569913354662
57,2020-09-30,3,2,0,70.00858144604447
57,2020-10-31,0,2,0,74.14526454250516
57,2020-11-30,0,1,0,85.62965290604518
57,2020-12-31,1,2,0,83.81812719816475
57,2021-01-31,3,3,1,78.6856383426489
57,2021-02-28,1,4,1,65.71323437956558
57,2021-03-31,1,4,0,68.04298872423627
57,2021-04-30,1,4,0,89.62207700508516
57,2021-05-31,7,4,0,68.15177403735579
57,2021-06-30,2,1,0,75.27983627615035
57,2021-07-31,2,1,0,71.47792856246318
57,2021-08-31,3,3,0,68.37929199340083
57,2021-09-30,1,2,0,70.3653938479254
57,2021-10-31,2,4,0,78.45328338023427
57,2021-11-30,3,1,0,68.4201381146608
57,2021-12-31,1,4,1,64.889166147863
57,2022-01-31,2,2,1,83.25486978627802
57,2022-02-28,1,4,0,74.58115193520908
57,2022-03-31,0,3,0,60.61989875035022
57,2022-04-30,3,1,0,86.5257139532635
57,2022-05-31,5,1,0,92.09395876419569
57,2022-06-30,0,1,0,89.68667200581973
57,2022-07-31,1,4,0,75.333878710311
57,2022-08-31,2,4,1,84.5121679258827
57,2022-09-30,0,2,0,87.05803672046378
57,2022-10-31,4,3,0,80.4799752375838
57,2022-11-30,2,4,0,90.52921947320326
57,2022-12-31,1,4,0,67.87531497461228
57,2023-01-31,2,3,0,74.85955540593511
57,2023-02-28,1,1,1,84.66834325331925
57,2023-03-31,5,2,0,76.67859749730667
57,2023-04-30,3,1,0,66.28925094965662
57,2023-05-31,1,2,0,90.97050498677031
57,2023-06-30,4,3,0,68.80440907520038
57,2023-07-31,2,4,1,75.97098742711678
57,2023-08-31,1,1,0,78.42280843064164
57,2023-09-30,4,1,0,67.133214476855
57,2023-10-31,2,1,0,85.63910307397568
57,2023-11-30,2,1,0,82.0780703670488
57,2023-12-31,2,3,1,87.84359435665638
58,2019-01-31,2,4,0,84.32687111357237
58,2019-02-28,3,4,0,80.28222891382254
58,2019-03-31,2,4,0,82.74710019537478
58,2019-04-30,3,3,0,92.18277517677203
58,2019-05-31,4,1,1,93.01997965799342
58,2019-06-30,1,2,1,80.6227368039579
58,2019-07-31,0,2,0,63.40442813944206
58,2019-08-31,2,3,0,67.71687437779696
58,2019-09-30,0,1,0,67.64399914284161
58,2019-10-31,3,1,0,61.0549617647929
58,2019-11-30,1,4,1,81.24228103829284
58,2019-12-31,1,4,0,72.52698308501262
58,2020-01-31,3,1,0,91.38055470143065
58,2020-02-29,2,2,0,65.38918012967282
58,2020-03-31,0,4,0,60.37741279527922
58,2020-04-30,1,2,0,60.6155671988357
58,2020-05-31,2,3,1,77.28426780842757
58,2020-06-30,1,3,1,92.12417171872312
58,2020-07-31,2,2,0,72.82829009149722
58,2020-08-31,4,4,0,80.92015055777527
58,2020-09-30,1,3,0,72.45253182640944
58,2020-10-31,3,4,1,68.09578983416917
58,2020-11-30,1,1,1,82.71477560465014
58,2020-12-31,2,4,0,61.13874610595498
58,2021-01-31,2,3,0,77.672122969837
58,2021-02-28,0,2,1,79.4056387253985
58,2021-03-31,2,4,0,89.08692173043436
58,2021-04-30,2,1,0,71.27300680959247
58,2021-05-31,3,2,0,92.67631132792332
58,2021-06-30,3,4,0,84.41634390277022
58,2021-07-31,1,4,1,62.59079282122138
58,2021-08-31,1,4,0,77.28165562474769
58,2021-09-30,3,4,0,77.44986206905239
58,2021-10-31,2,3,0,73.69050447608134
58,2021-11-30,1,3,0,65.90793453294833
58,2021-12-31,1,1,0,86.4183022221414
58,2022-01-31,4,3,0,62.341697332078574
58,2022-02-28,2,3,0,81.59857740367454
58,2022-03-31,3,2,0,82.52388034774172
58,2022-04-30,3,3,0,76.68082915584752
58,2022-05-31,1,4,0,89.56679095415106
58,2022-06-30,1,1,0,78.7226947845586
58,2022-07-31,1,1,0,75.46213346101243
58,2022-08-31,2,2,1,87.57897733432281
58,2022-09-30,2,4,0,80.90831133676573
58,2022-10-31,1,2,1,83.75068847465923
58,2022-11-30,3,1,0,67.31547052054856
58,2022-12-31,0,3,0,93.06361783917909
58,2023-01-31,2,2,0,72.15021311896766
58,2023-02-28,0,1,0,71.072369873149
58,2023-03-31,2,2,1,70.66129126109291
58,2023-04-30,3,4,1,74.96116412908259
58,2023-05-31,3,4,0,64.322762531807
58,2023-06-30,1,2,0,90.82464881113297
58,2023-07-31,2,4,0,68.37408614513703
58,2023-08-31,1,4,0,80.27543479916115
58,2023-09-30,0,2,0,75.18872793237463
58,2023-10-31,2,3,0,74.62510616024248
58,2023-11-30,1,2,0,84.18998475758221
58,2023-12-31,1,3,0,64.03348003931484
59,2019-01-31,1,1,0,79.48252919970574
59,2019-02-28,1,1,0,72.41186106770513
59,2019-03-31,1,4,0,87.98045648769124
59,2019-04-30,1,2,0,64.30271109067887
59,2019-05-31,1,4,0,74.67634831228203
59,2019-06-30,2,1,1,83.63296369021874
59,2019-07-31,3,1,0,81.02928606273264
59,2019-08-31,1,4,0,68.94533546820773
59,2019-09-30,3,1,0,78.21953546852788
59,2019-10-31,3,1,0,89.11666440325536
59,2019-11-30,0,3,0,83.98787954822853
59,2019-12-31,2,4,0,87.03668711191717
59,2020-01-31,1,1,1,67.83013147490766
59,2020-02-29,1,3,0,68.50287993872819
59,2020-03-31,5,3,0,88.4757441747658
59,2020-04-30,3,3,0,79.86346704996478
59,2020-05-31,2,2,1,84.22451663524184
59,2020-06-30,6,2,0,94.59428868534486
59,2020-07-31,1,4,0,87.8571303458398
59,2020-08-31,1,3,0,74.75605145123045
59,2020-09-30,2,3,1,66.73787585163961
59,2020-10-31,4,3,0,61.87570514798111
59,2020-11-30,3,2,0,62.513132697222396
59,2020-12-31,1,2,0,94.07361860590558
59,2021-01-31,4,3,1,88.32751372371702
59,2021-02-28,1,3,1,77.15705332431156
59,2021-03-31,7,3,0,93.8536513897987
59,2021-04-30,2,4,0,61.460250524320166
59,2021-05-31,0,3,0,75.63594031488276
59,2021-06-30,1,4,1,61.602113206188044
59,2021-07-31,0,3,0,83.67698536992125
59,2021-08-31,5,3,0,85.0744066425809
59,2021-09-30,5,3,0,72.283584499004
59,2021-10-31,2,2,0,67.43278207258277
59,2021-11-30,4,3,0,61.1257891905686
59,2021-12-31,2,4,0,82.67517332302974
59,2022-01-31,2,1,0,91.04249940595423
59,2022-02-28,1,3,0,75.50945350664068
59,2022-03-31,0,4,0,79.23004122409664
59,2022-04-30,3,4,0,60.05310627335547
59,2022-05-31,3,2,0,94.89703795517944
59,2022-06-30,4,1,0,60.09765348058246
59,2022-07-31,2,3,0,73.0335895839797
59,2022-08-31,3,4,0,67.36949326508628
59,2022-09-30,1,1,0,94.78156564163646
59,2022-10-31,2,1,0,86.04584664835086
59,2022-11-30,2,1,0,91.47911493404642
59,2022-12-31,3,2,0,66.14224436197686
59,2023-01-31,2,3,0,76.27854239064908
59,2023-02-28,3,4,0,84.27914757874277
59,2023-03-31,1,3,0,65.96771717492138
59,2023-04-30,3,2,0,65.40572781648251
59,2023-05-31,4,2,0,90.61399862532252
59,2023-06-30,4,4,0,69.38976530976507
59,2023-07-31,2,4,1,73.5333491800398
59,2023-08-31,1,1,0,63.21088952919702
59,2023-09-30,0,1,0,62.60496749790966
59,2023-10-31,5,1,0,68.38656152346788
59,2023-11-30,1,3,0,84.15468714305159
59,2023-12-31,0,3,0,84.49747720060415
60,2019-01-31,0,3,1,77.15243987057097
60,2019-02-28,3,3,0,60.86183343557261
60,2019-03-31,2,2,0,82.0955261246046
60,2019-04-30,1,2,0,91.08424069359697
60,2019-05-31,4,1,0,68.9207744898374
60,2019-06-30,3,1,0,89.19505243456618
60,2019-07-31,2,4,0,68.96030417309281
60,2019-08-31,0,2,1,88.99715178261314
60,2019-09-30,2,3,1,91.11703471088926
60,2019-10-31,2,4,0,72.10418856312626
60,2019-11-30,1,2,1,69.38931723376555
60,2019-12-31,2,2,0,70.85874513704147
60,2020-01-31,3,4,0,75.03762348343051
60,2020-02-29,2,1,0,67.00913679607855
60,2020-03-31,1,1,0,66.73630792685458
60,2020-04-30,1,1,0,79.45999147315123
60,2020-05-31,1,2,1,84.11117356854967
60,2020-06-30,0,4,0,80.91172766080788
60,2020-07-31,4,3,0,63.7078748639382
60,2020-08-31,4,1,1,74.04113855464628
60,2020-09-30,1,2,0,78.11071983407685
60,2020-10-31,3,3,0,92.17379981694135
60,2020-11-30,3,2,0,91.07287693704485
60,2020-12-31,3,2,1,93.65134511157041
60,2021-01-31,4,3,1,67.94960476867689
60,2021-02-28,1,3,0,89.06698872914384
60,2021-03-31,3,1,0,69.0378498661573
60,2021-04-30,1,1,0,64.31392738708963
60,2021-05-31,1,3,0,84.39282873394686
60,2021-06-30,1,3,0,69.77580195718838
60,2021-07-31,3,4,0,81.17491160311339
60,2021-08-31,3,4,0,84.97653034001664
60,2021-09-30,1,3,0,78.64193255427162
60,2021-10-31,0,4,0,76.90063126517704
60,2021-11-30,1,3,0,86.94493457415558
60,2021-12-31,2,3,0,74.04047586342085
60,2022-01-31,2,3,0,89.66366697908185
60,2022-02-28,2,4,0,65.16530029477916
60,2022-03-31,2,4,0,78.33388383743319
60,2022-04-30,3,1,0,64.31435215972235
60,2022-05-31,2,2,0,67.57516895736468
60,2022-06-30,0,4,0,88.36602211780493
60,2022-07-31,1,4,0,75.82597864904818
60,2022-08-31,5,2,0,77.63812774995407
60,2022-09-30,3,2,0,60.3703662409298
60,2022-10-31,1,4,1,93.85467167019132
60,2022-11-30,3,1,1,73.34447840575282
60,2022-12-31,0,2,1,70.07384147685445
60,2023-01-31,3,4,0,83.77439548635928
60,2023-02-28,4,1,0,72.29990144159105
60,2023-03-31,2,3,0,77.43567693841915
60,2023-04-30,2,2,0,81.31864245974035
60,2023-05-31,2,4,0,74.87118056012224
60,2023-06-30,1,3,0,82.3833513602296
60,2023-07-31,5,2,0,82.65449907907717
60,2023-08-31,1,2,0,94.43647244241944
60,2023-09-30,2,3,0,90.63891106032064
60,2023-10-31,4,2,0,78.2632096813621
60,2023-11-30,2,3,0,72.97701142283137
60,2023-12-31,2,1,1,68.40809458942044
61,2019-01-31,0,3,1,76.34526815314742
61,2019-02-28,1,1,0,60.16828217654713
61,2019-03-31,1,3,0,94.40454380261832
61,2019-04-30,4,4,0,78.9734046393464
61,2019-05-31,2,3,1,68.12392310202803
61,2019-06-30,3,3,0,67.05137345395738
61,2019-07-31,1,1,0,84.0184616380944
61,2019-08-31,3,3,0,92.01063197227141
61,2019-09-30,1,3,0,80.17978924419798
61,2019-10-31,1,1,0,83.16368875275606
61,2019-11-30,3,2,0,76.56140779649336
61,2019-12-31,0,3,0,88.09900399166149
61,2020-01-31,1,3,0,91.48532409823886
61,2020-02-29,2,1,0,92.89864884832213
61,2020-03-31,2,1,1,65.32112915877879
61,2020-04-30,3,3,1,81.811687959123
61,2020-05-31,2,4,0,65.60542273774145
61,2020-06-30,3,1,0,76.72097766575013
61,2020-07-31,1,2,0,83.9987354196582
61,2020-08-31,5,3,0,72.11529833382566
61,2020-09-30,1,1,0,92.48304210371121
61,2020-10-31,3,3,0,71.27309832599046
61,2020-11-30,3,3,0,88.41724815322087
61,2020-12-31,1,4,0,64.34442574839296
61,2021-01-31,1,4,0,69.81818635499828
61,2021-02-28,2,4,0,69.97189678012948
61,2021-03-31,4,2,1,60.443539463758874
61,2021-04-30,1,2,1,80.93837764112635
61,2021-05-31,2,2,1,64.66711389077764
61,2021-06-30,1,3,0,64.66207992294375
61,2021-07-31,1,3,1,64.56842391495728
61,2021-08-31,0,2,0,82.22292766539341
61,2021-09-30,2,1,0,72.5182137366127
61,2021-10-31,3,3,0,85.46116191844858
61,2021-11-30,2,1,0,83.69820299113346
61,2021-12-31,4,1,0,74.87846960008727
61,2022-01-31,1,2,0,91.98496853952366
61,2022-02-28,2,1,0,84.6221348049684
61,2022-03-31,5,1,0,89.9267456239867
61,2022-04-30,0,2,0,82.09173944633335
61,2022-05-31,2,3,0,87.16945704620983
61,2022-06-30,0,1,0,68.15859442996076
61,2022-07-31,2,4,0,60.88742607925122
61,2022-08-31,1,3,0,78.78557178058439
61,2022-09-30,1,4,0,78.98992805018
61,2022-10-31,1,3,0,76.60921006883373
61,2022-11-30,1,4,0,75.3345593796814
61,2022-12-31,2,1,0,66.65432005333268
61,2023-01-31,2,4,0,67.43099421968498
61,2023-02-28,2,4,0,90.93502952901758
61,2023-03-31,1,3,0,63.98896036556843
61,2023-04-30,2,4,0,71.20661363855385
61,2023-05-31,4,1,0,82.19269159673729
61,2023-06-30,1,4,0,67.40174873002375
61,2023-07-31,2,4,0,70.99643246014959
61,2023-08-31,5,2,1,69.16248233370791
61,2023-09-30,1,3,0,71.16522881418807
61,2023-10-31,2,4,1,67.41561317934017
61,2023-11-30,2,4,0,84.00184539361034
61,2023-12-31,3,2,0,66.05490092085297
62,2019-01-31,1,4,0,87.97202444805245
62,2019-02-28,3,3,0,91.09398747476973
62,2019-03-31,3,1,1,67.707600316591
62,2019-04-30,1,1,1,63.77656051333242
62,2019-05-31,5,4,0,74.46354677347482
62,2019-06-30,4,4,0,88.89953128789625
62,2019-07-31,3,2,0,89.37159696897349
62,2019-08-31,3,2,0,90.44719348739442
62,2019-09-30,0,2,1,93.39268374616145
62,2019-10-31,0,4,0,94.27500864926927
62,2019-11-30,1,1,0,77.55431115106913
62,2019-12-31,4,4,1,80.41012519986126
62,2020-01-31,2,3,0,75.41070882045648
62,2020-02-29,1,3,0,79.7638902249789
62,2020-03-31,2,1,0,84.30055837637678
62,2020-04-30,0,1,0,74.54426350139435
62,2020-05-31,2,4,0,65.38398382423263
62,2020-06-30,1,2,0,69.0578424160337
62,2020-07-31,1,2,0,61.87895869475244
62,2020-08-31,1,1,0,78.64125890256787
62,2020-09-30,2,3,0,84.61148853470195
62,2020-10-31,4,3,0,86.08707311235997
62,2020-11-30,4,3,0,93.0291443964181
62,2020-12-31,2,1,0,67.03172044055742
62,2021-01-31,2,3,0,81.42778758543741
62,2021-02-28,2,3,0,90.17740700974595
62,2021-03-31,1,3,0,91.9533491434524
62,2021-04-30,1,2,0,74.11929507928423
62,2021-05-31,0,4,0,77.34524133143164
62,2021-06-30,2,4,0,83.0641368485721
62,2021-07-31,4,1,0,70.65419301127184
62,2021-08-31,1,3,0,87.04287917087751
62,2021-09-30,2,2,0,90.0775599367175
62,2021-10-31,5,2,0,89.151478463224
62,2021-11-30,2,4,0,91.87533926435955
62,2021-12-31,1,1,0,76.71309678587433
62,2022-01-31,1,1,0,80.88352546137878
62,2022-02-28,3,1,0,87.92522256093852
62,2022-03-31,0,4,1,90.72053097089062
62,2022-04-30,0,1,0,90.46844751373179
62,2022-05-31,3,4,0,84.73925259625912
62,2022-06-30,4,2,0,93.64691902771062
62,2022-07-31,2,2,0,88.2709552864118
62,2022-08-31,2,3,0,90.36416308663497
62,2022-09-30,1,1,0,62.62068967596986
62,2022-10-31,5,3,0,63.78243757590917
62,2022-11-30,1,1,0,64.11511883984235
62,2022-12-31,3,2,0,75.1813580005024
62,2023-01-31,4,4,0,80.12808773712673
62,2023-02-28,1,1,1,68.38495485590023
62,2023-03-31,3,3,0,90.61605067405569
62,2023-04-30,0,3,0,66.3409741407371
62,2023-05-31,1,3,0,91.90395946351467
62,2023-06-30,4,3,0,85.20701280731176
62,2023-07-31,3,3,0,92.36963667782686
62,2023-08-31,1,4,0,82.06626055328618
62,2023-09-30,1,3,0,69.80545371338812
62,2023-10-31,2,1,0,71.17778221265462
62,2023-11-30,3,1,1,88.66890126945111
62,2023-12-31,1,2,0,71.2014887500422
63,2019-01-31,1,4,0,73.45872144625615
63,2019-02-28,6,3,1,70.65144267505897
63,2019-03-31,5,2,0,65.58783542591162
63,2019-04-30,4,2,0,69.34715073117627
63,2019-05-31,0,4,0,83.40077729088516
63,2019-06-30,3,1,1,63.43746612115035
63,2019-07-31,0,1,0,74.63433995977213
63,2019-08-31,1,4,0,70.21376883199142
63,2019-09-30,0,2,1,68.28609289841687
63,2019-10-31,5,1,0,65.3982253096201
63,2019-11-30,1,1,0,60.147588426539514
63,2019-12-31,3,4,0,90.14167789237231
63,2020-01-31,2,4,0,74.05572549350512
63,2020-02-29,1,4,0,73.67361517149563
63,2020-03-31,1,1,0,85.63303500250686
63,2020-04-30,2,3,0,77.40687842265778
63,2020-05-31,5,2,0,89.70775899424369
63,2020-06-30,1,4,0,63.4196015276377
63,2020-07-31,1,1,0,67.95941618249388
63,2020-08-31,3,4,0,85.73808274601637
63,2020-09-30,0,4,0,66.29882619029071
63,2020-10-31,0,3,1,66.99115925756264
63,2020-11-30,4,1,1,87.18910280297274
63,2020-12-31,1,2,1,62.23606132032242
63,2021-01-31,3,3,0,68.67839604582312
63,2021-02-28,5,4,0,89.46936294238952
63,2021-03-31,1,4,0,85.8006900752619
63,2021-04-30,1,2,0,64.79056478726729
63,2021-05-31,3,3,0,72.86723291065124
63,2021-06-30,3,1,1,65.5230655391465
63,2021-07-31,5,1,0,93.45381866230863
63,2021-08-31,1,3,0,77.04143469454013
63,2021-09-30,1,1,0,83.32695447413379
63,2021-10-31,2,1,0,79.6718344882276
63,2021-11-30,5,3,0,92.02829835717546
63,2021-12-31,4,2,0,70.1490565732334
63,2022-01-31,2,1,1,69.50712555547759
63,2022-02-28,3,3,0,63.737013957547205
63,2022-03-31,0,3,1,88.00325051610034
63,2022-04-30,2,3,0,66.73023933406515
63,2022-05-31,3,2,1,60.96706798358664
63,2022-06-30,2,3,0,64.02133677326292
63,2022-07-31,0,1,0,64.67602951734722
63,2022-08-31,2,4,0,92.04722075259906
63,2022-09-30,1,4,0,90.40304248675946
63,2022-10-31,1,3,1,90.98230988751925
63,2022-11-30,0,1,1,72.684398222135
63,2022-12-31,1,4,0,81.61023044849486
63,2023-01-31,2,3,1,88.38272824043744
63,2023-02-28,0,3,0,94.8416154676622
63,2023-03-31,2,1,0,86.75085020361179
63,2023-04-30,0,3,0,64.07104774357605
63,2023-05-31,4,4,0,66.82692027669837
63,2023-06-30,2,1,0,80.5037023381264
63,2023-07-31,3,3,0,75.14952486666364
63,2023-08-31,2,1,1,62.50855459993644
63,2023-09-30,5,4,0,86.21518338129401
63,2023-10-31,1,3,0,69.67087438426212
63,2023-11-30,5,2,0,65.32331563812235
63,2023-12-31,4,2,0,67.96679273511565
64,2019-01-31,3,4,0,93.93338431083674
64,2019-02-28,5,4,0,68.8604452672511
64,2019-03-31,1,1,1,77.76165212619259
64,2019-04-30,4,1,0,64.20313546617103
64,2019-05-31,4,2,0,60.3726460725962
64,2019-06-30,1,4,0,77.04334272232359
64,2019-07-31,2,4,0,62.69157036548522
64,2019-08-31,0,1,0,92.6559829631681
64,2019-09-30,2,4,1,63.022585252258764
64,2019-10-31,1,3,0,63.316529031382984
64,2019-11-30,2,2,0,70.40270681209596
64,2019-12-31,1,1,1,89.10291734068147
64,2020-01-31,1,1,0,80.83654771831715
64,2020-02-29,2,4,0,78.44133343230122
64,2020-03-31,1,4,0,74.76073710622441
64,2020-04-30,1,3,1,64.91080937637741
64,2020-05-31,2,2,1,92.94309758935955
64,2020-06-30,4,3,0,76.82328804298172
64,2020-07-31,1,4,0,90.31562442294127
64,2020-08-31,1,1,0,87.30285836536186
64,2020-09-30,3,1,0,61.693579613083514
64,2020-10-31,1,2,0,81.85007511776993
64,2020-11-30,2,2,0,68.52198324352064
64,2020-12-31,1,3,0,92.62791397879789
64,2021-01-31,0,1,1,84.39387370426066
64,2021-02-28,1,2,0,84.37009941838157
64,2021-03-31,1,3,0,86.5456931260879
64,2021-04-30,4,3,0,81.98305756867654
64,2021-05-31,2,4,1,82.68942131065984
64,2021-06-30,1,4,1,71.6174335953193
64,2021-07-31,3,2,1,73.91920619300654
64,2021-08-31,1,1,0,74.94604860434967
64,2021-09-30,2,3,0,61.57733736207998
64,2021-10-31,4,4,0,65.953141296904
64,2021-11-30,5,1,0,89.99493191330517
64,2021-12-31,3,4,1,92.89835011529715
64,2022-01-31,1,2,0,70.79725768888648
64,2022-02-28,3,3,0,74.49813748612482
64,2022-03-31,2,4,1,73.9736568401143
64,2022-04-30,2,1,0,83.01082401768586
64,2022-05-31,0,1,0,83.3145694837866
64,2022-06-30,1,1,0,88.608966715626
64,2022-07-31,2,3,0,76.79345454274242
64,2022-08-31,2,2,0,64.31659252238883
64,2022-09-30,0,2,1,79.6374612337948
64,2022-10-31,1,1,0,74.3144126937502
64,2022-11-30,2,1,0,84.71875115034958
64,2022-12-31,3,1,0,89.93319761226168
64,2023-01-31,1,3,1,80.74793974166896
64,2023-02-28,3,2,0,79.99485786283546
64,2023-03-31,2,4,0,60.011528492702666
64,2023-04-30,0,1,0,61.80990695763818
64,2023-05-31,1,3,0,84.55538473094475
64,2023-06-30,0,4,1,73.00770906482202
64,2023-07-31,2,3,0,61.75427990209711
64,2023-08-31,2,4,0,85.37198931233634
64,2023-09-30,0,2,0,82.60522343734186
64,2023-10-31,2,4,0,88.31070525553798
64,2023-11-30,1,2,0,75.43696065815456
64,2023-12-31,3,4,0,88.6812741546778
65,2019-01-31,2,1,1,73.6497326963733
65,2019-02-28,5,1,0,61.40524691575084
65,2019-03-31,2,1,1,88.64661621668031
65,2019-04-30,1,2,0,61.98559678916656
65,2019-05-31,1,3,1,78.47217229726706
65,2019-06-30,1,1,0,77.20444387870819
65,2019-07-31,3,1,0,87.94645383032588
65,2019-08-31,0,3,1,75.25984663099305
65,2019-09-30,0,4,0,78.34750603250683
65,2019-10-31,4,4,0,76.68269845956792
65,2019-11-30,0,1,0,93.86797216698085
65,2019-12-31,3,1,0,60.033009517287645
65,2020-01-31,2,3,0,70.87517154959251
65,2020-02-29,1,4,1,64.19431245851689
65,2020-03-31,2,2,0,91.81797912731503
65,2020-04-30,3,1,0,68.12013423660724
65,2020-05-31,2,1,0,89.1004174494438
65,2020-06-30,3,4,0,91.161797105691
65,2020-07-31,2,4,1,80.65168668294305
65,2020-08-31,3,3,0,72.455615980309
65,2020-09-30,1,4,0,87.57337294481778
65,2020-10-31,3,1,0,85.6778360371613
65,2020-11-30,0,2,0,67.95898344052563
65,2020-12-31,3,1,0,86.27494254222371
65,2021-01-31,0,2,1,66.20834729361636
65,2021-02-28,2,2,0,63.92890005643266
65,2021-03-31,2,4,0,65.06516188339421
65,2021-04-30,1,4,1,61.36689186984246
65,2021-05-31,5,3,0,85.02400192728314
65,2021-06-30,1,2,0,80.35065405121676
65,2021-07-31,3,4,0,61.621477394287595
65,2021-08-31,1,4,0,83.40817746494876
65,2021-09-30,1,2,1,84.50821562916678
65,2021-10-31,1,2,0,86.46483409015183
65,2021-11-30,2,1,0,76.92472436535357
65,2021-12-31,4,1,0,63.28592026109307
65,2022-01-31,1,2,0,77.1893330391188
65,2022-02-28,1,1,0,73.96808115746043
65,2022-03-31,3,1,0,80.40555585221125
65,2022-04-30,2,4,0,75.11292636926665
65,2022-05-31,1,2,0,78.98384784575802
65,2022-06-30,3,3,1,76.16756893332607
65,2022-07-31,1,1,0,82.65102286171864
65,2022-08-31,3,2,0,72.31976117103174
65,2022-09-30,2,1,1,78.41715196453944
65,2022-10-31,2,1,0,94.80087685421458
65,2022-11-30,0,1,0,83.58806022626302
65,2022-12-31,2,2,1,63.204300837966535
65,2023-01-31,3,1,0,61.947010255116844
65,2023-02-28,1,1,0,62.371571494964265
65,2023-03-31,2,1,1,84.73917660987976
65,2023-04-30,2,3,1,60.328076404476754
65,2023-05-31,2,2,1,94.0641497471045
65,2023-06-30,1,4,0,91.91755350914934
65,2023-07-31,2,1,0,91.34189643616219
65,2023-08-31,1,2,1,63.21219727416054
65,2023-09-30,1,4,0,72.82158754770427
65,2023-10-31,2,2,1,67.10464614774888
65,2023-11-30,3,1,0,63.93379880936174
65,2023-12-31,3,4,0,94.23992906067059
66,2019-01-31,1,3,0,61.73179601060741
66,2019-02-28,2,3,0,62.06395701164127
66,2019-03-31,2,3,0,70.91052984243662
66,2019-04-30,4,2,0,93.24940961937531
66,2019-05-31,2,1,0,91.30122555667977
66,2019-06-30,1,2,0,81.75516176333464
66,2019-07-31,2,4,0,90.64927786158017
66,2019-08-31,3,3,0,71.16152172641793
66,2019-09-30,1,1,0,62.63624721425703
66,2019-10-31,2,4,0,66.56839871854255
66,2019-11-30,1,1,0,63.586412598065934
66,2019-12-31,2,4,0,75.23418884052013
66,2020-01-31,4,4,0,87.53063879846765
66,2020-02-29,2,3,0,60.63312719823381
66,2020-03-31,3,3,0,83.05098132733508
66,2020-04-30,2,4,0,76.3917510808476
66,2020-05-31,6,3,0,80.78208685131625
66,2020-06-30,4,4,1,86.97211185222895
66,2020-07-31,4,4,0,71.1167351062517
66,2020-08-31,3,4,0,71.92320072970715
66,2020-09-30,4,2,0,66.33857500113665
66,2020-10-31,2,1,1,61.90268697775634
66,2020-11-30,5,4,0,60.87778158444718
66,2020-12-31,0,4,0,72.71696898117584
66,2021-01-31,3,3,0,75.99916337092871
66,2021-02-28,4,1,0,61.467825440215805
66,2021-03-31,3,4,0,78.11657960207076
66,2021-04-30,2,3,0,84.1032468675895
66,2021-05-31,1,3,0,83.81673485404089
66,2021-06-30,1,4,0,79.46565778648406
66,2021-07-31,2,2,1,61.6615212259083
66,2021-08-31,3,1,1,89.31322074230788
66,2021-09-30,2,1,0,83.8898862822791
66,2021-10-31,0,3,0,66.16228484442637
66,2021-11-30,2,3,0,60.20849827962438
66,2021-12-31,1,4,0,81.62407165315848
66,2022-01-31,2,4,0,72.12102604203719
66,2022-02-28,2,3,0,66.94781206324079
66,2022-03-31,4,1,0,70.52378782034171
66,2022-04-30,1,2,0,68.1332318619907
66,2022-05-31,0,3,1,67.41761087753086
66,2022-06-30,0,1,1,68.38071682166976
66,2022-07-31,1,3,0,86.4961193602283
66,2022-08-31,2,2,1,83.57724133558025
66,2022-09-30,4,4,0,78.63409354542337
66,2022-10-31,1,4,1,86.5466979508851
66,2022-11-30,5,1,0,65.57631503052089
66,2022-12-31,1,3,0,88.94562794102377
66,2023-01-31,2,3,1,73.91069472459068
66,2023-02-28,1,4,1,94.73344988852864
66,2023-03-31,1,1,0,88.84530927405972
66,2023-04-30,6,3,0,63.873142028995204
66,2023-05-31,0,1,0,92.17336763876699
66,2023-06-30,0,2,1,68.65509690380087
66,2023-07-31,4,2,0,81.57087703962392
66,2023-08-31,0,3,0,72.6336443252774
66,2023-09-30,1,3,0,87.02193952751006
66,2023-10-31,3,1,0,64.50020580694803
66,2023-11-30,2,1,0,61.59901250046573
66,2023-12-31,1,2,1,79.51090036371306
67,2019-01-31,2,1,0,74.31013654829795
67,2019-02-28,0,2,0,83.46109977031185
67,2019-03-31,1,1,0,73.81339331482093
67,2019-04-30,1,3,0,65.63557337799934
67,2019-05-31,1,2,0,80.29451474920157
67,2019-06-30,4,2,0,76.53485393916971
67,2019-07-31,1,4,0,75.84581446996712
67,2019-08-31,2,2,1,89.07585939112221
67,2019-09-30,1,4,0,69.2589434675321
67,2019-10-31,1,3,0,65.66718240524112
67,2019-11-30,2,4,0,71.81359848634892
67,2019-12-31,2,3,0,71.11449023836025
67,2020-01-31,4,3,0,84.20302509032582
67,2020-02-29,3,3,0,82.3312304943442
67,2020-03-31,2,2,0,60.68688589666491
67,2020-04-30,2,4,1,81.84273131547263
67,2020-05-31,1,4,0,65.16546394077939
67,2020-06-30,3,2,0,70.48139149552816
67,2020-07-31,2,3,1,83.81001933794572
67,2020-08-31,3,2,0,77.75885266638468
67,2020-09-30,2,1,0,93.54533252847332
67,2020-10-31,3,4,0,68.44137386741038
67,2020-11-30,5,3,0,76.65246694875435
67,2020-12-31,1,3,0,93.13869138676853
67,2021-01-31,0,3,0,81.48775712303637
67,2021-02-28,0,4,0,75.15714050369084
67,2021-03-31,1,4,0,76.34999398247959
67,2021-04-30,2,2,1,72.09715422812258
67,2021-05-31,0,2,0,70.58273310971902
67,2021-06-30,2,2,0,70.40227607815635
67,2021-07-31,1,1,0,61.307213385682346
67,2021-08-31,3,2,0,84.2993263288388
67,2021-09-30,2,1,0,89.32948594280735
67,2021-10-31,2,4,1,60.004064892447396
67,2021-11-30,1,2,1,63.4631751347968
67,2021-12-31,0,2,0,67.51849590030407
67,2022-01-31,2,3,0,67.07497560783482
67,2022-02-28,4,1,0,66.81739006388081
67,2022-03-31,3,3,0,69.48518686458203
67,2022-04-30,0,1,0,78.59898488022665
67,2022-05-31,3,2,1,77.89507643032607
67,2022-06-30,2,3,0,70.04767746753343
67,2022-07-31,0,4,0,87.80447930469558
67,2022-08-31,2,1,0,93.00166957661168
67,2022-09-30,0,4,1,92.7074954487714
67,2022-10-31,0,4,0,88.84454546403357
67,2022-11-30,2,1,0,63.9023006041591
67,2022-12-31,0,3,1,79.37176334352012
67,2023-01-31,0,1,0,90.30585657884032
67,2023-02-28,2,3,1,72.25823443542275
67,2023-03-31,3,1,0,61.95036562872241
67,2023-04-30,5,4,0,68.53892517746469
67,2023-05-31,3,3,0,75.73311053908623
67,2023-06-30,2,1,0,90.64538413907219
67,2023-07-31,0,4,1,66.74642721346085
67,2023-08-31,3,1,0,67.78572827902799
67,2023-09-30,1,3,0,73.06020391706325
67,2023-10-31,1,3,0,82.00456832042713
67,2023-11-30,1,3,0,65.32306499076897
67,2023-12-31,3,1,0,73.04715941707752
68,2019-01-31,0,4,0,94.0529841243486
68,2019-02-28,2,4,0,66.18038656871707
68,2019-03-31,4,2,0,66.28640882061465
68,2019-04-30,4,2,0,91.43270779422767
68,2019-05-31,1,1,0,82.47087750774676
68,2019-06-30,1,3,0,79.19943270980386
68,2019-07-31,0,1,0,72.21593075301601
68,2019-08-31,3,2,0,62.45148887297946
68,2019-09-30,4,1,0,62.543476833961904
68,2019-10-31,0,2,0,76.63761043200171
68,2019-11-30,5,3,0,73.62001856208184
68,2019-12-31,0,1,0,84.64553024454615
68,2020-01-31,5,3,0,86.86030819986524
68,2020-02-29,4,3,0,76.34057383964213
68,2020-03-31,4,2,0,77.21670756027439
68,2020-04-30,0,2,0,79.34723228601013
68,2020-05-31,0,4,1,60.041962355860946
68,2020-06-30,2,4,0,65.51535016167482
68,2020-07-31,1,3,1,74.97125741770088
68,2020-08-31,4,3,0,90.35552794839589
68,2020-09-30,6,1,1,88.66667926849983
68,2020-10-31,3,2,0,67.00977704649611
68,2020-11-30,1,1,0,92.51631236450912
68,2020-12-31,2,3,0,77.64143161324027
68,2021-01-31,2,2,0,88.06899200966281
68,2021-02-28,1,2,0,89.05865610962543
68,2021-03-31,2,1,0,72.6906467042969
68,2021-04-30,2,4,0,93.27952192826682
68,2021-05-31,1,3,1,78.97640285447822
68,2021-06-30,1,2,0,88.77785613815183
68,2021-07-31,1,2,0,87.12146899692057
68,2021-08-31,0,3,1,68.68825591976287
68,2021-09-30,1,3,1,67.68635756006924
68,2021-10-31,3,2,0,76.50059707281574
68,2021-11-30,3,1,0,77.45289143166202
68,2021-12-31,0,2,1,80.64045768925044
68,2022-01-31,1,2,1,71.09178785312464
68,2022-02-28,3,3,0,87.81934699085103
68,2022-03-31,2,1,0,81.77333818419915
68,2022-04-30,1,4,0,69.76501603264532
68,2022-05-31,3,3,0,68.64529414933371
68,2022-06-30,1,2,1,92.84019533105435
68,2022-07-31,2,3,0,67.06362558483767
68,2022-08-31,5,3,0,87.04785311329317
68,2022-09-30,1,4,0,77.0971325864274
68,2022-10-31,6,2,0,80.34284146410563
68,2022-11-30,2,2,0,92.89579128352693
68,2022-12-31,4,4,0,82.21889162788025
68,2023-01-31,2,2,0,90.23819425540542
68,2023-02-28,3,1,1,68.0801138496106
68,2023-03-31,3,2,0,77.64122236714735
68,2023-04-30,2,3,0,82.0851815673731
68,2023-05-31,3,4,0,93.06327723368446
68,2023-06-30,0,1,1,82.07742706137103
68,2023-07-31,1,2,0,64.83098217188311
68,2023-08-31,0,1,0,88.72759907618217
68,2023-09-30,2,3,0,84.5110764049742
68,2023-10-31,4,4,0,79.95359780629477
68,2023-11-30,3,3,0,83.25738282158616
68,2023-12-31,1,4,0,90.0145079553299
69,2019-01-31,3,4,0,88.34474483172467
69,2019-02-28,3,2,0,66.97419799249823
69,2019-03-31,2,4,0,86.72166014045982
69,2019-04-30,2,1,0,70.80663200432251
69,2019-05-31,5,2,0,93.50714497585386
69,2019-06-30,1,2,0,92.03723141034547
69,2019-07-31,1,3,1,83.01916122796784
69,2019-08-31,3,2,1,70.5628707741827
69,2019-09-30,0,4,1,90.74485005034023
69,2019-10-31,0,3,0,61.675528010944106
69,2019-11-30,2,3,0,74.25624530649677
69,2019-12-31,2,2,0,90.23626250920937
69,2020-01-31,2,4,1,82.46733068304245
69,2020-02-29,4,1,0,82.6944335647639
69,2020-03-31,0,1,0,63.527142930346635
69,2020-04-30,2,2,0,84.20919228050381
69,2020-05-31,3,2,0,75.43321258154876
69,2020-06-30,1,3,0,83.68157859862696
69,2020-07-31,2,3,0,88.72132477106054
69,2020-08-31,1,4,0,84.785782487767
69,2020-09-30,1,1,0,78.23130685849847
69,2020-10-31,3,4,0,91.5944399775989
69,2020-11-30,2,2,0,79.46917554645829
69,2020-12-31,1,3,0,80.380395903739
69,2021-01-31,3,3,0,63.44056657402685
69,2021-02-28,2,4,0,75.79715772747784
69,2021-03-31,2,4,0,77.84719357359728
69,2021-04-30,0,4,0,88.21843187500659
69,2021-05-31,4,2,1,62.41852760265043
69,2021-06-30,2,4,0,89.39527651970236
69,2021-07-31,2,4,0,74.61475077471677
69,2021-08-31,2,1,0,71.17529390499415
69,2021-09-30,3,4,0,77.32481869894265
69,2021-10-31,0,4,1,76.41730275843463
69,2021-11-30,3,1,1,70.59316029050228
69,2021-12-31,3,3,0,61.720262448292175
69,2022-01-31,1,2,0,93.02349357267397
69,2022-02-28,1,3,0,79.62061950613874
69,2022-03-31,3,1,0,87.27472849411382
69,2022-04-30,1,2,0,85.30141108707136
69,2022-05-31,1,2,0,63.30247070345984
69,2022-06-30,3,4,1,93.13774611344581
69,2022-07-31,2,1,0,65.44927443105263
69,2022-08-31,0,1,1,84.52563540801432
69,2022-09-30,2,4,0,87.70730310464282
69,2022-10-31,6,4,0,75.98588059877547
69,2022-11-30,4,2,0,67.13764682141013
69,2022-12-31,2,3,1,62.75850344224265
69,2023-01-31,1,3,0,78.70565017911022
69,2023-02-28,2,2,0,73.24684893304332
69,2023-03-31,1,1,0,89.39730092851484
69,2023-04-30,6,1,0,90.5697683181118
69,2023-05-31,3,1,0,88.38453255889345
69,2023-06-30,4,1,0,86.16610655245364
69,2023-07-31,4,2,1,65.88781160766042
69,2023-08-31,5,3,1,81.43432273070144
69,2023-09-30,0,2,0,77.96532397195088
69,2023-10-31,1,1,0,66.90258131362505
69,2023-11-30,4,3,1,88.51607076361675
69,2023-12-31,6,4,0,64.5594117395084
70,2019-01-31,6,2,1,83.7478778500422
70,2019-02-28,3,1,0,65.74765909340903
70,2019-03-31,2,3,0,75.16220568634733
70,2019-04-30,2,2,0,71.29746404982663
70,2019-05-31,2,2,1,92.22722822084641
70,2019-06-30,0,2,0,71.67579124949819
70,2019-07-31,5,1,0,94.31019509740372
70,2019-08-31,1,1,0,92.10278157510044
70,2019-09-30,3,4,0,82.67823845353524
70,2019-10-31,0,4,1,78.33437284788343
70,2019-11-30,0,4,0,91.30542074035398
70,2019-12-31,0,2,0,92.56593462565085
70,2020-01-31,2,1,0,85.63384831970033
70,2020-02-29,1,1,0,82.45785837504764
70,2020-03-31,1,3,0,83.13121637670316
70,2020-04-30,4,3,1,91.08449668701061
70,2020-05-31,1,1,0,70.42393168830962
70,2020-06-30,4,4,0,61.37489600221839
70,2020-07-31,6,2,0,69.69682859078056
70,2020-08-31,4,3,1,68.72576537907926
70,2020-09-30,0,2,0,72.8770388447434
70,2020-10-31,0,1,0,66.9196752820565
70,2020-11-30,0,4,0,61.27130576108287
70,2020-12-31,3,4,0,94.10374782509304
70,2021-01-31,1,2,1,76.69123753830836
70,2021-02-28,1,3,0,77.80480255997044
70,2021-03-31,2,1,0,89.9190694765462
70,2021-04-30,2,1,0,86.08256971654782
70,2021-05-31,5,2,0,80.82505875607043
70,2021-06-30,1,2,0,60.89756037705015
70,2021-07-31,1,4,0,61.686089209816856
70,2021-08-31,2,3,0,75.12044251514223
70,2021-09-30,2,4,1,92.2911226131379
70,2021-10-31,2,1,0,74.48716479767093
70,2021-11-30,1,2,0,65.41946889087541
70,2021-12-31,4,1,0,79.17758336221692
70,2022-01-31,1,4,0,87.0421073416797
70,2022-02-28,0,2,0,78.25003602338107
70,2022-03-31,2,1,1,85.24556724329774
70,2022-04-30,1,3,0,67.99743211366547
70,2022-05-31,3,3,1,67.89537442489916
70,2022-06-30,1,3,1,72.50162633368704
70,2022-07-31,3,2,1,81.02413909201516
70,2022-08-31,1,4,0,83.13308062592645
70,2022-09-30,1,4,0,84.97338036145229
70,2022-10-31,1,1,0,89.32683160524218
70,2022-11-30,0,3,1,70.64239649910965
70,2022-12-31,1,3,0,85.47138924392331
70,2023-01-31,3,2,1,81.52922867281922
70,2023-02-28,3,2,0,73.00343411656718
70,2023-03-31,1,1,1,62.9334155430238
70,2023-04-30,1,4,0,82.53599643203901
70,2023-05-31,5,3,0,82.1195331186049
70,2023-06-30,3,2,0,68.49035442810488
70,2023-07-31,1,4,0,69.92153759885653
70,2023-08-31,4,4,0,82.64988377844766
70,2023-09-30,3,1,0,90.3795578855733
70,2023-10-31,3,4,1,86.32825935522098
70,2023-11-30,3,3,0,66.88760754535376
70,2023-12-31,1,4,0,62.01546303260055
71,2019-01-31,1,2,1,86.27852409035678
71,2019-02-28,0,3,0,84.56882123554794
71,2019-03-31,4,1,1,89.20488724703567
71,2019-04-30,0,2,0,67.01878830453143
71,2019-05-31,1,3,0,91.36214896694565
71,2019-06-30,0,1,0,85.03846544529614
71,2019-07-31,3,2,0,94.37615403508744
71,2019-08-31,1,2,1,60.24623408735844
71,2019-09-30,3,1,0,65.55599888442295
71,2019-10-31,5,2,0,67.33893746252048
71,2019-11-30,0,4,0,61.50427794733824
71,2019-12-31,2,4,1,78.88571833253098
71,2020-01-31,3,3,0,61.721859905583464
71,2020-02-29,1,4,0,79.17615169599014
71,2020-03-31,1,3,0,68.81739458724383
71,2020-04-30,3,3,0,87.92185385169252
71,2020-05-31,5,3,0,72.98032940474761
71,2020-06-30,2,1,0,66.41158794116754
71,2020-07-31,0,4,0,89.91303085140444
71,2020-08-31,1,4,0,81.16154952152327
71,2020-09-30,2,4,1,60.07549212554267
71,2020-10-31,2,3,0,69.82569535362576
71,2020-11-30,0,3,0,72.41868570953648
71,2020-12-31,2,3,0,72.615150160841
71,2021-01-31,3,1,0,90.57704463399119
71,2021-02-28,4,3,1,80.4625927142861
71,2021-03-31,2,2,0,89.45353106653069
71,2021-04-30,1,2,0,72.07057808921054
71,2021-05-31,1,2,0,93.7784414588414
71,2021-06-30,2,1,0,66.89397930018926
71,2021-07-31,1,1,0,91.0071161748195
71,2021-08-31,1,2,0,65.71089062243885
71,2021-09-30,2,4,0,76.15091528649162
71,2021-10-31,4,4,0,70.58392480993368
71,2021-11-30,2,2,0,75.40068618746662
71,2021-12-31,3,1,0,92.00596452307354
71,2022-01-31,5,1,0,84.93282728968242
71,2022-02-28,3,1,0,85.10603693191706
71,2022-03-31,2,4,0,88.67966927013606
71,2022-04-30,2,1,0,69.0919201550341
71,2022-05-31,2,4,0,61.37593230061579
71,2022-06-30,3,1,0,72.41314815369142
71,2022-07-31,1,1,1,68.57596470406865
71,2022-08-31,0,4,0,60.31711556973352
71,2022-09-30,2,3,0,86.647876687272
71,2022-10-31,4,3,0,71.74667702176778
71,2022-11-30,1,1,0,79.18439473144122
71,2022-12-31,3,4,0,75.62515977711445
71,2023-01-31,4,1,0,73.68363765209013
71,2023-02-28,2,1,0,70.9733397135682
71,2023-03-31,2,4,0,86.6924562381185
71,2023-04-30,1,1,0,89.6730600879263
71,2023-05-31,2,1,0,88.46962026872825
71,2023-06-30,0,1,1,93.86042356787067
71,2023-07-31,1,3,0,79.67368182155101
71,2023-08-31,3,3,0,71.47776176491278
71,2023-09-30,2,2,0,86.93854691712164
71,2023-10-31,2,1,0,71.62532763438594
71,2023-11-30,1,3,1,68.38096299358787
71,2023-12-31,2,3,0,94.22493346159305
72,2019-01-31,5,2,0,93.48877058655717
72,2019-02-28,1,3,1,81.50628079564152
72,2019-03-31,0,2,0,94.53536967153772
72,2019-04-30,1,1,0,62.83232048290662
72,2019-05-31,0,1,0,76.81795154746948
72,2019-06-30,1,1,0,83.41688706374251
72,2019-07-31,3,2,1,93.15530411106931
72,2019-08-31,1,1,1,85.06875874548365
72,2019-09-30,4,2,0,68.76527019074696
72,2019-10-31,2,1,0,63.04605276908151
72,2019-11-30,1,1,0,83.77843755563401
72,2019-12-31,1,1,0,93.96514689304306
72,2020-01-31,3,4,0,65.6944474412286
72,2020-02-29,1,1,0,73.37096491282365
72,2020-03-31,1,3,0,85.57802145660311
72,2020-04-30,3,1,1,91.31940982823826
72,2020-05-31,0,2,0,89.74246621994044
72,2020-06-30,4,1,0,65.4642235811572
72,2020-07-31,2,4,0,75.34030696176848
72,2020-08-31,5,1,1,91.00491736199542
72,2020-09-30,2,4,0,94.50609666988547
72,2020-10-31,0,1,1,64.6754289096796
72,2020-11-30,4,3,0,94.57530225112536
72,2020-12-31,1,4,1,91.9874603302136
72,2021-01-31,0,1,0,75.02100314424312
72,2021-02-28,1,3,0,60.190980429851194
72,2021-03-31,0,3,0,67.30412443124474
72,2021-04-30,2,1,1,62.60256899068573
72,2021-05-31,0,2,0,71.28023384044317
72,2021-06-30,3,3,0,78.49384149233705
72,2021-07-31,4,4,0,70.32287788761357
72,2021-08-31,1,1,0,62.99395863001895
72,2021-09-30,3,1,0,90.00955216642126
72,2021-10-31,1,3,0,73.00083723165137
72,2021-11-30,2,1,0,72.89622601293163
72,2021-12-31,4,1,0,77.23952171250377
72,2022-01-31,2,3,0,60.30727484973912
72,2022-02-28,2,1,1,82.90712812908558
72,2022-03-31,2,4,0,93.83553446337704
72,2022-04-30,1,2,0,88.65052589934194
72,2022-05-31,0,2,1,78.85998324863756
72,2022-06-30,2,1,0,94.32502741664433
72,2022-07-31,2,4,0,88.38596785210387
72,2022-08-31,0,1,1,93.10953988276414
72,2022-09-30,4,1,0,76.17179958334864
72,2022-10-31,3,2,0,74.3722621719905
72,2022-11-30,4,2,0,78.62142141311615
72,2022-12-31,4,2,1,62.04180932539002
72,2023-01-31,3,4,0,92.5985872395651
72,2023-02-28,0,1,1,75.33085272932821
72,2023-03-31,0,4,0,75.53667816395259
72,2023-04-30,3,4,0,64.08934494385402
72,2023-05-31,2,4,0,60.00599393787913
72,2023-06-30,1,1,0,78.8309549845052
72,2023-07-31,2,4,0,65.15354871282202
72,2023-08-31,2,2,0,86.01615109551707
72,2023-09-30,2,2,0,71.81505756296889
72,2023-10-31,4,1,0,73.7443913126309
72,2023-11-30,2,4,1,86.30439659941295
72,2023-12-31,2,1,0,90.86193552236703
73,2019-01-31,3,4,0,72.90648015394962
73,2019-02-28,1,4,1,78.49966513202705
73,2019-03-31,3,4,0,66.60181282057466
73,2019-04-30,0,3,0,70.97128709406269
73,2019-05-31,2,1,0,80.8828911837766
73,2019-06-30,1,3,1,92.36303769695597
73,2019-07-31,1,1,0,62.71987835581158
73,2019-08-31,2,2,0,82.02381605164152
73,2019-09-30,3,2,0,77.93948164982548
73,2019-10-31,1,1,0,94.64537214161476
73,2019-11-30,1,2,0,67.9657674591208
73,2019-12-31,0,4,1,74.40793136811472
73,2020-01-31,0,4,1,67.97381640384545
73,2020-02-29,0,1,0,78.35029524890479
73,2020-03-31,1,2,1,82.44317053291819
73,2020-04-30,4,3,0,67.3576252219423
73,2020-05-31,1,3,0,63.70708571470198
73,2020-06-30,2,2,1,62.5626632866424
73,2020-07-31,2,3,0,61.96302557961555
73,2020-08-31,1,3,0,71.66260645586985
73,2020-09-30,1,3,0,89.5620371558428
73,2020-10-31,2,1,0,64.20523285922083
73,2020-11-30,2,4,0,82.30456760143582
73,2020-12-31,0,4,1,73.63373781101048
73,2021-01-31,2,4,0,84.41860441272391
73,2021-02-28,0,1,0,63.514286024555275
73,2021-03-31,1,4,1,60.15314855020325
73,2021-04-30,3,4,0,90.97193632601213
73,2021-05-31,4,1,1,72.19979294329369
73,2021-06-30,2,1,0,60.422478098865696
73,2021-07-31,0,2,0,76.29900523577723
73,2021-08-31,4,4,0,81.7702261438075
73,2021-09-30,3,2,0,75.63991035881953
73,2021-10-31,1,3,0,88.07277251201077
73,2021-11-30,2,1,0,62.68267492987076
73,2021-12-31,2,1,0,78.72973318866545
73,2022-01-31,1,3,0,60.02297825107515
73,2022-02-28,4,3,0,67.39804459216387
73,2022-03-31,2,2,0,70.41815967748244
73,2022-04-30,2,2,0,85.12280712903717
73,2022-05-31,2,2,0,86.28010258766813
73,2022-06-30,2,3,0,79.95362806042608
73,2022-07-31,1,1,1,64.34631479770614
73,2022-08-31,4,1,1,73.80810189794133
73,2022-09-30,2,3,0,81.52298929728846
73,2022-10-31,2,3,0,84.54637520105327
73,2022-11-30,2,3,0,75.16718826658641
73,2022-12-31,2,1,0,75.38976599130798
73,2023-01-31,0,3,0,69.92289180955608
73,2023-02-28,6,4,0,78.8858261150358
73,2023-03-31,0,4,0,73.99160730839836
73,2023-04-30,2,4,1,81.64931900531647
73,2023-05-31,3,2,1,81.41818725649499
73,2023-06-30,1,4,0,89.09719304946677
73,2023-07-31,2,3,0,83.43209208467559
73,2023-08-31,2,2,0,68.86059229911612
73,2023-09-30,4,1,0,75.21398052559594
73,2023-10-31,1,3,1,89.6492436228394
73,2023-11-30,3,2,0,75.79443388122499
73,2023-12-31,3,4,0,78.09228086231427
74,2019-01-31,2,4,0,94.5391733806351
74,2019-02-28,1,2,0,62.246484372925885
74,2019-03-31,1,2,0,63.505003269466215
74,2019-04-30,0,1,0,70.09380251584547
74,2019-05-31,3,1,0,61.48766638029722
74,2019-06-30,1,3,0,78.9160224834618
74,2019-07-31,2,2,1,87.03219279134115
74,2019-08-31,2,1,0,84.6314145677994
74,2019-09-30,4,3,0,84.48483803771539
74,2019-10-31,3,2,1,77.16808091736523
74,2019-11-30,1,2,0,63.993926725920204
74,2019-12-31,2,1,1,83.98176915383073
74,2020-01-31,4,3,1,80.96508283936654
74,2020-02-29,2,4,0,68.11242468722882
74,2020-03-31,3,4,0,63.57921161223352
74,2020-04-30,3,2,1,67.56251573901422
74,2020-05-31,0,1,0,74.03449317499818
74,2020-06-30,1,3,1,67.98687634763621
74,2020-07-31,1,4,1,76.02169518114485
74,2020-08-31,2,1,0,70.7662981723117
74,2020-09-30,2,3,0,94.55010388112024
74,2020-10-31,2,2,0,61.54963433313418
74,2020-11-30,2,4,0,92.06602685838855
74,2020-12-31,2,2,1,93.39331837499844
74,2021-01-31,3,2,0,73.22739575614384
74,2021-02-28,2,3,0,88.45728321363198
74,2021-03-31,3,3,0,89.15425801743748
74,2021-04-30,2,4,0,88.75795637345487
74,2021-05-31,1,1,1,85.50292727364376
74,2021-06-30,2,2,0,66.86092267160642
74,2021-07-31,5,1,0,61.548139605574775
74,2021-08-31,1,2,0,68.4654430389271
74,2021-09-30,0,4,0,75.50263414340904
74,2021-10-31,2,4,1,63.83728329392406
74,2021-11-30,4,3,0,82.08536378878698
74,2021-12-31,0,3,0,69.69432594452479
74,2022-01-31,3,1,1,74.40092793849416
74,2022-02-28,0,2,1,69.67815388394813
74,2022-03-31,1,1,0,80.4848829410813
74,2022-04-30,3,3,0,79.80687474864854
74,2022-05-31,4,2,0,94.9960356242938
74,2022-06-30,0,1,1,88.04387315901934
74,2022-07-31,2,1,0,63.00393475408642
74,2022-08-31,2,2,0,66.24449425361169
74,2022-09-30,4,3,0,91.07175397137064
74,2022-10-31,5,3,0,75.88329426145953
74,2022-11-30,2,1,0,62.86344067136925
74,2022-12-31,2,1,1,75.56584922337822
74,2023-01-31,4,3,0,60.632233538127245
74,2023-02-28,2,1,0,72.15910564404105
74,2023-03-31,1,3,0,60.51609300612202
74,2023-04-30,1,1,1,85.80855294439894
74,2023-05-31,3,2,1,70.57351697277952
74,2023-06-30,4,4,0,60.68874274957136
74,2023-07-31,4,3,1,86.47308099394095
74,2023-08-31,1,2,0,63.214500387174596
74,2023-09-30,0,1,0,62.86392313450807
74,2023-10-31,4,3,1,83.88394504563156
74,2023-11-30,1,2,0,91.58853015332271
74,2023-12-31,1,1,0,78.52946162577246
75,2019-01-31,1,2,0,65.66044194579214
75,2019-02-28,3,4,0,87.37178511936243
75,2019-03-31,0,3,0,61.6659429783257
75,2019-04-30,3,4,0,62.76246382493142
75,2019-05-31,1,4,0,73.95211846495667
75,2019-06-30,3,3,0,67.01544238697504
75,2019-07-31,2,4,0,90.23223898652263
75,2019-08-31,3,2,0,86.46895120779746
75,2019-09-30,4,2,0,66.81714644313509
75,2019-10-31,2,1,0,65.02230708254861
75,2019-11-30,3,4,0,68.45266337740433
75,2019-12-31,2,1,1,71.41670696562453
75,2020-01-31,2,2,0,88.98424711579682
75,2020-02-29,0,4,1,92.12582930960025
75,2020-03-31,2,1,0,63.911908266234576
75,2020-04-30,3,1,1,87.03794826236829
75,2020-05-31,4,1,0,83.87913771086258
75,2020-06-30,3,4,0,60.06595207327907
75,2020-07-31,2,4,0,63.115798680137715
75,2020-08-31,2,3,0,67.40277957569148
75,2020-09-30,3,1,0,90.80323885296046
75,2020-10-31,2,4,0,67.18124693022135
75,2020-11-30,1,2,1,68.96368723325067
75,2020-12-31,1,3,1,68.88324169106254
75,2021-01-31,0,4,0,86.83796718295261
75,2021-02-28,1,4,0,66.55258687142641
75,2021-03-31,4,2,0,79.3432866997237
75,2021-04-30,2,1,0,61.2803128439441
75,2021-05-31,2,4,0,94.2370314237914
75,2021-06-30,0,4,0,85.04369972851518
75,2021-07-31,3,3,0,63.282150356193284
75,2021-08-31,1,1,0,82.25840191223253
75,2021-09-30,0,3,1,76.11982066169567
75,2021-10-31,0,1,0,85.87994542513076
75,2021-11-30,4,3,0,84.06213473864845
75,2021-12-31,2,1,0,65.93396855535335
75,2022-01-31,1,2,0,90.0940999058964
75,2022-02-28,2,2,0,67.13794154542263
75,2022-03-31,4,3,0,86.52616754351996
75,2022-04-30,2,1,0,61.52766755454025
75,2022-05-31,0,1,0,75.6333386768299
75,2022-06-30,6,4,0,72.71914260354613
75,2022-07-31,1,4,0,63.96746124062394
75,2022-08-31,3,4,0,90.29429792954076
75,2022-09-30,4,3,0,76.36052636462014
75,2022-10-31,0,1,1,92.8534577141013
75,2022-11-30,5,4,0,63.16077676700982
75,2022-12-31,3,4,0,62.472144989819704
75,2023-01-31,5,4,0,63.625568308644276
75,2023-02-28,2,3,0,74.33747907752945
75,2023-03-31,2,2,0,66.5413853851441
75,2023-04-30,3,1,0,90.74449528987023
75,2023-05-31,3,1,1,85.34562885803757
75,2023-06-30,2,2,0,84.88042801661368
75,2023-07-31,4,2,1,81.2255533470468
75,2023-08-31,3,2,0,70.97889285455472
75,2023-09-30,1,4,0,89.68701806652751
75,2023-10-31,4,2,0,94.3791988265161
75,2023-11-30,4,4,0,78.48084218152535
75,2023-12-31,2,1,0,60.65307733832873
76,2019-01-31,2,1,0,83.35426647080521
76,2019-02-28,2,4,0,89.77208754592856
76,2019-03-31,3,2,0,85.83940040109209
76,2019-04-30,3,2,0,82.49590935171229
76,2019-05-31,1,4,0,65.46733798015514
76,2019-06-30,0,4,0,82.26744755523198
76,2019-07-31,2,2,0,71.90981074841085
76,2019-08-31,4,1,0,65.5582863719123
76,2019-09-30,3,3,0,73.54395840314734
76,2019-10-31,0,1,0,84.2389425948554
76,2019-11-30,1,2,1,76.1335832882491
76,2019-12-31,1,2,0,91.79452655187723
76,2020-01-31,1,4,0,82.20511303824804
76,2020-02-29,1,3,1,68.76255603844261
76,2020-03-31,1,1,0,87.99917552731318
76,2020-04-30,0,1,1,86.88157123943188
76,2020-05-31,4,4,0,78.6753010897414
76,2020-06-30,1,3,0,68.34831580416783
76,2020-07-31,1,4,0,87.35140611356516
76,2020-08-31,4,4,0,62.35478548519085
76,2020-09-30,2,1,0,76.13892745987468
76,2020-10-31,2,2,0,72.59263856921176
76,2020-11-30,0,2,0,63.86890702482055
76,2020-12-31,1,1,0,63.132846814513
76,2021-01-31,5,4,0,90.91351740766261
76,2021-02-28,3,2,0,81.43002399737165
76,2021-03-31,0,4,0,66.0309757118842
76,2021-04-30,3,1,0,85.77958546615085
76,2021-05-31,2,3,1,90.64498456382816
76,2021-06-30,0,4,0,60.696167794949005
76,2021-07-31,1,1,0,91.59324995351932
76,2021-08-31,0,4,0,72.76307771554141
76,2021-09-30,2,3,0,80.22263475835052
76,2021-10-31,1,1,0,80.31350208922123
76,2021-11-30,6,2,0,91.9022232667085
76,2021-12-31,1,2,0,62.082911732814495
76,2022-01-31,2,4,1,65.02682867422038
76,2022-02-28,1,3,0,85.91381029385086
76,2022-03-31,0,2,0,85.14564811453144
76,2022-04-30,2,4,0,92.36883020844573
76,2022-05-31,2,3,0,61.54713154910458
76,2022-06-30,2,2,0,63.80666093955275
76,2022-07-31,1,2,0,66.36619212713373
76,2022-08-31,1,2,0,79.61815026355478
76,2022-09-30,4,3,0,85.484414368297
76,2022-10-31,2,4,0,76.6647906140672
76,2022-11-30,2,3,0,84.94940926569795
76,2022-12-31,2,2,0,63.46543421120936
76,2023-01-31,2,2,0,92.1761651033375
76,2023-02-28,1,2,0,65.74150852617062
76,2023-03-31,1,3,1,71.21338945025192
76,2023-04-30,2,2,1,87.03180936007331
76,2023-05-31,0,4,0,65.64441590775458
76,2023-06-30,3,4,0,90.66025497613276
76,2023-07-31,1,1,0,82.19029462835779
76,2023-08-31,2,2,0,63.61453866978711
76,2023-09-30,2,4,0,94.90567719312102
76,2023-10-31,5,4,0,80.66983236485125
76,2023-11-30,0,4,1,76.10917487682873
76,2023-12-31,1,1,0,79.48797998268844
77,2019-01-31,3,1,1,93.59955240041702
77,2019-02-28,2,2,1,70.58776134265477
77,2019-03-31,3,2,1,64.80205393038251
77,2019-04-30,2,3,1,72.21025173263008
77,2019-05-31,0,1,0,88.66116039024678
77,2019-06-30,2,3,0,61.918195076634284
77,2019-07-31,0,2,0,80.39801002891778
77,2019-08-31,2,1,1,88.35355914927959
77,2019-09-30,1,3,0,80.87781383349721
77,2019-10-31,1,1,1,81.91209741573059
77,2019-11-30,5,1,1,69.46497057983062
77,2019-12-31,0,3,0,65.20967943194455
77,2020-01-31,5,1,0,72.67303103482874
77,2020-02-29,0,2,0,89.91812591789292
77,2020-03-31,2,3,0,69.55625829037186
77,2020-04-30,3,1,0,75.46282101504542
77,2020-05-31,1,4,0,72.7185286397305
77,2020-06-30,0,2,0,64.88058984135733
77,2020-07-31,1,4,0,80.45398363286071
77,2020-08-31,4,3,0,68.17074090501166
77,2020-09-30,0,1,0,93.77524962512302
77,2020-10-31,4,2,0,73.52761629061806
77,2020-11-30,2,3,0,69.23378237763727
77,2020-12-31,4,2,0,64.09616709728846
77,2021-01-31,2,1,0,71.31369234295002
77,2021-02-28,2,2,0,68.53212904686873
77,2021-03-31,1,3,1,60.349191849454165
77,2021-04-30,2,3,0,82.03377104307339
77,2021-05-31,2,2,0,84.68244924907219
77,2021-06-30,0,1,0,75.36112221058097
77,2021-07-31,1,4,0,77.88612510480485
77,2021-08-31,2,4,0,68.66407858361886
77,2021-09-30,1,4,0,79.32962736069905
77,2021-10-31,2,2,0,76.50131512878285
77,2021-11-30,4,1,1,76.2169218558067
77,2021-12-31,1,1,0,64.44930921006373
77,2022-01-31,3,1,0,68.83443499833183
77,2022-02-28,0,3,1,89.02241590205475
77,2022-03-31,1,3,0,75.32584124283224
77,2022-04-30,2,2,0,76.0023191335878
77,2022-05-31,1,2,0,70.05340656726783
77,2022-06-30,1,3,1,80.70730538594482
77,2022-07-31,1,4,0,66.329823297698
77,2022-08-31,2,3,0,88.99827595723649
77,2022-09-30,2,3,0,87.00951915320526
77,2022-10-31,4,4,0,73.33972088742769
77,2022-11-30,2,2,0,80.22440939311936
77,2022-12-31,2,3,0,87.2933330671672
77,2023-01-31,2,4,1,78.60274585049012
77,2023-02-28,0,4,0,61.89436069668905
77,2023-03-31,2,3,0,89.81957460619901
77,2023-04-30,1,1,0,86.09204037741199
77,2023-05-31,3,2,0,92.78414942311251
77,2023-06-30,3,2,0,71.94882999648628
77,2023-07-31,1,4,0,72.48531252289665
77,2023-08-31,3,4,0,89.06065780389912
77,2023-09-30,1,3,0,62.8499974500149
77,2023-10-31,7,1,0,77.14205063054038
77,2023-11-30,0,4,0,87.8452375921405
77,2023-12-31,1,1,0,85.5933991410352
78,2019-01-31,3,4,1,89.937705266254
78,2019-02-28,1,4,0,69.03330623450807
78,2019-03-31,5,1,0,62.03880653380782
78,2019-04-30,1,3,1,84.28717407513209
78,2019-05-31,3,4,0,70.18731454896482
78,2019-06-30,2,1,1,83.77243613500545
78,2019-07-31,1,3,0,61.31540530249535
78,2019-08-31,1,1,0,76.37095852451563
78,2019-09-30,2,2,0,80.26915014514088
78,2019-10-31,2,2,0,92.81498678173712
78,2019-11-30,1,3,0,64.78004105589416
78,2019-12-31,4,3,0,87.67504048032981
78,2020-01-31,0,3,0,60.162925897955944
78,2020-02-29,3,3,1,68.78152164439949
78,2020-03-31,1,2,0,88.3245489888748
78,2020-04-30,0,1,1,78.89583651425191
78,2020-05-31,2,1,0,90.00471008054038
78,2020-06-30,4,4,0,63.167437689321815
78,2020-07-31,1,1,1,74.40173051599817
78,2020-08-31,5,4,0,90.8392991684723
78,2020-09-30,2,2,0,77.37947527532067
78,2020-10-31,1,1,0,87.42614548061015
78,2020-11-30,2,2,0,90.36882383846088
78,2020-12-31,1,2,1,65.3084087675077
78,2021-01-31,5,3,1,91.17786582066424
78,2021-02-28,3,2,1,91.09767414012407
78,2021-03-31,1,2,0,88.45076105322619
78,2021-04-30,2,2,1,91.96546900595133
78,2021-05-31,1,2,0,76.10691676786682
78,2021-06-30,4,2,0,94.4122692381377
78,2021-07-31,4,4,1,86.22264719229456
78,2021-08-31,1,4,0,76.79003705769802
78,2021-09-30,4,3,0,77.52165444998434
78,2021-10-31,3,1,0,86.98763763245296
78,2021-11-30,3,3,1,67.41990494387426
78,2021-12-31,1,3,0,82.33466716878654
78,2022-01-31,2,3,0,91.6425669546812
78,2022-02-28,1,3,0,86.03518092095881
78,2022-03-31,3,2,0,86.83077768464297
78,2022-04-30,1,1,0,93.21397603833995
78,2022-05-31,4,2,0,67.67959900585521
78,2022-06-30,2,3,0,83.66664203488403
78,2022-07-31,0,3,0,88.15401072329104
78,2022-08-31,4,3,0,73.29438064745857
78,2022-09-30,3,3,0,66.62688825668528
78,2022-10-31,2,1,1,69.84379509321099
78,2022-11-30,0,3,0,84.56176868802682
78,2022-12-31,2,2,0,84.84630047266697
78,2023-01-31,1,1,0,72.01647749607694
78,2023-02-28,1,2,0,92.47591497039252
78,2023-03-31,2,3,0,69.63754455654754
78,2023-04-30,2,1,1,65.331174188205
78,2023-05-31,1,1,1,70.34993320999492
78,2023-06-30,1,2,0,66.02362101879581
78,2023-07-31,2,3,0,85.36132669547705
78,2023-08-31,3,2,0,61.97730441494687
78,2023-09-30,3,2,0,81.42637770779064
78,2023-10-31,5,2,0,94.98585995275353
78,2023-11-30,3,2,0,80.08778445633743
78,2023-12-31,3,4,0,80.78451129524596
79,2019-01-31,0,3,1,87.42207527352886
79,2019-02-28,0,2,1,90.06620424056706
79,2019-03-31,1,1,0,73.22010649113227
79,2019-04-30,1,4,1,65.30301789623125
79,2019-05-31,1,2,1,93.74405047226753
79,2019-06-30,3,3,1,74.18575602549433
79,2019-07-31,3,1,0,70.83738317381943
79,2019-08-31,2,4,1,85.4998249158405
79,2019-09-30,2,1,0,88.8996169349604
79,2019-10-31,1,1,1,86.698813155589
79,2019-11-30,3,3,0,73.21721856079297
79,2019-12-31,2,1,0,79.66475614239995
79,2020-01-31,4,1,1,94.09064500406862
79,2020-02-29,2,4,0,61.11741410984624
79,2020-03-31,2,3,0,68.21681642271456
79,2020-04-30,1,2,0,80.8147668597901
79,2020-05-31,4,2,0,86.25192101781502
79,2020-06-30,6,4,0,90.64466534768758
79,2020-07-31,1,2,0,69.97443680211454
79,2020-08-31,3,1,0,81.24624278134729
79,2020-09-30,2,1,0,77.5336211378918
79,2020-10-31,1,1,0,81.90428549765588
79,2020-11-30,7,4,0,75.62284909973974
79,2020-12-31,1,4,0,62.75308471380995
79,2021-01-31,3,4,0,70.9561978240507
79,2021-02-28,1,1,0,86.10196300504798
79,2021-03-31,1,1,1,61.03769466321966
79,2021-04-30,2,2,0,67.23733198091159
79,2021-05-31,2,2,0,83.99068228880469
79,2021-06-30,0,4,0,78.40547915527273
79,2021-07-31,1,1,0,79.6577630489815
79,2021-08-31,2,2,0,66.69402303437755
79,2021-09-30,1,1,0,73.22993259717116
79,2021-10-31,1,1,0,66.4585544053965
79,2021-11-30,1,2,0,72.42360593656959
79,2021-12-31,2,3,0,61.59618895408331
79,2022-01-31,1,1,0,89.74084656344712
79,2022-02-28,1,4,0,70.90949490697139
79,2022-03-31,3,4,1,86.63396780440812
79,2022-04-30,1,4,0,93.77588754570219
79,2022-05-31,3,2,0,94.59622527522521
79,2022-06-30,6,2,0,72.58150743653547
79,2022-07-31,3,3,0,83.75209957346325
79,2022-08-31,0,3,1,60.05400891836193
79,2022-09-30,3,2,0,89.12047580327933
79,2022-10-31,3,2,0,69.8296126590646
79,2022-11-30,1,2,0,85.25379053684185
79,2022-12-31,4,1,0,88.42948184970206
79,2023-01-31,2,3,0,65.44091968144505
79,2023-02-28,3,3,0,67.05221384535899
79,2023-03-31,1,3,0,61.03096880621278
79,2023-04-30,3,2,0,88.07393886647895
79,2023-05-31,1,1,1,92.02233578956353
79,2023-06-30,3,2,0,94.24948354483158
79,2023-07-31,3,1,1,76.91118268685932
79,2023-08-31,6,1,1,69.96067751270617
79,2023-09-30,1,2,0,87.67065602276801
79,2023-10-31,2,2,0,77.44963222672567
79,2023-11-30,0,2,0,69.29208177769823
79,2023-12-31,3,4,0,64.40959393183198
80,2019-01-31,1,1,0,80.38552744531222
80,2019-02-28,4,1,0,65.6158627983108
80,2019-03-31,2,4,0,68.79179113871145
80,2019-04-30,0,1,0,76.68226855446301
80,2019-05-31,2,4,1,78.87216303210378
80,2019-06-30,3,3,0,71.33423030457843
80,2019-07-31,1,2,0,83.05209153134209
80,2019-08-31,3,2,1,64.9749786701251
80,2019-09-30,2,4,0,74.3696500074009
80,2019-10-31,2,2,0,89.31701783083692
80,2019-11-30,1,1,0,66.7074594615963
80,2019-12-31,2,4,0,77.92113221310778
80,2020-01-31,1,4,0,74.75553758780569
80,2020-02-29,2,3,0,67.80552356177165
80,2020-03-31,1,1,0,93.15504362200728
80,2020-04-30,1,3,0,80.89475517842442
80,2020-05-31,1,2,0,80.8698617911803
80,2020-06-30,7,1,0,61.688674098206
80,2020-07-31,4,2,0,71.73554183569964
80,2020-08-31,1,4,0,66.13442249844925
80,2020-09-30,2,1,1,73.8206690770233
80,2020-10-31,1,2,0,88.61242282162348
80,2020-11-30,1,4,0,68.37058011435327
80,2020-12-31,1,4,0,78.76616660875015
80,2021-01-31,1,4,1,78.79826588224162
80,2021-02-28,2,1,0,89.3988099859043
80,2021-03-31,2,3,0,81.68153170758566
80,2021-04-30,1,2,0,67.81044682522175
80,2021-05-31,1,2,1,81.74824305711017
80,2021-06-30,3,2,0,64.97336221777996
80,2021-07-31,3,1,0,87.92827458159141
80,2021-08-31,2,4,0,84.50428973707892
80,2021-09-30,3,3,0,75.70926921101466
80,2021-10-31,0,2,0,87.31959294542048
80,2021-11-30,2,4,0,76.52087416317906
80,2021-12-31,2,4,0,69.74966924074506
80,2022-01-31,3,3,0,88.32957493672865
80,2022-02-28,2,3,0,80.76125122474322
80,2022-03-31,4,4,0,87.79533660179013
80,2022-04-30,3,1,1,71.09261114048451
80,2022-05-31,5,3,0,78.15691503626617
80,2022-06-30,3,1,0,68.28115226965284
80,2022-07-31,2,3,0,82.73697164595661
80,2022-08-31,4,4,0,92.43702005493253
80,2022-09-30,0,4,1,85.00374120161605
80,2022-10-31,0,3,0,64.55684626374187
80,2022-11-30,3,1,0,65.02859057506555
80,2022-12-31,2,1,0,67.18951029270038
80,2023-01-31,3,2,0,78.04359256931357
80,2023-02-28,3,1,0,78.40999097348595
80,2023-03-31,0,3,0,81.1114693767143
80,2023-04-30,1,1,0,88.30613799779383
80,2023-05-31,1,1,0,75.8640265268323
80,2023-06-30,3,4,0,85.96584212305905
80,2023-07-31,3,1,0,77.40924100316083
80,2023-08-31,3,1,0,67.76186143172548
80,2023-09-30,1,3,0,81.25532980540919
80,2023-10-31,5,1,0,70.4334748598811
80,2023-11-30,3,1,0,77.75115893276302
80,2023-12-31,5,4,1,63.15281502085798
81,2019-01-31,1,3,0,87.82826400022438
81,2019-02-28,3,1,0,68.47620975049003
81,2019-03-31,2,2,0,66.00764792144768
81,2019-04-30,1,1,0,71.74316499087533
81,2019-05-31,3,2,0,88.92397641274444
81,2019-06-30,2,4,0,68.1451863340985
81,2019-07-31,3,2,0,66.12208725974757
81,2019-08-31,1,2,0,82.96889141972696
81,2019-09-30,2,3,0,78.57417636788367
81,2019-10-31,1,4,0,73.44755279002449
81,2019-11-30,2,3,0,79.94445626515372
81,2019-12-31,1,1,0,60.50990363221093
81,2020-01-31,4,4,0,81.26421904266934
81,2020-02-29,1,3,1,92.92422397676538
81,2020-03-31,2,4,1,67.89204234309389
81,2020-04-30,0,2,0,82.00245437900656
81,2020-05-31,1,1,1,84.18618259898993
81,2020-06-30,1,4,0,80.51830079929181
81,2020-07-31,2,3,0,82.36902274154572
81,2020-08-31,3,2,0,86.48179483476852
81,2020-09-30,4,4,0,71.4285702375555
81,2020-10-31,7,3,0,68.41703557183133
81,2020-11-30,2,1,0,62.77873810885031
81,2020-12-31,3,2,0,93.49918181065357
81,2021-01-31,2,1,1,74.3874444317616
81,2021-02-28,2,4,0,64.393988087575
81,2021-03-31,4,2,0,90.12745368454446
81,2021-04-30,0,2,0,89.189751302733
81,2021-05-31,2,1,0,74.40924058890367
81,2021-06-30,6,2,0,73.97681447424512
81,2021-07-31,2,3,0,82.80539800176021
81,2021-08-31,3,4,0,72.87496497466496
81,2021-09-30,1,3,0,73.11862418276452
81,2021-10-31,1,4,0,93.38894943927275
81,2021-11-30,2,2,0,69.66205293514678
81,2021-12-31,4,1,0,89.93233021208685
81,2022-01-31,1,2,0,64.76005550590975
81,2022-02-28,0,4,0,61.21049864136925
81,2022-03-31,0,4,0,86.58427973217069
81,2022-04-30,2,3,0,83.2328854931603
81,2022-05-31,3,4,0,77.82608697294256
81,2022-06-30,2,1,0,94.95973823924149
81,2022-07-31,1,2,0,87.52309748804718
81,2022-08-31,0,4,0,88.32780241110831
81,2022-09-30,1,1,0,89.77761582288939
81,2022-10-31,0,4,0,69.21435112566937
81,2022-11-30,2,3,1,79.5329727319972
81,2022-12-31,4,3,1,75.81989410215556
81,2023-01-31,5,2,0,94.79056791103669
81,2023-02-28,2,4,0,78.78881345215976
81,2023-03-31,2,3,0,75.59173521710935
81,2023-04-30,2,4,1,71.24624776507684
81,2023-05-31,4,4,1,82.81468584611993
81,2023-06-30,2,4,0,71.65372835316131
81,2023-07-31,2,3,0,93.11512140814614
81,2023-08-31,2,3,0,71.38418464242207
81,2023-09-30,1,2,0,76.82451904414887
81,2023-10-31,1,3,0,62.850315641592346
81,2023-11-30,1,2,0,69.3863381652777
81,2023-12-31,1,4,0,86.93235358695308
82,2019-01-31,3,1,0,75.74596880239935
82,2019-02-28,3,4,0,79.17279917803384
82,2019-03-31,3,4,0,65.09065955175747
82,2019-04-30,5,1,0,86.9023267781328
82,2019-05-31,1,4,0,79.56860083068634
82,2019-06-30,2,4,0,82.16445902555793
82,2019-07-31,3,4,0,72.473447331571
82,2019-08-31,2,4,0,69.6373697357423
82,2019-09-30,5,2,0,71.3429131830445
82,2019-10-31,1,4,1,69.88075501414153
82,2019-11-30,0,4,0,82.46952497354727
82,2019-12-31,1,3,0,86.2881563019617
82,2020-01-31,0,1,0,84.72732279185811
82,2020-02-29,4,3,1,75.93358903301922
82,2020-03-31,0,2,1,90.60192441831845
82,2020-04-30,1,3,0,81.42412752247593
82,2020-05-31,1,2,0,90.47922740400313
82,2020-06-30,3,1,0,87.42938688644992
82,2020-07-31,2,3,0,65.13836761678854
82,2020-08-31,1,3,0,81.86987072258125
82,2020-09-30,0,1,0,67.11258074896506
82,2020-10-31,4,4,0,75.22956438447605
82,2020-11-30,1,1,1,62.75352736739931
82,2020-12-31,2,4,1,87.33564939180766
82,2021-01-31,3,3,0,64.5766094610726
82,2021-02-28,2,4,0,94.75670784393624
82,2021-03-31,2,1,0,85.975129279824
82,2021-04-30,3,2,0,81.09915140800959
82,2021-05-31,3,4,0,91.1699156685498
82,2021-06-30,1,1,0,64.55257201971858
82,2021-07-31,5,4,0,83.21534686656727
82,2021-08-31,2,2,1,78.51013046404762
82,2021-09-30,3,3,0,62.276966941949105
82,2021-10-31,1,1,0,84.31857502466029
82,2021-11-30,1,3,0,65.06433280268136
82,2021-12-31,3,2,0,62.49166690125432
82,2022-01-31,2,3,0,62.22651753977305
82,2022-02-28,5,2,1,73.82192385807325
82,2022-03-31,2,2,0,80.14286903806511
82,2022-04-30,3,3,0,74.58527899919697
82,2022-05-31,2,3,0,75.55198017447381
82,2022-06-30,2,1,0,75.27205857896004
82,2022-07-31,1,2,0,71.69444674473377
82,2022-08-31,4,1,0,92.11814596165729
82,2022-09-30,2,2,0,71.94220178830119
82,2022-10-31,1,1,0,64.15016912363943
82,2022-11-30,5,4,1,73.8557977392772
82,2022-12-31,3,4,0,71.11651283048707
82,2023-01-31,2,2,0,72.09734293207687
82,2023-02-28,1,4,0,88.84271624893489
82,2023-03-31,2,1,1,65.86936624047652
82,2023-04-30,2,1,0,92.95302772124575
82,2023-05-31,2,2,0,77.69013881723897
82,2023-06-30,2,2,0,62.114938885621704
82,2023-07-31,4,2,1,85.41971017988881
82,2023-08-31,1,3,0,76.84559623207761
82,2023-09-30,0,4,1,90.30143681322375
82,2023-10-31,2,1,0,66.99092164791941
82,2023-11-30,1,3,0,80.47978038650533
82,2023-12-31,1,2,1,74.63897156554307
83,2019-01-31,2,3,0,85.40344142912463
83,2019-02-28,1,2,1,61.11016908762276
83,2019-03-31,1,3,0,89.11424308047611
83,2019-04-30,1,3,1,61.60921392421949
83,2019-05-31,2,3,0,81.36506233712853
83,2019-06-30,1,3,0,90.89374968283698
83,2019-07-31,3,3,0,84.92077160500224
83,2019-08-31,4,3,0,93.8592921802356
83,2019-09-30,1,2,0,61.80725412774132
83,2019-10-31,2,3,1,73.77963032848106
83,2019-11-30,1,3,1,82.42378783378388
83,2019-12-31,4,2,0,85.54776437071519
83,2020-01-31,3,2,0,71.7741235386176
83,2020-02-29,2,2,0,76.91508549761446
83,2020-03-31,2,4,0,88.64349571066441
83,2020-04-30,3,3,0,62.00501994406938
83,2020-05-31,0,2,1,84.3775494729579
83,2020-06-30,2,4,0,70.27155843005
83,2020-07-31,3,3,0,66.47848166902494
83,2020-08-31,1,4,0,91.39800144430764
83,2020-09-30,0,1,0,79.07923759056432
83,2020-10-31,1,1,0,79.77658293856501
83,2020-11-30,4,4,0,73.948109457781
83,2020-12-31,4,3,0,82.80765207067802
83,2021-01-31,1,3,0,82.04948105726038
83,2021-02-28,1,1,0,76.81846360297153
83,2021-03-31,1,4,1,72.06680057680087
83,2021-04-30,2,3,0,93.89046294374225
83,2021-05-31,1,3,0,89.41821269682518
83,2021-06-30,3,2,0,68.42463110270143
83,2021-07-31,4,2,1,77.34250763743557
83,2021-08-31,0,3,0,88.32676431961812
83,2021-09-30,1,2,0,85.11459589499998
83,2021-10-31,2,1,0,91.05087345399252
83,2021-11-30,1,2,0,84.05970890013221
83,2021-12-31,3,4,0,85.38627636872356
83,2022-01-31,0,2,0,92.14652165607686
83,2022-02-28,0,1,0,82.60421987340206
83,2022-03-31,2,4,0,68.94659054511118
83,2022-04-30,0,3,1,80.02886842502177
83,2022-05-31,1,3,0,61.415973294817306
83,2022-06-30,1,1,0,79.18004809379681
83,2022-07-31,2,4,0,90.21593914567521
83,2022-08-31,1,4,0,87.76273405207122
83,2022-09-30,2,3,0,80.33459390668972
83,2022-10-31,4,3,0,61.98705121034378
83,2022-11-30,1,2,0,79.16010696622726
83,2022-12-31,5,2,0,80.67036298103999
83,2023-01-31,1,1,0,92.0609771645835
83,2023-02-28,1,1,1,67.05934967821685
83,2023-03-31,2,3,0,88.29043649579131
83,2023-04-30,4,4,0,62.503103318577566
83,2023-05-31,3,4,0,65.99077147135809
83,2023-06-30,2,4,0,84.66314784585842
83,2023-07-31,4,2,0,77.94922227850478
83,2023-08-31,4,4,0,94.09126884962868
83,2023-09-30,3,2,0,84.19202421095258
83,2023-10-31,0,3,0,60.91084668650298
83,2023-11-30,4,4,0,66.13443426514091
83,2023-12-31,1,2,1,67.40417458553769
84,2019-01-31,2,3,0,72.96890596534935
84,2019-02-28,2,1,1,66.607298587747
84,2019-03-31,2,4,0,79.37150727811982
84,2019-04-30,2,3,1,85.48537648095913
84,2019-05-31,1,1,0,94.8482234398257
84,2019-06-30,6,4,0,90.03505553644219
84,2019-07-31,3,3,0,80.85398436710537
84,2019-08-31,0,4,0,91.90574276670155
84,2019-09-30,2,2,0,83.98728214507841
84,2019-10-31,1,2,1,62.29558028319651
84,2019-11-30,1,2,0,92.67870080273406
84,2019-12-31,2,4,0,83.1999024705799
84,2020-01-31,1,4,0,71.4112486924774
84,2020-02-29,2,2,0,93.99909057904696
84,2020-03-31,2,2,0,79.05935086695045
84,2020-04-30,1,3,0,76.83749318520181
84,2020-05-31,1,1,0,81.84853219401231
84,2020-06-30,2,2,1,84.44154355739795
84,2020-07-31,1,2,0,83.7190738161074
84,2020-08-31,2,2,0,82.84193441785396
84,2020-09-30,0,3,0,79.12706217814305
84,2020-10-31,1,1,0,89.33715864526508
84,2020-11-30,4,1,0,84.01718214040393
84,2020-12-31,3,2,0,92.26137024317957
84,2021-01-31,2,2,0,94.61898950813534
84,2021-02-28,1,3,1,80.57183325524818
84,2021-03-31,2,1,0,79.17398321323077
84,2021-04-30,4,3,0,80.69218882943917
84,2021-05-31,4,2,0,68.46251012749934
84,2021-06-30,1,3,0,83.51564545496069
84,2021-07-31,0,3,0,80.28431217040722
84,2021-08-31,2,4,0,62.57736720618445
84,2021-09-30,0,3,0,73.49015895642479
84,2021-10-31,0,4,0,76.47812777790946
84,2021-11-30,2,1,0,94.39242623959865
84,2021-12-31,2,4,0,80.35377561957553
84,2022-01-31,3,3,0,85.76743566066554
84,2022-02-28,2,4,1,73.65296218258541
84,2022-03-31,2,3,0,92.68216994538395
84,2022-04-30,4,2,0,89.99465089068687
84,2022-05-31,1,4,0,60.78821805999511
84,2022-06-30,2,3,0,75.61384318113849
84,2022-07-31,2,1,0,64.19466799610785
84,2022-08-31,3,1,0,84.43776998695314
84,2022-09-30,2,1,1,74.96789799992133
84,2022-10-31,2,3,1,75.02329518443648
84,2022-11-30,2,4,0,60.76688416263112
84,2022-12-31,4,2,0,65.12250139426945
84,2023-01-31,2,3,0,65.19381004103963
84,2023-02-28,2,3,0,90.08604778991405
84,2023-03-31,1,1,0,81.70822538491323
84,2023-04-30,0,3,0,80.90306537974021
84,2023-05-31,3,4,1,92.5559915417399
84,2023-06-30,2,3,0,88.69719990232899
84,2023-07-31,1,3,0,84.51230178924762
84,2023-08-31,1,4,1,80.66961254193852
84,2023-09-30,2,1,0,66.40274733713666
84,2023-10-31,2,3,1,67.53798029198381
84,2023-11-30,4,1,0,65.75479031060482
84,2023-12-31,0,4,0,65.6068972781112
85,2019-01-31,3,3,0,85.39511827681018
85,2019-02-28,1,2,0,78.70998499134441
85,2019-03-31,0,3,0,60.823350330977874
85,2019-04-30,3,1,0,72.52848932462753
85,2019-05-31,3,1,0,92.64687985128043
85,2019-06-30,2,2,0,71.36469468699747
85,2019-07-31,3,4,0,70.45878918927693
85,2019-08-31,2,3,0,74.01732186332244
85,2019-09-30,1,2,0,76.07593068994551
85,2019-10-31,4,2,1,60.15376730809982
85,2019-11-30,3,1,1,84.70391337604552
85,2019-12-31,3,3,1,65.15636137936299
85,2020-01-31,3,4,0,86.88747548470887
85,2020-02-29,2,4,0,82.60829959574026
85,2020-03-31,4,4,0,92.1667299941663
85,2020-04-30,0,1,0,65.70501173080831
85,2020-05-31,2,1,0,64.67984715548224
85,2020-06-30,6,3,0,68.94648716699251
85,2020-07-31,0,4,0,93.94312115705655
85,2020-08-31,0,2,0,91.73602660118917
85,2020-09-30,2,3,0,83.17580019216379
85,2020-10-31,3,2,0,74.74566537683079
85,2020-11-30,2,3,0,89.50734046943927
85,2020-12-31,1,1,1,71.28587205034489
85,2021-01-31,1,3,1,80.20128913408796
85,2021-02-28,2,3,0,73.35025063543478
85,2021-03-31,4,2,0,65.2250712569764
85,2021-04-30,3,3,0,91.99498424158533
85,2021-05-31,2,3,0,93.90859067862044
85,2021-06-30,2,4,0,74.03859269227809
85,2021-07-31,2,4,0,88.59249595214708
85,2021-08-31,1,1,0,64.07679845360627
85,2021-09-30,2,3,0,76.15581696778958
85,2021-10-31,0,3,0,94.01514769781328
85,2021-11-30,2,3,0,76.89893065548713
85,2021-12-31,4,3,0,94.37111757555496
85,2022-01-31,1,4,1,86.15039250905942
85,2022-02-28,2,3,0,69.56942172282014
85,2022-03-31,2,3,0,77.89264257380896
85,2022-04-30,2,4,1,71.95702614666659
85,2022-05-31,3,4,0,80.70212191287987
85,2022-06-30,2,4,0,92.21899287682584
85,2022-07-31,6,1,0,91.35754643236197
85,2022-08-31,1,4,0,72.27166519598131
85,2022-09-30,1,4,0,78.8459850791105
85,2022-10-31,2,1,1,87.15611689270047
85,2022-11-30,0,1,0,87.2119725551008
85,2022-12-31,3,3,0,83.74791207836168
85,2023-01-31,1,1,0,89.93810357588377
85,2023-02-28,3,3,0,76.60575014384602
85,2023-03-31,0,4,0,60.539147616188494
85,2023-04-30,2,3,0,92.12990164500778
85,2023-05-31,1,2,0,66.69302337358764
85,2023-06-30,1,4,0,63.8872905578368
85,2023-07-31,1,3,0,69.02876883990992
85,2023-08-31,4,2,1,77.56880786518532
85,2023-09-30,2,1,0,88.92936239902417
85,2023-10-31,1,3,0,83.26819478784162
85,2023-11-30,1,2,0,68.61689865921866
85,2023-12-31,2,2,1,91.50040590311056
86,2019-01-31,5,1,0,76.18420829850623
86,2019-02-28,0,4,1,83.80797090110167
86,2019-03-31,2,3,0,81.20739976553787
86,2019-04-30,1,2,0,82.7426416892327
86,2019-05-31,6,1,0,60.16354633095547
86,2019-06-30,2,3,0,93.44840503869793
86,2019-07-31,5,3,1,84.3912210103853
86,2019-08-31,1,3,0,62.892127245183055
86,2019-09-30,4,1,0,76.39515914838282
86,2019-10-31,3,4,1,72.93178327186658
86,2019-11-30,3,3,1,84.89314101899296
86,2019-12-31,1,2,0,66.1180817375704
86,2020-01-31,3,2,1,86.5215032096681
86,2020-02-29,3,3,0,88.32730289355189
86,2020-03-31,2,3,0,76.27049540802835
86,2020-04-30,3,3,0,81.4012113739093
86,2020-05-31,1,4,0,86.76024565955203
86,2020-06-30,2,1,0,67.2327721194423
86,2020-07-31,2,1,0,76.31544220225942
86,2020-08-31,3,1,0,61.66814707946742
86,2020-09-30,3,2,0,80.2573863595334
86,2020-10-31,3,1,1,72.37629678140466
86,2020-11-30,2,3,1,81.84749926650798
86,2020-12-31,6,2,0,75.37403836575642
86,2021-01-31,3,2,0,82.09451097499391
86,2021-02-28,2,3,0,70.04298970638001
86,2021-03-31,2,3,0,89.75560723510495
86,2021-04-30,2,2,0,62.56765110469731
86,2021-05-31,3,4,1,90.07629494334944
86,2021-06-30,1,3,0,70.88006926484697
86,2021-07-31,2,4,0,80.83198653548504
86,2021-08-31,0,4,0,63.6776944549776
86,2021-09-30,4,3,0,89.61117977298726
86,2021-10-31,4,1,0,84.29386851266777
86,2021-11-30,2,4,0,68.30366223339654
86,2021-12-31,2,2,0,66.15417950924103
86,2022-01-31,4,2,1,88.01526466853618
86,2022-02-28,5,2,0,85.8494081074358
86,2022-03-31,1,2,0,85.66275054245187
86,2022-04-30,1,3,0,77.79686089969839
86,2022-05-31,1,4,0,62.628388323571706
86,2022-06-30,1,2,0,61.3099534598764
86,2022-07-31,3,4,1,63.99684646531582
86,2022-08-31,2,4,0,82.4583051652001
86,2022-09-30,4,1,0,77.41475671141934
86,2022-10-31,2,1,1,65.12851446385272
86,2022-11-30,3,4,1,87.8422728709036
86,2022-12-31,2,1,0,63.06294051577737
86,2023-01-31,2,2,0,88.24777024043817
86,2023-02-28,3,3,1,79.78096554290336
86,2023-03-31,1,3,0,66.00851997207688
86,2023-04-30,2,3,0,93.87398787675866
86,2023-05-31,4,3,0,79.97925744398786
86,2023-06-30,0,2,0,67.39713942663238
86,2023-07-31,1,4,0,93.84328744599225
86,2023-08-31,2,4,0,62.09522181793206
86,2023-09-30,5,2,0,66.06147808162484
86,2023-10-31,5,4,0,90.24019099044125
86,2023-11-30,2,4,0,65.33598816043389
86,2023-12-31,1,3,1,78.02319733380197
87,2019-01-31,1,1,0,94.18201795867577
87,2019-02-28,4,2,0,71.61589820997882
87,2019-03-31,2,4,0,60.07897028322397
87,2019-04-30,0,3,0,70.39724672574167
87,2019-05-31,1,3,0,60.57721669310527
87,2019-06-30,5,4,0,67.49190053880179
87,2019-07-31,2,2,0,78.3721726523439
87,2019-08-31,2,1,0,61.9683245219419
87,2019-09-30,0,3,0,87.65267604524931
87,2019-10-31,3,3,0,85.28319313269776
87,2019-11-30,1,3,0,84.59896478579472
87,2019-12-31,3,1,0,78.0529915001098
87,2020-01-31,1,2,1,73.42807139634795
87,2020-02-29,2,2,0,67.67020723179412
87,2020-03-31,1,3,0,78.57861251134261
87,2020-04-30,4,4,1,61.20206169500711
87,2020-05-31,3,4,0,62.51357639755751
87,2020-06-30,2,3,0,81.76861025874236
87,2020-07-31,0,1,0,86.55815804241142
87,2020-08-31,1,3,0,67.04765947969523
87,2020-09-30,2,1,0,60.29143569665402
87,2020-10-31,1,1,0,84.79275927923504
87,2020-11-30,0,1,0,73.76057645791987
87,2020-12-31,2,3,0,69.53597002680849
87,2021-01-31,3,4,1,68.80835885154471
87,2021-02-28,4,4,1,92.17958217143159
87,2021-03-31,2,2,1,80.90316818328854
87,2021-04-30,2,4,0,88.7639027605428
87,2021-05-31,2,4,0,67.7594103543335
87,2021-06-30,2,3,0,88.77575273102593
87,2021-07-31,1,3,1,67.03325002831022
87,2021-08-31,2,1,0,62.15839107193558
87,2021-09-30,3,2,1,79.86375358770046
87,2021-10-31,1,4,0,60.72027873222065
87,2021-11-30,1,3,1,94.41477836125027
87,2021-12-31,0,1,0,68.10131164256356
87,2022-01-31,3,1,0,62.43862268659978
87,2022-02-28,2,3,0,83.96791514294189
87,2022-03-31,1,3,0,90.18509463740459
87,2022-04-30,2,4,0,92.47289928979032
87,2022-05-31,1,4,0,62.243120061292466
87,2022-06-30,1,4,1,86.1469113017856
87,2022-07-31,0,4,0,75.88185006508148
87,2022-08-31,4,3,0,91.2142871480986
87,2022-09-30,3,3,0,72.92958559215016
87,2022-10-31,5,1,1,68.45654560969335
87,2022-11-30,2,4,0,67.37356168741738
87,2022-12-31,2,2,0,79.18456095077136
87,2023-01-31,1,1,0,85.1569447470064
87,2023-02-28,2,3,0,61.51992875929272
87,2023-03-31,2,4,0,93.53485764152279
87,2023-04-30,1,3,0,84.15413994630326
87,2023-05-31,1,1,0,82.92600715985292
87,2023-06-30,0,1,0,90.00487180650691
87,2023-07-31,2,4,0,69.79943388644176
87,2023-08-31,3,3,0,94.6132900550312
87,2023-09-30,2,1,0,63.204027474163105
87,2023-10-31,0,4,0,64.19891804699792
87,2023-11-30,3,1,0,76.54741962186853
87,2023-12-31,1,2,0,64.1756316278207
88,2019-01-31,4,4,0,93.07770758919773
88,2019-02-28,2,1,0,68.65264292395976
88,2019-03-31,2,4,0,82.71147443740317
88,2019-04-30,1,3,0,68.72380232248817
88,2019-05-31,1,1,0,61.95585948965238
88,2019-06-30,1,3,0,78.5215362145429
88,2019-07-31,1,1,0,90.95529746158437
88,2019-08-31,3,3,0,83.16735602668206
88,2019-09-30,4,2,0,69.34463800926667
88,2019-10-31,1,1,0,78.27548338369395
88,2019-11-30,1,3,0,61.67489353704349
88,2019-12-31,3,1,0,72.75487306453519
88,2020-01-31,0,3,0,80.80405980686362
88,2020-02-29,3,2,0,73.92426084527028
88,2020-03-31,2,2,1,75.80554194662605
88,2020-04-30,4,2,0,83.61770552575419
88,2020-05-31,3,3,0,86.19727887066377
88,2020-06-30,3,1,0,68.87435765189157
88,2020-07-31,2,2,1,78.05807015550292
88,2020-08-31,3,4,0,92.71557655071372
88,2020-09-30,4,3,0,62.44384686347041
88,2020-10-31,2,3,0,84.69598598802312
88,2020-11-30,3,4,0,79.88975343278742
88,2020-12-31,3,4,0,66.17822381009394
88,2021-01-31,1,3,0,80.67124554998665
88,2021-02-28,2,2,0,62.879753933483265
88,2021-03-31,2,2,0,71.15191592653436
88,2021-04-30,1,3,0,60.158532204888665
88,2021-05-31,0,4,0,73.45080811744234
88,2021-06-30,0,1,0,87.29486315463639
88,2021-07-31,2,3,1,60.1799890282733
88,2021-08-31,1,2,0,72.04282003918716
88,2021-09-30,3,2,1,76.83630397459042
88,2021-10-31,1,2,1,87.74547841176285
88,2021-11-30,2,3,0,62.05541789104091
88,2021-12-31,1,1,0,90.04961964415573
88,2022-01-31,3,2,0,83.38349021801244
88,2022-02-28,2,4,0,74.38397803619127
88,2022-03-31,1,1,0,62.270022243181835
88,2022-04-30,1,4,0,64.40885715223435
88,2022-05-31,1,3,0,74.19326596216408
88,2022-06-30,2,1,0,88.27635284685
88,2022-07-31,2,3,0,78.70502876791394
88,2022-08-31,2,4,0,78.54279639035563
88,2022-09-30,1,1,1,65.12638171899366
88,2022-10-31,2,2,0,89.26786389000698
88,2022-11-30,4,4,1,73.80014117622427
88,2022-12-31,2,2,0,63.550927110714696
88,2023-01-31,4,4,0,90.34329996991059
88,2023-02-28,2,1,0,62.434164061421335
88,2023-03-31,5,3,0,75.6389811896399
88,2023-04-30,2,4,0,85.33692442529178
88,2023-05-31,4,1,0,65.94097206760621
88,2023-06-30,3,4,0,62.89772583789269
88,2023-07-31,2,4,0,88.03521067609756
88,2023-08-31,0,4,0,62.524070084048816
88,2023-09-30,2,2,1,80.04862324244172
88,2023-10-31,2,4,0,65.52184820672299
88,2023-11-30,1,2,1,67.85878930567641
88,2023-12-31,0,1,0,86.79612828307015
89,2019-01-31,2,4,0,77.1245138746948
89,2019-02-28,2,2,0,65.00898086158381
89,2019-03-31,1,3,0,80.56996577373101
89,2019-04-30,3,1,1,73.35228094474175
89,2019-05-31,2,2,0,89.44968290114257
89,2019-06-30,2,3,0,89.01010237508777
89,2019-07-31,2,3,0,67.3819147226961
89,2019-08-31,4,4,0,91.87542654475183
89,2019-09-30,1,1,0,88.29917780737863
89,2019-10-31,2,4,0,92.23003716178899
89,2019-11-30,1,3,0,71.27905527699981
89,2019-12-31,2,4,0,89.92250649707523
89,2020-01-31,1,2,0,74.36214451648095
89,2020-02-29,2,4,0,82.60046426424651
89,2020-03-31,1,2,0,82.4233700227608
89,2020-04-30,0,2,0,74.49349013108534
89,2020-05-31,1,1,0,65.14741172228871
89,2020-06-30,1,4,0,63.12817291312247
89,2020-07-31,1,3,0,64.93753754192865
89,2020-08-31,0,4,0,76.37483617214264
89,2020-09-30,2,1,0,83.90801759959055
89,2020-10-31,3,4,0,94.68684067855621
89,2020-11-30,1,1,0,69.69875242605852
89,2020-12-31,2,4,0,93.09310532365055
89,2021-01-31,1,1,0,88.1050562426139
89,2021-02-28,2,3,0,85.3141292258492
89,2021-03-31,1,3,0,71.9647415398844
89,2021-04-30,3,3,0,84.98240272649697
89,2021-05-31,3,4,0,66.85206335158074
89,2021-06-30,3,3,0,69.59073045989564
89,2021-07-31,1,4,0,87.68134509743564
89,2021-08-31,2,3,0,64.99399968400934
89,2021-09-30,2,3,0,77.14064981394107
89,2021-10-31,0,4,0,90.90308098042627
89,2021-11-30,2,2,0,60.42638318391174
89,2021-12-31,1,3,1,68.29563317712663
89,2022-01-31,0,1,0,88.03431984624314
89,2022-02-28,3,3,0,88.68123738075587
89,2022-03-31,10,1,0,83.61719698495546
89,2022-04-30,2,3,0,83.8875320037007
89,2022-05-31,0,1,1,91.6966610213429
89,2022-06-30,5,3,0,94.68166086358484
89,2022-07-31,1,4,0,78.29460888770092
89,2022-08-31,2,1,1,89.71703622814564
89,2022-09-30,1,1,1,91.3431295308319
89,2022-10-31,0,4,0,78.74164140662745
89,2022-11-30,2,1,0,76.68757995889703
89,2022-12-31,5,3,0,88.13242763785131
89,2023-01-31,3,2,1,88.87017317015523
89,2023-02-28,1,3,0,65.06736088835163
89,2023-03-31,5,4,0,68.61477226848382
89,2023-04-30,0,4,0,77.70637255916847
89,2023-05-31,4,2,0,62.217888653412004
89,2023-06-30,1,3,0,78.68137777487962
89,2023-07-31,6,2,0,88.3631483571847
89,2023-08-31,2,2,1,83.09141681773463
89,2023-09-30,0,2,0,94.01672307461382
89,2023-10-31,1,1,0,90.78592582226666
89,2023-11-30,2,3,1,72.78659835810538
89,2023-12-31,0,1,0,79.64599366108638
90,2019-01-31,0,2,0,81.81667195994073
90,2019-02-28,1,3,0,68.35485824250028
90,2019-03-31,1,1,1,84.54759681165864
90,2019-04-30,2,1,0,61.87849135727091
90,2019-05-31,1,4,0,85.26556039231338
90,2019-06-30,1,2,1,66.33535648762532
90,2019-07-31,0,2,1,90.70057051672401
90,2019-08-31,3,4,0,87.36327916748152
90,2019-09-30,1,1,0,65.07769985818865
90,2019-10-31,0,2,0,76.68863984160147
90,2019-11-30,0,3,1,71.21216921532628
90,2019-12-31,2,4,0,61.60424873042136
90,2020-01-31,4,1,0,65.06647370519788
90,2020-02-29,3,4,1,76.71386331780855
90,2020-03-31,0,3,1,79.99892309611708
90,2020-04-30,2,4,0,61.099537624178474
90,2020-05-31,1,1,0,60.71655170788928
90,2020-06-30,3,2,0,63.56070892137395
90,2020-07-31,2,2,1,79.67828773597762
90,2020-08-31,1,1,0,69.87121764635516
90,2020-09-30,0,1,0,79.92484071817161
90,2020-10-31,2,4,0,65.9105232911226
90,2020-11-30,5,1,0,80.34320904845667
90,2020-12-31,1,1,0,67.40095146193646
90,2021-01-31,0,3,0,71.28561003841718
90,2021-02-28,4,3,0,66.42747772296117
90,2021-03-31,2,2,0,68.44732066396699
90,2021-04-30,3,1,0,89.71395865562371
90,2021-05-31,2,3,1,63.74780937700909
90,2021-06-30,4,1,0,69.1970962371453
90,2021-07-31,2,1,0,82.74200576849437
90,2021-08-31,1,1,0,64.538188865513
90,2021-09-30,1,1,0,61.44585510862586
90,2021-10-31,0,3,0,66.27182868420655
90,2021-11-30,2,1,0,73.21239044195386
90,2021-12-31,3,3,0,68.08965597423801
90,2022-01-31,5,3,0,71.59812098890986
90,2022-02-28,1,2,1,60.715967421723164
90,2022-03-31,1,2,1,85.82633318617012
90,2022-04-30,2,3,0,80.8085041377965
90,2022-05-31,3,3,0,79.6454686446486
90,2022-06-30,6,2,0,79.00552864687009
90,2022-07-31,1,1,0,73.94969678222077
90,2022-08-31,4,3,1,69.21367321636274
90,2022-09-30,5,4,0,79.53580824017284
90,2022-10-31,2,2,0,88.83787999325227
90,2022-11-30,0,4,0,62.98496319718914
90,2022-12-31,3,4,0,68.90073742647265
90,2023-01-31,2,4,0,83.16660883461785
90,2023-02-28,0,2,0,82.0651862594827
90,2023-03-31,6,3,0,81.46452634431094
90,2023-04-30,2,4,0,69.13052430686798
90,2023-05-31,0,1,0,84.09050322454318
90,2023-06-30,7,1,1,93.67348206952565
90,2023-07-31,3,3,0,62.89182483781787
90,2023-08-31,1,3,0,74.91359527181214
90,2023-09-30,3,4,0,93.76404699981533
90,2023-10-31,1,2,1,68.83331934443584
90,2023-11-30,2,4,0,90.09181994040648
90,2023-12-31,4,3,0,89.50669383422257
91,2019-01-31,0,3,0,78.41168894800722
91,2019-02-28,3,1,1,89.51862182957859
91,2019-03-31,0,2,0,74.5918787186997
91,2019-04-30,1,3,0,75.97844397197701
91,2019-05-31,0,4,0,70.81072854395494
91,2019-06-30,3,2,0,65.94687959176788
91,2019-07-31,1,3,0,91.15021182294205
91,2019-08-31,2,2,0,66.42708672188317
91,2019-09-30,0,1,0,69.94424947789165
91,2019-10-31,4,1,1,83.73059687275054
91,2019-11-30,2,3,0,85.99680664438723
91,2019-12-31,4,4,0,62.318323854323154
91,2020-01-31,1,2,1,84.14225031203017
91,2020-02-29,1,1,0,90.05723824811024
91,2020-03-31,1,4,1,90.48108204341416
91,2020-04-30,4,3,0,67.41560981807727
91,2020-05-31,2,1,0,93.6897672626857
91,2020-06-30,1,3,0,75.55165788191556
91,2020-07-31,1,2,0,84.91892532066157
91,2020-08-31,3,1,0,65.48443563353074
91,2020-09-30,3,3,0,94.88201474515307
91,2020-10-31,1,4,0,79.70728533832359
91,2020-11-30,0,1,0,65.77846644251304
91,2020-12-31,7,4,0,77.68584468708454
91,2021-01-31,1,4,1,72.75593509554041
91,2021-02-28,0,3,1,70.78590651243286
91,2021-03-31,4,1,0,93.96340636230934
91,2021-04-30,0,1,0,87.23809340834873
91,2021-05-31,2,2,1,71.10252597721254
91,2021-06-30,5,2,0,88.90224698321691
91,2021-07-31,1,4,0,88.29272288251923
91,2021-08-31,2,3,0,76.09540396595132
91,2021-09-30,2,3,0,61.380213180812206
91,2021-10-31,2,2,0,87.6438200691573
91,2021-11-30,1,2,0,93.93227953764537
91,2021-12-31,1,2,0,87.05280432213533
91,2022-01-31,2,4,0,94.58579717571996
91,2022-02-28,0,1,0,76.08175000230418
91,2022-03-31,2,3,0,88.5773631654033
91,2022-04-30,2,3,0,83.22270821257918
91,2022-05-31,2,1,0,80.78610524380952
91,2022-06-30,6,1,0,68.8134797262963
91,2022-07-31,2,2,0,90.17036821469128
91,2022-08-31,1,3,0,65.24916890491276
91,2022-09-30,0,1,1,85.46276518711582
91,2022-10-31,3,2,0,76.43021246242161
91,2022-11-30,1,4,0,63.2135626493524
91,2022-12-31,1,3,0,85.70590925273785
91,2023-01-31,1,3,0,89.09616177276446
91,2023-02-28,1,4,0,84.54430392691022
91,2023-03-31,2,1,0,61.8092342605183
91,2023-04-30,2,1,0,66.50162013585397
91,2023-05-31,5,2,0,73.90522354601484
91,2023-06-30,3,2,0,87.06022329590643
91,2023-07-31,2,2,1,76.40368664364792
91,2023-08-31,0,1,0,75.83850004924757
91,2023-09-30,1,1,0,79.23152411235303
91,2023-10-31,2,1,0,78.26394653593255
91,2023-11-30,1,4,0,76.35844352832825
91,2023-12-31,2,2,0,89.56691586960551
92,2019-01-31,2,4,0,85.46625878684009
92,2019-02-28,1,4,0,67.39666165536036
92,2019-03-31,2,4,0,87.8882121532396
92,2019-04-30,1,3,0,93.18356132011127
92,2019-05-31,0,4,0,70.99216447236515
92,2019-06-30,2,3,1,80.93968499988941
92,2019-07-31,1,1,0,65.45262243269747
92,2019-08-31,2,2,0,72.54840696146529
92,2019-09-30,3,3,0,94.15306358139223
92,2019-10-31,2,2,0,77.59722073606838
92,2019-11-30,1,3,0,62.827285171309015
92,2019-12-31,2,4,0,74.30847591452434
92,2020-01-31,1,2,0,72.81943085618384
92,2020-02-29,3,1,0,88.32021620859602
92,2020-03-31,5,2,1,77.9574398228657
92,2020-04-30,2,3,0,93.4862469636059
92,2020-05-31,1,2,0,71.15504848172145
92,2020-06-30,0,3,0,80.93740100939374
92,2020-07-31,1,2,0,80.08360330891117
92,2020-08-31,0,3,0,89.94915306239942
92,2020-09-30,2,2,0,93.44413871930658
92,2020-10-31,1,3,0,65.41658762246198
92,2020-11-30,3,1,0,81.71919428091661
92,2020-12-31,3,2,0,77.26320514072609
92,2021-01-31,1,1,0,89.54251795918847
92,2021-02-28,0,3,1,69.71233626259482
92,2021-03-31,0,2,1,63.69921674038994
92,2021-04-30,2,1,0,80.68814282111765
92,2021-05-31,3,2,1,94.37790975669293
92,2021-06-30,2,2,0,93.07091111286982
92,2021-07-31,1,2,0,93.32165133661982
92,2021-08-31,0,4,0,69.98162124642565
92,2021-09-30,2,2,1,71.14842653258606
92,2021-10-31,0,4,0,78.107667785588
92,2021-11-30,3,1,0,84.70779530948941
92,2021-12-31,2,4,0,88.27197081712904
92,2022-01-31,4,1,0,86.94036711953773
92,2022-02-28,6,2,0,72.17414590985757
92,2022-03-31,1,1,1,63.23745913327527
92,2022-04-30,2,1,0,61.59767315881618
92,2022-05-31,3,2,0,92.65974667739059
92,2022-06-30,3,2,0,82.46689174022876
92,2022-07-31,4,1,1,60.42516028839802
92,2022-08-31,4,3,1,92.0031364167347
92,2022-09-30,2,1,0,65.94326789203093
92,2022-10-31,1,1,0,78.44752864293423
92,2022-11-30,1,2,0,68.72655070610801
92,2022-12-31,1,4,0,63.41197195825147
92,2023-01-31,3,3,0,69.86127356341925
92,2023-02-28,2,1,0,87.6927649633943
92,2023-03-31,2,4,1,73.27059596176134
92,2023-04-30,0,3,0,83.79322996379034
92,2023-05-31,1,4,0,78.48526677365287
92,2023-06-30,0,3,0,62.93067687335712
92,2023-07-31,1,1,1,88.03919587557189
92,2023-08-31,2,1,0,85.80387074897338
92,2023-09-30,2,4,0,78.1255502872667
92,2023-10-31,4,4,0,94.44759084050466
92,2023-11-30,1,1,0,83.83379401896633
92,2023-12-31,4,4,1,72.58208243577631
93,2019-01-31,1,1,0,63.39974950733068
93,2019-02-28,4,3,0,67.60071165271047
93,2019-03-31,3,3,0,85.51568619490004
93,2019-04-30,3,1,0,69.63427742345857
93,2019-05-31,4,3,0,83.33036032226153
93,2019-06-30,1,1,0,73.44017655598512
93,2019-07-31,1,3,0,79.43390366056965
93,2019-08-31,3,4,0,60.13575372514923
93,2019-09-30,1,2,0,61.12238048450614
93,2019-10-31,4,3,0,91.76240375634873
93,2019-11-30,1,1,0,70.83215955200242
93,2019-12-31,4,3,0,82.51517671972388
93,2020-01-31,5,3,0,88.92722305217927
93,2020-02-29,2,1,0,69.1421037766302
93,2020-03-31,0,1,0,87.0617635692114
93,2020-04-30,0,4,0,69.42188805117613
93,2020-05-31,2,4,0,67.59621652056178
93,2020-06-30,3,4,0,72.60632007879391
93,2020-07-31,3,3,0,86.82199490111188
93,2020-08-31,0,1,0,86.28258243255743
93,2020-09-30,3,4,0,65.09089564643028
93,2020-10-31,2,3,0,91.65898547242728
93,2020-11-30,4,3,1,85.84339716108136
93,2020-12-31,3,2,0,65.95451347509812
93,2021-01-31,2,2,0,72.15498557216858
93,2021-02-28,1,1,0,74.11561467948793
93,2021-03-31,1,3,0,87.44449477810909
93,2021-04-30,3,4,1,79.0211729615028
93,2021-05-31,0,1,0,82.07695040228253
93,2021-06-30,1,3,0,88.01225776878888
93,2021-07-31,2,3,0,62.588160788476884
93,2021-08-31,3,3,0,71.98503159634912
93,2021-09-30,1,3,0,80.82094363286214
93,2021-10-31,1,2,0,90.50207537356206
93,2021-11-30,2,3,0,84.48916396445807
93,2021-12-31,0,4,0,74.92474964058547
93,2022-01-31,2,3,0,85.24289507850865
93,2022-02-28,2,4,1,90.00268408300006
93,2022-03-31,4,1,0,76.67617852980464
93,2022-04-30,4,4,0,92.723660509471
93,2022-05-31,4,2,0,83.29044504321355
93,2022-06-30,3,3,0,61.940194861393984
93,2022-07-31,4,2,0,87.75115869313818
93,2022-08-31,2,2,0,65.0436139406207
93,2022-09-30,1,4,0,64.58702923608612
93,2022-10-31,1,3,0,74.57224689142619
93,2022-11-30,4,2,0,63.98463343929244
93,2022-12-31,2,3,0,68.61909353943888
93,2023-01-31,2,2,1,80.43971086537456
93,2023-02-28,1,4,1,71.15328719905095
93,2023-03-31,2,4,0,68.00359957821789
93,2023-04-30,0,3,1,65.14054793802721
93,2023-05-31,4,2,0,64.22830610351639
93,2023-06-30,3,4,0,62.70773619986822
93,2023-07-31,1,1,0,90.64200487793829
93,2023-08-31,3,2,0,69.07069167085577
93,2023-09-30,2,3,0,62.60719623247818
93,2023-10-31,1,1,0,79.34717542345328
93,2023-11-30,1,3,0,63.435443143562104
93,2023-12-31,2,4,0,88.09583737425527
94,2019-01-31,3,1,0,88.96993208581061
94,2019-02-28,2,4,1,93.93035431877941
94,2019-03-31,2,1,1,70.44132985182287
94,2019-04-30,2,4,0,76.19602838613035
94,2019-05-31,2,1,0,89.0002222390676
94,2019-06-30,3,4,0,88.69038965610301
94,2019-07-31,3,4,0,91.78073542448851
94,2019-08-31,3,3,1,89.17810196895867
94,2019-09-30,1,2,1,81.92223680547595
94,2019-10-31,5,4,1,65.51484110707617
94,2019-11-30,2,1,0,73.90692141712134
94,2019-12-31,3,1,0,91.09992041990964
94,2020-01-31,3,1,0,85.71102864806534
94,2020-02-29,0,1,0,72.71624270293083
94,2020-03-31,1,4,0,82.16345913607353
94,2020-04-30,0,4,0,67.02919644609965
94,2020-05-31,2,4,0,61.16808667255256
94,2020-06-30,0,2,0,88.53506579519589
94,2020-07-31,0,3,0,91.31244969169778
94,2020-08-31,1,2,0,88.98427133333966
94,2020-09-30,3,4,1,74.83188743034182
94,2020-10-31,1,1,0,62.89407494672878
94,2020-11-30,0,4,0,64.91341091504319
94,2020-12-31,2,4,0,63.52806469515019
94,2021-01-31,1,3,0,64.01446903382502
94,2021-02-28,4,4,0,72.76273279533473
94,2021-03-31,3,4,0,74.14991146095097
94,2021-04-30,3,3,0,76.64904147269631
94,2021-05-31,0,4,0,62.4250361812787
94,2021-06-30,2,2,0,72.70006291641708
94,2021-07-31,4,4,0,76.85759911767175
94,2021-08-31,1,2,0,86.0784502946149
94,2021-09-30,3,2,0,63.669887574425935
94,2021-10-31,0,3,1,90.55095114289207
94,2021-11-30,2,2,0,92.47450383429918
94,2021-12-31,3,1,1,62.48638661310205
94,2022-01-31,2,4,1,90.73172658688101
94,2022-02-28,0,4,0,73.24499383519549
94,2022-03-31,2,4,0,62.81031644307734
94,2022-04-30,2,1,1,84.68597814321863
94,2022-05-31,1,3,0,80.83225511429748
94,2022-06-30,4,4,0,81.96922925118167
94,2022-07-31,3,4,1,74.05133963549468
94,2022-08-31,1,3,1,89.7924495241227
94,2022-09-30,1,1,0,84.10520409179082
94,2022-10-31,1,3,0,81.7075429347566
94,2022-11-30,3,4,0,64.36903545247094
94,2022-12-31,4,1,0,85.39620206559917
94,2023-01-31,1,3,0,89.8683232515237
94,2023-02-28,4,2,0,80.24464077237735
94,2023-03-31,1,1,0,68.94587986811891
94,2023-04-30,1,4,0,83.24269958196405
94,2023-05-31,1,1,0,81.61796302407134
94,2023-06-30,2,4,0,62.09351816165506
94,2023-07-31,3,4,0,61.65128467021244
94,2023-08-31,1,2,0,86.59000857127405
94,2023-09-30,2,4,1,88.17047898218377
94,2023-10-31,2,3,1,62.36710487421185
94,2023-11-30,2,4,1,79.4006619322804
94,2023-12-31,1,4,1,90.60488360984318
95,2019-01-31,1,2,0,80.19757247759323
95,2019-02-28,1,1,0,60.89783679555131
95,2019-03-31,2,3,0,69.57641486739786
95,2019-04-30,3,3,0,63.664808056707244
95,2019-05-31,6,2,0,82.98712768560254
95,2019-06-30,0,3,0,65.27262975889796
95,2019-07-31,1,3,0,85.14887220298542
95,2019-08-31,2,2,0,66.78950331953897
95,2019-09-30,2,2,0,68.43835903355324
95,2019-10-31,3,4,0,74.93422522633595
95,2019-11-30,3,2,1,72.23269945709568
95,2019-12-31,3,2,0,84.70224930570734
95,2020-01-31,0,4,1,94.89417478453512
95,2020-02-29,4,2,0,84.63620056932565
95,2020-03-31,0,4,0,74.8977613817454
95,2020-04-30,2,2,0,73.00132455563966
95,2020-05-31,0,3,0,70.30796045144356
95,2020-06-30,0,4,0,60.66679907233028
95,2020-07-31,2,3,0,90.4710744857418
95,2020-08-31,2,4,0,76.36018127869
95,2020-09-30,1,4,0,88.13359368433977
95,2020-10-31,1,1,0,86.93381946550726
95,2020-11-30,1,1,0,66.7722951455967
95,2020-12-31,3,1,0,88.68113432297464
95,2021-01-31,2,1,0,62.819648799228574
95,2021-02-28,0,1,0,65.91442828545695
95,2021-03-31,0,1,0,89.55607325130373
95,2021-04-30,2,4,0,87.49018807474194
95,2021-05-31,0,3,1,94.71500264555516
95,2021-06-30,2,4,1,68.57653465627723
95,2021-07-31,2,4,0,68.5249805330768
95,2021-08-31,2,4,0,65.00477951236405
95,2021-09-30,3,4,1,88.20044769263232
95,2021-10-31,1,2,0,84.4305136690153
95,2021-11-30,1,4,0,78.95314190454965
95,2021-12-31,2,2,0,92.51795335988434
95,2022-01-31,0,4,0,81.53030338897068
95,2022-02-28,1,2,0,71.5707190030999
95,2022-03-31,2,3,0,74.11507611085389
95,2022-04-30,1,2,0,87.74608767190395
95,2022-05-31,4,4,0,86.53742672795534
95,2022-06-30,3,3,0,68.49219814127446
95,2022-07-31,5,2,1,60.341238084049834
95,2022-08-31,2,3,0,60.01678325022919
95,2022-09-30,1,4,0,79.39092842286982
95,2022-10-31,3,4,1,75.99223734526534
95,2022-11-30,1,4,0,60.075556286362094
95,2022-12-31,2,1,0,85.78058026962404
95,2023-01-31,3,2,0,81.73014886378348
95,2023-02-28,2,1,0,87.14927156629682
95,2023-03-31,0,2,0,93.61600948647222
95,2023-04-30,1,1,0,89.38138299413416
95,2023-05-31,1,2,1,83.32765766115347
95,2023-06-30,3,3,0,85.38621005917615
95,2023-07-31,1,2,0,83.64787515583961
95,2023-08-31,1,4,0,74.16221166134686
95,2023-09-30,2,3,0,72.29400989818012
95,2023-10-31,0,1,0,61.294560801382026
95,2023-11-30,5,4,0,80.63997684221124
95,2023-12-31,3,3,0,92.44615819549162
96,2019-01-31,2,1,1,84.69624501281288
96,2019-02-28,0,1,0,88.30596580396795
96,2019-03-31,3,4,0,67.2907802554844
96,2019-04-30,4,4,0,73.27882907406529
96,2019-05-31,0,2,0,64.99593498386034
96,2019-06-30,5,3,0,94.50602025948305
96,2019-07-31,1,2,0,69.64801172782124
96,2019-08-31,6,4,1,92.37571512142023
96,2019-09-30,2,2,0,91.58865960713028
96,2019-10-31,3,4,0,80.82959640619517
96,2019-11-30,2,1,0,82.49280598356194
96,2019-12-31,0,2,0,63.660840724795904
96,2020-01-31,1,3,0,72.03499530397981
96,2020-02-29,3,2,0,73.92354590016541
96,2020-03-31,5,2,0,93.10190392537221
96,2020-04-30,1,1,0,64.62649320834925
96,2020-05-31,3,3,0,94.74094036311872
96,2020-06-30,2,3,0,81.21482178460866
96,2020-07-31,1,4,0,68.50576872158902
96,2020-08-31,1,1,0,76.918647074228
96,2020-09-30,2,4,0,62.80673818160563
96,2020-10-31,3,2,0,81.37791915129795
96,2020-11-30,2,4,0,65.97402871152374
96,2020-12-31,2,1,0,66.12019332038932
96,2021-01-31,2,3,0,91.04560555175934
96,2021-02-28,3,2,0,87.56332792632902
96,2021-03-31,2,4,0,66.30397747284104
96,2021-04-30,3,1,0,82.83203196859074
96,2021-05-31,4,2,0,64.04418178935126
96,2021-06-30,4,2,1,84.47878160094837
96,2021-07-31,1,4,0,66.02295010131523
96,2021-08-31,3,2,0,75.5624537230502
96,2021-09-30,1,1,0,74.68352932087424
96,2021-10-31,1,1,1,76.63810836136697
96,2021-11-30,4,2,1,77.38705760512315
96,2021-12-31,3,1,0,64.41040340109673
96,2022-01-31,4,3,0,61.25248855375291
96,2022-02-28,1,4,0,94.78056826558671
96,2022-03-31,3,1,0,66.56703496933191
96,2022-04-30,2,2,1,74.50101819342379
96,2022-05-31,4,3,1,63.775575694331785
96,2022-06-30,1,2,1,60.93468451588675
96,2022-07-31,3,3,0,65.95578912272553
96,2022-08-31,1,1,0,71.01303905906063
96,2022-09-30,2,1,1,61.455070584551194
96,2022-10-31,2,2,0,88.25230909664685
96,2022-11-30,1,2,0,85.15479165148903
96,2022-12-31,1,4,0,91.53795056083766
96,2023-01-31,0,4,0,64.331925736901
96,2023-02-28,5,1,0,80.13942450735634
96,2023-03-31,9,1,0,64.49678751712369
96,2023-04-30,2,1,1,92.40746844390792
96,2023-05-31,4,2,0,61.95037972138627
96,2023-06-30,6,1,0,79.6357785711758
96,2023-07-31,1,4,0,88.50527751675041
96,2023-08-31,4,2,0,81.73785994426916
96,2023-09-30,1,2,0,62.19244064332421
96,2023-10-31,1,1,1,77.56114370303467
96,2023-11-30,3,2,0,73.5092072926825
96,2023-12-31,0,3,1,79.1423557038911
97,2019-01-31,2,2,1,72.66284223022286
97,2019-02-28,3,2,0,64.56145311309368
97,2019-03-31,1,1,0,93.78781642979206
97,2019-04-30,1,2,0,93.19378833023885
97,2019-05-31,2,1,1,94.35171368992529
97,2019-06-30,1,1,0,94.27880906753666
97,2019-07-31,4,1,1,63.67815040053992
97,2019-08-31,5,3,0,84.510514484672
97,2019-09-30,2,3,0,60.00973090212693
97,2019-10-31,1,2,1,81.58346285672647
97,2019-11-30,1,2,0,83.48304862950005
97,2019-12-31,3,3,0,79.19272328866728
97,2020-01-31,1,4,1,65.00292810028243
97,2020-02-29,0,2,0,86.96105454806445
97,2020-03-31,1,1,0,80.16057859559982
97,2020-04-30,2,2,1,74.98850963370931
97,2020-05-31,2,2,1,88.74473116188767
97,2020-06-30,1,3,0,91.60095211315533
97,2020-07-31,3,3,1,93.50103218168249
97,2020-08-31,1,1,0,71.47951267576576
97,2020-09-30,1,1,0,63.95458427223012
97,2020-10-31,4,4,0,92.94281981732426
97,2020-11-30,0,4,0,61.941246117911874
97,2020-12-31,2,4,0,76.0734191244395
97,2021-01-31,3,2,1,74.31362580823175
97,2021-02-28,1,3,0,62.97728348612941
97,2021-03-31,2,2,0,67.8970373764524
97,2021-04-30,4,2,0,60.67062037174505
97,2021-05-31,2,1,0,75.48789644982352
97,2021-06-30,2,4,0,83.13012763907949
97,2021-07-31,4,3,0,70.12090216835965
97,2021-08-31,1,4,0,83.02937312196407
97,2021-09-30,5,2,0,80.13217659320554
97,2021-10-31,4,2,0,93.07974879033004
97,2021-11-30,2,2,0,76.1015533157601
97,2021-12-31,1,4,0,87.55690173932895
97,2022-01-31,4,1,0,88.70900683639887
97,2022-02-28,1,4,0,82.56902436900545
97,2022-03-31,4,1,0,73.60772289525212
97,2022-04-30,1,1,1,94.80265110407461
97,2022-05-31,2,1,1,67.92164392316488
97,2022-06-30,2,2,0,62.098858568700464
97,2022-07-31,0,1,0,93.73237356925037
97,2022-08-31,4,3,1,69.33897867596043
97,2022-09-30,4,4,0,65.81387928618993
97,2022-10-31,2,1,0,70.58780059161687
97,2022-11-30,1,4,0,94.73481359563888
97,2022-12-31,2,1,0,82.90208011348881
97,2023-01-31,1,3,1,70.38796765709817
97,2023-02-28,3,3,0,76.43574247536043
97,2023-03-31,5,3,0,88.05294009278302
97,2023-04-30,1,4,1,79.7668451399181
97,2023-05-31,4,1,0,77.32084331812548
97,2023-06-30,4,2,0,68.96210156528562
97,2023-07-31,0,1,0,81.78087720770694
97,2023-08-31,3,4,0,80.54468461535964
97,2023-09-30,5,4,0,90.12076276492034
97,2023-10-31,1,1,0,93.11641905029688
97,2023-11-30,0,3,0,68.26784980953518
97,2023-12-31,2,1,0,73.4812527832261
98,2019-01-31,1,4,0,68.36441988579982
98,2019-02-28,2,2,0,62.89730861106071
98,2019-03-31,1,1,0,70.09251664771124
98,2019-04-30,1,4,0,80.37133944328446
98,2019-05-31,1,4,0,76.16517982479726
98,2019-06-30,2,3,0,88.92064823413084
98,2019-07-31,2,1,0,72.93344072438758
98,2019-08-31,2,3,0,75.54443456537187
98,2019-09-30,3,1,0,93.47742332348969
98,2019-10-31,3,4,0,76.89862454821963
98,2019-11-30,3,1,0,64.30095464216497
98,2019-12-31,0,4,0,90.44736384256069
98,2020-01-31,2,3,0,82.03722525068702
98,2020-02-29,1,1,0,63.68753596300903
98,2020-03-31,5,1,1,68.41335757257922
98,2020-04-30,1,1,0,68.2541277635755
98,2020-05-31,1,4,1,83.07224717206594
98,2020-06-30,2,3,0,78.43917797078942
98,2020-07-31,0,1,0,60.003372973284755
98,2020-08-31,2,1,1,91.49334650454698
98,2020-09-30,2,3,0,88.28881196094669
98,2020-10-31,3,3,0,76.72797521195682
98,2020-11-30,1,1,0,66.48040949137894
98,2020-12-31,2,4,0,77.9563501494588
98,2021-01-31,1,4,1,64.71886574767765
98,2021-02-28,1,1,1,86.83152477132587
98,2021-03-31,2,1,1,77.26772805900806
98,2021-04-30,1,1,1,93.54745669204335
98,2021-05-31,2,3,0,92.85757275118257
98,2021-06-30,1,4,0,81.7052798702853
98,2021-07-31,1,3,1,66.29967554399623
98,2021-08-31,7,1,0,87.93833468816365
98,2021-09-30,2,3,0,83.55966997318033
98,2021-10-31,3,1,1,84.67751473876294
98,2021-11-30,1,4,0,89.00933293674188
98,2021-12-31,3,2,1,89.64619920380707
98,2022-01-31,3,1,0,85.53013963636562
98,2022-02-28,2,2,0,66.78928557538168
98,2022-03-31,1,2,1,88.96342809039336
98,2022-04-30,2,1,1,84.77365162952276
98,2022-05-31,1,1,0,73.76682126053558
98,2022-06-30,1,2,1,81.75042001016023
98,2022-07-31,3,2,0,74.42293884890836
98,2022-08-31,5,2,0,91.71411342507517
98,2022-09-30,1,2,0,72.70155527633736
98,2022-10-31,2,4,0,66.73634620117107
98,2022-11-30,1,4,0,88.59353200445129
98,2022-12-31,0,1,0,93.69045082801165
98,2023-01-31,1,4,0,67.47489784154794
98,2023-02-28,1,4,0,68.44432929545363
98,2023-03-31,1,2,0,66.33770730070755
98,2023-04-30,2,2,0,88.31265981563999
98,2023-05-31,1,1,0,68.02671115985233
98,2023-06-30,2,3,0,92.41648136984097
98,2023-07-31,4,4,0,80.75653675260794
98,2023-08-31,2,4,0,61.40027923945695
98,2023-09-30,4,2,0,87.81515804782526
98,2023-10-31,1,2,0,83.12432166179285
98,2023-11-30,0,2,0,61.7335166689133
98,2023-12-31,2,3,1,90.39837498893132
99,2019-01-31,2,4,0,84.37966181470054
99,2019-02-28,3,1,0,86.82907550065494
99,2019-03-31,0,3,0,77.18234389060709
99,2019-04-30,3,4,0,67.60712618991761
99,2019-05-31,4,3,0,85.61378355709705
99,2019-06-30,2,4,0,90.14243082007923
99,2019-07-31,5,4,1,83.01350755767406
99,2019-08-31,3,4,1,92.16783702466994
99,2019-09-30,1,2,0,83.96953767582268
99,2019-10-31,2,2,1,90.13330866240854
99,2019-11-30,2,3,0,84.7961093233132
99,2019-12-31,2,2,0,83.89804914744128
99,2020-01-31,4,2,0,67.82394740508408
99,2020-02-29,2,1,0,87.0153276028925
99,2020-03-31,2,1,0,79.94996758659369
99,2020-04-30,1,3,1,93.80406129149438
99,2020-05-31,1,1,1,88.04250334750876
99,2020-06-30,1,4,1,89.59132671823457
99,2020-07-31,4,4,0,72.6997009225898
99,2020-08-31,3,1,0,89.84687183415747
99,2020-09-30,2,3,0,60.85905784675933
99,2020-10-31,3,3,0,83.6407520221528
99,2020-11-30,3,1,0,77.82237180146711
99,2020-12-31,0,2,0,71.03748010858818
99,2021-01-31,2,4,0,84.69161553618149
99,2021-02-28,1,1,0,85.17857442890416
99,2021-03-31,2,1,0,77.51028601964512
99,2021-04-30,2,2,0,83.76617006900871
99,2021-05-31,1,3,0,85.29220908153594
99,2021-06-30,0,3,0,69.50237992231725
99,2021-07-31,1,3,0,68.50007092376764
99,2021-08-31,1,4,0,65.25510808149146
99,2021-09-30,1,1,0,65.47090388876335
99,2021-10-31,4,2,0,70.1144250270675
99,2021-11-30,2,3,0,86.5905360710659
99,2021-12-31,1,3,0,81.04388484616837
99,2022-01-31,0,1,0,72.68016691547825
99,2022-02-28,0,1,0,63.82544051877551
99,2022-03-31,2,1,1,77.99171426274539
99,2022-04-30,2,4,0,79.4647791739081
99,2022-05-31,2,3,0,89.37420381020647
99,2022-06-30,2,3,0,74.9260489869365
99,2022-07-31,0,4,0,82.34352416189448
99,2022-08-31,3,2,0,88.47282820840432
99,2022-09-30,1,4,0,86.77996910638709
99,2022-10-31,1,3,1,86.12561364556319
99,2022-11-30,2,1,0,65.67078052115853
99,2022-12-31,4,3,0,60.84228799838365
99,2023-01-31,2,3,1,91.70504663460238
99,2023-02-28,0,3,1,78.3928690961715
99,2023-03-31,1,2,0,67.44664175090219
99,2023-04-30,0,4,0,90.11948763633019
99,2023-05-31,2,3,0,82.52144960710677
99,2023-06-30,4,4,0,70.92752826694559
99,2023-07-31,3,2,0,88.04967465593802
99,2023-08-31,3,4,0,70.47000332798937
99,2023-09-30,0,2,0,81.73820675029017
99,2023-10-31,1,4,0,83.77768964243812
99,2023-11-30,2,1,0,83.20171020656151
99,2023-12-31,1,2,1,74.37120416265478
100,2019-01-31,5,1,0,89.8190726638622
100,2019-02-28,2,1,1,72.7280012725173
100,2019-03-31,1,4,0,78.73177754873436
100,2019-04-30,4,2,0,75.08044856377413
100,2019-05-31,1,2,0,62.24068286297208
100,2019-06-30,1,2,0,89.63594706933603
100,2019-07-31,2,1,0,60.683271764513584
100,2019-08-31,3,4,1,72.47891122083854
100,2019-09-30,2,1,0,82.4765340498229
100,2019-10-31,4,1,1,89.33748612553329
100,2019-11-30,1,3,0,84.72322475030701
100,2019-12-31,1,1,0,71.7917763371176
100,2020-01-31,3,1,1,90.98238033676023
100,2020-02-29,1,4,0,85.98566348596532
100,2020-03-31,3,2,0,62.890396155419765
100,2020-04-30,1,1,0,80.00405313397093
100,2020-05-31,2,4,0,75.78579316525081
100,2020-06-30,2,3,0,79.63968913805387
100,2020-07-31,0,3,1,64.76432121482144
100,2020-08-31,5,3,0,62.44452111389191
100,2020-09-30,1,3,1,75.56165482580234
100,2020-10-31,1,2,0,89.6803244981086
100,2020-11-30,2,2,0,84.51311544033088
100,2020-12-31,2,1,0,61.374299752478194
100,2021-01-31,2,1,0,74.47279785172474
100,2021-02-28,1,2,0,92.84928518268032
100,2021-03-31,4,2,1,71.14647774189821
100,2021-04-30,1,3,1,74.35996589712224
100,2021-05-31,2,1,0,88.41431992070382
100,2021-06-30,1,4,0,67.44664243659571
100,2021-07-31,2,3,0,72.6183898113344
100,2021-08-31,0,3,0,67.92706130590076
100,2021-09-30,2,4,0,60.4080873355989
100,2021-10-31,2,3,0,91.23166043191696
100,2021-11-30,0,4,0,83.40488643687344
100,2021-12-31,2,3,0,74.09569886187504
100,2022-01-31,1,4,0,60.21480263243293
100,2022-02-28,2,3,0,86.42415377273144
100,2022-03-31,1,4,0,66.05562102116905
100,2022-04-30,2,4,1,88.24874253330805
100,2022-05-31,3,1,0,68.5952791797516
100,2022-06-30,3,3,1,86.63747446744716
100,2022-07-31,4,1,1,63.68394747503869
100,2022-08-31,0,4,0,87.77336357311273
100,2022-09-30,1,2,0,94.40462577589635
100,2022-10-31,1,1,1,68.25729096066753
100,2022-11-30,0,2,0,73.81558528076214
100,2022-12-31,2,1,0,65.44330961516638
100,2023-01-31,0,4,1,79.81757552659954
100,2023-02-28,4,1,0,81.76141915846495
100,2023-03-31,4,3,1,60.304248337056116
100,2023-04-30,0,4,0,86.59657544628257
100,2023-05-31,2,1,1,75.66717748624302
100,2023-06-30,1,3,0,66.27648427377133
100,2023-07-31,0,3,0,74.68528180704521
100,2023-08-31,0,3,0,65.76254283494514
100,2023-09-30,1,4,1,93.0288178620282
100,2023-10-31,1,3,1,62.09676560008313
100,2023-11-30,1,2,0,71.50419560945485
100,2023-12-31,1,1,1,92.62518762671462
