Industry_ID,Date,BOD,COD,TSS,pH
1,2019-01-31,11.667041273782939,17.541783348000205,69.89938631477774,7.011110913305991
1,2019-02-28,30.50253915967817,50.39955545091121,54.98957287864416,6.786103543198327
1,2019-03-31,11.391847168232017,17.266128873341962,32.32540855047879,6.911857169037121
1,2019-04-30,17.198295773310175,32.43809063584306,54.63626770013609,7.600446385974764
1,2019-05-31,9.39717270950435,17.238367447517103,39.90367611506293,7.47500269775359
1,2019-06-30,8.005490585110676,13.266522801105896,45.604134474254806,7.863258234287682
1,2019-07-31,14.031873192906659,22.580374046974836,63.14280183735271,7.481320644999851
1,2019-08-31,22.88394507257168,38.18890112789126,49.32587657539554,6.895153781581501
1,2019-09-30,40.027946119573905,66.94816584107396,95.71822779343893,7.71675774364496
1,2019-10-31,36.27159615287726,60.22499671459015,64.82009374878523,7.532896854274652
1,2019-11-30,23.069962463555562,43.08564783207615,38.98888827998907,7.1028250670033355
1,2019-12-31,26.372329581336757,48.024429459019665,77.18382995088116,6.278258324151881
1,2020-01-31,18.642316294528793,29.603301544096173,31.310497374628664,6.997571527674485
1,2020-02-29,17.13045206415823,30.636990266846603,38.41170319159966,6.808338346867048
1,2020-03-31,36.41024500233833,64.6785214391023,61.938827036414786,7.168199381893126
1,2020-04-30,10.95343228025264,21.235271684319006,30.650969200459617,7.025314905457583
1,2020-05-31,36.50905382089367,65.33048554389623,80.55764633156534,7.944773828063291
1,2020-06-30,8.423909659721186,12.99534415697864,49.611450060604895,6.662097632889302
1,2020-07-31,6.842323911589186,12.618955534450603,28.876129087645577,6.225585660087954
1,2020-08-31,10.946695673676476,21.10227684751174,32.040496756096886,6.828435467947951
1,2020-09-30,28.252626560931912,49.45678620759311,77.77433945350178,7.966771314714996
1,2020-10-31,20.060886310381385,30.787054051170504,71.18883732924354,7.206937418625404
1,2020-11-30,18.376117592009507,31.404289100973866,32.558350103307,7.025371979427633
1,2020-12-31,30.43233740952451,53.33651145193473,56.76032067310889,7.247299945940857
1,2021-01-31,51.71923315705841,93.15774109060467,86.98430995808063,6.279673630596592
1,2021-02-28,10.832089135713861,16.795818624272787,95.96459071612676,7.13465882712627
1,2021-03-31,7.729286758105849,13.881369032780436,31.30801045862481,7.663251943718387
1,2021-04-30,26.581667561140424,47.625958631393495,61.12502409730865,6.522804935713502
1,2021-05-31,47.43515003324008,87.64619052953402,97.16294113559064,6.6490932787362
1,2021-06-30,14.192770496734825,25.43100436736025,99.68735312720281,6.516444472699517
1,2021-07-31,10.234106968522525,19.837084163858023,30.830097772373865,6.384134616245087
1,2021-08-31,22.987149534464354,45.93564430438326,55.844133743902674,7.094792460080295
1,2021-09-30,31.750638804248393,47.97814807195736,66.65737792019706,5.5
1,2021-10-31,48.550361395994116,87.14590053933183,87.35286175468758,6.865868469025243
1,2021-11-30,18.665764051235726,29.9504390779135,54.41830338247993,6.090349775235035
1,2021-12-31,16.39983666685792,25.985008721131297,65.29475625355526,7.457302757797042
1,2022-01-31,16.963011410842864,26.77592422784553,45.8942754273969,7.089064212880532
1,2022-02-28,21.815548365425567,37.60359561200165,65.24429844904994,7.017817729925228
1,2022-03-31,38.316002024697575,66.66183742795864,64.94629498412675,7.781406783104055
1,2022-04-30,28.82250297831355,45.54937414713685,66.83066994628281,7.277820119816767
1,2022-05-31,21.831257843166416,41.70710600171576,38.99252680384793,7.1429900830941415
1,2022-06-30,14.85395316142051,22.665821936440505,60.74646130948089,7.891556417687529
1,2022-07-31,22.048806332389205,37.57687986067494,50.24532086454405,6.745797022553123
1,2022-08-31,17.57676205837054,30.224427987287328,94.48370676922833,6.379079741647233
1,2022-09-30,18.572332550326987,34.30047587584647,53.27083220686807,7.852912429668843
1,2022-10-31,14.325670175638983,22.40168552730917,67.98631369430416,6.983834874537443
1,2022-11-30,13.089454745410173,23.658863938222634,54.79654679202755,6.865582911602412
1,2022-12-31,16.285357122575206,31.964642570911664,79.45716895468006,6.780067856192291
1,2023-01-31,31.62188151697381,61.08585644057094,58.8129528553099,6.96726132312127
1,2023-02-28,8.770157222398248,13.935937543942075,61.062773356680516,7.4037086805414
1,2023-03-31,9.859751624349501,18.91378807489061,97.08027381020915,6.174632140275719
1,2023-04-30,27.611416337978504,41.767601124688646,78.55443998423712,7.350471130723038
1,2023-05-31,17.952407496236006,35.803642242814604,36.71144480246428,7.624902659705608
1,2023-06-30,42.57351313827138,82.86235511725647,97.1986988916156,7.21016229359226
1,2023-07-31,26.311293486088765,46.91009757688688,86.30826713038307,6.990055135254605
1,2023-08-31,9.686817377592662,18.95854885024023,38.65803541161875,7.166821765725299
1,2023-09-30,9.279589270214982,16.57935208553654,33.83133121676059,6.838367355351972
1,2023-10-31,42.05636394623412,74.99500576593225,82.8183532798203,7.57153295144496
1,2023-11-30,29.898421353689155,51.93710546911534,60.70378016493247,6.365989244178466
1,2023-12-31,31.451111319827728,49.328215975570934,55.95951629550642,6.335427086419242
2,2019-01-31,17.763425652980573,31.581652922869175,65.64257105337686,6.023756563494659
2,2019-02-28,13.245285671763508,20.377562077113108,34.039193408984836,6.86025046709998
2,2019-03-31,34.15937356509812,54.40687954986564,77.22165819086048,7.320451924704618
2,2019-04-30,17.5826436823821,29.4915630434108,30.252227931060325,6.914043314464121
2,2019-05-31,27.50980202815164,49.528626202450425,46.54292437405613,6.951450216298339
2,2019-06-30,29.754663544615838,57.780371143207404,55.11851773191156,7.027159443227118
2,2019-07-31,20.89121640844861,36.11498108605348,94.58142123964099,6.25308517939288
2,2019-08-31,26.455396662657407,40.69013103702858,60.75076212477763,6.641971939633002
2,2019-09-30,16.67176880513382,27.791912610352018,88.84051855365765,7.158902584600942
2,2019-10-31,6.288853572354194,9.453360264610794,39.19161548387544,6.685241725975458
2,2019-11-30,21.872663670788572,41.435650413997166,46.52785998811845,7.259319823806783
2,2019-12-31,34.88564844930028,65.5547243165618,96.04734161922534,6.687646638418948
2,2020-01-31,5.765995662265616,11.070559347415312,26.844018734410117,6.638281592946587
2,2020-02-29,8.16765060054907,15.781363990019733,34.85013448070335,7.365572764628804
2,2020-03-31,12.805985481978167,23.097557002749,60.49074300186679,7.182753367413346
2,2020-04-30,12.778699191810423,24.663671478625503,41.915510683280154,6.210138464644102
2,2020-05-31,39.98926761527797,77.629835294859,83.48882416700124,6.307314067165134
2,2020-06-30,56.96161310668288,105.78019143635706,98.30997897360892,6.446340243326844
2,2020-07-31,12.990068948796758,23.484369083045767,85.12960623023439,6.823286628132002
2,2020-08-31,41.95929527156517,64.45364008759499,80.82092991962166,5.98666893512833
2,2020-09-30,6.4538910453697085,10.957142474552782,27.298937665435457,7.754862899224214
2,2020-10-31,35.5139739667608,68.44226593189907,84.47170709542236,7.820251696443969
2,2020-11-30,21.213542236487047,36.0275928142204,61.920839233602614,6.616523380558784
2,2020-12-31,24.21655122095194,44.36235500335453,91.27822522455645,6.619925363871039
2,2021-01-31,10.050934967635131,15.981039051719645,60.59731568123604,7.857878004003123
2,2021-02-28,24.027721255703636,44.13210527979612,54.803424134830074,7.385940997517716
2,2021-03-31,16.21845276052841,30.559776645332825,97.7434034580453,7.099144688685933
2,2021-04-30,25.02590975657301,46.779046270127715,93.90083477451283,6.870197088775263
2,2021-05-31,17.821179816937143,31.619225809951185,90.8886670976011,7.531782859693009
2,2021-06-30,16.257678494317332,30.99514812173166,58.33145895634012,8.123064482968006
2,2021-07-31,47.01733717879974,86.27907136893927,78.85923071698708,7.02889779279261
2,2021-08-31,7.654964474674357,15.168032222837965,68.56990399470983,7.384828875672812
2,2021-09-30,17.364252230600535,28.265920457626564,61.26592350399436,7.534925249350519
2,2021-10-31,46.65313597869433,84.14112427679362,88.83806956395782,6.543525963487995
2,2021-11-30,23.207504469128402,44.31133054719338,66.00230595355525,6.175458833032889
2,2021-12-31,28.071717011590003,54.46024106430681,92.91435942472556,7.52286756627017
2,2022-01-31,19.580123116740808,33.37899806282151,73.81580267853957,7.624570320845559
2,2022-02-28,10.256332242065069,18.582349361874122,25.09275098195571,6.849953019381308
2,2022-03-31,6.621580503876008,12.66471995801134,31.68433240870125,7.096665333476366
2,2022-04-30,28.662543922414162,47.36025548694171,90.50024962928859,6.951863345898952
2,2022-05-31,13.26489084049633,26.216713859107475,31.068946228843917,7.255139505266036
2,2022-06-30,19.11459084960579,34.59347140101669,34.13214333439561,7.498906359132014
2,2022-07-31,27.300441192552427,51.63463540481827,73.76508192986151,6.615115561059562
2,2022-08-31,37.18092370542591,62.6082017416016,76.87135416769895,6.71977245086003
2,2022-09-30,33.32663400314674,60.476156497988626,56.05973143966952,6.938826548679447
2,2022-10-31,23.610015191323722,44.68214904970226,44.93883524907351,6.782421701072624
2,2022-11-30,23.52183585517155,40.57663028964725,91.90635167051758,7.183228583148986
2,2022-12-31,22.246437215992,41.57312253147503,58.79647425473184,6.871522754823251
2,2023-01-31,13.868051997869168,27.03507968092671,51.49385563765482,6.658203099917539
2,2023-02-28,46.118654667051295,83.05696659202366,98.19931371990944,7.354766788653688
2,2023-03-31,36.81010284836195,67.65664281654468,68.68169936554348,6.83961258354686
2,2023-04-30,46.81061577021414,93.2624220740405,99.43115503671027,6.9986991661954905
2,2023-05-31,22.588030212421586,35.593872090982444,95.30410498728392,7.081334999498766
2,2023-06-30,17.623611867378706,29.56699765215469,90.78538311335531,6.571846715278426
2,2023-07-31,48.79136024379463,88.88237149638675,83.7843838364048,6.661262171501418
2,2023-08-31,20.688386885807507,36.84068552177368,35.336717436942656,7.335873645538646
2,2023-09-30,31.18403110628037,52.599081267016615,67.04950708121282,7.180572385173434
2,2023-10-31,9.25102058200583,16.521731948709306,42.68931993577653,6.710459845760285
2,2023-11-30,40.544751533501184,65.3893858914389,69.08270206466487,6.654341314491612
2,2023-12-31,17.368621291687887,27.22838883521437,61.06795005648022,5.888193984502235
3,2019-01-31,21.356094269200213,33.521010039868884,46.205926718407156,5.787879869863529
3,2019-02-28,6.039445731016403,9.636511529410381,51.050749469413205,7.442022698180525
3,2019-03-31,25.612620218623412,49.43414597829626,50.369732899926134,6.852229379926725
3,2019-04-30,27.92818665392884,43.455363712462194,78.08763229223266,7.076157756788312
3,2019-05-31,22.23589344281848,41.937033744105406,51.69800303461396,7.441554888573579
3,2019-06-30,12.357724498446188,19.74666015141977,65.40263484645357,6.961081401493599
3,2019-07-31,47.702960671065966,82.05680636108629,92.27184478176507,6.632098042478585
3,2019-08-31,35.66275710510798,68.16861924525894,91.18122763055041,7.101836042446549
3,2019-09-30,18.400650170389266,35.22113762957574,40.7314710762761,6.500348883852545
3,2019-10-31,41.47525427271948,62.858145118289535,78.40105152480855,6.747612539385892
3,2019-11-30,20.849094822569025,33.49036361707706,80.44710513735798,7.256953924829458
3,2019-12-31,42.44700059529983,73.8380445198189,90.34033616972891,7.089790890969799
3,2020-01-31,14.130797662022633,21.878251025905115,26.350006670891126,6.057399973989441
3,2020-02-29,40.244052860308464,71.90302997704619,69.87681132233192,6.851866278245559
3,2020-03-31,17.205301053430517,29.546628751735295,74.41188026050528,7.255601299762491
3,2020-04-30,27.96345234569195,55.700964370689775,91.93924674661346,7.686829272581479
3,2020-05-31,26.2050000489679,42.01962033750933,45.17192093698534,6.897532481093378
3,2020-06-30,11.011734386978125,19.682261471779896,25.574802448691898,7.003434127469519
3,2020-07-31,3.6831949134761643,7.2836293791959745,27.225116729855486,6.7584694741582805
3,2020-08-31,24.055247856516253,41.04637541137677,44.32054152502914,7.073396505992775
3,2020-09-30,25.6309255008996,40.26794126678053,73.45721312537972,6.9833850046777695
3,2020-10-31,25.378378933998853,45.55781349516155,47.12805307406172,6.89594157136373
3,2020-11-30,9.247224312900386,14.642333326352663,41.97093311606739,6.447147665757032
3,2020-12-31,25.42491458135538,45.2523873231212,91.75727763878564,6.892539484855632
3,2021-01-31,3.6602938524074524,6.329605253910055,32.89443888977593,7.280459723970619
3,2021-02-28,10.063523800481438,16.337665083114594,33.71042201503942,6.85225984098542
3,2021-03-31,44.94883284384156,78.41094272524008,87.89119111771211,7.145930881000007
3,2021-04-30,39.28621091540752,69.71971576631513,67.70330208867121,7.449732485574123
3,2021-05-31,3.3787693716858476,5.721169670213557,29.330578890188036,5.932162893010652
3,2021-06-30,12.719470288203098,20.707600130664257,68.29592719248484,8.568874266829997
3,2021-07-31,5.972583018661263,9.58810097256234,27.309253724533587,6.732193330787294
3,2021-08-31,13.781873596474812,25.02850146064839,26.073645825029498,7.4283085523128385
3,2021-09-30,11.301920420464825,18.266075193768756,68.27804983464331,7.436459593385393
3,2021-10-31,34.257852077943475,65.45702594780644,94.69210402238903,6.685047372640794
3,2021-11-30,32.145703049779925,50.36955798298303,66.59930110263217,6.737955801032704
3,2021-12-31,46.78805700299997,73.22166986228589,81.14839255946501,7.076177436016861
3,2022-01-31,8.658081908611976,13.70986962155247,67.37382682564402,7.482698742295585
3,2022-02-28,43.949012902013955,76.38267532860772,97.45356288465078,7.618065360903109
3,2022-03-31,5.682346788304599,10.44930501338302,33.3233143438861,6.2231206169919675
3,2022-04-30,9.783456248529339,15.16370571042676,35.245067773837945,7.408944829012515
3,2022-05-31,18.791450044413804,33.06385964836701,76.60333328770103,6.409593592345578
3,2022-06-30,44.61617994165909,83.41054085445488,83.04935336145718,7.557160847334436
3,2022-07-31,11.208313094170569,19.525313320766138,41.74475391288972,6.912072797783964
3,2022-08-31,3.0610458297847956,5.014356300500244,29.33833370853705,7.830735082864009
3,2022-09-30,27.47571347527743,43.0582188780794,98.62399928893359,7.018930957504475
3,2022-10-31,19.959562644707148,39.86904045274107,43.141997058466686,7.292286313974784
3,2022-11-30,18.183587984491666,29.00380156492117,64.54244955654346,7.212943603096518
3,2022-12-31,38.96295490559944,69.1980189833281,81.79826553508292,7.009573888707876
3,2023-01-31,29.24809848618976,58.39755798578103,85.35648414922711,6.327942764818406
3,2023-02-28,34.37675999555529,66.00021931656556,81.5698730010267,6.198369766592025
3,2023-03-31,21.177871494709752,41.23431436366529,81.382912977932,7.705525450529612
3,2023-04-30,30.783540051007616,46.90859335469995,60.72517999758241,6.797294996193111
3,2023-05-31,27.20465727156778,47.91434110602079,79.50619181261476,6.634243298051835
3,2023-06-30,5.5718899225553224,8.707071125930305,47.79568841912705,6.488402244340853
3,2023-07-31,10.997507750157641,21.732294859275587,50.272354428809244,6.205767729791221
3,2023-08-31,27.15431632149681,42.66174512292825,78.58181230534316,7.396467426746554
3,2023-09-30,8.924237220675613,13.43730422747637,41.00450109817672,6.241063126659595
3,2023-10-31,44.70759453037651,81.03316750613908,77.86532575325363,6.821485399596695
3,2023-11-30,21.620068094739807,36.04119364451185,48.741224895090255,6.685368303153606
3,2023-12-31,7.750884859258019,14.669591359700538,30.126490023246898,7.76686385495825
4,2019-01-31,51.336571187515226,83.89765792358062,93.60483362173778,7.474223174930768
4,2019-02-28,12.135555629609998,21.62349691171695,97.64029987749193,6.357022613142587
4,2019-03-31,27.944689637959428,44.74828749265632,58.80148562041848,7.832158549062317
4,2019-04-30,35.98611441708211,55.49601000218041,76.00839140852295,7.362361928947129
4,2019-05-31,32.57396934274449,49.084827641599034,85.5391989093391,6.608117167206801
4,2019-06-30,10.586034011713707,17.982750870983917,45.31047460277294,6.65472947384187
4,2019-07-31,13.633395036376895,23.547227872390906,63.52082849082434,6.330697100138376
4,2019-08-31,10.273130671902512,17.821444631459997,77.90956227126148,7.3464593115158054
4,2019-09-30,16.11815018570205,25.067203958426617,27.123345580200084,6.496093050631284
4,2019-10-31,18.509495936699647,35.43523866497507,43.7467709798216,6.441462928769127
4,2019-11-30,21.87938004389251,34.62723115343815,51.16675562813676,7.056052473412259
4,2019-12-31,5.73497144293145,9.36979863418594,37.10221007915378,7.872319586629341
4,2020-01-31,19.700525972034473,30.705278251990368,50.17553747792947,6.552326838818488
4,2020-02-29,38.28678490089368,74.30629253924323,76.90552352682766,6.795949580419889
4,2020-03-31,13.008530075870526,20.005166203528074,79.84873897774722,7.618719067342069
4,2020-04-30,37.54394727639015,57.12006637000595,92.63305214096715,6.771349172456605
4,2020-05-31,14.425771590146674,27.441385363829106,58.47901676973961,7.134266993232404
4,2020-06-30,6.7203770578490865,10.613756517928376,29.984749433220408,7.756504633001994
4,2020-07-31,7.7069383632820925,13.197557174709535,44.367326474962,7.007809166974802
4,2020-08-31,7.39207588756736,12.11730348848067,39.09402856114922,7.4511385868933235
4,2020-09-30,14.01854578684325,21.301035375978927,74.10318065172244,6.382328091426998
4,2020-10-31,9.411801684247841,14.144613603213253,92.34393902182494,7.5823326042507855
4,2020-11-30,7.15768586901282,10.875881849425573,59.936931491734356,7.193404260344601
4,2020-12-31,20.816983170076238,36.11002609471755,67.25465130344801,7.545490212592983
4,2021-01-31,7.571814640837197,12.399937623788151,58.229452174781585,7.202050827504504
4,2021-02-28,18.614450245399322,33.86929153176494,69.94765871045783,6.4890129448046014
4,2021-03-31,26.89984785412989,48.51181716858067,96.51513233886315,6.434692332531236
4,2021-04-30,40.980908192817196,68.59194020983585,89.72476235191542,7.311355611950134
4,2021-05-31,25.77008843560051,48.4386501792897,57.654523463180176,6.969117900069936
4,2021-06-30,22.193169021158027,41.90961735492669,45.87763612469924,7.239720759043032
4,2021-07-31,5.696698231363905,8.779387649145526,30.73599666244848,6.057116540622879
4,2021-08-31,20.585901981716557,35.725467593375,86.67859083890158,6.803099065778246
4,2021-09-30,40.181099563566285,71.6776032887215,74.2041266481778,6.824401899098118
4,2021-10-31,19.744939623663328,35.31001381396242,73.3558936432614,8.342337119032036
4,2021-11-30,8.734935660686363,14.252127808370163,66.90744584682983,7.267408668172955
4,2021-12-31,44.95135340734452,83.21593096465809,81.26993229541317,7.614490251244531
4,2022-01-31,9.420461708394466,16.532222649512434,71.14402399618105,6.674583637185019
4,2022-02-28,14.352166043790218,28.147234712374548,27.618366449216786,7.000922977615503
4,2022-03-31,24.36836572208071,42.94602354609257,77.17184892655435,6.640583806195635
4,2022-04-30,6.78743343800466,11.33423410891605,50.88128091349253,7.37250265643864
4,2022-05-31,22.613997961442013,38.132955051547526,59.171436732793865,6.452299548495382
4,2022-06-30,35.57922787294355,59.71561945380577,97.60572860880501,7.149195923283152
4,2022-07-31,31.08536230771353,49.183346179974436,81.80983340880383,7.061421719270099
4,2022-08-31,12.439876472958812,20.90857987961871,92.68097749645777,6.495667999416586
4,2022-09-30,6.645797011400259,10.831555359822618,31.91259688543242,6.967012689554595
4,2022-10-31,18.94652339050789,29.919439358841654,51.0639096485316,7.225327777667327
4,2022-11-30,12.155306334849156,18.95403516092823,28.883941654961262,7.095211944962529
4,2022-12-31,33.69178306114337,54.43716317895158,64.86791145150484,7.224609360642517
4,2023-01-31,28.98793815380043,49.55753087159209,76.10147599310116,6.242764845409616
4,2023-02-28,9.835384381848678,14.792708762344413,62.682046537478236,7.160796605669619
4,2023-03-31,33.48549044284642,50.335038362782576,95.73811172209636,7.753816779456842
4,2023-04-30,20.36877676856578,39.58793282265467,50.93545738078188,6.653923893961555
4,2023-05-31,30.207271127443818,45.66897996224703,56.48865232647382,6.813168960867915
4,2023-06-30,52.30322152353012,93.26226698472428,90.13071429602006,6.746364294703094
4,2023-07-31,5.712092076910234,9.21383035050268,25.46931032698527,6.944667315721335
4,2023-08-31,11.257451072171788,18.060263280292208,50.30907092231717,6.551678886342396
4,2023-09-30,20.153759074597072,32.84889545832059,47.229400515646255,6.4988914905366375
4,2023-10-31,14.713322093703665,25.782294262387296,55.84779790496735,6.623782381323482
4,2023-11-30,11.70892503873684,22.383209724940524,33.79601108503338,7.734791268680443
4,2023-12-31,2.7268513903723974,5.4043783487158885,26.215029800460044,7.147713643282443
5,2019-01-31,39.366762736350125,61.62815023709687,95.79462126073435,7.536443371496447
5,2019-02-28,3.84677281562886,6.7176174545898375,28.374761592656828,7.1627184297169055
5,2019-03-31,22.041177076894805,34.640811616892556,72.50588051815953,6.501162713629675
5,2019-04-30,16.86386329940712,31.06851622474955,64.41027305169199,7.518323414709628
5,2019-05-31,17.91787483172353,30.07153507098134,92.70291328340173,7.585099354598302
5,2019-06-30,31.52184039290318,53.661600021877796,96.82237347044409,7.067148248623896
5,2019-07-31,13.892013351435448,25.654534757722686,31.573737714598998,7.517862321291516
5,2019-08-31,45.83653360200181,80.753970205955,90.46445661742484,7.409864165845506
5,2019-09-30,12.65278226987662,20.926252531653446,46.169685280969965,7.418164359667728
5,2019-10-31,23.967018545663688,47.63660610327797,85.74433152271745,7.119414693093207
5,2019-11-30,11.783088877561942,19.673665377009687,87.49032674475056,6.374651968505887
5,2019-12-31,29.716886440427285,51.34161412262239,74.35766635423691,7.010971904107666
5,2020-01-31,28.60769466465341,43.74925118274119,56.12203270597604,8.082528033903301
5,2020-02-29,29.817243203869204,50.26511115059073,90.3934795960379,7.595274297171798
5,2020-03-31,24.789474431948957,48.03126287959744,71.0800005573493,7.217987694750023
5,2020-04-30,13.378074299634966,20.228385428852306,68.54839194322255,5.733876957390157
5,2020-05-31,7.554339229878213,14.294341364028629,33.73441978612844,6.239201578683665
5,2020-06-30,27.811694447908515,50.41328455607131,96.84593949446032,7.8733694687541735
5,2020-07-31,7.803480928802048,15.131080279368467,25.92557845452805,7.273480547731645
5,2020-08-31,9.437001816386429,17.726266460692337,28.652113629994734,7.034422865641926
5,2020-09-30,17.9159865612697,30.55382324164106,76.0418621334326,5.679551160328147
5,2020-10-31,3.259992209920549,5.431124970215635,26.80037836336666,6.838281066227698
5,2020-11-30,14.895036559975503,25.47059447225122,83.62244185399355,7.600507380585945
5,2020-12-31,45.216119669300205,84.33198462607118,85.31241737379132,7.141473092253743
5,2021-01-31,28.702213665681366,46.068591270355476,67.88419869519853,7.602337219996852
5,2021-02-28,13.58478127398604,26.544765102298015,67.29196907915518,6.687950643837145
5,2021-03-31,23.13876417678406,34.96920372273325,43.193369955536895,7.114537344102851
5,2021-04-30,20.661290546657067,31.687982379305247,91.79938415963818,7.537159006357781
5,2021-05-31,21.19053668165147,31.999170935901944,87.36555897532493,8.151819376052394
5,2021-06-30,17.928606372352263,30.624415329735537,74.72704027923605,6.260277888430138
5,2021-07-31,13.440736477434061,21.039573265853793,51.74284944631143,7.597381430938469
5,2021-08-31,26.31617619773861,43.73394302030957,68.1295430094111,7.447323593786936
5,2021-09-30,48.38038055805833,76.11915355811861,82.3895375315794,7.16574263101088
5,2021-10-31,26.26400501474469,42.490207394759985,76.19053590753678,7.07088292948054
5,2021-11-30,18.998233046908712,36.56303060178491,95.76806080263829,6.440226935808416
5,2021-12-31,30.2190902157975,54.57580581353744,87.73316443524024,6.803235072015136
5,2022-01-31,8.095455766327191,16.092870781131733,47.97257476656532,6.282045238065736
5,2022-02-28,17.642157891156277,30.08613551401313,50.806871338708156,6.342092091786246
5,2022-03-31,45.86439864451681,76.70859290946109,86.32175337283647,6.295446536122012
5,2022-04-30,12.911105511991414,19.837936813327897,25.01702786636917,6.795682043731665
5,2022-05-31,11.399530730732769,19.63103729449491,80.80214352607575,7.051719064654053
5,2022-06-30,33.12224940544127,55.080335661512045,89.60842645159931,8.021038020071872
5,2022-07-31,54.61777876617901,105.84665885619394,96.55316988085644,6.992041077498879
5,2022-08-31,22.451226410138986,42.21825129370999,49.76169627367033,7.458005159895545
5,2022-09-30,10.202955625830029,19.485731525655716,28.205470454646353,6.917832397057304
5,2022-10-31,15.178074070854565,23.664305369917294,46.31382217837965,7.106046676537088
5,2022-11-30,6.866480975078604,12.92105496997734,55.11232079236572,7.657389912798251
5,2022-12-31,6.639331632364085,11.791241719066468,50.69433121083488,6.717244355891177
5,2023-01-31,13.709313028880663,20.73772551867077,43.137864656151486,6.445023581481875
5,2023-02-28,16.332641635617716,25.409406679553793,29.180564019058128,7.573530688920215
5,2023-03-31,25.628858480843775,42.785117261766054,67.78071185527313,7.475007914334823
5,2023-04-30,6.549622564124247,11.23541338737806,28.720443126211208,7.1215023610272
5,2023-05-31,5.185949895003843,9.720967529288881,48.41439128397909,7.6627160545475395
5,2023-06-30,17.699325649775417,31.289173202240278,38.9814853640481,6.296592495251231
5,2023-07-31,27.522244203875864,51.30306550442482,71.3718099066091,7.759359176358397
5,2023-08-31,22.814538465448134,40.558514731113135,82.73099671428155,7.329196255961245
5,2023-09-30,29.027843657126496,51.665855744242315,68.79394669458514,7.205266007204626
5,2023-10-31,19.38386499336322,35.93212519529318,57.65472425498136,7.44014253949189
5,2023-11-30,42.27155425834559,74.38340871955671,78.38334587432121,7.276574578189605
5,2023-12-31,14.839088946402306,24.603188261586503,38.93327160240308,6.725899850916614
6,2019-01-31,27.467050963313643,52.57161230469073,80.54976857999695,7.082303922654078
6,2019-02-28,24.500838682839447,40.61667180351453,59.968996114587654,6.9791314338117605
6,2019-03-31,3.8560967861196667,6.59226000678575,32.99677142024484,6.382081129323888
6,2019-04-30,16.349781518759695,31.717249753539825,29.79098255731771,7.087187692837508
6,2019-05-31,32.78614649514117,65.49870396015575,73.65122150180234,6.18944026147191
6,2019-06-30,24.976941939086267,47.825421711747495,58.212202778824306,6.837137111631455
6,2019-07-31,9.166309635403106,15.17165000581245,35.02717407995771,6.283875672390053
6,2019-08-31,17.336382648843596,32.559392936544924,40.26159959164844,6.7197274119610135
6,2019-09-30,26.493343043327837,47.386206281166096,54.5316356174055,7.552247492721317
6,2019-10-31,4.098231985351921,7.617100758801163,30.81122303442894,6.69917379890928
6,2019-11-30,24.883811778663787,40.071802890907215,68.65525983431677,6.727818209245452
6,2019-12-31,16.122944151205118,26.949716491537902,55.12726695698324,7.465670461591501
6,2020-01-31,36.65283271541318,55.33566214151087,99.10930569659766,6.8245576131855
6,2020-02-29,51.78481989706883,90.85540596722359,95.18696000521172,6.362101922350018
6,2020-03-31,18.283200979501725,30.69525258858911,58.96186039632451,7.91174573464972
6,2020-04-30,15.653721578243406,27.654831532022722,54.468200170367,6.881049624115413
6,2020-05-31,19.444382675689845,29.29939553367749,55.42339445854281,7.088689585457234
6,2020-06-30,19.043023049283782,29.892311605067142,84.74836517613537,5.950063383890477
6,2020-07-31,28.02238611700516,49.23470816256018,67.69048473470708,7.44025383193927
6,2020-08-31,22.96871153602264,38.13648587004878,49.22422623826513,7.248044248146282
6,2020-09-30,14.886463390524364,24.40090575855928,39.41934388510689,7.803273693144168
6,2020-10-31,22.51139929868396,36.454417174118674,86.10952506427441,6.5512166574998165
6,2020-11-30,17.089630406287032,25.74207953052261,41.01571408677561,6.453256633157016
6,2020-12-31,20.666960014695263,33.327136964212144,42.430303466080986,7.249093071128078
6,2021-01-31,16.734476897827523,25.32830964962551,74.67384351546868,6.095707021412549
6,2021-02-28,35.7027704058822,65.04880458567882,94.72372057759964,6.774623945417425
6,2021-03-31,29.394013309916993,58.774057087137706,87.57435968120488,6.859497342984966
6,2021-04-30,32.12645636937048,52.366895563610775,68.87763765389965,6.900966751237612
6,2021-05-31,13.190972458148982,23.762830392054646,53.879354178922135,6.130299014031632
6,2021-06-30,9.128810157840775,13.94472096369644,26.62341710102377,6.473759961501793
6,2021-07-31,25.325489280217077,41.87482371960148,57.0171045867477,6.91676130652599
6,2021-08-31,18.164793558042806,35.52234824420689,75.020198890293,6.765101652686925
6,2021-09-30,32.969094811698085,55.99125834173148,86.53806281740819,7.036130950486995
6,2021-10-31,15.210045304009538,23.80263348457898,33.21182294158466,6.467332152940372
6,2021-11-30,38.459222103208994,70.62712485517713,75.71468097674045,7.323505182191249
6,2021-12-31,5.843434549996248,10.2278205608159,47.49538673485477,6.99800942525315
6,2022-01-31,48.7108812594661,93.35523844714925,93.38388342863286,6.167345460661181
6,2022-02-28,26.649854924267153,41.89181260205028,90.90598927576974,6.854239344541252
6,2022-03-31,17.569237128863914,28.368990110881317,32.849533025986084,6.869615076871966
6,2022-04-30,32.16906047446247,60.81077227582765,63.28901959741336,6.380718405482666
6,2022-05-31,35.54481028655281,56.206319042221914,93.26470931085224,6.332473952286552
6,2022-06-30,46.58102013140434,76.04749201376715,84.35221893421644,6.454916075395516
6,2022-07-31,15.125563173658255,24.659671924050325,74.71448407259993,6.8997397343735125
6,2022-08-31,29.96635737270665,57.57953884555549,56.41969179530643,6.593774274879558
6,2022-09-30,24.509894372400986,41.5478928767032,58.44149648948558,6.511331220390639
6,2022-10-31,25.94108356260462,50.11544473882988,93.26624912249834,7.418150900335861
6,2022-11-30,32.75048960396212,52.03862941409059,55.50803114290039,6.600522613941168
6,2022-12-31,17.67841237279754,31.519299179061523,30.198082977872115,6.00978288521699
6,2023-01-31,28.772267177512486,52.323603470844176,93.75670023390602,6.949068244950985
6,2023-02-28,16.25010157866591,32.374881532007805,36.207719388872064,7.466873104418996
6,2023-03-31,8.77884742984227,15.403181193444889,74.98054785211892,6.965736377571238
6,2023-04-30,7.362216199245609,11.069430028313159,41.55243060890013,6.825067080502103
6,2023-05-31,15.580690051547522,24.456248358753136,76.01880162477805,6.724271345822461
6,2023-06-30,15.282772856711572,27.32401205945082,31.050232554338304,7.012051613238674
6,2023-07-31,38.78236318762213,72.01315244807272,73.38625624756776,7.267403453075262
6,2023-08-31,6.552723659379833,12.462276037572273,34.41865770326205,7.508410246723251
6,2023-09-30,19.275711416355755,37.756732424428485,86.3366555174643,6.936160963847203
6,2023-10-31,7.003239548537578,10.94995193114335,58.56271672746311,7.040125494855887
6,2023-11-30,31.22071046647578,55.482131797772126,57.0656391519784,7.339910172914485
6,2023-12-31,26.706197918468828,47.42636677831981,79.45459945468559,7.068759786361842
7,2019-01-31,22.94280894010574,42.92594265668201,49.657009566583746,7.153672808353985
7,2019-02-28,27.606728422813443,43.16622408536677,51.4396930975388,6.876123790880145
7,2019-03-31,22.06028040720165,34.758886876223144,93.60209202527928,6.5826398452750965
7,2019-04-30,44.852494846401996,76.33055646333672,81.72325727352207,6.275424738443556
7,2019-05-31,23.64621115504793,39.87114286626266,99.5183629614414,6.962064274657489
7,2019-06-30,31.865967780179385,59.31940920184308,55.55559110160141,6.157666211386807
7,2019-07-31,30.245507247631053,59.54555766860397,63.081411389699824,6.5738066169629485
7,2019-08-31,10.743604453604167,19.835454996248473,43.2581962574058,7.237682805346005
7,2019-09-30,14.705762826799546,22.951077608321427,43.264625417465226,7.6660380963583865
7,2019-10-31,16.65632694325106,25.74590332755769,93.35063621623067,6.069480035333942
7,2019-11-30,36.198658229225074,71.9404908637279,66.76290210176808,7.001573863453164
7,2019-12-31,41.9074692809723,74.20144401586205,98.60660686915189,7.6149951842193415
7,2020-01-31,32.22062324737346,62.3162667464676,85.2894914686617,6.836704586274586
7,2020-02-29,11.831368784363475,22.056170715576698,31.24432435379741,7.415559998996952
7,2020-03-31,21.57545661337631,42.61956057522292,48.73409324000932,6.56127262999845
7,2020-04-30,10.00759878350544,19.04327917951062,28.953234239007926,5.797725237074805
7,2020-05-31,40.48156359920903,74.3567350263269,86.89364999891357,6.971046125061545
7,2020-06-30,18.137182212472737,33.71794435290997,43.018376384822794,6.632441599637706
7,2020-07-31,35.20770498422155,57.70351186708736,68.60904609464681,5.962756824491844
7,2020-08-31,28.92071522563941,46.34862869006547,58.04523355443811,6.988982567997865
7,2020-09-30,8.334362192526525,14.963532772452282,39.213928242803256,7.100422546557855
7,2020-10-31,29.491668821415185,46.36095092665252,91.1226511881558,7.050395536322403
7,2020-11-30,29.792083664851713,45.30009012423051,99.96009206519352,6.361832039686731
7,2020-12-31,43.75778369002529,79.85690719524847,76.45683654576152,6.584891640553864
7,2021-01-31,19.259510608168455,34.70364241929632,81.53261515337893,6.6325981463948205
7,2021-02-28,24.2625610812638,39.78265650075879,41.327484914292434,6.171653740220205
7,2021-03-31,29.919977589215428,48.048464332769065,51.165281245396784,6.712949662358201
7,2021-04-30,12.519283392133913,24.854249573405497,29.999487236747957,7.268206949945672
7,2021-05-31,16.852088977995358,28.36447885288338,66.92149302027828,6.503978219611433
7,2021-06-30,21.842507868117266,36.87265838071149,68.27020925086298,6.723152423432264
7,2021-07-31,15.399944821814422,29.678769913221917,94.4187256892704,6.5767828492705105
7,2021-08-31,11.268396216082278,20.313788497754718,33.812638015927995,7.462836104751361
7,2021-09-30,8.928542340518034,16.999192171595126,29.282107038241293,7.265744844073329
7,2021-10-31,26.156991533733017,45.74242235415655,77.4645902801929,7.917410072293351
7,2021-11-30,17.20038240110404,28.347750414624517,44.73100224431431,6.186497539566625
7,2021-12-31,22.135677772856468,39.92691615960073,51.00390709269334,8.01129511528474
7,2022-01-31,10.413996587642503,19.735207596350243,64.2368500604487,7.338604260675091
7,2022-02-28,35.991703959821386,58.078410282475026,85.240909243307,6.460224794180285
7,2022-03-31,26.975513097847006,51.62548363261194,50.44280053966502,7.953648918213276
7,2022-04-30,6.229599487036459,10.72085367275374,31.72391734267592,6.281954243732471
7,2022-05-31,6.187969118642327,12.373485632455502,35.71344306939428,6.497239992742351
7,2022-06-30,5.440734887294309,8.201969165066219,36.981209517545814,6.511876774272732
7,2022-07-31,15.691144235885588,26.663010219424795,48.45349713560936,6.8255984225635125
7,2022-08-31,15.624059001035853,29.87529432391577,46.41847121789773,6.020912285558493
7,2022-09-30,17.96823893865687,35.628955455788095,67.363107753807,7.304367794562208
7,2022-10-31,5.341353544534396,8.783427031961947,39.79319996252626,6.721434713713885
7,2022-11-30,23.6240762574815,35.66528263920968,68.92031258796304,7.546051480509667
7,2022-12-31,6.640385650798747,11.379986001721244,45.63926588301068,6.261768179189099
7,2023-01-31,28.85525654674521,56.72555946708584,79.96287529543118,6.714842966106767
7,2023-02-28,4.887571456754877,9.201514370317257,36.204954134032924,6.410445892818576
7,2023-03-31,7.671672823000897,13.867882887322605,51.71960865947192,7.340191869211836
7,2023-04-30,16.6145294720963,29.651407718798296,28.634817435686674,6.93104437414426
7,2023-05-31,17.784750357377675,33.370657652795714,53.704689348832844,5.69042389747333
7,2023-06-30,6.67284214572204,10.261597958228796,25.53223993711654,6.354738636354355
7,2023-07-31,35.25045595080333,58.21979746522902,68.2798033919277,6.474389985108749
7,2023-08-31,17.666317245373218,32.3412865587293,36.80286875124328,5.734115341874594
7,2023-09-30,23.225786159037035,44.89132249076801,54.39985329168614,6.910374487321544
7,2023-10-31,6.218191797166436,10.73948388531914,51.73035518872485,6.944997250649474
7,2023-11-30,15.125710353282974,26.37230027171374,89.75725108913255,7.037788186335019
7,2023-12-31,18.822230568846127,36.93386812824581,94.74028617204092,7.5244320709376815
8,2019-01-31,6.773561632440993,12.255354764737826,41.60881685299338,6.723411377326365
8,2019-02-28,13.416601308643846,22.222863397325785,31.82015874347809,6.873024146801383
8,2019-03-31,14.626221889769104,26.12168286550059,61.45331488634906,7.519303034604408
8,2019-04-30,24.405158096949368,45.59193414516316,55.751784005630725,7.046579168849871
8,2019-05-31,47.913984780572335,84.28845945082682,83.06883607755033,6.035109884097487
8,2019-06-30,17.166718405850098,32.68319410463368,68.57264399736944,6.8014045167432835
8,2019-07-31,19.24072070879838,32.516089649641756,51.729287447492815,8.248707563209926
8,2019-08-31,12.971857952762486,25.3929524367744,66.9917898884339,7.0230031933681705
8,2019-09-30,18.32261436729882,36.151210907037765,47.001147000256715,6.728263446373228
8,2019-10-31,25.980137743049433,41.10808804915032,47.67075253723364,6.811716689254494
8,2019-11-30,24.46246722353007,47.75016194970371,81.52603866572429,7.277970725822921
8,2019-12-31,13.58375600758133,26.458739833789974,28.78806031242116,6.04752777299468
8,2020-01-31,19.44089832923578,38.38046600473957,34.46148222158626,7.245090758745371
8,2020-02-29,3.420204223975372,5.253400885639787,30.849539980705682,7.377449583274942
8,2020-03-31,23.19954763946866,37.6528628064752,44.251044373769766,6.220963632073243
8,2020-04-30,17.946303188165576,35.19258817192962,77.7149833037576,8.416747805947136
8,2020-05-31,7.337414147997553,12.826882659711636,39.62910416772725,6.371676374685476
8,2020-06-30,13.315763224425703,21.95807686327203,82.03484547070501,7.084256701166715
8,2020-07-31,23.731555460799008,47.17679994256115,56.69045351678911,6.701552607634015
8,2020-08-31,33.986037427995456,58.94946243260225,73.73979412769312,6.162765269773377
8,2020-09-30,27.24596135568376,45.02069405992506,62.83185595475777,6.554811470869961
8,2020-10-31,31.94153787498854,60.96945378194593,76.75565156415983,7.313805606296225
8,2020-11-30,51.38117471930624,99.45683385237776,88.22124948543303,6.304552934370615
8,2020-12-31,18.41485600922515,32.98624530315878,44.28220670463338,6.758829212393632
8,2021-01-31,46.13754997388015,91.38505073265176,77.41252528345247,7.62880952817968
8,2021-02-28,5.625802389179992,9.215736432654007,33.20169273321091,7.203028061214041
8,2021-03-31,13.351085586257735,21.623492234149946,84.42930815191103,7.051458695261618
8,2021-04-30,20.597959729946137,32.912924011884186,67.02615057627426,5.842977966999947
8,2021-05-31,18.628658745855013,33.81649894435958,87.00568214318922,6.329971554819595
8,2021-06-30,16.91531152471357,26.16849286763292,63.092306200253574,6.891542504786731
8,2021-07-31,37.95911038111573,69.75233050085279,96.35472793633117,7.795201784286819
8,2021-08-31,15.235970337055642,28.845698048201807,64.13967214991341,6.715425900663733
8,2021-09-30,10.376747019825608,20.604172192864958,48.44077391775416,7.549743512666541
8,2021-10-31,18.525474009830084,28.9807624951013,67.43973051697147,6.905644200130083
8,2021-11-30,28.186808241222987,53.728528805951775,66.77551047348464,7.410116199152992
8,2021-12-31,45.72464524995519,75.95458896768618,78.7244007607021,7.408653101869163
8,2022-01-31,33.21087383922711,62.22430246763983,98.07287223328582,6.43736755509617
8,2022-02-28,26.65953429697816,44.52430468421168,87.83810356791389,6.453233856770163
8,2022-03-31,11.130088939354378,19.778492951785097,25.489405782166525,7.199224022756001
8,2022-04-30,11.665747597488465,20.88072133231729,35.47904252342156,7.122702030602905
8,2022-05-31,3.9097084932821784,6.347814582967181,37.188673356783646,6.576893357356132
8,2022-06-30,50.68047716201764,83.58599141527985,91.12879797965472,7.44161628765449
8,2022-07-31,21.232047832866304,38.02049233883931,94.28073484499865,6.261193796540278
8,2022-08-31,7.521591740245426,15.008255309316617,57.166557351265794,7.128800428699065
8,2022-09-30,17.097071177368967,29.16634066579514,43.57128153810389,6.8181933520491915
8,2022-10-31,49.31072406802337,85.58082600079366,89.2547459879423,7.855553645838525
8,2022-11-30,14.510766548621744,24.82152887865977,55.836169925510404,6.284584399187664
8,2022-12-31,20.974635884392033,37.86823774062567,35.22783287720937,6.761723099283238
8,2023-01-31,36.65144757541542,62.310306365849236,90.3448513952618,7.006111774207585
8,2023-02-28,21.022955524815508,34.78835900122441,85.12319423735255,6.401667203857802
8,2023-03-31,12.453675683384558,19.791696935428092,46.922728491612816,7.329477067390518
8,2023-04-30,19.332435236475046,35.26064423109377,89.76185878471136,6.776833960616408
8,2023-05-31,4.236551229111879,6.673226169884333,40.71509679625943,6.612769178037845
8,2023-06-30,35.094552127455614,66.76257718354924,60.134592781531495,6.8068477507610465
8,2023-07-31,25.5182702304181,41.76268584994649,71.16182197500395,6.88920015280748
8,2023-08-31,51.420760567251904,87.45493163474177,93.13281609041988,6.279509182737541
8,2023-09-30,23.62103423356354,44.951970789917844,47.53665689744792,7.659098533617013
8,2023-10-31,20.161409422165793,37.40937362428477,43.42236805366109,6.3209125392612036
8,2023-11-30,15.858262894655867,31.44418529723622,57.9281116615861,6.993333576481769
8,2023-12-31,19.629844675181335,36.69604521245384,50.00258785874221,6.828646723193368
9,2019-01-31,43.04224241923362,85.83187239571923,88.77826894747793,6.742414550453991
9,2019-02-28,19.47192150440147,35.00032607275708,85.08786274714937,6.936740551523025
9,2019-03-31,49.50626087324407,83.50730093217287,84.54200213215539,6.781131338797838
9,2019-04-30,29.540604191177017,57.539970481804886,54.718551011230446,7.090994941311399
9,2019-05-31,17.67476421339551,28.233613586074316,32.919879701960575,7.252668573823675
9,2019-06-30,29.632813579752305,52.206225595635104,61.479372106667036,7.263919674957793
9,2019-07-31,21.484569839609343,34.28173738271713,40.3535460696326,7.3286005506480265
9,2019-08-31,30.416517533059,56.09786845271557,53.29389892867715,6.930365646666207
9,2019-09-30,51.014268626410406,88.04728735354098,98.39905610034737,7.201134038600649
9,2019-10-31,9.210845205132948,14.00322947598443,32.268799530024616,7.660497894770355
9,2019-11-30,27.038144652709793,40.8544543607193,54.306473842525314,6.388389884969035
9,2019-12-31,40.04964166396466,76.30186440974661,70.86211395393994,7.712313866038622
9,2020-01-31,12.819283437217244,24.28148681586251,84.76361325790924,7.43922678649922
9,2020-02-29,17.725355595840682,28.11129464130197,41.114095481874855,6.492812522009025
9,2020-03-31,9.6636701174984,16.5819162007717,29.44174790474556,6.903347886776015
9,2020-04-30,18.083370555847722,31.0699559943798,95.57243408820953,7.735792541284947
9,2020-05-31,17.812847408648565,30.703403241545487,97.17272373807074,7.258615025138694
9,2020-06-30,7.641635035628789,14.632465180982008,33.48248045678668,7.633423620283562
9,2020-07-31,24.507627515808245,48.17629827502101,67.17837852883017,7.54476829153832
9,2020-08-31,20.39291908490672,34.446433080263795,59.08620497165175,8.182703885999986
9,2020-09-30,12.60215332018565,20.458004393583813,60.48794887232174,6.801442334216073
9,2020-10-31,19.942698902107953,36.2580086211642,73.05326685454162,6.979264111000426
9,2020-11-30,39.987460364579555,70.38154383980988,79.80130730655824,6.64000523338903
9,2020-12-31,32.47967159991142,49.01244008839702,58.269977598864045,6.537968596329467
9,2021-01-31,12.304990209573928,24.439123841042985,95.06899743222708,7.236572726633893
9,2021-02-28,12.696533858478594,24.08432991082936,25.030771707938115,6.648544280980216
9,2021-03-31,24.995585435527413,43.37686895266992,74.60202952459792,7.111651169776103
9,2021-04-30,25.932443763255055,46.198816388274516,75.56440874612505,7.491740947772596
9,2021-05-31,20.197026445089723,33.007794353296916,51.7466349119539,6.52269094902497
9,2021-06-30,8.00658633149498,14.959526345466495,50.83794200455475,7.259109475222706
9,2021-07-31,39.73880992502418,64.57293274170249,70.10402394863395,7.436076552842027
9,2021-08-31,27.24849830356056,52.23689148614717,56.3598699845217,7.162018221353267
9,2021-09-30,31.13572340248481,59.58066876350419,84.98220570964298,6.179882066668265
9,2021-10-31,24.881557932508745,42.23396599491809,44.87761886054106,6.726092381636702
9,2021-11-30,14.532055742722465,23.35429423587324,96.49931986653537,6.9135771625929445
9,2021-12-31,21.300626957311202,32.211662940918195,35.77657188881596,6.78211775151469
9,2022-01-31,34.72422988166371,56.646219787721215,84.30271778095852,7.846662817870191
9,2022-02-28,28.56310777798535,56.306492929860966,62.741440538722166,7.015337588035354
9,2022-03-31,23.71905739412737,36.64387718155503,87.41433642306681,7.8459174187622915
9,2022-04-30,19.60875388570178,32.95512267726737,56.40692428619912,7.772618856381843
9,2022-05-31,9.499153214791276,16.141717389843617,41.00223010247284,6.735892992575109
9,2022-06-30,24.01895897502411,37.43408886231715,44.74346311229083,6.644833754892554
9,2022-07-31,13.425070490105254,23.3648998343981,38.86945140796131,6.856503907104501
9,2022-08-31,32.955223387201116,61.01573182787946,82.58956923443915,7.575243525016676
9,2022-09-30,6.311718567185885,12.37159005201557,35.25417072800993,7.0483719564695235
9,2022-10-31,20.81096919268405,35.58750958662251,89.02224463959678,6.703289694911039
9,2022-11-30,12.863984561772188,25.2433256151372,70.5968277012707,6.43694301211063
9,2022-12-31,18.07904772410823,31.664033443971444,41.0725054242159,6.256320041637128
9,2023-01-31,15.050463810489747,28.08635205763634,28.891155819549418,7.218911883121786
9,2023-02-28,7.633845987601838,14.685252942902123,41.17298220443869,7.162772907661036
9,2023-03-31,28.283137672917782,54.63704014485178,51.76749153810662,6.9002781420559725
9,2023-04-30,27.973034363016577,52.93834674445102,89.7951855594966,7.217793958345919
9,2023-05-31,8.369865839405344,14.87460164796342,39.40252392711221,7.602909210358021
9,2023-06-30,20.61278766476153,37.925580277527516,73.28279560759336,6.531602382520308
9,2023-07-31,13.689604392459053,24.492275098986998,66.90470826434043,8.355397149520266
9,2023-08-31,22.006905732375564,38.88093651746366,46.49954359652673,6.968127357248017
9,2023-09-30,13.558077971713182,21.065546500985008,32.59488857405573,7.2370211557561035
9,2023-10-31,19.27777708965078,37.011064213360314,40.878758384647426,7.348032708538525
9,2023-11-30,24.391647329241636,38.19500706620528,99.78776885692933,7.154863389568001
9,2023-12-31,11.791439234017817,22.722199702683817,56.71513067943153,7.237875995915766
10,2019-01-31,10.134533437675639,18.837075316794206,70.10580415027086,7.021515486660641
10,2019-02-28,19.55870707069609,36.08198122466014,65.50218941955158,7.343428955506128
10,2019-03-31,27.52652883678968,48.77948808212639,75.9435250993206,6.897935115563642
10,2019-04-30,4.693261914705756,7.34980493864813,35.10893386880786,8.558840564604024
10,2019-05-31,12.992221592586638,24.22056036310913,44.94214315204464,7.218366277782417
10,2019-06-30,10.069932957403916,17.89863576333733,31.99655385414764,7.200603581741498
10,2019-07-31,37.352404114442386,73.34828861584728,84.71394613254026,7.4524810207471
10,2019-08-31,7.318048582105404,12.855974387114003,53.79616706972294,6.887096625461979
10,2019-09-30,16.503026137931194,25.82481208982812,35.43700081809714,7.228124744264266
10,2019-10-31,34.585648364017196,68.76494948967068,76.55424345142859,5.5
10,2019-11-30,25.181909487394734,49.132998039195776,73.35042145542133,7.120901035777874
10,2019-12-31,16.923417366063084,30.081422365819108,95.75710804489641,7.1507035348905585
10,2020-01-31,11.716239579760847,18.792992177370138,92.8143405664321,7.529782786311698
10,2020-02-29,31.39150893504018,53.09731420099325,77.17582474115044,6.7223597515473354
10,2020-03-31,17.617263470500912,32.475379804796596,43.83688010187143,7.64139748441949
10,2020-04-30,18.871079962128274,28.84180333265393,56.44369369892244,7.039003709239429
10,2020-05-31,7.964020180340807,12.883424310697423,27.210726409333574,6.6146062984798615
10,2020-06-30,15.075885169831079,23.268595367905263,25.60811476646599,7.717204022517414
10,2020-07-31,11.777352108869332,22.242624218065057,77.62852255495714,7.388114252362053
10,2020-08-31,14.324664321547537,26.60244467544553,57.429727013881745,6.758033277524383
10,2020-09-30,9.62844099750636,15.676329203752749,30.213157858643967,7.474071475236025
10,2020-10-31,17.352125327833143,29.46699897696962,74.73608720498669,6.847022784234204
10,2020-11-30,16.032698482333082,28.068052380873592,30.837936483288555,6.938153405244108
10,2020-12-31,14.843175179480326,22.557244087249074,38.438475596899195,6.813628877985655
10,2021-01-31,30.915459573965176,56.75683959084843,69.06343595700844,6.9634463489955305
10,2021-02-28,51.493825047018404,84.71492507228203,91.81180986329706,6.604614540457323
10,2021-03-31,32.90791414683773,57.667077192826596,83.99077419325357,7.369972025689658
10,2021-04-30,35.894651193538714,66.63872209720041,87.45843032674709,7.839873691110765
10,2021-05-31,14.631600719823133,25.680016917736875,36.82777159446189,7.1892510744587605
10,2021-06-30,23.464324179595764,35.4616852159051,54.76659836686892,6.705304702574779
10,2021-07-31,17.223942836936764,29.163953348478493,43.288204747457904,7.47577868886525
10,2021-08-31,22.813858417790527,43.25159757830943,90.41533967491712,6.153250454582464
10,2021-09-30,20.489014937535124,40.414043316501235,39.48683133407349,7.2662321538943475
10,2021-10-31,50.08300688636349,85.74826056714788,86.29444517406421,6.427926761486239
10,2021-11-30,20.57470362749958,39.4578652999195,56.87464303148974,6.968305073982594
10,2021-12-31,26.407548460350622,46.212909617310245,54.501462906082146,7.241395062030159
10,2022-01-31,18.72997223701046,34.986983085126575,35.56779577659877,6.750063784794574
10,2022-02-28,14.228003339164378,26.032827807704702,38.96237768095527,7.2715161396448265
10,2022-03-31,9.177413642689865,14.440185751676431,51.18702899243124,6.876332018051791
10,2022-04-30,15.743306478044111,24.453758996638783,72.55412920082375,7.166615267495011
10,2022-05-31,51.3291490809045,91.70335521897559,92.94918629869017,7.1050041540112945
10,2022-06-30,29.992643656779897,45.3212334305282,56.105185189749534,7.307581992139291
10,2022-07-31,10.557199012367722,15.914713428639882,62.62846125163689,6.854779258994426
10,2022-08-31,36.1149618519501,63.69891461356208,79.72747205850406,7.2220725855436285
10,2022-09-30,28.736576697017487,49.25195583276033,80.19264894013936,6.725385930252301
10,2022-10-31,35.42245874748172,56.98099396679161,63.76275758008744,6.5822948588040875
10,2022-11-30,25.43363092227347,48.717134361699756,78.55989952016145,6.492020168402716
10,2022-12-31,40.11924678699344,79.19212142988044,66.87883581776664,6.816322095615876
10,2023-01-31,30.98309618417264,49.99816984256488,52.53496264826988,6.96585242635493
10,2023-02-28,43.42840783042425,77.50127219811269,75.78456164304265,6.50875593855036
10,2023-03-31,35.81619787044943,67.1486689395511,94.60795671085656,6.955543704548269
10,2023-04-30,11.023126068775026,16.973638836384364,38.96837037248311,6.655637921737863
10,2023-05-31,12.547464309336167,21.811408785478918,68.75767260331638,7.6275527082915415
10,2023-06-30,35.54437987636957,63.830585348732164,81.96149268912302,7.343354602174283
10,2023-07-31,8.038487524393464,13.229408881636628,25.90468883668006,6.546892333976395
10,2023-08-31,20.519596722384637,32.18415460962404,94.14667225995628,7.0709899569370025
10,2023-09-30,16.767978053703786,32.64771107999147,50.57628198394023,6.292237966543147
10,2023-10-31,56.42684620186495,93.45663466236797,98.72086912151659,7.488936136105568
10,2023-11-30,20.025417660853805,32.2669918885623,51.10226145311897,7.0427566648198
10,2023-12-31,12.134524474635565,22.34583796314926,48.97135941310535,6.142145840680936
11,2019-01-31,6.399142367609811,10.520121606907797,61.97763411551536,6.683072680861389
11,2019-02-28,33.12920615853106,63.50730672564413,92.05804883535501,6.904035964795449
11,2019-03-31,9.462501503913494,16.44403264496232,66.51481640178875,7.541333725712687
11,2019-04-30,24.744526704726926,44.91627633158158,65.6603131979625,6.886431109877807
11,2019-05-31,6.442028286835187,11.9915167995329,47.591931104670955,7.66271175784688
11,2019-06-30,9.212473322099243,16.33191169457219,60.85727641136662,7.419542421213743
11,2019-07-31,26.812146183806604,43.88759443130783,78.00928782976109,5.944040875567902
11,2019-08-31,43.73565043634359,80.23480052023123,79.4636601209846,7.038963726050157
11,2019-09-30,38.367955611184804,69.1338133666143,95.67508712012777,7.186823340297347
11,2019-10-31,10.405122027666497,18.125925161106313,99.77663534212729,7.660343640998753
11,2019-11-30,17.42990789498878,29.782371438670395,98.3702114499241,7.2603113825842795
11,2019-12-31,12.73196121052583,20.640486436500733,39.4602096007455,6.872302511646916
11,2020-01-31,13.675663665248818,23.265347676407764,56.055086932586235,7.632930218816025
11,2020-02-29,34.73407101320129,53.8441923708263,98.13016919490376,6.914471245820353
11,2020-03-31,12.051231048711443,21.420651304365457,72.5334279657438,6.87385998797466
11,2020-04-30,14.030030848821957,27.888930176017546,69.3632149101237,6.891546502629682
11,2020-05-31,24.94632722748924,45.01170871392595,90.1242972737776,7.838461496728774
11,2020-06-30,27.962868967614643,44.56458209589309,54.655375789728076,6.418330162724424
11,2020-07-31,10.537882296425702,19.67138245239997,58.61699365811685,6.401314242099411
11,2020-08-31,15.333069787169821,29.400927866933117,35.81017479920463,6.005555322544107
11,2020-09-30,38.46295102665244,75.81321661801864,92.71757583725285,6.955316668131598
11,2020-10-31,26.47883989515452,52.12508568787959,71.73605255019676,6.687074733644448
11,2020-11-30,34.75750632642722,53.282021384109335,72.07149054870294,6.640334793952606
11,2020-12-31,46.72345406120079,86.57707965568535,82.49179707750649,7.026139491222725
11,2021-01-31,25.610486927992774,48.604948220558065,65.06424188564644,7.049959923862451
11,2021-02-28,38.42796135381487,72.05217745653123,86.46384390325532,7.2492336613070325
11,2021-03-31,7.2317739756212225,12.26452101516024,63.24174611542077,6.455845123818365
11,2021-04-30,23.562590426405706,36.22774301636717,50.75654620980055,6.583958211542766
11,2021-05-31,26.46095942403494,42.47819786430985,92.17384228014389,6.927065789351676
11,2021-06-30,29.038047558309664,46.065808401937865,49.39158935309757,7.199053900506416
11,2021-07-31,6.159387617023242,11.37521137008925,51.82304121916835,7.081912556749858
11,2021-08-31,38.855432753553366,69.34027013934885,82.34640505102138,7.162910960198921
11,2021-09-30,20.233291154606594,34.53289920072256,53.67734484375331,6.169360625633992
11,2021-10-31,30.35414385429588,57.65295145735862,79.57821388054283,6.869665428041594
11,2021-11-30,21.774865013706883,36.21508729776821,43.24764459872254,6.767286003370221
11,2021-12-31,11.246765443284808,21.862689212582513,74.45313905646196,7.130562668253072
11,2022-01-31,39.400192078759915,71.14329935362838,77.03184402618065,7.114281803349939
11,2022-02-28,12.380922596407414,21.096225598116042,26.384291915495815,6.692609463145708
11,2022-03-31,23.84760635018385,45.38623118265452,77.87758916974995,6.895514224375336
11,2022-04-30,26.032637940493956,41.30563721997529,62.037695548894256,6.389607458162837
11,2022-05-31,27.88823480245178,52.6612268299923,50.56574046879524,6.447010176916652
11,2022-06-30,23.080490231102655,44.451140918873506,44.211316388031165,6.311699984230592
11,2022-07-31,30.37711694199915,55.848323503940605,64.31934459278767,6.97049207194464
11,2022-08-31,48.9076955996926,91.78761311380745,89.29958676501647,7.925670059745539
11,2022-09-30,19.79058135883462,33.695010477939725,64.3826798606683,7.21577918464299
11,2022-10-31,38.52282156443744,63.80161067265135,81.69384359688532,6.328400890161537
11,2022-11-30,18.795201393098353,34.01899774213567,63.57874348832651,6.647507426180967
11,2022-12-31,8.111899747390725,15.670661222587782,31.11174829819574,7.02854599238787
11,2023-01-31,26.642329971124354,50.96355960882552,52.863968143267996,7.358707056615454
11,2023-02-28,49.94673506993624,87.99796591799786,98.62633794527866,6.868888652453871
11,2023-03-31,32.25162260220633,62.62989879605685,61.40292784034129,7.577107446145737
11,2023-04-30,17.579107375545334,34.01918377134987,43.96066834737367,6.482918393919329
11,2023-05-31,16.52055767789142,32.98854238564971,51.958376963667945,6.901290411241179
11,2023-06-30,30.784781942448525,48.47655826263466,90.78689531996044,6.844737122178863
11,2023-07-31,36.038604531632686,62.3673598804773,60.1874536425549,6.949713173225136
11,2023-08-31,27.402452675487215,42.32275296869865,82.95581084098092,6.015157771824092
11,2023-09-30,51.5554921410781,91.4545861371527,89.59370388872988,6.589954359234968
11,2023-10-31,12.117937027258307,20.082557607885512,29.58788163744578,7.352451430105438
11,2023-11-30,35.9453019091465,71.04726573722661,77.51406706228424,6.386976301955176
11,2023-12-31,46.759037792058045,76.87535311182397,86.17819525015548,6.856690980750893
12,2019-01-31,3.9773695781377603,6.288265882118786,37.16721783223727,6.7765020339927595
12,2019-02-28,24.758765705918087,39.722293756068524,42.96961622240435,7.805557491205978
12,2019-03-31,7.8751303693389625,13.921097549208739,61.43654191452993,7.119716010695613
12,2019-04-30,23.33760458214222,43.82030750434448,80.83110355266756,7.270051393564865
12,2019-05-31,54.42543265947893,93.26948446296016,92.62400400345288,6.914900278060801
12,2019-06-30,26.489317639267547,46.491612430110536,57.036826052578284,7.1716569729505775
12,2019-07-31,31.339878333493044,62.22494185155835,64.68274507453289,7.02358353663169
12,2019-08-31,4.650175945756301,7.450667030619676,25.081526485369942,7.1430207962568435
12,2019-09-30,30.223720635264463,47.562531214053095,94.95114267703767,7.326076763089849
12,2019-10-31,41.7990331598592,76.58302427403719,72.52990037932277,7.161316159155152
12,2019-11-30,22.250134986616512,36.68288206520211,41.05393421705756,7.251740398301999
12,2019-12-31,12.697756266146364,19.222065538615293,74.82511333467085,7.368327013317652
12,2020-01-31,45.32120059848582,79.16455139194095,87.54930715743224,6.920392847580326
12,2020-02-29,10.391037449204738,19.52712721073396,88.18585286511738,6.5067650467594085
12,2020-03-31,5.780960442395873,11.181714570892025,52.88522434559018,6.231476957804977
12,2020-04-30,23.738112694514996,43.77289015924974,53.54403961733253,6.520000471352335
12,2020-05-31,7.844312781848829,14.415711741788936,49.211087328538255,7.130424070954143
12,2020-06-30,14.991691111388867,23.93274995231511,68.53894575072776,6.706401027063056
12,2020-07-31,24.93816934647379,46.859736697463795,72.05316283265216,7.582606706756838
12,2020-08-31,12.430398972640495,22.8227370182194,45.047131155737844,6.809400954755036
12,2020-09-30,4.692586565312165,8.877332066401129,27.408981705086084,6.516064054932051
12,2020-10-31,8.754996804660497,15.527110043993442,56.33586871761252,7.094421989991761
12,2020-11-30,12.929079837416797,25.412954410143897,29.000512225388768,6.384570384354221
12,2020-12-31,5.0275474848417065,9.983205687634051,38.05819356499263,6.172711299360908
12,2021-01-31,5.450814584208,10.534219221962744,31.2760741185773,7.859572167169343
12,2021-02-28,43.07132618665219,64.69160982231257,88.14790890304718,7.26879700813512
12,2021-03-31,23.507281323049096,41.085140345918376,62.15943946772082,6.781625938375386
12,2021-04-30,22.339891288812698,40.83986791642343,51.659488891310396,7.000746587681727
12,2021-05-31,22.156142027454386,35.64327344600005,53.87809283803088,6.8983208682490025
12,2021-06-30,31.006575449270375,60.22534861598829,54.880576162302425,7.225909128247775
12,2021-07-31,17.588873149666735,29.736326909186968,48.97360206907186,7.320646165740685
12,2021-08-31,30.565930799342613,48.056913271162685,82.15813500230782,7.000667162639214
12,2021-09-30,18.909593011189877,35.51289273508906,42.472915905852936,6.940018435566353
12,2021-10-31,12.60315055266239,19.57659520248465,80.05032629497035,6.545901546116178
12,2021-11-30,5.175012415718909,9.749914829958698,50.918565501152315,7.2505831182189135
12,2021-12-31,41.30130221146057,74.82622577180942,82.05958818650484,6.667845647828428
12,2022-01-31,27.938702910289717,52.447531562622366,73.32971217113993,7.339442404826224
12,2022-02-28,30.747117733009272,46.2780073934453,90.0733024684,7.06471580252439
12,2022-03-31,13.048078946972149,24.218485368272397,26.661965165839117,7.129716648359093
12,2022-04-30,14.22867551686236,23.99996385424493,80.45082497164786,6.773475122805127
12,2022-05-31,57.11866332726974,92.0180251092851,99.48780921987495,7.588760496912272
12,2022-06-30,9.845089022736053,19.294063984493732,67.78434364658958,6.661508436854909
12,2022-07-31,35.96133030327703,71.38128690676488,64.990049827678,7.26033448898814
12,2022-08-31,30.689637222419325,55.682437276624796,96.55979522931815,5.897987123244329
12,2022-09-30,20.785584001854517,35.771617058940706,72.22544888949155,7.580952419856452
12,2022-10-31,24.580809278767077,46.166837615619606,51.25291760394647,7.842053699060697
12,2022-11-30,11.415852862033779,21.315587090047018,83.49716517915844,6.435557326400012
12,2022-12-31,16.766927514493506,25.911929870442844,38.260124984804825,7.577974824600332
12,2023-01-31,6.478877932151896,12.45536450822238,34.67029790648629,6.687772945620056
12,2023-02-28,41.38101592951505,65.34336866001726,77.87277503554044,6.870609889831389
12,2023-03-31,41.41291575880244,62.51485207177303,89.54533677622821,7.252289028093829
12,2023-04-30,18.03612910616863,30.920701536901092,55.44158144535441,7.410239309791549
12,2023-05-31,39.29157852207796,74.78292727977976,90.23592743604422,7.047148783779384
12,2023-06-30,35.563470487827814,57.023198309586824,75.07554632562152,6.053677573782685
12,2023-07-31,16.99201471211807,33.127167052971785,71.76308574671667,7.038188508305034
12,2023-08-31,17.274099080650846,28.701292065011447,55.269210307386075,7.8882593455455705
12,2023-09-30,23.78451170831155,45.28042479139475,59.78354480206921,6.200972254035553
12,2023-10-31,18.588060708125134,30.686836322241675,80.90893101302653,6.80793837049525
12,2023-11-30,44.90571298788957,76.8911820361777,88.56735972088711,7.444478431433583
12,2023-12-31,11.350031972707642,21.354264991400953,36.569820329886255,6.7247930064176344
13,2019-01-31,16.135146876213682,29.63535633144022,32.56615210400948,6.1948684406041
13,2019-02-28,10.711425481634231,16.469665908414065,26.0244912576469,7.376594974866275
13,2019-03-31,19.797504523741623,35.774522329019405,51.066874548370144,5.599044215256054
13,2019-04-30,30.883988070340216,59.79366871324341,69.49533197409943,7.217131824961036
13,2019-05-31,21.590081498154316,33.19768915613973,89.63613821094306,7.748378392995237
13,2019-06-30,28.517715866176182,43.334815848114204,61.412191837440446,6.961245994426857
13,2019-07-31,15.236178577697652,28.929610105637014,95.19798311571009,6.1696377524449915
13,2019-08-31,26.462917629624624,41.912259646944705,67.08325815763006,7.428974299812172
13,2019-09-30,13.845608509246068,21.331861994141033,87.83180840127545,6.983759325029057
13,2019-10-31,8.610888300938873,16.74295423718129,55.77531957518282,6.89063099352459
13,2019-11-30,9.419470903774561,14.790093011445979,49.59621762411146,6.339765934489864
13,2019-12-31,42.35402080098489,83.55106470692567,84.2555595222456,7.192901387562349
13,2020-01-31,53.657707986825145,102.24895488821129,89.85354721564767,6.737591401853567
13,2020-02-29,34.37128621380346,61.31728377887886,59.78722988624741,7.202432846481805
13,2020-03-31,9.4755991000955,16.35173830297579,37.39933254854064,7.199998276471804
13,2020-04-30,22.42317943170288,35.729903744738486,74.75937422620694,7.082929513399336
13,2020-05-31,21.65660119869026,43.073853508677104,68.24229725669551,6.4263467581254945
13,2020-06-30,18.175879251440648,30.025651699290226,59.94750611396025,6.892376070952304
13,2020-07-31,13.101867017677911,25.00399922053934,44.892062153396594,6.596745185487209
13,2020-08-31,21.570471854959404,41.62208440434073,41.974812980280596,6.77038980100538
13,2020-09-30,43.321508358456626,82.15712387673324,75.83203707720034,6.715324288209431
13,2020-10-31,13.662832952065243,21.04139233553623,50.193538383001716,7.295834024846566
13,2020-11-30,23.19038706748845,34.973069546356946,55.24228959606158,6.910699835283223
13,2020-12-31,6.858782300133926,13.337679260914419,25.090271043176344,7.016797316663425
13,2021-01-31,29.39694798471178,51.90035766945418,74.91047238529747,7.530908322994866
13,2021-02-28,23.768618041058883,37.57549162015238,91.09936670987138,7.707014567780994
13,2021-03-31,27.394435617473057,54.07548012099669,52.69907081587568,7.314165022870898
13,2021-04-30,42.59480624924745,76.64581878862148,72.90243211623795,7.178580868072025
13,2021-05-31,52.328243415025895,84.78020222344672,95.18507320409655,7.3442479872807835
13,2021-06-30,38.693135784618995,61.10367807090679,68.13344252045212,6.8827462324270545
13,2021-07-31,13.805413823079835,24.43027102257861,28.902837827092032,6.666688222015976
13,2021-08-31,29.975109709701584,47.220685655357265,70.2468632959013,7.418852799687944
13,2021-09-30,34.65383521709566,60.9032031580742,91.23742584817134,7.2958285419677225
13,2021-10-31,37.807101396938094,68.23980936173173,71.1305005013883,7.418109784525678
13,2021-11-30,30.73770007554022,56.83758822517219,55.50430779805738,7.130930329645137
13,2021-12-31,24.632840187186186,46.34463720823986,47.9544398662132,7.617084929395688
13,2022-01-31,23.07175712134255,38.914156874678966,52.530621305877595,6.8532387680592946
13,2022-02-28,14.493157425034285,23.17749622471887,49.40428176709296,7.191776201853562
13,2022-03-31,43.14362895275731,71.03004069491776,79.94648660966946,7.244584316918435
13,2022-04-30,34.745383526697054,60.33386521629565,96.65606235595725,6.726836867844044
13,2022-05-31,28.152568982069678,44.983561786814064,81.2764841806257,6.57225865203721
13,2022-06-30,23.130843759221822,45.76202456734709,51.43565811967746,6.863186194803366
13,2022-07-31,7.263570230162709,12.109266351677846,36.53875415254576,7.012557042013006
13,2022-08-31,28.112363111358796,46.33050436003188,55.05244609324397,7.2874211628852
13,2022-09-30,35.32034229336731,59.603796357944816,62.61839874298421,6.992264577616477
13,2022-10-31,42.038482818370134,69.90671983436079,90.54985087098125,6.509668543884983
13,2022-11-30,32.53839091813706,57.2586649674336,68.06714607457468,7.593713575841
13,2022-12-31,15.965425632504802,24.830099055186732,58.907665432323576,7.26061499532227
13,2023-01-31,26.017679918927623,43.48117347950751,87.21180047536818,6.789484827068753
13,2023-02-28,10.923026429376927,21.030202230591712,79.79247028250536,6.251225519419919
13,2023-03-31,13.673662326518759,27.171738674730523,30.75042864762175,7.131987154718079
13,2023-04-30,20.429291078320276,39.67795273898024,72.79786198212433,6.358073056570681
13,2023-05-31,15.05853340413033,29.767499699131786,33.44158805241368,6.871632710578716
13,2023-06-30,25.002075684196132,39.428123219981316,73.35376283610573,7.589150722471605
13,2023-07-31,43.416515326638404,79.3124376187185,78.05964926663911,6.612598910932236
13,2023-08-31,26.268741415911105,52.24050082982061,61.2993062749405,6.733696621663252
13,2023-09-30,6.269531068701639,11.228075808063995,28.90668909716933,5.971556868289213
13,2023-10-31,37.98483929367746,73.0782402977057,65.68343545579052,7.134255262873545
13,2023-11-30,13.038492957982156,25.714074039873058,53.247988884789685,7.756620540588356
13,2023-12-31,34.88611704835986,55.915554208198664,82.14773084478651,7.388207459319215
14,2019-01-31,25.119798100362203,40.03021985345183,93.0972038890788,7.5991842846867295
14,2019-02-28,7.733174406713217,12.977788161162595,42.67317489997652,7.00716821108788
14,2019-03-31,33.229087101438175,50.3788741613621,68.63391446458941,6.036258786232953
14,2019-04-30,8.165086253469248,15.213480786871072,74.88080799988211,6.806424472075088
14,2019-05-31,16.54608539356139,28.820637069694836,40.559440110990884,6.785049947396057
14,2019-06-30,27.849155118196673,51.309219366648755,50.397977101485125,7.838812721078067
14,2019-07-31,10.885790046320219,20.528150372377894,39.008297997705256,7.085277576973053
14,2019-08-31,16.963455550424914,28.66353580272177,42.64941632198123,6.693505255533227
14,2019-09-30,22.931662188612393,36.53653479345992,87.85993942040209,7.000771984206127
14,2019-10-31,10.374571291076373,17.944473224842753,32.74753583599599,8.139922741487258
14,2019-11-30,11.6401978010997,18.610258532394543,75.96304936962868,7.034542596362136
14,2019-12-31,54.61184001125064,82.79598598578222,92.58918414659513,5.594685841690958
14,2020-01-31,26.354814943068842,41.650037163744614,92.18829178500924,6.760237502684108
14,2020-02-29,16.747625375831603,28.22720406619458,58.44739528033043,7.814659258720806
14,2020-03-31,20.469737615078145,35.40690171935651,79.7850025858278,7.168037706252673
14,2020-04-30,15.688162704937897,26.575964262682454,95.01045939606684,7.250056414810433
14,2020-05-31,14.555432981023634,27.54259182292964,61.87350625836056,7.446104936404993
14,2020-06-30,20.612576718510812,34.014495072405616,37.89778013826572,7.109062184840502
14,2020-07-31,26.233220920377125,40.57918393910433,64.53429413332731,7.981776416771908
14,2020-08-31,19.996866191320176,30.318701484197224,42.79856206710637,7.167580283267559
14,2020-09-30,18.847615766818606,37.01523091683172,73.5196255823685,6.563607523236179
14,2020-10-31,17.92043886391286,34.6294901877729,55.85096866611253,6.539923884271158
14,2020-11-30,25.295051425401237,39.22721343654183,54.28174946454188,7.2606078955943625
14,2020-12-31,43.39918624412738,85.79791413391698,85.84666404595299,5.9578341893286
14,2021-01-31,10.180575291827488,15.949025407111248,42.273600654238415,7.319478407106373
14,2021-02-28,28.066615281480594,47.142584321369064,47.15327528804621,6.645755949235454
14,2021-03-31,4.265456853679094,6.6830287907650865,29.306760955168375,7.839089961062435
14,2021-04-30,11.917129309010305,18.006505323842486,33.239481778955,6.963515284059361
14,2021-05-31,23.562545020479035,43.81686819855688,95.20551263970903,7.152723121930187
14,2021-06-30,24.36448829506372,42.86360896142935,76.13476084632899,8.104693562951459
14,2021-07-31,14.451590526352714,25.379050459258817,65.38816547605852,6.716096078907947
14,2021-08-31,24.120797380031966,40.87462640443154,67.99172181671827,7.256271814199701
14,2021-09-30,25.27124369556313,44.94352505913323,81.6905019503099,6.665122350105026
14,2021-10-31,15.362798393005688,24.085342218557667,31.350236070646705,7.517698224902372
14,2021-11-30,18.27393256596123,29.172088588922517,56.186230944641956,6.0916699482404475
14,2021-12-31,31.076533194100183,52.65449446094628,86.52587612856478,7.39502160206486
14,2022-01-31,30.3694287967407,49.5373344620404,64.83600725282592,7.363119936635482
14,2022-02-28,14.85012682205174,25.483196509094043,31.356960495649137,6.51820429748964
14,2022-03-31,25.05713201221608,45.09018490579957,64.5931898373676,6.970050237842869
14,2022-04-30,16.243904240523605,30.272665096634267,30.558938078946852,6.1886429748270775
14,2022-05-31,12.142344412669294,20.09364065413653,87.32590453642518,6.47484143283893
14,2022-06-30,43.07111113117789,70.65766752964457,91.36023107201468,6.451353865138653
14,2022-07-31,11.586079940811752,22.772605783044426,55.97146720752584,7.9153719124156305
14,2022-08-31,32.96355053950878,50.25390281170085,69.7554147084931,7.246597844244939
14,2022-09-30,13.601746177170812,26.058017888474268,33.13958429184163,6.124122041605059
14,2022-10-31,46.79475072097438,78.2511486096441,92.0671032055185,7.564416373471723
14,2022-11-30,21.244020769602816,41.78169778296909,39.23341700734182,6.27868216449341
14,2022-12-31,33.10227659698289,60.950926788623796,65.89267887441808,7.049778798799983
14,2023-01-31,51.51094598387867,79.15107825581978,88.12046737438784,7.126592717570296
14,2023-02-28,18.566594623651838,34.26286449718713,61.52055349294362,6.658039237325262
14,2023-03-31,24.050549339245645,42.98277770475813,68.12279705475414,6.6181486704105215
14,2023-04-30,29.151572103050288,47.59506006143745,55.675580255220495,7.485273725576099
14,2023-05-31,15.874911145199318,31.465231137990585,49.7758818823744,7.522333117837704
14,2023-06-30,5.480077058278578,10.87840359981565,40.79841982266526,6.693200714130996
14,2023-07-31,43.479983779115635,86.40797200832867,79.7204715312898,7.328660547559769
14,2023-08-31,16.149631484281826,24.582102783841272,77.45341492999158,7.157133710900592
14,2023-09-30,43.00768717792243,78.63726013954478,81.23070673171135,6.238522764021776
14,2023-10-31,34.205116004142596,59.26787099733028,60.038060001433486,6.02411175820241
14,2023-11-30,20.33345853577925,33.65902641026488,94.48988305743275,6.9389238769526
14,2023-12-31,9.865235625548356,18.707941800955414,51.43470882994299,7.068644389743833
15,2019-01-31,19.231646749340285,35.02772476391425,34.64260793913873,7.552238851918733
15,2019-02-28,43.58134670832404,86.74762025477511,94.45055632024382,6.936420701562557
15,2019-03-31,18.779849767179105,32.95654092992793,73.382740386845,7.231548465331888
15,2019-04-30,50.50872106128634,99.88822359570618,91.63237788580722,6.754586760042976
15,2019-05-31,8.7389304044521,13.373976807954962,47.47688244059235,6.847666083122172
15,2019-06-30,31.476391220428827,56.19059011704666,62.511106237329955,7.3102504495495815
15,2019-07-31,19.929645462175383,34.88916346163314,80.33761290237614,6.595949177237146
15,2019-08-31,20.145496728146096,30.416570577212614,73.73430456344686,7.240175581062227
15,2019-09-30,31.560278800090355,51.13573175668448,76.77831787235675,7.109654456566027
15,2019-10-31,27.97179923960046,43.24538127667582,52.9350210869255,7.017647695372608
15,2019-11-30,11.031633524423825,22.004006429711385,29.173057951580347,7.2071810420893945
15,2019-12-31,14.62155563990599,28.661000467798637,77.98972242273932,7.154541808727228
15,2020-01-31,14.659018446467657,22.268174876304464,46.59294282981122,6.654980357003691
15,2020-02-29,24.722483771758856,43.96853606503291,84.1857963469684,6.944580231403636
15,2020-03-31,17.798635406153632,34.33934850749809,35.01017533522443,6.886668898138001
15,2020-04-30,34.642512596411834,54.45530471668788,78.96262412858243,7.32457386053521
15,2020-05-31,20.959194805637186,34.70812837428388,62.753346470817945,7.08868967029214
15,2020-06-30,6.943319237179348,13.580425593713988,41.115338038685096,7.4230796313701415
15,2020-07-31,33.273631476989024,62.36408512948094,78.7972058180071,6.7422803542820215
15,2020-08-31,17.118960106924728,25.78584622105143,60.13071587682691,7.013301560626782
15,2020-09-30,30.75735840234628,55.54058581848189,79.55768030616112,7.263644959418664
15,2020-10-31,22.663865264409985,45.142575862296525,49.53247490500595,6.813042926972395
15,2020-11-30,27.063883378884515,53.33494628107088,67.80514367321057,7.585559532368785
15,2020-12-31,26.830662392066067,51.773929608761726,50.65712543195694,7.0537625002154
15,2021-01-31,5.685612571305851,9.300918819674864,35.100611349399735,7.276813704679116
15,2021-02-28,33.749098026891495,58.111886410867704,83.41694838269288,7.210154908742602
15,2021-03-31,13.507250497739562,24.983299138451944,49.409957518498175,7.253642753800319
15,2021-04-30,35.7682509544956,62.88975012388356,82.63079073355257,8.091557428216062
15,2021-05-31,28.452395027664043,53.94194105550676,61.31897921725163,7.284938187989761
15,2021-06-30,13.38327679144278,21.130861594747625,55.3844555002645,6.661972816725598
15,2021-07-31,25.318058772276917,44.38262456077287,54.41049438371123,6.181599067844604
15,2021-08-31,14.668420536890249,24.731838567993268,45.16782284211111,8.261686665699779
15,2021-09-30,38.61760349590625,74.7032591795157,70.72985148924406,7.402119147341337
15,2021-10-31,26.637804582901982,41.83226428143551,69.52563057984264,6.8532310328563915
15,2021-11-30,22.73025110990423,34.837010082374185,87.02459574287502,7.754761996349427
15,2021-12-31,31.57991767542397,53.72424110614516,87.6854777213377,5.5166234656296345
15,2022-01-31,15.828365000954854,29.060782153817645,39.09879040570254,7.163936803155229
15,2022-02-28,17.975315587449625,31.296968221512724,42.93825961430321,5.5
15,2022-03-31,22.987594900364027,38.60892929736202,61.3653605947869,7.2144055902165025
15,2022-04-30,25.71961099965529,43.60212702853833,84.8628101963384,6.271976753326784
15,2022-05-31,6.752018977262875,13.271168514165254,48.85574083210975,6.7499236593926355
15,2022-06-30,26.098102602245117,41.602614710977846,68.44158921783301,7.266011216136393
15,2022-07-31,20.071743795930875,30.43533743790736,49.83915791141829,6.947145959512156
15,2022-08-31,35.583017653099134,57.83386595686859,65.79238155348607,6.90610418592193
15,2022-09-30,6.138526232888332,12.271739498286125,42.18889295733976,6.960075423256102
15,2022-10-31,12.255239648285087,22.104359632590818,58.90701417927881,6.694197426897707
15,2022-11-30,6.593039730229666,10.743681976402232,36.87919458902437,7.66581771498392
15,2022-12-31,10.176168938376271,16.046170632039853,58.9544069972455,6.679001502773333
15,2023-01-31,20.503313088757114,39.45608841261876,89.68898546700184,7.937612694241694
15,2023-02-28,22.022113993080534,40.49178954051252,39.456400780953416,7.052257018037911
15,2023-03-31,44.324824712556854,79.39907926900746,79.58167879964384,6.913593324053297
15,2023-04-30,28.810987005001156,45.99691554953928,51.632107477239245,6.435467789083849
15,2023-05-31,35.53976133528839,60.292217799611535,85.1473003766928,6.820044453216664
15,2023-06-30,10.554194864373631,16.553615412212558,53.77916310395909,8.015579356536616
15,2023-07-31,52.418124826590514,98.68844798169643,95.19069770545747,7.207137608756801
15,2023-08-31,3.917379756056519,7.133899948150001,25.63645090625823,7.125428125798199
15,2023-09-30,33.80194095314853,62.51546719261902,96.31836161108741,7.1714781337276525
15,2023-10-31,23.06607804674588,43.260704545046295,88.81044684755867,6.676487099850672
15,2023-11-30,5.37927053338567,9.450994675618388,53.32449331654909,7.192527583968917
15,2023-12-31,18.806588693187326,28.37061844089211,41.05871825597016,5.646217153163946
16,2019-01-31,12.354901844367065,22.47994465782569,84.66725218767024,7.193934044841758
16,2019-02-28,35.50503826067245,61.0448540776339,59.86461453471803,6.961288817516376
16,2019-03-31,3.226897448389217,5.351694868589819,26.30094451402885,7.197708787717121
16,2019-04-30,40.34950487902238,67.83051937151748,75.30508699807619,7.046846289972259
16,2019-05-31,22.368013069120455,40.80170441943874,81.4233228005092,7.43328576189125
16,2019-06-30,10.479842213309672,20.175597239326724,88.50672002462795,6.881870681687493
16,2019-07-31,17.858599010033114,34.68919313214242,30.075515249348754,5.989632860779963
16,2019-08-31,6.571788212582487,9.868784851687554,45.7742181540407,7.296584238284448
16,2019-09-30,38.40019114497052,69.60579449426614,78.98727338124654,8.514546495737275
16,2019-10-31,11.38460588186751,20.811792745532035,60.85802095899977,7.590900952549267
16,2019-11-30,13.712716536418844,24.90153678322559,88.15290877041409,6.002376708471174
16,2019-12-31,14.351381761899082,23.569671754153696,35.83179366323324,7.122854968723617
16,2020-01-31,7.741334927904966,11.96745858867955,48.8339056440148,6.452403033958181
16,2020-02-29,17.816196832168004,34.40579516038158,30.743975789621118,7.1940168441718955
16,2020-03-31,15.819705284964066,25.55882445913739,36.822702687473544,6.711162346942327
16,2020-04-30,13.664554639494138,21.06020841528091,93.97162769807565,6.670287470314593
16,2020-05-31,23.816882538551436,42.159774572590905,80.19604012924168,6.52622040003785
16,2020-06-30,36.473473352130604,63.440176011364606,81.37230951754506,7.684434884532059
16,2020-07-31,9.263489930888932,14.179381139069196,38.959911577607464,7.040491914037249
16,2020-08-31,7.292457689222781,12.0325240869045,42.17688094688517,7.056441997450272
16,2020-09-30,7.967166603452824,13.824657843092092,28.64000880472517,7.516553002804921
16,2020-10-31,43.00449356129792,68.71843240298344,84.86516004859953,6.557915299153016
16,2020-11-30,7.605417674115178,13.72322360833595,37.52304052544155,6.914487015084591
16,2020-12-31,11.417613382851876,20.28130407293769,25.270482707984613,6.689365406224846
16,2021-01-31,11.044230544714184,19.191027497960786,67.26837570824117,6.533653373234564
16,2021-02-28,39.06654885132885,66.98371522023464,71.86051432999454,7.624081405634196
16,2021-03-31,18.03338716455598,35.79973433415337,92.30042241765764,6.740886747946418
16,2021-04-30,23.009119868525627,44.9953133041978,61.1431203602369,7.571413789208231
16,2021-05-31,37.80329272947653,68.32235938342522,85.98152230853648,7.730208304332278
16,2021-06-30,13.444065543562248,21.584822919672547,45.19248839307371,7.127246387108844
16,2021-07-31,18.675849867274547,29.616380777669104,57.43625319044949,7.099253900648858
16,2021-08-31,13.378439290884275,22.49670485003117,78.02754160253774,7.230434798015472
16,2021-09-30,17.631117787934084,34.93374062371957,44.281136638852615,6.698192942809451
16,2021-10-31,24.432896967613832,47.849669967179125,91.61456693861196,8.019910668109752
16,2021-11-30,18.93676967171646,33.59831193150309,73.20564253010689,7.155207822293282
16,2021-12-31,19.351205483164634,37.59825766911657,76.81383815995369,6.923359160316554
16,2022-01-31,10.323283104695138,19.6804276656864,42.601264966393764,7.734028566581478
16,2022-02-28,18.43299503004464,28.06863997026736,38.641052361369056,7.24477957059356
16,2022-03-31,26.148342594695254,43.491190911933394,69.19006800728899,6.92184761981526
16,2022-04-30,6.550236060919958,12.797952591650015,57.9257493399707,7.316602794775759
16,2022-05-31,21.92893337922407,39.05613317135821,37.590917581213475,6.80947494106045
16,2022-06-30,26.92971755492295,42.33606710107865,80.40819109056359,8.279988952927217
16,2022-07-31,8.273769067254525,12.566858801489484,40.33028310741521,6.660722653164284
16,2022-08-31,38.374764700105864,60.87466903396839,66.26980733943834,6.1771623099131325
16,2022-09-30,13.409023768517057,21.048818221557553,43.916379495127906,6.554842043673595
16,2022-10-31,10.534806698784166,20.457942040898335,95.93901530483913,6.670901971139171
16,2022-11-30,4.372007796994307,7.225904016233759,25.39093888576937,7.360999920890413
16,2022-12-31,12.097497579577778,21.00284940631324,64.13416128530082,6.532817250062017
16,2023-01-31,15.486835811402427,28.047314018225922,27.1970278754028,6.891356200225451
16,2023-02-28,18.571475528303516,31.403174243241978,67.84426762227834,6.555555866487746
16,2023-03-31,13.056370733034223,26.085740078181065,85.74073112789269,6.704340346801589
16,2023-04-30,47.44956938648582,73.37837980416545,92.54439254711959,7.555344064800011
16,2023-05-31,4.82407994380454,9.619234807617019,29.73757981772733,6.626680219171387
16,2023-06-30,11.689483901894443,20.703069072965032,61.16592113171571,6.77891616732892
16,2023-07-31,5.276883102145967,8.915352562516063,26.297509205572737,6.960019292446275
16,2023-08-31,7.162831393589754,10.94821898329486,48.74458400573347,7.068467952551325
16,2023-09-30,5.160428541452021,10.26418115952542,40.42782212324274,7.063183885381167
16,2023-10-31,24.091550193453408,40.8132663255986,97.47500753542329,6.391500183602619
16,2023-11-30,21.515878313729402,42.89041562265408,56.5922300264122,6.640388342005815
16,2023-12-31,15.328834044660505,30.61215665368364,59.649875709546144,6.717676825228965
17,2019-01-31,35.23893554658044,68.55940484764348,72.38021326175581,6.519965827591465
17,2019-02-28,19.652000905240964,29.852682615183408,62.86681107092209,7.1309173060525595
17,2019-03-31,43.081216532017905,71.46025156010121,78.96170876945565,6.175507720975283
17,2019-04-30,32.7093990917138,61.85664708367159,55.17446925689959,7.735357444983429
17,2019-05-31,39.567357850746475,73.11789910357872,96.68588073807808,7.898661435731286
17,2019-06-30,45.38725210474351,82.40087829824604,85.27790680124629,7.583734102273794
17,2019-07-31,24.447167300359958,40.60653815190062,53.939153254130204,6.997233832754202
17,2019-08-31,11.843945998330838,21.59660777836034,25.961375009919525,6.707216795880641
17,2019-09-30,39.91533926934045,63.413747316599114,97.77202995615642,6.980859867140435
17,2019-10-31,33.303996047346544,56.45508740685762,74.92486262069963,6.8870350932236075
17,2019-11-30,22.667848650666887,35.3857881857306,74.08917017582064,6.453052179093557
17,2019-12-31,27.18478506824959,41.39568906438625,64.25113708143641,6.935610849389954
17,2020-01-31,35.93614286655758,62.992164766152904,96.32261398392995,7.1897548913876905
17,2020-02-29,28.852491672627814,53.60000899437166,82.36280478270643,7.0625644821002425
17,2020-03-31,21.54978734951752,34.091997882999635,85.44470246195992,7.527258021495682
17,2020-04-30,28.08101734508354,48.88194218707213,53.80355370681433,6.746412482298595
17,2020-05-31,11.922652306222423,19.994119498022524,37.696465770459206,6.525955806811101
17,2020-06-30,8.720311225214077,13.615105720112116,25.08727482459838,7.534804706228277
17,2020-07-31,13.878271443276965,22.304740678235973,47.20878479589317,5.764382901562865
17,2020-08-31,27.020856607172412,49.72106640075008,71.71571117654527,6.117399077438466
17,2020-09-30,14.640817832605796,23.734088637577155,33.136094317481174,7.2276537376513055
17,2020-10-31,48.11795947695531,87.27264042901554,88.6220699481414,5.877005463656834
17,2020-11-30,3.7163253135593837,6.920511395274269,25.018934086792157,7.04549479835207
17,2020-12-31,13.438806313342734,24.5468577576773,45.19074393357985,6.371001061424204
17,2021-01-31,16.54808175755602,32.1750029548257,57.754191861675,5.778129343991981
17,2021-02-28,21.4706291811934,40.077916960385984,68.35711805947817,6.550481362851839
17,2021-03-31,23.98989403831342,46.81877706290735,67.49920582015467,6.955163670501495
17,2021-04-30,36.62494047909622,55.391086180841015,71.5082149012118,6.365526382680867
17,2021-05-31,39.595090728479995,69.54310450341474,81.59046495215406,6.994005803609628
17,2021-06-30,31.366160453949558,52.01352731631509,96.74757421479526,7.6841928992076465
17,2021-07-31,21.61606286114047,36.46456969083239,83.65483911793234,7.035788272148364
17,2021-08-31,17.37582697396648,32.45420645214264,39.666129876707664,8.328538043142698
17,2021-09-30,28.704876889054702,54.44336555458475,86.0817675309364,6.694373941071831
17,2021-10-31,25.34500483904143,44.700646551708225,52.956454005037976,7.372092959370887
17,2021-11-30,6.57484793967471,10.449837260853885,43.05136819175056,6.302444828095748
17,2021-12-31,24.043499217725394,46.91072059116007,70.11509669729696,6.543158540115506
17,2022-01-31,10.40380955209533,18.3659942402656,65.55761746205022,7.932782450343614
17,2022-02-28,6.965133634574616,13.367841522765632,55.7485989517212,7.0324997029151275
17,2022-03-31,46.03036173160772,78.74315218096511,79.17371329704655,6.521586559007542
17,2022-04-30,13.157427433967369,23.823509727378163,32.60016130994477,7.65768712136702
17,2022-05-31,11.08327976151632,20.07832133847864,31.85285804210611,7.6000405944686715
17,2022-06-30,35.446533500448886,70.05592439643877,68.83366782336346,6.23207524266964
17,2022-07-31,26.636412977777017,52.99353463417377,74.843457100678,6.681928019625433
17,2022-08-31,18.297213812569737,29.15127524787841,50.65141187334026,6.746631288027538
17,2022-09-30,14.472794318750692,22.28250617179467,34.0143656084154,7.96192024768282
17,2022-10-31,17.17986870681676,27.867804057613952,68.80539324503275,6.987142479784443
17,2022-11-30,39.19859676900677,59.43229570975329,92.76872389762313,7.181404138276343
17,2022-12-31,15.292069890789632,29.031801846220144,50.22224059523182,7.059932238877539
17,2023-01-31,31.127243529199056,48.38412269643124,70.69730794685607,7.637383847639051
17,2023-02-28,31.769329304668,51.073466242633046,70.81289924387002,7.216476782764293
17,2023-03-31,11.275666262904679,17.040051649522336,78.90279621264798,7.013385869291168
17,2023-04-30,3.8083429976911787,6.884352447722492,27.639625160513333,7.114042647404703
17,2023-05-31,20.286792966965134,30.881761811304806,49.118795527184886,6.954160990841206
17,2023-06-30,12.968480152263883,25.37025407343428,46.742161903852846,7.275713285366845
17,2023-07-31,30.84013766098881,48.84818010285516,79.78990157540217,7.339982581543689
17,2023-08-31,20.00348858135737,37.21647470330853,49.15991071122308,7.478810047696833
17,2023-09-30,13.588582793368364,22.873098872900446,77.48715183118156,6.843445566992345
17,2023-10-31,46.225676740804886,69.43552341109877,79.66997587885278,6.892957526687185
17,2023-11-30,17.350786514679164,26.62783279115871,39.103656486018146,6.949892058490794
17,2023-12-31,27.694793367190947,53.07020871887308,47.18245983978219,6.891763435300756
18,2019-01-31,4.298991158079856,7.67005604699221,26.247959815146274,7.061163343082428
18,2019-02-28,6.983313624049501,11.872600375709903,31.829976699060445,7.713931191042648
18,2019-03-31,12.662695109836083,24.121684462185122,80.51074050707147,7.409432032792553
18,2019-04-30,27.706817158651344,46.57051740161154,54.17955322139895,7.394913035208843
18,2019-05-31,14.766828218954869,26.189791766042745,38.65506336807172,7.671478165815613
18,2019-06-30,7.0288230131226435,13.670093387126549,43.26214443888865,6.884644513757588
18,2019-07-31,21.483258542895012,40.86366902369822,54.62925802024378,6.152491103512347
18,2019-08-31,43.24091074587362,79.72275669895275,83.96263160870284,7.183659693924598
18,2019-09-30,24.63874861349045,46.879625509766846,69.72824632699425,7.465865025485424
18,2019-10-31,4.893627046462568,7.628692851762052,41.94645331399404,7.983587481401573
18,2019-11-30,18.2735337863318,35.31702404442363,31.861952300568436,7.141000271277256
18,2019-12-31,28.8826897919308,52.19582186304975,55.60106252487016,7.188194280944599
18,2020-01-31,34.2103808262984,53.84104129426859,64.61749245362188,7.188941141140615
18,2020-02-29,35.80972182516279,67.69515852288124,99.69147068197869,6.901354955439966
18,2020-03-31,45.63025601861579,82.54720071678582,76.46468347641674,6.969421698577221
18,2020-04-30,29.446463360743145,55.168745369483204,70.70961895080733,6.625032543110874
18,2020-05-31,7.254974901508129,12.750574332578166,71.22201671389725,8.220894292664886
18,2020-06-30,8.511693687384627,16.60751270475841,60.95846715527543,6.765937733101905
18,2020-07-31,28.655018729276048,50.93203477235956,72.2639829340899,7.249457200482207
18,2020-08-31,33.40544565061799,51.59223020369218,91.29387973257087,7.137230088806921
18,2020-09-30,26.714250353866905,52.896732583886134,61.79379097033816,7.640176010418568
18,2020-10-31,17.909059855994023,28.969416464614383,66.51174478753255,7.770728597416126
18,2020-11-30,14.657076520590023,22.837526227070036,88.24047936440466,7.232131871617897
18,2020-12-31,29.262592183667618,44.15822656297213,49.54430302747482,7.283997269762121
18,2021-01-31,20.87920988114583,36.506018494831196,70.64361984067338,8.07411960097882
18,2021-02-28,21.05215970755024,32.22370912335926,59.177971331522315,6.706578660237907
18,2021-03-31,41.09864050226194,75.00867928404591,85.38041206210768,7.008958869110958
18,2021-04-30,15.808677259103652,27.45652490323525,64.68723257167468,6.458582968708478
18,2021-05-31,5.492909943608351,8.582171023121502,43.96220838966552,7.2792422603896165
18,2021-06-30,19.27337534260756,33.101918449691446,90.60448789159062,7.584298296397744
18,2021-07-31,26.03272748449218,47.04678317354956,47.12218121228143,8.240325458756072
18,2021-08-31,10.02805214926896,18.686935713707566,38.52848266563036,6.751518433539749
18,2021-09-30,13.636560340961152,26.00093470126895,79.31543670219618,7.543431744860918
18,2021-10-31,15.100222942774128,27.685647354340382,37.7982691564079,6.141751211428067
18,2021-11-30,12.17593483058297,20.992765737971546,51.28169288620693,6.210689925785447
18,2021-12-31,40.37316523718251,68.8009566297422,82.93057915924314,7.481935259499703
18,2022-01-31,9.58352275960852,17.505695104054148,49.837431566652576,6.666029164770247
18,2022-02-28,14.757234848507844,28.61568653668115,25.746521928502325,6.719169721537287
18,2022-03-31,10.003148365685435,15.765260557232851,72.17928808913693,6.882009950566527
18,2022-04-30,7.854314937169475,15.400508803436047,63.56411356907584,6.755027989513019
18,2022-05-31,7.202089086464144,13.943642058376238,33.930325055088936,5.80400905522193
18,2022-06-30,10.617516969517698,19.608039759217004,29.27549459872693,7.17348014844224
18,2022-07-31,32.142951347018595,57.40952490599228,56.95271220546712,7.312134577170412
18,2022-08-31,24.831198197062786,45.31903720040695,59.96432772467038,7.57244081184907
18,2022-09-30,36.74600123821654,62.49080088859524,67.7528341589012,6.434941683815525
18,2022-10-31,9.43979881060398,16.49094542756691,28.566070666087263,6.887325933143496
18,2022-11-30,20.23239835952893,38.65945840653329,36.44811481946275,6.430356920394866
18,2022-12-31,25.906356634925235,51.64546879868972,60.393183243594066,7.85048575970825
18,2023-01-31,22.46079144426154,44.363707803446275,47.167580386527526,7.932863677984228
18,2023-02-28,30.146933849740137,53.85076240168804,80.27694293427655,6.838725644886689
18,2023-03-31,34.821277252398254,65.31064199987561,61.029819114064765,7.303365001260053
18,2023-04-30,12.208448011030287,21.357163146460593,73.7299636568043,6.461591513186472
18,2023-05-31,40.4550546858991,61.00995786220506,95.08983636932888,7.071643335941013
18,2023-06-30,19.224479404522857,36.5916983133182,35.333914050632266,6.621609816489566
18,2023-07-31,16.12623986333378,28.18134959655828,52.23934347656037,6.027374151519375
18,2023-08-31,9.964829976453567,16.53729423700971,62.846851219877315,6.261901279647045
18,2023-09-30,15.797414716057768,29.882671809859055,35.31200158975243,6.6923430589631465
18,2023-10-31,25.0103863749417,49.01312073960496,98.76987466586154,7.928925075645332
18,2023-11-30,10.110372198442448,17.99971261948839,29.458156621818734,7.375781612701085
18,2023-12-31,7.899192823777915,14.488262597259805,75.30158234977458,7.39169236207712
19,2019-01-31,12.321910599917379,24.541349482713922,49.46122878395212,6.900921210678935
19,2019-02-28,9.878018397730813,15.14907044610762,26.076348218897014,6.946062642295257
19,2019-03-31,39.7570476016329,62.136229910698184,75.34973630399428,6.845051389848385
19,2019-04-30,20.757329585436512,31.62147873993659,63.432900586601235,6.837092460109188
19,2019-05-31,36.74265638922712,61.592019864278235,98.07041803959595,6.867839654165345
19,2019-06-30,29.344117349720158,47.49591416037376,65.09595057223234,6.918027455951429
19,2019-07-31,34.34612531897177,68.68700995795936,76.93341109311602,6.883941425526803
19,2019-08-31,10.944323984144592,20.642233785933833,81.3122968820776,6.9114141204861
19,2019-09-30,32.88769554519984,61.72190962811577,94.49091560767206,6.617689690917504
19,2019-10-31,10.68438773279437,18.047819897866617,29.418149579924954,7.238087004502207
19,2019-11-30,19.21483843950336,32.421000974249246,82.15288475418063,6.5012443130617825
19,2019-12-31,13.28500625475682,21.370784349608893,29.761727111102942,7.228475463130763
19,2020-01-31,48.67667240557678,76.99895777114581,87.32550917423309,7.317623454194206
19,2020-02-29,5.807012290604659,10.01697883103088,32.52358679272101,8.554538778445043
19,2020-03-31,6.049066145549225,9.875078679417221,36.78721172438125,7.267887519488521
19,2020-04-30,13.209160771868769,25.638260927432032,97.72448098770273,6.882485248209792
19,2020-05-31,36.315541420120965,72.04390185908721,81.21897175576117,6.326342529225819
19,2020-06-30,34.31235758255851,63.774648867022044,86.30218025295882,6.832928251931227
19,2020-07-31,23.72271859987601,40.38219236758972,54.646634580220734,7.173311446237798
19,2020-08-31,47.80087930475602,83.80369504238833,98.97472409135048,7.187210325758512
19,2020-09-30,18.831743252616043,33.18839823369601,61.765214065422114,7.164253205415428
19,2020-10-31,21.29611428836618,33.95589348713493,69.51758175617817,7.475442938536285
19,2020-11-30,8.506652614770651,14.40756797379472,36.81927416173515,5.5
19,2020-12-31,5.77991552904175,10.473289120852025,25.675251244257016,6.936315070305362
19,2021-01-31,31.555562294236097,57.709079746460155,57.93209661789066,6.758056987308591
19,2021-02-28,17.52540045137728,31.753589318035583,29.950482484744935,7.005985923881881
19,2021-03-31,44.33854188667349,73.24892477679617,87.93796078827229,6.371382848551813
19,2021-04-30,14.158080454643072,25.134161639784057,82.2067615608684,7.457286841674933
19,2021-05-31,31.27947082822978,58.954663691662915,77.98573654145521,7.258621035501218
19,2021-06-30,12.700535328847883,19.11560231383104,30.357073504970185,6.84489246314341
19,2021-07-31,16.22275941006919,26.843531242603394,46.58757552261339,7.423480329631904
19,2021-08-31,33.490074761107984,54.28522823960839,58.68232941118695,7.063630950699402
19,2021-09-30,16.454793962005585,31.806179551770498,57.32281318789621,6.768803500662332
19,2021-10-31,5.79033829886429,10.688765948056759,27.163630021751626,6.526418932953863
19,2021-11-30,16.94020806225848,30.274531603490274,91.75738181407526,6.1164090143262255
19,2021-12-31,4.288798129717414,7.581303151714977,37.084217253687534,6.129210786967823
19,2022-01-31,26.55830957551727,47.2751873431929,45.79681422013176,7.466468164484183
19,2022-02-28,44.11932899062754,83.67191555677505,75.63620645867309,6.538861821318199
19,2022-03-31,8.01569342418988,14.409565214254764,31.99758837679402,6.8689622662253615
19,2022-04-30,22.43098790460613,40.12703546600913,40.80751994813831,7.361846442730451
19,2022-05-31,4.663205299614446,7.3652230707131405,33.532129128315745,7.440971267422088
19,2022-06-30,36.593508436362264,62.41821036719226,65.73121668293372,7.5508780324846585
19,2022-07-31,20.66444490595069,33.053836514216854,94.13758824753305,7.685910852223807
19,2022-08-31,11.385775249089976,18.167967105241953,37.02654885158297,7.66409335735088
19,2022-09-30,18.546476450885052,34.02787780600873,55.89419709206221,7.094365199719115
19,2022-10-31,13.83875610081133,22.332002808210067,51.25751036583924,6.0994819088227
19,2022-11-30,22.123316981561715,42.98449456898856,44.45349964158855,7.2211368153501
19,2022-12-31,21.70077134507881,34.772140631222584,73.29756994401417,6.446537583516349
19,2023-01-31,23.02237590211846,45.610419507378886,71.37552379599559,7.3494135426681035
19,2023-02-28,8.760009704466109,13.441610905533015,70.5791053196477,6.746328773150616
19,2023-03-31,5.10359763408973,9.397182669921438,33.82886493119705,5.770553205583141
19,2023-04-30,50.014603533000425,80.58318351635431,96.65966077215839,6.85040908427309
19,2023-05-31,37.278563829304765,59.230061327282684,68.28511261519431,7.6005347290525425
19,2023-06-30,23.098075451634376,45.379043956269236,66.01045971358639,6.831926700751744
19,2023-07-31,16.407850011850865,29.884376733287755,58.39593376279335,6.997189153199678
19,2023-08-31,41.923804004615455,65.45070555604575,95.38713687480784,7.1929868874809255
19,2023-09-30,48.167031438102995,83.48528953322403,85.1587335372175,6.876359750525401
19,2023-10-31,32.61876461117209,57.76589055595239,55.27661330924979,7.423284639802539
19,2023-11-30,21.838842663651608,36.42851666395633,37.76609761615037,7.353466662791494
19,2023-12-31,10.329934969060098,18.406181309577487,58.965368843884924,6.850597747575679
20,2019-01-31,26.304755762852796,49.99069908985657,53.72105565235723,6.15537953850865
20,2019-02-28,34.7123426968122,55.72748859636532,59.7433109112856,6.565315874884369
20,2019-03-31,14.820546033221188,26.67103308505706,32.449460395872045,7.696929236484674
20,2019-04-30,19.35923307160512,31.75702174738285,82.75294867615925,7.4433193605568695
20,2019-05-31,9.51426434384899,18.960340064676235,71.82953473299216,7.27143186017911
20,2019-06-30,32.42570571322855,61.89307008422872,54.66993863873705,6.986298854566748
20,2019-07-31,31.898071536278515,49.075608839944145,53.49326206671665,7.59830886800241
20,2019-08-31,49.09032120680175,92.98802190851765,88.30422495903517,6.810903157446354
20,2019-09-30,31.648915026286755,61.741402522529484,85.9963159875758,7.541042098576517
20,2019-10-31,34.227658124433034,61.05032723422161,91.20526292366834,7.066992111971661
20,2019-11-30,15.266189661877222,26.124521659887503,42.33082169665966,7.260945617067542
20,2019-12-31,6.286958212538783,12.5590899014009,38.857374131601766,6.860667614287706
20,2020-01-31,40.21819874724538,78.99146260101152,96.18835150868243,6.307232901105419
20,2020-02-29,18.152459060373147,31.794488207796284,44.95658019017122,7.049014791221834
20,2020-03-31,37.896065251986265,63.27585986693043,88.97121657546663,7.167164126766762
20,2020-04-30,50.93101452709215,89.88931394413888,99.74506840411829,6.568236968477664
20,2020-05-31,15.152045637162106,27.196049539001702,36.61732641171887,7.578710972996912
20,2020-06-30,13.4736262919404,20.594555978005626,88.39388468178862,7.5747385304142645
20,2020-07-31,15.40743197116698,30.80582023824775,27.924206486367126,7.224864237753056
20,2020-08-31,33.602335740084705,58.458350325618966,56.50960592467136,6.380435988048866
20,2020-09-30,5.133341079707036,8.279725427197224,44.59309981687176,6.9589284772135676
20,2020-10-31,14.914784412306773,23.910623485032435,81.33028591360079,7.907324583661539
20,2020-11-30,20.857054003124436,33.08716529558443,60.11919316154827,6.225869165884582
20,2020-12-31,38.80267536692387,67.05704005701608,84.7744467984304,7.388043686431282
20,2021-01-31,6.238103548673056,11.178741382222952,56.87292799743201,6.775531774985459
20,2021-02-28,15.763149297707495,23.67626345416112,61.177106234855465,6.608457637582533
20,2021-03-31,22.03320074854066,43.22076046313205,48.42980310390394,7.0034623605218576
20,2021-04-30,33.64592130532048,54.94627599691279,59.21822693847209,6.538285397139304
20,2021-05-31,11.454540478751701,17.20119172372314,34.709732244648976,6.558005050538999
20,2021-06-30,8.860655376286514,16.532102158933206,26.821952754983524,6.889895235182961
20,2021-07-31,14.80885108041519,28.8673109003648,38.08495132107923,7.178414249328981
20,2021-08-31,14.420607869635907,24.770709925204425,36.862741780706955,7.052243270802844
20,2021-09-30,3.6551669800193354,5.652679688156039,25.297137570317517,6.2781907213664505
20,2021-10-31,14.842186074706767,26.883708941701858,26.32261217892598,7.389162762072754
20,2021-11-30,13.551902867589861,26.40698176177358,39.1104340604742,7.180099068166608
20,2021-12-31,9.611450479218393,18.5223446275863,48.737660493271804,6.090130680043913
20,2022-01-31,45.52093527015163,69.28641523192782,79.07876887011724,6.297841791651916
20,2022-02-28,17.787042514083172,30.478238011882105,29.845348606474072,6.7081396771552875
20,2022-03-31,29.102009104204324,46.168307942296224,58.85217064007095,7.34083032569872
20,2022-04-30,51.55834632661795,84.3399838779272,98.68516343400202,8.190193873082245
20,2022-05-31,13.961115134595689,21.53956020728179,70.47231041852989,6.774902498349733
20,2022-06-30,17.48236738956823,34.02499162345103,41.36866243836785,7.476490747511395
20,2022-07-31,8.766399313468291,15.501715527392658,33.98743350297836,6.610630242315423
20,2022-08-31,18.22771540321197,28.076674577628044,61.15608686742049,6.745216748565084
20,2022-09-30,13.143466063963107,25.42324626777945,28.213076798046043,6.939256447279795
20,2022-10-31,39.47093618922298,62.33303823626038,91.74700912114888,6.569998762438849
20,2022-11-30,22.390375141972825,33.95346709232972,98.40003902299244,6.79786087789396
20,2022-12-31,15.21819412550307,23.968021363118538,50.64893539659887,6.59163103406755
20,2023-01-31,13.501036857991705,25.328261932610737,42.507447176131265,6.488132777361091
20,2023-02-28,10.140021478627913,20.143996609416238,29.651865651458735,7.508587107085078
20,2023-03-31,36.70813146809155,57.870291927860585,83.23489483573645,7.962470256593528
20,2023-04-30,17.571397032377444,31.31545538226164,84.94628557507374,6.845871685123306
20,2023-05-31,55.454201385352064,100.54859049462085,95.80499869477974,7.238665728211596
20,2023-06-30,14.789638480660843,28.77756254186353,59.38103738441483,7.515658030966746
20,2023-07-31,7.0154643602286555,13.345853840729564,54.40945021010256,6.9857367709451275
20,2023-08-31,37.208839629570726,68.75111095118632,76.60278501648466,6.346703196771845
20,2023-09-30,21.827527408761743,34.37387778334758,78.45074234568952,6.5161717858557395
20,2023-10-31,12.12097720563984,21.09812038320599,90.2998358214067,6.848369611166647
20,2023-11-30,20.066171580724582,32.514345829898915,41.889739616893515,7.5038967855698235
20,2023-12-31,5.870571679626076,9.940372349446058,52.4794500036104,6.766226726058601
21,2019-01-31,13.339161743824196,20.818731645251216,82.6738000132305,6.491524758373469
21,2019-02-28,13.092304406890372,21.956225631680343,77.38606072961417,6.6437249823990445
21,2019-03-31,18.14018294883393,34.117609982670885,59.81688746418991,7.439293746614685
21,2019-04-30,9.282192274742231,15.284497094232412,35.791478076650435,7.41992572956305
21,2019-05-31,30.803696051054665,59.89736933907871,74.11417503761372,6.58431188589677
21,2019-06-30,13.196539454700673,24.845510482064586,52.59349848231538,7.472161491061081
21,2019-07-31,30.230671841962174,59.56737944034654,51.8416398044267,6.297288613673203
21,2019-08-31,17.892351732886574,26.861087723016553,44.8011911604705,7.2614448192237875
21,2019-09-30,20.223407237995392,33.0188165310898,53.129420808482976,7.248075027820426
21,2019-10-31,35.47593301322397,66.2824588968586,88.52249062807249,6.468208516634675
21,2019-11-30,19.795852060381147,34.285747201038355,51.18280865871857,6.166229466655874
21,2019-12-31,18.91488439399545,31.17678381603602,58.36025000088044,6.050969472709463
21,2020-01-31,40.806600013894915,61.96179877491294,87.54312804433896,7.143746180114408
21,2020-02-29,14.302548226832254,22.423801148299074,89.8248471074657,6.915328599479151
21,2020-03-31,20.49826605437309,31.777760318996954,53.81729035295117,7.118173351487831
21,2020-04-30,51.52726378068002,89.8115514739401,91.10483893918507,6.835564490024648
21,2020-05-31,28.312108218807015,52.26998348496807,56.97397501032361,7.035577804440235
21,2020-06-30,19.88455723397157,30.531875744444584,37.85232739716146,7.151036447386201
21,2020-07-31,28.436807710095497,48.425780704217956,50.006350108451244,7.18377119936964
21,2020-08-31,18.456117657107452,30.58427944009921,43.58970974164777,7.06550338600759
21,2020-09-30,10.099702869909413,19.005546186606704,78.40816996401817,6.984924782855169
21,2020-10-31,16.161762014751737,29.912794532141845,80.65531432746853,6.611913297871899
21,2020-11-30,10.965433175277747,17.960111725211007,26.239204733989496,7.298050918404803
21,2020-12-31,40.63092714314195,78.576717082515,95.00290548191646,6.705429940719014
21,2021-01-31,17.28955114462262,32.72949385522328,31.990860308115217,6.810465147208218
21,2021-02-28,19.14115222794697,32.31761267683657,37.91027301186477,6.984115787198361
21,2021-03-31,5.426559930084965,10.734840083007425,30.82839817666679,7.459752946022196
21,2021-04-30,20.664431026405115,40.36047762932415,88.56696187491234,7.8991446038158415
21,2021-05-31,27.347612564888987,41.04009625314558,81.76500264683641,7.448741250325436
21,2021-06-30,8.31489709046179,13.555091718016094,25.346624127550506,6.2864877690809635
21,2021-07-31,4.983146368670372,8.353360183149208,40.98421000791688,6.415394333601155
21,2021-08-31,11.930343463891537,21.571830651678294,28.141452284132658,6.314401618849646
21,2021-09-30,12.56342689704335,19.49585459048131,33.6672097355002,6.867259392534396
21,2021-10-31,13.415391946978081,23.733687992782773,37.79527057846201,7.227055936839765
21,2021-11-30,7.39233101462303,12.129796064588476,38.371994622741425,7.363487415419155
21,2021-12-31,10.621130683820068,17.75860330201703,59.89846194308565,6.712928464406729
21,2022-01-31,37.04681790749332,63.55539464555755,82.03423295198998,6.942009895754675
21,2022-02-28,26.208017975428994,40.222071899937596,94.61048358414428,7.361745836969699
21,2022-03-31,31.21847516933729,60.729929072835446,69.68761726755419,6.412545399405684
21,2022-04-30,11.287304802136804,20.944951876871176,26.12348106037763,6.7631760679891695
21,2022-05-31,34.31260749226735,57.168899324040034,89.54464185369635,7.278585791758259
21,2022-06-30,31.994861839592595,59.46697755281895,53.86853289354629,6.961793574523482
21,2022-07-31,14.861194249229165,22.938303608844134,26.427419019455385,6.383189240656449
21,2022-08-31,34.10690968965542,61.84953193944838,74.314527602283,7.409198317160816
21,2022-09-30,9.120200027982651,15.116826183115846,62.827936985436416,7.604206862216233
21,2022-10-31,24.320850681820488,46.075344952712896,71.80327978126562,6.550762307058555
21,2022-11-30,17.167324853723265,29.88406445723625,30.513120760200646,7.506573527013172
21,2022-12-31,54.90927438565346,82.77033418117314,94.4450389279824,6.646406056491139
21,2023-01-31,9.858390335688624,14.886115180542133,45.13810314759388,7.147411730228742
21,2023-02-28,8.062929578889996,13.512735906647231,71.4737837626237,6.540272661629822
21,2023-03-31,28.186873089377162,53.515288012989586,48.68736213647928,7.07369765384416
21,2023-04-30,6.4833361129132685,9.911486906528387,44.42906118723368,7.311224869689254
21,2023-05-31,23.78049343232502,38.20998249277093,60.866658616233835,6.373764251508833
21,2023-06-30,9.288649299898749,13.996804780088164,46.26741118860095,7.160182719916224
21,2023-07-31,6.609794128425519,11.401690935434754,58.02729483840985,6.946536202545119
21,2023-08-31,36.30807347085193,65.76212440181038,62.32796885320633,7.025702024294895
21,2023-09-30,15.146791652309172,28.036361285837522,49.35016584200938,7.08385168348747
21,2023-10-31,33.5054882398419,50.620773301485606,88.02280311836049,7.929579860062059
21,2023-11-30,38.58269897649602,64.92206448792318,69.55095256810631,8.140805484691846
21,2023-12-31,15.0346600859833,28.00517884394168,58.98760692260498,6.294815211379151
22,2019-01-31,9.122839101714309,16.13811823392477,43.17071454885163,6.825946327399351
22,2019-02-28,27.963158634054867,49.613444701486834,51.99085092503758,6.892215269320116
22,2019-03-31,4.666193212499654,9.127232713943782,31.791160771867602,6.685087597876795
22,2019-04-30,13.984516691946421,26.240418763608094,32.14465492190919,7.73099641543416
22,2019-05-31,16.455965511162237,26.059048745348917,28.47073828864368,6.636267596772861
22,2019-06-30,8.818407137774273,14.474376663574912,35.13027672294505,7.608774010975358
22,2019-07-31,20.51845361785776,33.40399755986128,48.02362371199452,7.2280830635067765
22,2019-08-31,24.10870676166059,39.40918862802132,55.49211275677444,6.661817122182031
22,2019-09-30,20.734047159603602,39.85675974210571,56.2590243675967,7.003627586818
22,2019-10-31,7.470955579295626,14.748612455341267,41.28651623763906,6.9109022891446505
22,2019-11-30,11.787339796482488,17.79553945114008,76.65452116612893,7.721641766224309
22,2019-12-31,8.448860987032846,16.550026645872947,40.094770169566935,7.106327540859945
22,2020-01-31,12.949220743719899,21.862850526275583,68.90862186134672,7.177409059089197
22,2020-02-29,17.49410271521981,29.255246221717627,32.81280449965288,7.295181104057473
22,2020-03-31,33.762875114791555,66.45837187212227,81.1145294826371,6.730136600924115
22,2020-04-30,19.099283013223545,29.724526621679402,80.56469724713301,7.071202433314066
22,2020-05-31,25.868418861876815,49.964952972676365,62.08474948758921,6.903947659685162
22,2020-06-30,39.32865667011567,78.42877616489818,68.27287410825964,6.925689808284273
22,2020-07-31,11.833005339297753,19.410716455573606,69.07841473419374,6.818107735195064
22,2020-08-31,34.4741966250857,63.92774049797868,88.89904136385779,6.614940446384123
22,2020-09-30,12.524527977549752,22.44205405718541,32.70970172360268,7.198038763984292
22,2020-10-31,4.451890930097635,8.614389737413507,29.238320569338985,6.393960352445217
22,2020-11-30,15.23489033884755,29.16462136769863,25.650943119690638,7.034915804147143
22,2020-12-31,51.141020044185716,80.77837258068594,93.44183289089949,7.5507773250282755
22,2021-01-31,28.385959208706492,56.328210234915254,97.18491503173195,6.672893942130827
22,2021-02-28,9.102305957946278,14.12866552025262,50.62555299634622,7.241209112362377
22,2021-03-31,13.027290425555462,21.39476604117242,45.01050064837458,6.389176069853126
22,2021-04-30,16.590026230990095,28.8980995530015,97.83054986993665,6.753861813300977
22,2021-05-31,27.27198625317834,46.36205139951939,58.88598088081904,8.112267169385605
22,2021-06-30,9.818462300295542,19.15645418270704,93.22284417299919,7.044898043494972
22,2021-07-31,20.47331193206478,34.444992087858935,89.24613462355909,6.940573758989615
22,2021-08-31,6.527066444600728,12.427462220367879,64.46565075430121,7.250581035034226
22,2021-09-30,21.359393715487215,41.69085518908016,43.96895599854761,6.752050921852012
22,2021-10-31,36.40200352066671,61.362882171874865,94.52301780938262,7.020650708932433
22,2021-11-30,16.690036064780656,29.401536709549426,70.46868150955112,7.606776472696751
22,2021-12-31,4.351738257520449,6.753899246190372,43.44272819224499,7.39244985987431
22,2022-01-31,24.987824177766186,49.05698604929927,45.89372854743631,7.1348919646999684
22,2022-02-28,19.04821894346244,35.9656827338929,63.19216103860833,7.005796929662686
22,2022-03-31,11.954205057464735,18.36579515859297,26.927864508224577,7.049129507534097
22,2022-04-30,11.259406424372374,17.151281930632933,41.15829903338418,6.572134205678562
22,2022-05-31,11.247874067464341,20.90072399455338,63.2981386396794,7.5339798372670455
22,2022-06-30,7.182124181428018,12.110423058944196,40.744557045961976,7.375673730575065
22,2022-07-31,25.05525851585768,45.48063679810598,94.33768223858964,7.729409567928235
22,2022-08-31,10.786818432093098,17.567412122801247,93.77886940302848,6.884290969397504
22,2022-09-30,19.62659790656285,29.503843413802606,63.520028397783946,7.724646214201913
22,2022-10-31,22.890520045915622,37.59151199612112,72.2533540481015,6.943414675854968
22,2022-11-30,37.80953361450009,66.57860756381906,82.12389917261255,6.8126692187463735
22,2022-12-31,26.5495966481417,44.34377023372366,68.88417437928658,6.452554807161454
22,2023-01-31,11.685864698662153,22.90823935103527,39.25138036865958,6.75216979304061
22,2023-02-28,39.102962490717815,74.67222945643462,89.52650106277717,6.571790213519315
22,2023-03-31,17.588036006547835,27.515647374369866,37.05244948620277,6.791642371885926
22,2023-04-30,27.33318104151411,51.56631490555745,53.14808815213691,7.110652446988278
22,2023-05-31,31.00719879691498,51.28113547898229,59.68927235579427,6.725573070183874
22,2023-06-30,38.00650413267781,67.22572702207769,73.03045876897556,6.7567536922272575
22,2023-07-31,25.62982866130717,45.31093111149796,45.11613420703819,6.945624488583191
22,2023-08-31,17.978425916890345,35.09641189033127,41.84626873436515,6.024952419990621
22,2023-09-30,16.757395741187974,27.57312145609862,43.848302629223326,6.7400873889132304
22,2023-10-31,19.52832554899185,34.93205060948777,54.33016593635649,7.094220040210378
22,2023-11-30,8.377587902443734,16.313168506585928,43.86485428112319,7.191065637945401
22,2023-12-31,17.55238051162943,35.10053205288257,91.76069826099157,6.504651245231884
23,2019-01-31,3.2170731408847253,6.337607201482792,28.74714735038799,8.099594018944543
23,2019-02-28,9.637696559068075,18.638057346263253,95.00585721638134,7.431678257302354
23,2019-03-31,13.927128550866179,23.30802868678096,54.35425198524997,7.021821818439793
23,2019-04-30,6.171654065948746,9.508649176022173,57.43625411495816,7.069912635663027
23,2019-05-31,19.91552629211728,33.626867371498676,33.602041908608726,6.566507989706247
23,2019-06-30,28.196704548058594,48.64953113981782,74.21317232248127,5.859506534498619
23,2019-07-31,35.51760174968653,61.96581894556651,69.98699270172328,7.261232058695048
23,2019-08-31,10.702238753041131,18.684382018639333,92.42432920390704,6.824058912929774
23,2019-09-30,47.00006833547558,83.50805202577494,89.23618374086148,7.02567937940134
23,2019-10-31,10.516070422692609,19.421080028364734,84.3392324172475,6.591452270679884
23,2019-11-30,27.45216752160353,53.2364216113956,75.84463168460638,6.495398423781305
23,2019-12-31,21.359516850379695,33.495184765264085,41.69298334664764,8.109371678765424
23,2020-01-31,39.78654325929564,75.91082644970524,67.18565015873892,6.46984510809922
23,2020-02-29,23.089247880948236,43.352282461558474,57.30007671496302,6.633334653286058
23,2020-03-31,35.93084509715854,65.86062138144952,74.14518810982283,6.697141541675703
23,2020-04-30,8.736046388288202,14.02181505908631,47.86098509608266,7.269086973263755
23,2020-05-31,11.095512545644805,19.17262002006419,36.58452704150993,7.141510809724194
23,2020-06-30,37.19531410705697,64.40002037197402,91.8945608594542,7.153933793738622
23,2020-07-31,13.258842691369734,22.112182411326287,96.01291616313605,6.8746074669817725
23,2020-08-31,13.503280794889275,23.163236531203893,63.82627393975559,7.94775120969625
23,2020-09-30,39.97526148097448,71.72211496617629,81.86316417880109,7.009049982161947
23,2020-10-31,37.78664644773638,57.748347824196415,78.33333505379309,6.274790879383948
23,2020-11-30,40.31214567542288,62.857538273066055,69.40147502815992,8.063648706874783
23,2020-12-31,4.62678282305887,7.2933408929671915,40.83703524720643,6.077288057597732
23,2021-01-31,14.705389720187702,29.1909468366502,52.488381666917924,6.641887495288492
23,2021-02-28,30.978500818375274,57.06768441279457,67.29563272333652,7.462508734061234
23,2021-03-31,21.043367460180363,39.654703182681644,65.56986855119789,7.507690761192033
23,2021-04-30,17.090771559773923,34.01012485615777,52.491320362494264,5.958641869655233
23,2021-05-31,15.98117483632279,28.404511090155108,35.97193770408924,7.191025338776665
23,2021-06-30,12.656104033487138,23.057291319551982,32.42071165378926,7.411167034786245
23,2021-07-31,33.55939400588899,56.36586067390373,59.68501548253141,5.502366554600192
23,2021-08-31,38.37684217685977,61.44005260565406,82.07654531615852,6.985937838029082
23,2021-09-30,20.45484427524442,35.82864461028102,77.23266524117176,6.490768485037538
23,2021-10-31,30.80661274985945,54.4603965130304,84.74065495222345,6.452781975465798
23,2021-11-30,56.223550553223795,111.65553230978372,99.4147864846325,7.162118650633173
23,2021-12-31,43.439639429409965,67.11948429466867,86.42930917520124,7.472864556325117
23,2022-01-31,26.942065335882496,41.68244766818385,46.33633594054765,7.543431583037291
23,2022-02-28,16.522660904157195,32.65921478873796,99.51099507502204,7.472168427398355
23,2022-03-31,12.02863919835895,20.49161079936555,98.53598867579103,7.563338339715065
23,2022-04-30,7.312053740327251,12.286667371528024,55.77142829898694,6.678642338944868
23,2022-05-31,20.68106547115739,39.92262932025286,66.66337795543016,6.38406565593346
23,2022-06-30,13.834231872055556,22.789594451358848,50.209706652106526,7.289649322539818
23,2022-07-31,14.943246536978455,24.47873622889425,31.7604238841957,7.492327899068805
23,2022-08-31,43.66167779812715,71.54098475904333,79.73016249387963,7.39191170287333
23,2022-09-30,20.301113436985055,40.51493758324674,41.10357771398593,6.085048069418303
23,2022-10-31,32.304989561236944,63.68042638390875,84.30826064294342,7.1150826610035995
23,2022-11-30,21.375246219331178,34.22565479284613,99.80322644465727,7.408742490385159
23,2022-12-31,26.174446217237705,47.591570376148745,65.48826419070267,7.244619887706178
23,2023-01-31,14.112878437264445,24.693741847696167,42.302209258648965,7.020510878121732
23,2023-02-28,14.26802629667566,27.039102191505357,69.46790060539476,7.891579225791814
23,2023-03-31,14.680835706758735,27.83142236642257,41.83907763528483,6.569631005763449
23,2023-04-30,4.244933595917734,6.377516347578402,34.17282372202929,7.677105462622541
23,2023-05-31,7.5552068534958305,14.508815835213792,54.745775654155025,7.423555603719701
23,2023-06-30,7.378558142979422,12.396380138463513,44.55078451258649,6.888802924460172
23,2023-07-31,17.65479930753423,33.29938443935659,49.25273164257649,7.464564431265779
23,2023-08-31,37.346261343219815,64.87325827594692,83.38576218371776,6.559353133154996
23,2023-09-30,24.86624668051571,46.327886682446675,50.64175877965283,6.561998554898149
23,2023-10-31,43.69046709489778,85.67630966737977,92.74177187282021,7.3630795607877815
23,2023-11-30,7.830813087346351,14.570345787856349,39.252480987666,7.695362964570715
23,2023-12-31,20.08897818132257,33.131781321859094,74.62632671774986,6.841941859684795
24,2019-01-31,13.352325430454648,20.51392004386824,36.18193155777352,7.296475404712565
24,2019-02-28,8.1209843542237,12.50435543704375,69.37603146490012,6.623882731736279
24,2019-03-31,10.828373808927948,21.592072235386762,26.499451466289408,6.958455998425248
24,2019-04-30,38.96034370174465,69.01327595880244,73.5296655286787,6.398461994621769
24,2019-05-31,20.59054574490375,36.15448512384054,37.66515191122996,7.052579990925606
24,2019-06-30,38.939951487008294,67.90819219569597,92.54334479223735,6.683675874279991
24,2019-07-31,16.324813722561935,32.59763407187015,50.86422860714745,7.289790623992402
24,2019-08-31,11.265009954637884,22.342217758869374,36.629479105931004,6.564550589766033
24,2019-09-30,10.388473865682487,19.84146789320142,78.43813159741507,6.216113826205112
24,2019-10-31,39.35011297722042,68.126673929091,74.73465536831404,7.05047348514479
24,2019-11-30,17.193931449959816,32.900978915293805,39.00111586128482,7.119898416870995
24,2019-12-31,36.525841593858225,57.250477851364934,63.868923355990745,7.551813455222393
24,2020-01-31,34.99358164636271,67.66035393811298,65.56134833918212,6.741634781239073
24,2020-02-29,17.675036744034195,32.0134131591785,58.378158063268,6.883432033727474
24,2020-03-31,13.00383694950762,24.01280081064593,28.89106049278605,5.99425433726909
24,2020-04-30,14.5450938170078,25.72755337281481,28.329175090518845,7.464594780773855
24,2020-05-31,10.085501733916223,18.518361152540674,74.10927652647854,7.201195584514103
24,2020-06-30,10.003751581757701,16.49324843992922,92.01405659417807,6.9397408128104034
24,2020-07-31,6.635303424122559,12.98649483457025,33.25619193950307,6.7049716632359715
24,2020-08-31,16.383529601055482,27.060058512966567,73.24768588706374,6.260067547245593
24,2020-09-30,15.470713621795083,28.040770926143633,43.52386882832739,6.732417866416181
24,2020-10-31,9.774506925780686,15.530141922210026,26.49491253397897,7.84522633479292
24,2020-11-30,38.09819540347985,57.56497180851931,66.17724469085032,7.130224962584759
24,2020-12-31,34.38451535380437,53.38310304953478,75.25800967917,6.985347241664311
24,2021-01-31,49.51709536512335,95.88667315953948,91.82264769232414,6.437560847304376
24,2021-02-28,11.011719373641297,19.602014205151825,45.73677967636591,6.657895712587954
24,2021-03-31,8.636109750358251,17.135309345442437,35.365802902101116,6.662144234920654
24,2021-04-30,22.49235527198199,39.92103265778315,47.7243197998266,7.347048373405879
24,2021-05-31,6.649224034315171,11.924619949670236,53.208184688325204,6.816132208362017
24,2021-06-30,41.265766851526195,77.26858584516143,92.62553689202389,7.197848753304003
24,2021-07-31,47.0077407578383,83.62078062219933,96.13947469332675,6.457621782920593
24,2021-08-31,23.467558873004002,46.45458042494698,87.69591530581077,7.386565931901613
24,2021-09-30,15.258707169809112,24.57756158951886,96.9597096241947,7.176990966335503
24,2021-10-31,27.00347101790219,42.36168913968552,63.00721429630824,5.785443831416677
24,2021-11-30,15.132965145348278,28.968831983174667,48.92816821826178,6.409686977352445
24,2021-12-31,14.542032025652734,26.708609021558157,47.882123586513444,6.47795703208808
24,2022-01-31,17.423607566291967,29.992599811044283,85.76618771517751,7.254133660731674
24,2022-02-28,14.714997984918098,28.262704208207783,50.563139130855106,7.831353008001749
24,2022-03-31,6.220549171600772,11.648687095779922,40.516622909302626,6.831125483649032
24,2022-04-30,21.49143355492941,41.161278186460734,44.18672687860314,6.600907053051517
24,2022-05-31,23.796337995103155,44.72775651204015,42.41879848017771,7.729489908415919
24,2022-06-30,28.018387770549037,51.98839443853765,77.31227577164312,7.134711726027451
24,2022-07-31,19.48598058700864,35.124890651271215,56.99935306346332,7.638148694766303
24,2022-08-31,21.74326638316995,40.70010523954935,74.1294263005437,6.5923671878202095
24,2022-09-30,43.88120189030981,70.59496806525564,90.69111378750938,7.276471594599053
24,2022-10-31,7.191201590068261,13.473884852215601,44.131482333947,6.678375784393716
24,2022-11-30,6.6571348602156615,11.690671276293623,26.912825209862532,6.165685286749607
24,2022-12-31,19.37692555240331,31.674667309889465,37.040506495131986,6.777429743684329
24,2023-01-31,34.7036176258482,52.66698138075449,61.87818020769674,7.133160787650683
24,2023-02-28,8.03138810030016,15.713919103735988,33.27566708415829,6.970849768868464
24,2023-03-31,17.22896270522922,28.411554933481717,66.98752936747283,6.659394049164468
24,2023-04-30,18.782665640936422,33.17193705984975,66.91006257654973,6.673881333463758
24,2023-05-31,3.5002490788098135,5.324830015182343,29.98812965999364,6.256918862696692
24,2023-06-30,11.649167933316942,17.700736728130646,37.46945712260474,7.2463596732835125
24,2023-07-31,6.980174047588793,12.026411796604119,29.433333256359038,6.896314396531882
24,2023-08-31,27.44115944843676,52.74858687417917,99.55541035369937,6.644829881665452
24,2023-09-30,8.856663126759935,17.407616893373326,73.39494692998875,7.386670847322354
24,2023-10-31,28.153306483341307,46.12563922417501,61.666985714780694,6.788311254882132
24,2023-11-30,22.723253050475336,38.46234301111493,95.81963976003458,7.701273011110292
24,2023-12-31,13.635594363917555,20.62033288253135,31.3487450954808,7.62479746661856
25,2019-01-31,9.232383315925578,14.596902828102987,61.487531057703514,7.056168974366188
25,2019-02-28,12.74409583373202,21.453953516818764,47.88037281095118,8.195936694728642
25,2019-03-31,13.082094110844325,21.685214381182533,70.62906833575248,7.298256907385969
25,2019-04-30,27.814141178976563,46.97756599874975,73.64515919779593,6.671057074656315
25,2019-05-31,43.435429406985826,69.74658384608031,93.66854122247418,6.810054395656208
25,2019-06-30,5.424587245157872,8.421747818031767,30.17054592094151,7.057930379421
25,2019-07-31,33.57522467683787,50.45832870676226,57.27621234478205,6.908341578988348
25,2019-08-31,17.1149124430925,26.14793139921549,35.990241309180504,6.453115799887246
25,2019-09-30,3.459190786411309,5.463195430693391,33.64193659821976,6.105364025725581
25,2019-10-31,12.85361130080934,19.449778993775844,32.21830931181787,7.13044854302856
25,2019-11-30,13.652714199968985,25.261765422032525,58.741705379271224,6.608906627998951
25,2019-12-31,13.071389393532614,26.113021753392406,73.2320168664248,7.078162571977722
25,2020-01-31,33.46991806655916,53.850027626848245,95.91475754573891,7.156039776892122
25,2020-02-29,17.813021115100156,29.13530893732431,89.83042182563979,7.365151873319589
25,2020-03-31,34.849809430503285,56.6285869643217,72.23829225059355,7.99897410225645
25,2020-04-30,20.863698278315276,35.84571105596414,37.86408910398839,6.51263240904379
25,2020-05-31,11.553858996181107,23.01077282431315,38.27896027375142,6.6614572882741685
25,2020-06-30,10.163647565911344,18.09283460487077,58.07542006983727,6.241671035641373
25,2020-07-31,18.681646483260273,32.61940635907171,99.43174498803171,7.524971799762507
25,2020-08-31,31.337261047920887,50.99735096901349,92.11277850296887,7.0248306778541085
25,2020-09-30,12.296945232346014,23.58765108553086,71.25025250854009,6.749100486783107
25,2020-10-31,38.27234333854067,62.587681850698004,69.61493881657015,6.62138207555588
25,2020-11-30,13.816796503046987,24.2553299575145,85.40623379707486,6.244919910965463
25,2020-12-31,13.186016934359802,20.284703986109253,57.060997823937655,7.360910115614027
25,2021-01-31,36.53410958563888,66.3367781098784,95.019103931216,6.878477968677626
25,2021-02-28,20.15950058415231,37.92303767450551,34.0939534099293,7.702714340767964
25,2021-03-31,24.37592421875127,45.7842591200216,41.73947197901378,7.452074797425791
25,2021-04-30,8.59848349358887,14.222218423527343,28.063033221249125,7.784842840488879
25,2021-05-31,21.89987271620544,40.495812724956835,65.78955799946387,6.855258365406075
25,2021-06-30,20.236346738998737,38.60582698198849,75.76641375674329,7.8553878888471935
25,2021-07-31,32.76609122502622,58.04297033638256,58.973464818861125,6.608358110599843
25,2021-08-31,37.43264108234621,70.07552374471948,92.0504061048487,6.350485258473936
25,2021-09-30,11.712532338521216,19.190924396079524,27.637040856013165,7.264416916874881
25,2021-10-31,42.16071799233866,63.40290074540796,71.90486822435894,6.815511674243315
25,2021-11-30,18.783983583986686,34.88507458309945,31.62233109006371,6.84205949757531
25,2021-12-31,31.55914992756012,48.53327242376671,52.86602462523814,6.928726381069296
25,2022-01-31,20.50581363953885,39.91029874746896,68.76853740851385,6.958334262562296
25,2022-02-28,24.104635518029276,38.9087946667814,42.73446820467668,6.159606051223839
25,2022-03-31,18.868247217184024,37.34505631877782,72.92594456600749,6.6823467328158985
25,2022-04-30,18.34755773999978,28.94530366451503,61.820675807721855,6.518250469741974
25,2022-05-31,11.074803729495109,19.39420858250253,34.61683819297526,7.49847874076131
25,2022-06-30,26.38578692876764,41.96743858888677,79.57908222450325,6.747697702257513
25,2022-07-31,20.504272029626033,39.853087429529154,66.46228242899772,7.52515870301849
25,2022-08-31,32.46299934925961,50.58042356255574,85.82434547914293,7.039589231487486
25,2022-09-30,10.950803763912397,18.621092978028145,88.51097214721642,7.594586391552501
25,2022-10-31,8.054790601204047,14.986909623312524,65.17488309500521,6.2938706862911
25,2022-11-30,22.80339529861146,45.443288514837,58.43437382710048,6.281423105094395
25,2022-12-31,16.214504521062196,28.349785408980562,72.80977216582174,6.361947163146885
25,2023-01-31,22.89111949586856,34.38794936452685,82.49418338956762,7.019995323732053
25,2023-02-28,8.691750608730127,14.100178144722884,53.276668792491385,6.024820503553187
25,2023-03-31,23.155450650674727,40.92102435910198,95.27320672828598,7.606516251108504
25,2023-04-30,44.978089596509946,87.52337701760585,96.16447376333515,7.050345369429953
25,2023-05-31,43.590575066883886,73.80965385200656,81.4572130851964,8.005878222939643
25,2023-06-30,8.893368966349067,16.672859118353763,79.5161542238948,7.149237978453446
25,2023-07-31,33.708614276303734,63.30085731505774,79.26527014719738,6.94140548296773
25,2023-08-31,29.068974230282635,54.28420486574034,95.9283523737744,5.987481842745128
25,2023-09-30,15.402674158923416,25.091575864925463,27.952145630659654,7.105950167708785
25,2023-10-31,38.63867828511079,62.04351239436392,85.20076409781774,7.262238254825367
25,2023-11-30,20.57608905741418,38.79583551201352,46.428346437403725,6.667707256025703
25,2023-12-31,13.82099500468692,22.428985798169457,27.80242451039583,6.2057484317959135
26,2019-01-31,22.442150216762588,40.007604193142974,47.05143033953076,6.932653066424672
26,2019-02-28,7.04631018255156,12.465588394093698,31.04657141318374,7.030583951308747
26,2019-03-31,16.350349766865047,25.346853499255484,70.5123282065684,6.037703060684016
26,2019-04-30,8.255715111441704,13.992636436215161,41.5426055227707,7.303957774286433
26,2019-05-31,55.078359039881434,91.68984979748629,95.35125449419527,7.261485786948473
26,2019-06-30,6.517940478390864,10.318602067531247,52.4000210160614,6.9642429953635085
26,2019-07-31,11.83454817684296,18.079571405718788,35.401817456297856,7.608564960578056
26,2019-08-31,12.22505301501586,24.009893517974298,55.17333973892481,6.238897347537073
26,2019-09-30,15.535287766238353,29.0599416784623,44.20063136126678,6.848309365931373
26,2019-10-31,18.062002129669615,32.51290464464272,56.70684406255776,6.375889055104791
26,2019-11-30,29.911086056501652,46.78991724572672,67.866158113694,6.906248058135613
26,2019-12-31,6.1048688498644745,11.96769184366503,30.550343177462686,7.49775928858148
26,2020-01-31,11.492945846466053,18.495172516058727,82.5531772938707,6.379539257591424
26,2020-02-29,18.207237953527724,35.270958303901864,70.44001356339163,7.280735988935878
26,2020-03-31,15.999575329430185,26.54799150653928,35.72497466172748,6.426176800567282
26,2020-04-30,14.565213747533354,24.816738867254855,62.68599044828541,6.391001079721824
26,2020-05-31,47.83473324561624,84.50071412226625,98.47675775432785,6.933777640150214
26,2020-06-30,19.452901384892243,36.407160390916886,36.226425032547866,7.502298933562241
26,2020-07-31,12.359272929912915,23.43254158402831,41.08632755194738,7.7271382157177335
26,2020-08-31,30.193737351662794,45.679908123827765,77.80622769254722,6.9123553544361735
26,2020-09-30,15.402390069639786,29.382691527592858,58.74968403774553,6.564070389825964
26,2020-10-31,35.47576621025815,53.30884956242844,60.703198520795524,7.2704342226059575
26,2020-11-30,15.036739270234186,27.09619611275385,36.389145864476305,7.41048472195488
26,2020-12-31,9.358282570687509,14.358380064451888,28.252247512617025,7.463585848600629
26,2021-01-31,41.64781656524845,79.07217029199496,90.12284309008756,8.155804687650317
26,2021-02-28,13.651283094794044,21.24668656202541,49.84384352439971,6.962585728340401
26,2021-03-31,47.47410488020674,90.59324630007994,81.22646182714766,6.173123832458592
26,2021-04-30,8.41434716877894,15.443010565046906,58.287686860188714,7.611586558859373
26,2021-05-31,16.388020297333515,27.582295635475113,62.29865978917549,6.379235312815591
26,2021-06-30,10.014170863315485,18.755980399037593,51.04662692472677,7.6357445324420645
26,2021-07-31,15.575674415439726,25.72681637037734,26.01396400779093,6.885682791768556
26,2021-08-31,42.89080344378379,83.15720739513478,75.71122588167735,6.113718828973306
26,2021-09-30,48.697916900148016,76.07434141072414,87.3252844283387,6.690511215796453
26,2021-10-31,18.637821298502157,32.497672639252016,38.48616774857678,6.772549665947433
26,2021-11-30,14.135048009384885,27.34507011301915,31.18221822605302,6.429901401121941
26,2021-12-31,16.688639165657225,25.102938233138037,88.58456672710123,6.345303027283362
26,2022-01-31,23.09361244807943,37.19205181050174,66.13187361418356,6.523338271631727
26,2022-02-28,20.434251162591444,40.15085242295026,70.5710144524926,6.838965087573177
26,2022-03-31,18.795024988878726,32.103316594061994,59.94708187201234,6.758715995644462
26,2022-04-30,11.906142240614926,18.12797465222903,94.78687164073257,6.91601862933677
26,2022-05-31,6.019232795441114,11.30092648284294,42.98255651437245,6.978758420565584
26,2022-06-30,14.192101774003675,22.812913434182445,52.61126743565313,6.278410865433214
26,2022-07-31,30.684246868412735,59.4682850659162,88.59575963285228,6.558277947119075
26,2022-08-31,26.006639245313778,40.82284251161242,59.74655867998261,7.029122180329691
26,2022-09-30,42.322511843156185,80.28476144367917,97.23681426879561,7.440680743303061
26,2022-10-31,7.9938250744781385,13.341154240859716,71.81036187085763,7.133223037809321
26,2022-11-30,11.177071996650755,18.0498337570293,32.45699427347086,7.440235552714197
26,2022-12-31,37.240171383475044,73.42540597300861,62.345392263410005,6.7836527696958635
26,2023-01-31,17.148463843668008,28.635711905671542,37.13909976814767,7.594345087531274
26,2023-02-28,12.515995069580864,20.464625928690307,41.695968428017025,6.787802384095245
26,2023-03-31,16.51637873793176,30.474827577866535,32.065080100161296,5.984711694087062
26,2023-04-30,19.068624636281143,31.545291849306583,44.88538027810321,6.830465302692364
26,2023-05-31,4.385046136012822,7.1231381298646035,30.3458055907351,7.040827612386387
26,2023-06-30,23.972103608706245,38.077697042756164,81.31472999011488,6.1941507790314025
26,2023-07-31,43.89441402083124,87.23051707503326,85.38400186155326,7.37723291446756
26,2023-08-31,5.328043246338392,9.256202179818976,27.855117336240973,6.246599177582355
26,2023-09-30,18.95327169774493,29.326155513007823,72.2812815890009,6.596455970131209
26,2023-10-31,13.544474843095802,22.608565500619477,60.67750159416193,6.833288145858794
26,2023-11-30,14.732288904264777,23.949655345057156,37.36016104418709,7.438954898876501
26,2023-12-31,5.96026469384398,11.317719148750246,33.87241675305411,6.383900766843448
27,2019-01-31,21.742578617793285,33.636215074394265,64.02165481536285,7.772763271129562
27,2019-02-28,13.709947339856656,25.759784535303673,71.98781262257913,7.507584309665779
27,2019-03-31,26.31287858783965,46.120595621903284,54.40850428431388,6.676600896417172
27,2019-04-30,38.77563335352045,62.29861769502575,80.18906047006874,6.831890422001219
27,2019-05-31,18.331714395147404,36.328916393655476,50.43025645892098,7.738722341770402
27,2019-06-30,28.645280974479153,56.91215140227593,89.58859242227747,7.186162583046453
27,2019-07-31,15.727171791911656,28.59065629944917,33.75655270087291,7.100373850316218
27,2019-08-31,10.330698311870101,17.24580327343536,55.61866087374308,7.335721385551437
27,2019-09-30,4.064663025960859,6.822774792976284,36.2448017155008,7.443787682956693
27,2019-10-31,15.054087423898883,27.862120761793136,28.579148777518704,6.392574223282421
27,2019-11-30,10.690415098158374,17.810219541841292,64.31872985064055,7.4600506069230725
27,2019-12-31,21.605602372660336,38.921276160153674,73.68305717025284,7.855249188267128
27,2020-01-31,3.9706341454022738,6.531530841579817,27.057157657483454,7.60151693345488
27,2020-02-29,14.142564988538787,21.638749199671253,83.88819661745457,6.35406143217234
27,2020-03-31,44.68371769063433,75.14448971167427,75.84309548011335,7.230596960540755
27,2020-04-30,19.487288054113154,32.11790548170876,34.680155417403995,6.061918689609753
27,2020-05-31,11.832082010894272,19.986059330454086,77.08571720624975,7.482690940524457
27,2020-06-30,27.89228639332824,42.58074492683615,49.855637454987274,6.636555226184089
27,2020-07-31,15.039461470689949,24.200174433801607,82.02008322429717,6.5217535791160905
27,2020-08-31,41.86229897351043,76.98165292876605,72.83756527615526,6.7321480326622485
27,2020-09-30,18.407006271963176,33.68134103317697,37.6744693658781,7.072974978578576
27,2020-10-31,20.552091309443483,31.357339770918525,35.88617446513484,6.941545175495746
27,2020-11-30,21.646565657041048,42.27637315979968,37.81151023688383,8.236905226855125
27,2020-12-31,25.881597666516505,44.68502571337827,88.82041309248372,7.87688179201035
27,2021-01-31,28.735990234831654,52.20090903517318,78.29690892855294,6.069266080518818
27,2021-02-28,25.6490495546158,49.743234229388214,79.61499651496759,7.3547235984662
27,2021-03-31,16.14189032312177,26.42446105550752,50.78061871660277,6.879785406986509
27,2021-04-30,37.007532087272224,58.571257799390374,69.7365879436113,7.572003012815484
27,2021-05-31,13.62259601410391,25.174014497062714,83.59844713214534,7.5781105492455225
27,2021-06-30,12.088525852723564,24.122243314122695,39.499182766988234,6.904021766453328
27,2021-07-31,27.918820308815278,43.88162509867949,53.783857780922354,7.678752861511581
27,2021-08-31,18.96101310781488,35.055163709226896,51.60194598044387,6.458665519881323
27,2021-09-30,15.402517209862253,26.382403336005144,30.743569852571035,6.926660843197727
27,2021-10-31,7.734823837628529,13.866188570586946,62.329428416131925,7.551798817696689
27,2021-11-30,9.370145681216258,18.079015909046547,50.33804643061358,7.107757590408162
27,2021-12-31,21.140799768111126,40.14148741895135,85.17774122192765,5.948664878530185
27,2022-01-31,24.34409275431138,46.44203272251146,42.150633878996416,6.5055657133318725
27,2022-02-28,24.450040951792868,45.31447837387353,85.37363938855859,6.796758366542757
27,2022-03-31,44.38648215919921,68.29812704244068,97.36044398866963,7.4102674144587235
27,2022-04-30,21.128907313600923,41.45655983679521,70.08562501471336,7.081184692839831
27,2022-05-31,22.59596295461575,38.501637828154365,76.24217883386218,7.383309041334576
27,2022-06-30,32.203178100445115,59.108257685212834,75.25060564560327,6.985090043141049
27,2022-07-31,16.91002630431627,31.25875889104938,79.38198333021737,6.811011750039428
27,2022-08-31,7.87709995323758,13.53668375957841,62.85983754467339,6.9075815611090166
27,2022-09-30,24.217768139980922,39.707135904825215,69.91374522295877,7.06072855544221
27,2022-10-31,45.44491107174895,83.3775763427223,79.59247043979441,7.243690240657417
27,2022-11-30,14.045418500383306,22.015887585203103,94.94653500669088,7.423369532519958
27,2022-12-31,37.177967864951164,73.56252752099242,86.98064787327145,6.26974646612506
27,2023-01-31,41.76669237720135,65.15322356839116,73.91268453188177,6.705865798594467
27,2023-02-28,44.096122347670864,87.08818739210533,75.95370017012524,7.632998953187897
27,2023-03-31,14.398480457045133,23.9307330445822,46.32957489346285,7.159640748902647
27,2023-04-30,27.51726166238692,42.80345752770821,69.37955945803661,7.0969509018574035
27,2023-05-31,25.495739273451168,40.03827193695569,69.30034262568768,7.445588079947468
27,2023-06-30,14.912975597115695,25.321015730389412,88.96264509118718,7.3646538229267975
27,2023-07-31,34.79031488216347,63.86816775586053,62.22082442930516,6.862257339150102
27,2023-08-31,31.782008895186404,52.637319970129234,87.76132496483797,7.110631137173754
27,2023-09-30,15.983542466074097,27.916060966945988,26.939528765394783,6.826929085701294
27,2023-10-31,5.653553155126625,10.444879974774828,29.905246353708787,6.05027237418596
27,2023-11-30,14.532778021156009,24.818001234420876,26.830613394445617,7.609309672415746
27,2023-12-31,17.01471964020213,27.696919895272124,99.8078878665495,7.851850319191895
28,2019-01-31,12.229298388091083,20.072264296359062,54.18786037772663,6.4615435113019295
28,2019-02-28,22.47263141923329,40.56493197299644,55.336235889833155,7.134389320991746
28,2019-03-31,5.110879614405662,7.746000243041449,32.665240879788655,7.410775086590118
28,2019-04-30,16.510332572705412,31.702241216796644,28.19599662781226,6.073669838013823
28,2019-05-31,10.525113007557323,20.943488214856977,52.88423435240527,7.41856916885906
28,2019-06-30,27.923365921160293,55.30965131762066,55.66529207151735,7.804607072316999
28,2019-07-31,8.786488729441658,15.714936977494682,40.9283221874105,6.353187231958853
28,2019-08-31,35.25021368056828,64.2920945063864,81.41664413232822,6.819244013774766
28,2019-09-30,35.18524348054514,67.19437808716697,66.78414237412287,6.246343209259069
28,2019-10-31,23.57713627401127,46.10589227218351,50.410781517300805,6.3742386028477345
28,2019-11-30,32.4511429194975,56.18659449534814,62.765406049558926,7.49105765608253
28,2019-12-31,26.033303925036172,47.37357225610844,60.96914385397489,7.487907326801265
28,2020-01-31,43.6210750105058,80.64938111664958,72.98060992902377,7.176025755475914
28,2020-02-29,3.524273942479613,6.708740965151669,26.422478854828086,6.0166805336433224
28,2020-03-31,32.11920304711374,59.665409282674574,84.98375010151138,6.913849641946982
28,2020-04-30,34.103207084692734,53.630875010942695,81.08929141892204,7.6125166808896205
28,2020-05-31,52.86075627328936,89.1988682376378,95.33797411963944,6.596002415442563
28,2020-06-30,12.1838320540941,24.29126140003224,33.78205608549986,7.506445287018686
28,2020-07-31,21.999112420705437,43.0792314092461,76.09604724905941,6.09791367270264
28,2020-08-31,7.662646382944648,12.62363796412643,56.35387022222669,6.394642100211273
28,2020-09-30,34.126911965458916,63.11328560028942,73.93823302005133,6.761200024313174
28,2020-10-31,22.5664000876018,42.40890953027529,73.49409628966194,7.024096088629915
28,2020-11-30,22.789492915316064,35.647271439421004,54.053867460202035,7.07363992788374
28,2020-12-31,48.00011375725007,90.8144240588774,91.01800343465912,7.430709179938129
28,2021-01-31,3.5871791786539244,5.6699964741145905,30.773870362813913,7.149309733539129
28,2021-02-28,4.488160541917595,6.7940707465950805,31.9344974442068,7.62797298271916
28,2021-03-31,9.72663351232272,16.019138256042613,70.99710786129286,6.9889473534463065
28,2021-04-30,19.403792525021185,29.97435439656237,82.6443219077355,6.804016790161322
28,2021-05-31,20.133903962657882,39.40782526380923,93.6431533326062,7.674736552630812
28,2021-06-30,8.850391734024369,14.166384216578503,36.1153099501535,6.521766428130195
28,2021-07-31,52.634520860913916,90.49942289057708,96.85647215879311,7.00041066838973
28,2021-08-31,4.927438543206753,8.135040739556013,37.533834744355055,7.014591879027706
28,2021-09-30,4.7656623824293565,9.50271675903946,46.129801285362845,6.745042749080864
28,2021-10-31,21.50353159605346,41.87921978600515,68.18845434276778,7.625574456509451
28,2021-11-30,29.43972081880028,53.008018927773655,91.6962328908756,6.599579541918605
28,2021-12-31,9.822118653964116,17.774964509709886,27.938028031164293,7.782290620528707
28,2022-01-31,6.34320510973427,10.19358727912068,40.99079170739345,6.203616753011251
28,2022-02-28,43.16556386915096,80.58795843939326,96.40269322587159,6.54130400736836
28,2022-03-31,41.10277537539633,65.42170597594793,84.91188186642137,7.717212658222401
28,2022-04-30,28.788760409656902,53.90984844908869,77.3022017771099,6.431329899694923
28,2022-05-31,8.168202418376392,12.294116666264884,60.80227843266268,6.564395510483494
28,2022-06-30,17.880381258602934,30.612335496277396,37.523976470686925,6.6992442426150705
28,2022-07-31,38.56919477403035,62.27046466657455,75.8546052740305,6.305578315885266
28,2022-08-31,11.278439276138714,21.9392935338755,73.99346615169443,7.437607487581693
28,2022-09-30,24.653118450258525,45.375186714322616,68.09092296617665,7.045509231735815
28,2022-10-31,14.647551523839107,27.31719489010379,54.78601768898998,7.313421530591029
28,2022-11-30,10.315321270974012,20.193877359921228,91.27400041224335,6.803546691146922
28,2022-12-31,22.924135557456108,43.05946927943687,97.22294693070376,7.036420802317833
28,2023-01-31,13.74847831436509,22.229091632931183,90.23954859034042,7.437640713317588
28,2023-02-28,19.44297447411351,31.64836667591955,92.72347367922616,6.903542314454309
28,2023-03-31,8.402676035481266,13.907868696319323,52.53786548164233,7.006936036087988
28,2023-04-30,12.3519068407096,18.799761525221154,41.030568661699014,6.720861201895973
28,2023-05-31,45.86111089373687,91.39085221352732,78.5512983108007,7.2433179780724055
28,2023-06-30,24.34753509222443,42.88903605273826,65.16395649332051,6.419176307181429
28,2023-07-31,8.975399128603017,16.246087955467278,48.64587237483464,6.492443731859348
28,2023-08-31,26.07993979236714,46.008590213149404,73.68277261484498,7.017624378699226
28,2023-09-30,20.57909624994914,31.05410579527594,72.10988088865335,7.79088185148074
28,2023-10-31,18.23402409762661,32.72344546668007,53.403093156093554,7.8505062052683625
28,2023-11-30,37.646017155323065,64.43385986487125,91.48964870754817,7.111267920569745
28,2023-12-31,23.967163779090424,36.17004505788025,54.90208685872704,7.329413622396601
29,2019-01-31,14.479054901125549,22.674613279160077,25.443815394826906,6.8307938277967315
29,2019-02-28,25.31554456590892,39.0666240759444,95.73716932308285,6.14305222614878
29,2019-03-31,17.344191983497964,28.42445503627686,31.52405542608164,6.564537889301177
29,2019-04-30,35.22580992834154,59.69649038676207,90.26113135368834,7.409985794960188
29,2019-05-31,12.226185051935895,19.796752819454795,78.72998877725395,6.914689123229281
29,2019-06-30,15.98253260927394,27.215940270490666,51.00168059850319,7.1968620726645645
29,2019-07-31,12.187908162697434,19.699715837182826,31.49651717571727,6.4584391129953005
29,2019-08-31,13.084845236595354,23.953982341262236,87.50505171620422,7.127716477790341
29,2019-09-30,10.197567820238248,20.124112308049654,33.42210410574233,7.148050049162564
29,2019-10-31,11.548284100630445,17.99164759344498,55.09425298992793,7.555737226671718
29,2019-11-30,28.677721431768074,45.693402062018805,65.68376193259382,6.616048598456748
29,2019-12-31,4.0189617324311335,7.478474287620331,31.894190330403703,7.871883838120807
29,2020-01-31,7.197916178659761,10.831412189323641,39.48454328670399,7.270819631047498
29,2020-02-29,5.601846540399535,9.76777884582402,56.011146888475054,6.765616119140967
29,2020-03-31,7.477820847147376,12.945694448560703,38.09791485530961,7.179894981142194
29,2020-04-30,45.74836208995852,83.17763193046113,84.44767498008318,7.015996038007273
29,2020-05-31,29.78569348069009,54.47583534522055,77.69402924139887,6.5385621675779255
29,2020-06-30,17.560962074009534,33.59320964206653,30.772438316736658,6.7017849075293405
29,2020-07-31,5.982544631749854,10.028325578293346,34.155975821132174,6.45910050196076
29,2020-08-31,23.382580660259862,40.256461969021274,75.07999754503705,7.612946904238756
29,2020-09-30,15.393763130684595,27.35615881026037,37.43533531199351,6.463423359851
29,2020-10-31,12.353142617391343,21.189122587907427,59.48612677519752,7.118243029480007
29,2020-11-30,11.303364366391802,20.27931619808955,46.80851386997903,7.019789142493489
29,2020-12-31,26.59761272636052,42.719577593005155,51.26512473243105,6.834624703235878
29,2021-01-31,26.933013570615895,53.66133027471301,72.16367838379584,6.952809574647427
29,2021-02-28,14.560224714180132,28.31594128884036,71.5741116125171,6.619040550803171
29,2021-03-31,19.172281681712423,30.289814571176244,69.54863417442438,7.221102596813325
29,2021-04-30,23.1226062270767,37.39107321760205,41.286190169404925,6.1905778427619875
29,2021-05-31,9.429035276004367,17.572836594626033,68.32081784303126,7.287933877620526
29,2021-06-30,28.37517105148192,52.63936727389101,50.146478212889654,7.1783621402192965
29,2021-07-31,33.84379394597854,56.75529597421543,73.85188037884039,5.967058438054516
29,2021-08-31,17.449643495963073,34.130459746742154,78.62110413525959,7.848388098133283
29,2021-09-30,10.277239989721824,19.243800171249962,45.61567905425454,7.193840990634327
29,2021-10-31,9.970353534119496,17.189235479271236,37.820334340620185,7.410510562478304
29,2021-11-30,15.094908180762978,22.830665183724385,70.4470605618096,7.489410853388832
29,2021-12-31,16.532361926823185,27.32415997044694,50.62900318363949,7.656943907957246
29,2022-01-31,8.83258718461386,13.844415677987833,35.341808306600164,6.614857159261009
29,2022-02-28,17.036015630810603,30.560643254623784,38.87196905517548,7.018178525739144
29,2022-03-31,25.879277799130744,48.273913025409044,97.14572252895523,7.380011527437981
29,2022-04-30,14.37194177511427,23.54412691837612,75.98569643837223,6.027817828818146
29,2022-05-31,21.40281146610205,37.796835031483404,90.44263459388904,8.038331392577046
29,2022-06-30,5.035596253230571,7.628985340050745,25.63205931715939,6.604684387806127
29,2022-07-31,18.38522688824458,35.484097555090706,48.290258151464585,6.8008586625237735
29,2022-08-31,15.207387981888195,26.34406470973413,66.07841794711955,7.40558932232913
29,2022-09-30,45.97282633486151,76.9381052596635,88.533491761819,7.091246381965419
29,2022-10-31,14.68546829580936,28.96879211323726,28.713210164812555,7.085679092410622
29,2022-11-30,26.566850302017155,43.31004714951441,53.89406019495815,7.513146864065516
29,2022-12-31,32.70793831993302,53.82233963447417,73.93897427563851,6.639174952997826
29,2023-01-31,14.14051899056956,27.471093994839972,94.59656367938362,6.925255798992901
29,2023-02-28,20.324121188694217,31.95381793688378,43.46652649274024,7.516826492535905
29,2023-03-31,31.451960208494427,61.34256276230732,72.51167138782817,6.681578218032944
29,2023-04-30,8.994034747446943,13.743632338944055,40.76186755053828,6.8641858084104905
29,2023-05-31,25.727430793270916,39.140666972906736,60.622527879267565,6.637292597745574
29,2023-06-30,7.334343754054312,14.482759278908516,39.05913393782284,6.7335901484792675
29,2023-07-31,24.273582756595385,46.641224122303484,97.36554592596298,6.783189945282357
29,2023-08-31,19.696561283641223,35.03187470727389,58.355023781625405,5.787602783289742
29,2023-09-30,17.462067291577654,29.045397107983053,29.840507836152657,6.831362164895172
29,2023-10-31,52.009631411257324,93.7777264768097,91.17263435596396,7.212206156910799
29,2023-11-30,17.746673696013215,35.318113696619704,52.23953444592475,7.355699824759375
29,2023-12-31,30.982285566011175,50.86045811055841,55.49717589269658,6.7569919623017825
30,2019-01-31,17.43635337821227,28.14767174458925,51.9796465206472,6.552959075042094
30,2019-02-28,11.535678378139984,19.276767263926963,89.55328924727414,7.17496541999218
30,2019-03-31,9.464063258316566,14.209978941798893,49.0164807749814,6.707970134782755
30,2019-04-30,15.555659314727002,28.69147189775098,80.78685777888492,6.897263616183542
30,2019-05-31,7.449856366562872,12.814389756145784,35.67617279913773,7.9109476579630105
30,2019-06-30,47.89548639954739,91.09422644376649,82.62760514430724,6.570956475327211
30,2019-07-31,32.724127994202185,62.05820913835543,77.74458174406145,7.671017665487865
30,2019-08-31,41.90073988178668,66.32091410916631,87.89189820596056,6.988593152976039
30,2019-09-30,21.711402637041534,40.6651459939408,49.95708133772967,5.877555353020787
30,2019-10-31,12.322070322262881,21.51536767189521,60.61684793670633,6.879020894226092
30,2019-11-30,26.839607697089775,50.97852848714975,60.33142427693107,6.610754217440825
30,2019-12-31,11.836289595445434,17.84527011125332,77.70465872963214,7.539638846373263
30,2020-01-31,29.624755094598534,49.91108262042199,55.53209370660771,6.55875931747641
30,2020-02-29,9.355415395860337,15.745460170753528,32.35945400101206,6.8414992654691735
30,2020-03-31,19.937217000077254,32.501866161803655,71.57019337943825,6.716110310873292
30,2020-04-30,8.988444161443473,15.183500549663174,30.577493136226558,6.418532238404782
30,2020-05-31,7.776607237063257,12.264296539227374,39.998059201604555,7.4050256983625085
30,2020-06-30,18.487004899830193,36.04030634534082,38.88875785758578,6.249086740542941
30,2020-07-31,13.643064906149746,22.917882933897623,26.62970520513894,7.3658592379310655
30,2020-08-31,8.041943256492926,14.66623815674477,45.09217201818824,6.735184943649148
30,2020-09-30,12.0072218272425,20.423443256405495,44.89434476131346,6.967375471999419
30,2020-10-31,48.7507439509223,77.44685260193044,92.59100198157525,7.623719814350355
30,2020-11-30,30.790139415189795,56.566655827681345,52.16225078435529,6.621118449788562
30,2020-12-31,11.5226174503205,20.99784929763277,60.055921530126334,7.139393569112183
30,2021-01-31,14.571459782342009,27.328560071206663,74.82026688670325,6.901563627418473
30,2021-02-28,13.68975537595261,23.117766859428375,62.35001798783089,6.667713393091671
30,2021-03-31,9.565309403264362,14.401771468499796,30.45169249009066,6.570277140582321
30,2021-04-30,45.231161954875546,84.09151882870565,88.90274629613211,6.419812374694231
30,2021-05-31,35.148755193430844,57.341694640356096,87.13788625391874,6.182567381722526
30,2021-06-30,9.327172337623931,17.42787588604712,43.08987592534362,6.293449179133716
30,2021-07-31,32.459595381234976,58.7005261481951,82.94183190048825,6.770269804812395
30,2021-08-31,25.148878566172638,48.87540578273812,77.9199822339816,6.858262004222844
30,2021-09-30,30.05164551681079,48.97403614070349,61.482005452913086,6.847462230448873
30,2021-10-31,17.51119742463413,27.192865273308,38.17417701183719,7.608429854564501
30,2021-11-30,9.688411798847149,17.732345955471796,35.6454268043696,6.801043713190983
30,2021-12-31,12.821538185890658,21.04619277561434,87.66324459096039,6.383081706872902
30,2022-01-31,9.846560767215214,18.961789965681557,39.03485745311354,6.914308662863163
30,2022-02-28,24.002957084453907,43.731213370205936,56.82934063543204,6.879470533084006
30,2022-03-31,15.220696299858433,26.326419923818047,51.994142462150094,7.8328395402569475
30,2022-04-30,33.225190948039106,54.176658360978216,86.91733670090362,7.365467717050789
30,2022-05-31,29.48057464606867,44.82071460604368,63.77224129190225,6.980814032852836
30,2022-06-30,8.811643379656891,15.43975196845482,31.225314810894606,6.744940307479506
30,2022-07-31,7.7719257732027005,14.119120736209494,27.398965405275025,6.820023248299004
30,2022-08-31,41.20377809841712,75.23509027629063,87.71643533164901,6.509612539924176
30,2022-09-30,10.509525731990273,15.89173202569686,62.17444347354024,6.790942162700239
30,2022-10-31,21.065385056441983,36.47030402783848,37.69226731750952,5.765223085914598
30,2022-11-30,9.561665827875935,15.894438102057826,31.650357801719046,7.817750148611749
30,2022-12-31,25.60959631623612,41.49317803933722,47.52698662924757,6.697407361234766
30,2023-01-31,43.970120599877056,75.0620307858945,87.03181390211488,6.445525523647836
30,2023-02-28,14.387622790890711,27.01614643049843,71.38363526896671,6.680340085103734
30,2023-03-31,19.20241214125526,36.94520168694631,51.453087273125874,7.250858162117098
30,2023-04-30,29.572497313156155,49.20005890646355,86.87160356624736,6.494835106201733
30,2023-05-31,8.744265685787536,13.20250297264472,26.63834159367582,7.438335267633489
30,2023-06-30,44.17208345572128,71.48221286088265,96.9757925551942,6.816695952623549
30,2023-07-31,55.31785027564031,93.61237109318908,93.83424322835377,7.145930656507327
30,2023-08-31,29.829006266355538,50.34791910150223,51.06540799468894,6.972112831160094
30,2023-09-30,25.766593334370757,48.80423430410952,79.75135492187273,6.269304968032123
30,2023-10-31,19.888331026605513,39.70826498953033,99.91122589414314,6.343920858098231
30,2023-11-30,9.286574493012768,14.299931376991774,44.05781697678133,6.821626004381061
30,2023-12-31,9.233722338396685,16.66344933439671,66.73617295675474,7.90760502801877
31,2019-01-31,51.23679051754838,90.80967177209645,86.61281615555072,6.434678023548866
31,2019-02-28,30.964654217964746,60.754046996709576,87.88760046579111,5.991293730210066
31,2019-03-31,21.785205861833152,32.920082601410144,75.0512784228462,7.698100907351775
31,2019-04-30,8.63441282088291,13.416764715052095,27.30239309489139,6.849887592857913
31,2019-05-31,12.96496702301867,24.83122981586697,83.86282244433959,7.40207194753768
31,2019-06-30,16.723936894565302,26.33479301501462,51.63518913015923,7.473603946920867
31,2019-07-31,34.46250472003976,53.281045944317974,62.6647685360173,5.888679534400364
31,2019-08-31,20.727681334949363,35.67544121202443,97.35804394215776,5.970891737343431
31,2019-09-30,31.4350026126738,51.639281613898056,53.28851408306549,7.189798132048825
31,2019-10-31,21.184829328192723,38.25593504820868,75.65886576262253,6.317634478853026
31,2019-11-30,13.13187627860832,24.054603774644754,37.581546689915214,7.7864688769447765
31,2019-12-31,11.639086433590865,19.897437021608877,98.3637168553202,6.5081100223341055
31,2020-01-31,12.575440864339932,21.768590686681193,32.77306063742919,6.71130240087485
31,2020-02-29,15.680000275568334,28.073725405917052,52.47442316946001,6.422001223109083
31,2020-03-31,12.456047043139078,21.831109237842416,87.01916147263,6.391759472645408
31,2020-04-30,10.082361506684325,18.329283853173077,88.28614875310674,6.924942749280063
31,2020-05-31,5.3910636677417365,8.5704094055729,33.786706233977746,6.9110000593954215
31,2020-06-30,9.697556286283493,17.846956481627068,32.066924258868674,6.645955758134734
31,2020-07-31,44.61810687199677,88.79099046574808,93.42262416741127,6.786795516671022
31,2020-08-31,21.88584465173368,43.258825823234,88.91715002316117,7.136958262845993
31,2020-09-30,42.78895331606116,77.36410919960583,82.53782578873891,7.08475324148643
31,2020-10-31,18.51064357964288,35.13576533972196,69.8577520746723,7.7409188670774505
31,2020-11-30,22.406026257859615,38.37379241183495,74.79581797604177,6.613466468645285
31,2020-12-31,37.66898958351771,63.83500541799667,63.88047238967071,7.107151969977799
31,2021-01-31,11.351212576235286,22.676456414840832,43.072363841478825,7.717172900817856
31,2021-02-28,10.571556864682968,18.34708093876114,84.36188956268037,6.6348225695098
31,2021-03-31,23.226253112481583,36.61367612342927,95.01956289340602,6.731685651196552
31,2021-04-30,13.769584576838419,22.963636909694003,69.82726733846404,6.688068975649523
31,2021-05-31,20.33080005444549,39.95358508350388,85.78656438027559,7.209490073954003
31,2021-06-30,19.78464238866122,36.40039074773648,53.557643604645,6.523196238242916
31,2021-07-31,20.89573128161655,40.03361820393986,48.716154110676726,6.541518039306567
31,2021-08-31,14.316087116126448,25.656417492440525,29.256352145457605,6.65836766105895
31,2021-09-30,21.827375987534385,37.233918556032634,92.93837368214848,5.919547704408198
31,2021-10-31,17.451112250717404,26.458425458359244,38.20796273183462,7.270455928830726
31,2021-11-30,22.911130549522206,36.83137160579989,50.147174047068575,6.986550716403454
31,2021-12-31,26.592606121322266,42.48370889904014,85.95145055228137,7.0810170481252594
31,2022-01-31,21.7067067478176,42.136422982058754,83.15629265276549,7.98981516220745
31,2022-02-28,29.963304010113692,53.531802399806686,57.853781378115094,7.23232030640923
31,2022-03-31,12.776615929523592,20.311723854157332,86.11569717574838,7.074253408149248
31,2022-04-30,16.17961777811687,27.526716096407785,67.66752044389015,6.6369823755085084
31,2022-05-31,30.621913929370855,49.44486524675556,72.557476414435,6.501999063881014
31,2022-06-30,5.628958494809079,11.22761715020975,53.94491159120722,7.027178097373263
31,2022-07-31,13.456771363416514,22.573075423197928,32.62437730037474,7.272878926391301
31,2022-08-31,19.339670847805635,32.651776836113896,67.01444976823943,6.742531309343753
31,2022-09-30,25.743565229284176,39.834293235235954,71.23372353627428,7.366539124660628
31,2022-10-31,38.89589200691554,62.49603618353972,92.2316724106377,6.520716726932721
31,2022-11-30,14.621290630114284,22.853210355648613,99.8067980110817,7.023661369499135
31,2022-12-31,35.69225911724447,58.48751482024805,88.70116436658493,7.025874601745958
31,2023-01-31,30.250848925045105,59.55663014074812,87.39953559092406,6.815598389187081
31,2023-02-28,28.75131982780099,55.65203971945432,58.425537178724205,7.26537937731225
31,2023-03-31,23.163527656273125,39.373362176686776,74.05704988476182,7.5096311507023445
31,2023-04-30,17.872993612120826,32.19339738632371,81.79952162761984,5.927335886819687
31,2023-05-31,16.00187210494685,24.287119616871202,35.57725564635711,8.060504610134945
31,2023-06-30,46.31320122748628,75.20211564024441,81.95104305865236,7.196251954760237
31,2023-07-31,16.1076863190322,30.34287913675803,32.413714694995946,6.6900539956708185
31,2023-08-31,16.988907768455796,32.24888250109381,28.7982895206793,7.113187448258074
31,2023-09-30,15.58555801408355,24.15214022177123,52.86620416415732,6.801470281442599
31,2023-10-31,7.193676495571438,14.047734132027934,47.66999810255635,7.525082150411954
31,2023-11-30,12.819599830748297,24.092855812716767,29.02399815548709,6.677497542947199
31,2023-12-31,17.05813056967136,27.164104857210173,31.504024793140854,7.361376835989793
32,2019-01-31,4.804125315860432,8.813045087732228,32.37988690418707,6.831088059822355
32,2019-02-28,19.14710165768342,37.08934590633897,32.23473656086383,7.6632202826084495
32,2019-03-31,19.165867600777815,37.71545464123166,51.068190208349115,6.656127468195821
32,2019-04-30,30.53134166922992,53.74403175420766,61.99929936330159,6.741716208655632
32,2019-05-31,10.349332643538865,16.702574828148865,58.56667634337925,7.026757326289833
32,2019-06-30,30.892499558412464,51.037149829574886,86.15809348659774,7.465042902395682
32,2019-07-31,11.019708032051286,16.64721348292616,26.93736327395363,7.116957458186695
32,2019-08-31,29.915642555996076,50.499732756270866,61.27689663606705,6.860698148387582
32,2019-09-30,37.46668905927711,71.68012541763068,88.86823322696306,7.095882816551246
32,2019-10-31,24.32250170133382,48.407576466035486,48.46713985562779,7.469305384846992
32,2019-11-30,4.7025050821951035,8.588116332569133,33.586175385091785,6.9492930631792715
32,2019-12-31,11.861536176833614,18.334559168377343,59.56797338266503,6.8904873160758315
32,2020-01-31,8.277064110788512,16.119835235998362,32.78404126370993,7.418919141742247
32,2020-02-29,46.778075409435445,72.74209413131969,97.35594185229388,7.484422832083437
32,2020-03-31,9.78612188475984,17.356821964797554,78.58448124070249,7.324449399482718
32,2020-04-30,14.720914698315397,24.995615291210523,53.05003132938187,7.113672901762673
32,2020-05-31,11.07953665288951,19.511959805329678,34.762172514566004,7.413780517154937
32,2020-06-30,25.113519188658046,40.167174928355564,58.623558995445066,7.685419791759643
32,2020-07-31,18.05616725662083,34.12017444266949,43.69537625186511,6.285270149837466
32,2020-08-31,30.765694165641783,50.26122571508768,76.24974351687185,6.774588294461434
32,2020-09-30,25.655811199328657,42.39278697347109,50.480235797904236,7.444026427022629
32,2020-10-31,13.541706285480561,23.698982851162786,35.09707395905589,6.721464903188841
32,2020-11-30,16.833575265014066,25.338042230203513,86.52199530816772,7.3650939275939
32,2020-12-31,6.983674694380217,12.885270102725714,55.422958786414455,6.5105299700315715
32,2021-01-31,10.235126142242757,19.027453135840105,90.63848868756558,6.0754799072579475
32,2021-02-28,14.071833640170416,27.567820291076046,38.29828640707819,7.146249636858893
32,2021-03-31,19.025188129470095,35.42025205388054,72.21967218256452,7.003273945859187
32,2021-04-30,43.2072952606312,64.84744817954832,83.74100382747918,7.767663866688307
32,2021-05-31,51.611564035660415,101.32305992054509,98.49089694830735,6.912613434940704
32,2021-06-30,51.680675637728186,83.4726312419576,93.95573251541246,6.584667003636723
32,2021-07-31,19.112723694423547,31.77332880597196,48.24572111506126,6.828743796000273
32,2021-08-31,4.968461525668993,9.043339044471114,37.66771555048392,5.851043733607134
32,2021-09-30,19.85876939532532,39.29518751667038,71.37088437119048,6.941016207915658
32,2021-10-31,7.940889068373353,15.70995774235451,37.20270265237712,6.729415451607249
32,2021-11-30,54.542056359040664,85.17563291245838,95.75343930323346,7.6614091345752104
32,2021-12-31,13.238660073477972,20.974815498297218,48.63576216584768,6.873190760526523
32,2022-01-31,43.935111083885424,80.46572754204448,79.92392530136271,7.273937618497351
32,2022-02-28,25.68673144692443,42.05123294870674,99.20622183153449,7.508896493602045
32,2022-03-31,5.777590755008944,10.718855940887398,50.94484531751394,7.409614073851628
32,2022-04-30,26.47956466723227,46.39324109941778,58.96095628086233,6.778071530251525
32,2022-05-31,36.183635063291575,67.1259886582434,93.10325773615705,8.006185723603062
32,2022-06-30,27.74506697127209,46.35707031205894,56.02493325455268,7.0618561258080055
32,2022-07-31,5.959320274164297,9.153187773360218,35.03393299079428,7.58099763379075
32,2022-08-31,42.03788636347408,64.86716083015288,99.10881827969439,7.111035558333971
32,2022-09-30,38.08911306289965,60.47501208139914,84.6897398081296,6.958874956673338
32,2022-10-31,23.297051156616963,45.432775794770556,59.37931421491374,6.21622481415448
32,2022-11-30,9.87508447156607,14.914777952684643,33.08333871474664,7.335738835716043
32,2022-12-31,14.355321323950575,27.212670875084847,39.559826879181465,6.660689691231559
32,2023-01-31,43.76384494106864,79.30045446539282,75.77859438202137,7.276334483511382
32,2023-02-28,5.224284740064202,8.828992237670729,37.52600628241902,7.576567439339591
32,2023-03-31,5.85496869128476,11.01158329027822,53.53281357051279,5.5
32,2023-04-30,9.399828552286424,15.183667272766774,68.81049483745007,7.339791574692823
32,2023-05-31,16.953589130815686,26.855133326023765,58.34465719169097,7.313272634340073
32,2023-06-30,22.706666339871973,40.94761110659428,77.33328219857414,7.1277864025186
32,2023-07-31,49.90224870754184,91.2761731399068,85.16056003875453,6.510172098640543
32,2023-08-31,13.521654524122912,23.473903865121816,52.34042013386404,7.061791797804589
32,2023-09-30,13.456479860091898,22.776170953280225,46.252226478310476,6.547209251776628
32,2023-10-31,40.162792455819954,75.30335266707245,89.07165990601196,7.685049743344001
32,2023-11-30,45.09760054345302,72.4274468470438,92.86050030341619,7.1242366089985465
32,2023-12-31,25.799214199492383,47.26112607597011,46.13108981488902,7.229275429392553
33,2019-01-31,42.53127078582283,65.18458013070413,90.27084969757306,5.664629819357138
33,2019-02-28,9.957222700307467,17.197214948818388,59.071753680778386,7.281379904729981
33,2019-03-31,16.362955008031523,24.739994079188907,86.66032191472752,6.640352379825886
33,2019-04-30,16.39641095459296,27.4568865955558,49.54092322793702,7.569307349586392
33,2019-05-31,27.227736558956362,41.9060956231013,99.42074941610085,7.356294328248416
33,2019-06-30,22.548369976148642,42.62749204772283,43.681791647606865,7.109289431006907
33,2019-07-31,51.094465224367966,94.88378159565701,88.53409196235383,6.516961018268055
33,2019-08-31,15.33802815592737,24.837981079216117,29.61501902420156,6.892478302693778
33,2019-09-30,47.492513644383216,73.4980565130405,83.31604877988939,6.369728923087035
33,2019-10-31,19.258042142524648,32.64168392199572,34.671591701597286,7.26676625988401
33,2019-11-30,5.729121373627469,8.679071585169634,33.96865800736418,7.142908817174417
33,2019-12-31,32.15871153560192,61.50168861031355,82.78685487518702,7.093463908729721
33,2020-01-31,15.178639876294467,22.90766827611484,51.62840778422342,7.358368376627478
33,2020-02-29,29.26512034234889,55.60444442889819,55.42356817362454,7.2270438541818685
33,2020-03-31,7.11909867337615,13.605011306582915,49.951801099840814,6.545663218136372
33,2020-04-30,21.927136587624737,41.4821967589962,54.863106406746724,7.286019223530152
33,2020-05-31,12.752764500335322,23.151421395820307,88.30811574903743,6.7543532615153925
33,2020-06-30,8.34972566406638,13.875506531026753,29.025957269961964,7.092543132198203
33,2020-07-31,12.807681597734794,22.519621735197052,36.16062273933094,7.326879152721472
33,2020-08-31,32.46863950990778,56.886824788463926,79.3221514700196,6.166287832554723
33,2020-09-30,17.520614894056653,27.59187746143881,79.38502838749652,6.248845657653781
33,2020-10-31,13.655931797185186,26.818830482927382,35.16118707496975,6.842778148891002
33,2020-11-30,13.527016457456634,20.77650218735387,34.27742940449249,7.227367278769192
33,2020-12-31,22.60806357558426,38.52191358657806,46.729250591014356,6.600247808647742
33,2021-01-31,17.03743026475482,29.59430506270889,40.93651736731213,7.241286219033494
33,2021-02-28,30.072873268118045,59.05282252412518,57.48674482610139,7.485665337700284
33,2021-03-31,18.570727224645978,29.798909506650357,66.4812588548494,6.7708486152919525
33,2021-04-30,27.774508638257245,53.68141020287778,54.96795240361779,6.409738665388195
33,2021-05-31,9.984650605233796,17.57058897988438,86.43369988764731,6.441506632606051
33,2021-06-30,14.56366801375778,25.705051906916847,90.21978238952383,7.248158399078613
33,2021-07-31,37.53014517784672,73.88870776153607,78.02633766824128,7.061215070853884
33,2021-08-31,33.76196846320269,61.90282069385213,65.09860235786145,6.926981534445427
33,2021-09-30,36.14345413432693,66.28615263972367,89.64469203368623,6.90594481178119
33,2021-10-31,9.85596351394755,15.996194948430267,25.959140330165816,6.389318992533308
33,2021-11-30,5.6516350174577905,8.861900735777398,29.742169616927246,7.646000060267349
33,2021-12-31,15.516534166965684,28.811842791799485,88.72440881497205,6.963918068694692
33,2022-01-31,13.638506106039932,24.689483652686707,28.10521443882021,7.822911424321691
33,2022-02-28,15.230860242405111,29.566156065042534,77.15709869632519,7.161675559664514
33,2022-03-31,16.44404768447938,24.899243672998587,48.77456698322723,6.3468077613394085
33,2022-04-30,22.38517075089487,40.460039252792214,72.72981023919733,6.657111203654092
33,2022-05-31,18.927814399877757,33.26135077576854,44.44885633142291,7.002578426028929
33,2022-06-30,40.79298666612669,76.39677930701137,83.14567900906707,7.276744515387804
33,2022-07-31,17.795892072489046,35.55353538587805,50.756180294641446,7.464025563696086
33,2022-08-31,13.042884713861104,24.172253059267852,73.51614680777003,7.201995893411876
33,2022-09-30,31.915651838416668,55.386084526910466,95.58853149316786,6.944620182109973
33,2022-10-31,32.04546571475155,52.385680459391516,96.64041955885605,7.035031665076598
33,2022-11-30,4.75220408955471,8.325265783156244,33.85044212818794,7.290537387075772
33,2022-12-31,45.329003617639145,89.08698775410959,83.14562573807794,6.734445716064211
33,2023-01-31,23.175191248392807,41.76611320706622,46.75570624792943,7.453561090396376
33,2023-02-28,21.151311659329387,37.717842001904735,64.35850720744487,6.262743624737163
33,2023-03-31,18.056779520212608,29.018028966397367,41.56522225798414,7.43179401331082
33,2023-04-30,37.4581346149169,65.70308094043436,89.8006537882016,6.86222719756014
33,2023-05-31,40.866435344767886,72.33372429850475,79.4846178552715,6.878326065574996
33,2023-06-30,33.55328181172821,56.05866128650909,80.95360651679167,6.8216587564069675
33,2023-07-31,24.224557296509417,45.480393159240336,89.3049148249959,7.482271852368087
33,2023-08-31,25.648369559914318,40.66235357751165,47.10725271719977,6.507468751092247
33,2023-09-30,3.7767975105224134,7.02947850004127,26.926071731769746,7.416759967799066
33,2023-10-31,26.830322677249537,53.57572531145736,46.869947489075315,7.4706903803740214
33,2023-11-30,22.996553382729946,38.250875718904474,66.9691105790042,6.699022838818988
33,2023-12-31,21.523606225685143,41.55405653155686,48.091117979533976,6.5821938710029135
34,2019-01-31,3.4594933623469046,6.912617667515034,25.934380890133248,7.008607465226484
34,2019-02-28,4.759985354922772,8.857936718361072,45.49843923416257,6.9888578322157775
34,2019-03-31,13.999271794930127,23.453705548984296,78.68705027394729,7.079505304282236
34,2019-04-30,5.632110746869261,9.937956864820196,42.2577384492792,7.639113712671747
34,2019-05-31,14.169395993881198,26.888395192453647,45.71922592013265,7.136316755421202
34,2019-06-30,8.162793228239696,12.693619947432053,31.16716395832522,6.731766125032406
34,2019-07-31,28.0168151931601,43.40612928762873,89.31973980353403,6.637814973501362
34,2019-08-31,12.983729416792366,25.676633286395187,35.30457160844058,6.784341328242164
34,2019-09-30,4.743966350291533,7.317135548857404,35.42469131023554,7.8431636457806215
34,2019-10-31,14.93173368522217,25.444510018804227,78.70381671221591,7.148204829283824
34,2019-11-30,15.184582435720733,29.34042177389946,75.55671998159116,7.238215827043722
34,2019-12-31,19.814023058069303,32.96258637803407,80.11540327437986,7.194050761800468
34,2020-01-31,18.0547015536733,35.60151100155567,63.02359087120024,6.848272229842291
34,2020-02-29,12.320234941988323,21.817038865126875,26.260131233039715,7.194557280679007
34,2020-03-31,15.980057297353794,26.02981855562021,53.14287858451968,6.80601866497689
34,2020-04-30,20.5918497915734,31.306892689594367,52.101403370302855,7.2535628136309125
34,2020-05-31,14.417747764358573,26.786638019492425,28.24002256418126,6.442146021651915
34,2020-06-30,17.412645939196416,29.10842738704608,68.00252421175955,7.473152527198849
34,2020-07-31,29.47804067872975,52.39349261108245,70.2263675533291,6.980977474185361
34,2020-08-31,14.257164775104691,25.937963997586163,43.19316508563562,6.765030405717246
34,2020-09-30,29.28670893004433,55.66075595113946,50.14841059447157,7.36588435578097
34,2020-10-31,24.914267383580775,38.409697953497634,61.988581859821515,7.333615017770556
34,2020-11-30,9.170420818177057,15.815712942310402,30.751107792116525,7.676130530228063
34,2020-12-31,31.749809612098005,48.31119332321844,59.829985436574496,7.079065755502059
34,2021-01-31,24.13514751462423,44.6628960421715,53.04370204139251,6.425535204498595
34,2021-02-28,10.948916099202911,18.401094140069446,53.813138454987595,7.022400150247148
34,2021-03-31,17.78207853862687,28.512307847572174,38.64020743162498,6.957380234990572
34,2021-04-30,16.219772247500558,27.641275575480503,99.61759385100359,7.3600835394096285
34,2021-05-31,4.644680927572037,8.349072086924211,27.62359585424898,6.697423522194123
34,2021-06-30,30.846933315396658,51.0885111269782,65.7343470124874,8.264167432415
34,2021-07-31,32.81505922005647,63.29695434551971,65.12456083721652,7.218419884651838
34,2021-08-31,36.78834345933517,70.32177522791943,91.64678373033148,7.527827662027359
34,2021-09-30,20.35253623404303,30.951425062922038,80.66245203250949,6.908034355462023
34,2021-10-31,27.420491912165236,53.71287545426514,68.03923718808025,7.171140462795904
34,2021-11-30,17.838935712553898,35.42983644181106,52.60284055513861,6.4916179725357015
34,2021-12-31,18.40441398588804,32.35100849955417,39.91104820600347,7.0278647692146485
34,2022-01-31,4.421798690006859,6.757352444024384,35.058045082829146,7.129194757863954
34,2022-02-28,10.291047070374564,19.34573187789124,28.36133472543517,6.568248983264434
34,2022-03-31,41.66652300354553,66.1019385659688,86.27731466683058,6.78348337332677
34,2022-04-30,7.062059950021727,11.592905194031466,49.93947828728278,7.371657733923816
34,2022-05-31,8.148896326354663,14.057039441302189,25.72608139597371,7.147996131497626
34,2022-06-30,13.691039104175834,20.734462535071867,33.01324058001793,7.055213588983823
34,2022-07-31,22.024999271741923,37.144941935172376,79.60610596469452,7.090501313943811
34,2022-08-31,9.775981088220037,17.56428196662958,30.788595041555297,7.121119333245185
34,2022-09-30,11.055645480844115,17.379473835691748,84.23241521537985,6.449559628557384
34,2022-10-31,8.958154932896283,13.871864211315488,41.55285278172429,7.371170006477743
34,2022-11-30,47.23155713932391,84.18845072517804,96.05724986356196,6.717611767359078
34,2022-12-31,20.183309922189657,36.236948356670254,68.94097590445709,7.0872712227434755
34,2023-01-31,24.17441879890266,44.44134039488069,67.9243431590201,7.391367891983419
34,2023-02-28,26.614962200971394,43.84025881473792,51.033106402178454,6.791191692334273
34,2023-03-31,14.04289001401336,24.821532450129016,34.47760760212389,7.014564541604457
34,2023-04-30,45.534238934614514,73.75218113540728,86.05203334769286,6.724922228728025
34,2023-05-31,27.392062313786717,50.23427532809384,53.362418477326685,6.895190752986665
34,2023-06-30,16.11140662488968,26.058192412423185,86.35636287697308,8.599490104839015
34,2023-07-31,9.71031946819838,16.300498621646952,90.81987206060852,7.428861072680963
34,2023-08-31,11.40278043907658,19.92995834384001,87.48434036198745,7.109681003038414
34,2023-09-30,9.43904654179236,14.857285212941173,58.9539970368076,8.247510480356393
34,2023-10-31,17.239874455589813,26.61321045337286,34.125497621331704,7.323477886532067
34,2023-11-30,28.762071874868724,44.04792595729037,55.859954968813916,7.367903688158096
34,2023-12-31,13.228339359469667,21.559820215919327,59.1243234237051,7.108895932313509
35,2019-01-31,26.506151387567414,52.958378208796134,44.97172109423605,7.4970990020020585
35,2019-02-28,13.702886077304688,20.829530801920114,51.73990942143879,7.69444005344001
35,2019-03-31,12.309116788740557,23.213917560072996,30.963647812331043,7.1229855343259
35,2019-04-30,14.741129945430806,28.66285094520658,68.36148745677306,7.0789137168956
35,2019-05-31,17.196606411568073,33.12195441308368,62.956539458389784,6.71190409447477
35,2019-06-30,9.985379337882364,16.341336944585585,38.29410080329701,6.58335274144795
35,2019-07-31,36.8660744152105,60.93819948719551,80.36177334889655,7.93567324423625
35,2019-08-31,18.442167625844526,30.555457365919043,61.2753444249243,6.295092222494199
35,2019-09-30,11.955956268404801,19.210205650508534,69.68308261444179,6.896149881300103
35,2019-10-31,6.314773937104145,11.334421668254622,38.54572093802932,7.707917104100465
35,2019-11-30,5.694592989643033,9.125970365754148,54.12296058095786,7.224997505692347
35,2019-12-31,28.48700630858666,51.718072183970676,67.51283735016001,6.597827099503942
35,2020-01-31,30.615354934550492,58.7346711088361,95.05457495212974,8.016879705810581
35,2020-02-29,28.63111692611549,52.67957356910311,83.16564579762085,7.327448246441133
35,2020-03-31,24.216983246386555,36.355217452692784,94.46707428979788,6.756169743602462
35,2020-04-30,35.4972665391172,70.45980827230655,60.41230515597121,7.36038275749367
35,2020-05-31,44.06263349799594,85.09310799203264,89.55979804133942,6.733123638985856
35,2020-06-30,19.178580770252392,32.3636041570338,39.196827623935086,7.295890977245337
35,2020-07-31,30.097383541349405,59.196843750415766,57.335025868799185,7.551718089886109
35,2020-08-31,23.868621526399014,35.9617755459442,65.5541704764905,7.21394073052503
35,2020-09-30,14.76634853226363,27.53855584713042,44.48019537808598,6.913618016940609
35,2020-10-31,38.38072210851934,75.01058539379005,67.09855152466416,6.9112862258384675
35,2020-11-30,12.312273415419531,22.835610691818896,58.81024463193586,6.620022051447635
35,2020-12-31,17.754218823837867,29.66583421816208,81.43572941592488,6.928694062830402
35,2021-01-31,12.375765430110702,24.580155534063433,25.648286612268507,7.9892937531834205
35,2021-02-28,32.422983979462316,53.41496567609695,61.915075128500796,6.810828031427281
35,2021-03-31,35.36230953647298,63.86544804965885,99.56531589417614,6.906653969119969
35,2021-04-30,43.58564932028713,78.71413891047787,73.2236552431045,7.6631213339162185
35,2021-05-31,28.448477483687974,49.999869344722725,86.90593794644612,6.855075326454074
35,2021-06-30,27.259176026057453,52.019689597759985,95.93438872929714,6.783956142893713
35,2021-07-31,23.867989218409107,39.07112238405323,79.73866770618913,7.354481791802439
35,2021-08-31,17.9244881967974,31.831078679713816,72.61810543569273,6.809329337654886
35,2021-09-30,15.980339486689283,30.44522237215189,61.73883799126025,7.690134396096469
35,2021-10-31,37.59927875350167,68.02451257364432,64.21157455155138,7.418349581207234
35,2021-11-30,7.1749892766823224,12.39412839224775,31.43954429697003,6.656932206071645
35,2021-12-31,33.30154667331392,66.32590150738662,79.99908015864388,6.922907923811927
35,2022-01-31,16.969155344998494,28.281537661371328,42.39157157554197,6.982105144108335
35,2022-02-28,30.191284548564326,52.23930481084449,74.64081041309997,7.4732043564874875
35,2022-03-31,35.77956378270632,58.37801943553377,69.26106857596378,7.278093243866375
35,2022-04-30,11.336811183107766,17.78567761358239,40.7705150219773,6.552598636298393
35,2022-05-31,17.86707495739138,27.06490630321761,44.52539379242567,7.197501835437256
35,2022-06-30,25.269954175226374,43.34107957114392,91.41104263991075,6.714289494674291
35,2022-07-31,9.74106117142993,16.816834411410575,45.641691938446456,6.971712711785201
35,2022-08-31,27.661349259199607,53.26087099487182,52.29200915015177,6.223531325728648
35,2022-09-30,7.8038438398436005,13.865094309868311,32.40041995200062,6.198057931681009
35,2022-10-31,16.174880974234775,24.318774419971863,29.52327880182991,7.653470240078962
35,2022-11-30,45.068947443692814,71.83441888707983,90.44002368866252,7.623678000843182
35,2022-12-31,18.326713310790172,35.60532430879673,42.346151837843465,7.289416403796213
35,2023-01-31,35.69670047398064,58.847418319395985,72.7733380804292,6.353395376106114
35,2023-02-28,16.207744696979674,25.34565824631431,85.4188432639751,6.945235850921003
35,2023-03-31,9.253728459880547,18.47130539534662,90.4040240373119,7.211712246569617
35,2023-04-30,6.3836615232149745,10.07306091945337,52.386839069892,8.078097653797567
35,2023-05-31,51.8927711230214,94.04186521310969,87.64416956565552,6.593905884936417
35,2023-06-30,13.096464173302468,25.631560531444237,44.67135071148362,7.302515700331019
35,2023-07-31,3.1690951336850945,4.794416223381321,25.812122549559426,6.27557342872182
35,2023-08-31,11.129717373402366,18.558585006205956,54.515190821463776,7.413820979212876
35,2023-09-30,26.609649010726347,40.019724091821615,44.95780622905493,6.8780193050262985
35,2023-10-31,50.91913621141195,77.65566818142004,93.40791075874165,7.165200793051602
35,2023-11-30,29.16555622356489,51.55947654149123,49.348556491876096,7.471444866915954
35,2023-12-31,13.955312822508587,22.44615170736877,78.80518632149338,6.924485633375947
36,2019-01-31,42.74510790433946,83.6771954990872,71.6902323349919,6.52059807281462
36,2019-02-28,22.610976715162437,41.241491975241885,39.06645154042405,7.370336957167862
36,2019-03-31,22.015697526986926,40.662196160312945,63.903007891054976,6.320785377446386
36,2019-04-30,4.569351794359031,8.74653656511242,30.329625611761543,6.692957842438735
36,2019-05-31,19.79227569662391,32.61661806741256,50.64808570989768,6.928106621788915
36,2019-06-30,33.057504937645746,65.84565695867414,98.1114801333371,5.914452985278743
36,2019-07-31,38.18262160127625,70.7129757099246,63.68593237789475,6.984874314844214
36,2019-08-31,34.75889597049904,61.5815342995265,63.92345148586048,6.6036775029096795
36,2019-09-30,11.8796058458291,18.4588869734816,45.62501837881681,7.834155559782257
36,2019-10-31,11.809142431433841,22.26808872026464,81.28154615627902,7.23925223707543
36,2019-11-30,22.816094048530204,40.9701828250307,83.28334197610125,6.67792114088955
36,2019-12-31,3.646570303012773,6.634320131840889,27.84032570214445,7.384712819583172
36,2020-01-31,9.817289401717579,16.644486133534887,63.2392579483764,7.392278933694602
36,2020-02-29,28.897399241142818,44.95985453634167,52.11553116238176,6.1986155109623615
36,2020-03-31,16.203536121093514,27.503718281281238,46.16769566761074,7.258552419353739
36,2020-04-30,28.72969494826292,50.104039629218654,60.820594947150255,7.221579992923963
36,2020-05-31,54.129648661907474,89.59750434271083,94.64631039920812,6.807558813599645
36,2020-06-30,19.714411396355384,30.24573968516879,43.988974999934655,7.423880605671839
36,2020-07-31,42.29600396445315,76.81819883858552,79.44269916450638,6.089203693821565
36,2020-08-31,2.86865628369044,5.582913412273684,26.271626611804656,7.847320880116006
36,2020-09-30,30.412569924329553,48.25278035901216,78.80473628422202,6.824187774968216
36,2020-10-31,21.53210962917789,40.93058095430329,86.99699630122058,6.955701285603288
36,2020-11-30,6.901957992992732,11.675985432612238,35.51842586216577,6.287963178666457
36,2020-12-31,10.770269672558374,20.329530559928433,51.163414670961394,6.014997321776984
36,2021-01-31,30.733541110135956,53.61515815736055,65.52723332903886,6.184397236404166
36,2021-02-28,12.134187096625872,22.711350605776403,82.91417166239458,6.551596111470481
36,2021-03-31,13.012013350713373,25.568971836519733,40.65007080053061,6.557448820639807
36,2021-04-30,8.294588320663037,12.859767079064442,42.49761653059246,6.3847057799113225
36,2021-05-31,31.14726780471881,61.45062167054477,67.7954721849802,7.258985255382657
36,2021-06-30,17.287316079677815,30.594168780470127,82.07649717969336,6.9283366055016735
36,2021-07-31,31.310667980779744,47.2356702242083,82.3610438788934,8.089602555954386
36,2021-08-31,51.809539423445,99.57340149157078,98.59055640389212,7.375952113326567
36,2021-09-30,29.75275621662528,48.12027846747227,93.74599995474567,6.705419780534669
36,2021-10-31,11.376798498766327,19.765631889977524,62.482822876970395,6.963646218631856
36,2021-11-30,27.95247086284586,52.34117661948117,46.607740732837954,7.077390602004886
36,2021-12-31,51.48915601010297,92.608849195583,98.34016635956256,6.498930810955074
36,2022-01-31,37.07108139453269,67.43076607495895,77.52046222992738,6.983583896376347
36,2022-02-28,18.299285480017563,28.94043755650775,56.38034948098376,7.2660218487986725
36,2022-03-31,22.626611902226674,43.874909838862195,48.76474561395759,6.862406060670039
36,2022-04-30,19.173863649494365,30.34174568665965,49.076430957444416,6.780690105743824
36,2022-05-31,6.076936078057496,10.893770983647753,35.20055952971824,6.581257637344786
36,2022-06-30,20.41780785748515,38.80617281795395,62.21786344127046,7.6878701934380835
36,2022-07-31,12.761486080990595,22.94973878595142,44.19578960898898,7.177838622562378
36,2022-08-31,45.60499639670002,84.45545357780681,76.74571057223629,6.945757219080425
36,2022-09-30,33.27731873105998,66.34168183881145,83.47023137091816,6.7359975113248325
36,2022-10-31,48.64532762338079,83.51878772867168,95.19373231665301,7.762906372754962
36,2022-11-30,37.55513834244907,60.556675518872446,74.0202369351765,5.687712251276024
36,2022-12-31,10.456787557886587,17.7898883659419,40.65396228446974,8.142093475646108
36,2023-01-31,8.28267526923497,15.923863877961235,29.15802260834933,6.7379652986119565
36,2023-02-28,33.35844736980967,55.041890860882624,67.3347188795943,6.156321912411144
36,2023-03-31,45.70195229199807,87.26697535527715,86.10215983102,7.140457587827222
36,2023-04-30,4.557824483829908,7.312607552314832,27.635065235666154,7.436762737176561
36,2023-05-31,14.826791290201184,29.11755255840624,34.78737874546429,7.363168037119687
36,2023-06-30,27.92933709611855,52.84757535533225,70.69183749426264,6.5354416975991505
36,2023-07-31,41.152833183867735,78.44466925830926,79.21949785545142,7.338124088617308
36,2023-08-31,23.660703268604873,37.08867915714138,49.71607586090677,6.9831051522099195
36,2023-09-30,17.713124961112783,32.37598807836497,40.582091366943295,6.9936006650644575
36,2023-10-31,32.13449273505555,54.56925481167168,54.63947499525466,7.188793460687602
36,2023-11-30,39.94392586822611,73.19115402356836,69.32049057255092,7.812292489690427
36,2023-12-31,13.473636969842365,25.190994610459548,44.245016759742704,6.649964874194374
37,2019-01-31,21.14049908822387,34.207478856249395,39.4788457293059,6.987534581960946
37,2019-02-28,25.744152258842263,40.947812021646044,80.2512991645534,6.360072876417567
37,2019-03-31,24.20266634747267,44.93951078207503,45.317141768188975,7.708852310800589
37,2019-04-30,40.8280500183738,76.5533600767447,84.09238144299474,7.333042095840245
37,2019-05-31,18.994928718604214,31.56669192769785,67.9882746111622,7.181414445874995
37,2019-06-30,37.048251946815796,61.955658546513526,83.93724324032596,7.325336979966503
37,2019-07-31,30.333829697424243,52.29722786076569,68.99167107566298,6.666126845245938
37,2019-08-31,45.916228067354275,77.23589721283757,80.40069886234402,6.8664723358279405
37,2019-09-30,6.453404547631732,9.771530785933777,49.73894325943522,7.052896253190919
37,2019-10-31,50.924592168775675,79.98643714841333,87.0632494855836,7.782857357202113
37,2019-11-30,13.623834802197102,24.497372794203045,27.32414936880098,7.837291628494878
37,2019-12-31,8.04852146382901,15.903058849176867,27.03506427716222,6.806912305643094
37,2020-01-31,7.467718485470888,11.341926371335752,44.39778759010703,7.439404041242736
37,2020-02-29,24.498541750485273,45.52569359710855,81.63449167456939,6.88938584997324
37,2020-03-31,7.561943368057512,14.089468411872133,48.638684188315146,7.521556868648904
37,2020-04-30,16.423701434681103,24.924569472466267,67.65723728838492,6.436964468412434
37,2020-05-31,14.273277506394193,23.9885784745735,39.2435177456268,7.372588549409451
37,2020-06-30,10.438608112177043,19.1825686983965,84.6559735551682,7.3035071715159905
37,2020-07-31,13.942745538862141,25.83226664853392,58.77434411099943,6.70717050968446
37,2020-08-31,37.6504081929103,65.98903792386788,78.77524836678228,7.734668572280922
37,2020-09-30,22.84673934689936,36.3156032730139,90.20588340213425,7.195661847217592
37,2020-10-31,26.214479757019358,50.617637869593835,96.06074624016885,6.543841949975331
37,2020-11-30,31.639269509562585,61.281394321880164,71.19654708075579,6.496269209273455
37,2020-12-31,28.641593025756332,45.75131147603457,98.31550390423173,6.723256544138825
37,2021-01-31,29.003065958484417,48.11524967502742,56.54415608892754,7.802408192744938
37,2021-02-28,7.551382049457397,12.83424096595475,27.882476981463675,6.563392978504536
37,2021-03-31,21.650577594903485,36.57111191196674,43.755810449178774,6.602244663213193
37,2021-04-30,14.361687438065477,28.58194369782861,27.87209475464195,6.9969745308418885
37,2021-05-31,35.440251703480186,67.50277082725941,74.98495716174946,7.7301352552340115
37,2021-06-30,13.89942625695834,26.396830271868406,45.22815855684531,6.077554280070687
37,2021-07-31,30.1997270363102,58.510435991754306,94.83041290394958,6.6659047276946675
37,2021-08-31,29.417854950062374,53.215554373236344,55.43503608181758,6.491120125881339
37,2021-09-30,16.588229623589537,27.778002407462093,41.048626279537686,6.719476491852057
37,2021-10-31,6.258827088748175,9.717628136152994,33.65007826053101,6.5510333532101175
37,2021-11-30,9.193102100440523,17.136023329897238,28.248701459126178,7.46221345765188
37,2021-12-31,13.077283499566114,22.206192080682957,30.877279734590235,6.515805288245708
37,2022-01-31,30.108410183808555,59.845894510455885,95.29699600381667,6.760738561235135
37,2022-02-28,25.3094076708503,48.055531650425614,75.72612861404875,6.733613689726403
37,2022-03-31,25.038535012412808,48.399297480298415,50.79105965750142,7.589403771364656
37,2022-04-30,42.22637921221578,79.71172561525916,75.34075473027345,8.058070869033882
37,2022-05-31,14.496335314907162,24.50456068402827,92.8497377298947,6.794100587541183
37,2022-06-30,10.813596511402118,20.62066170791576,35.41110675626387,7.207437967923248
37,2022-07-31,46.57877643281345,88.0847319245466,81.02551014713353,6.886187812253417
37,2022-08-31,22.563865263859554,36.45414297468241,39.366460173042306,6.490805890953904
37,2022-09-30,15.329529772629378,29.068076613083154,34.97597380562809,6.615060989393466
37,2022-10-31,20.013224304258355,33.55927457346648,76.67127914788047,6.303757584259122
37,2022-11-30,14.999317194522416,22.850781639818013,53.19425180894199,7.516583869337298
37,2022-12-31,17.015700888958396,30.408641031566823,29.58258369635111,7.445584566581285
37,2023-01-31,21.03855180407661,33.91342174033535,96.91587393388433,7.629645554061461
37,2023-02-28,16.21774039469191,30.846095127443427,63.34149367334574,7.162872734035392
37,2023-03-31,29.896275877534773,49.81433299717496,55.704732362299005,7.0733346659237935
37,2023-04-30,6.309592219627716,11.494295680966143,55.47098434085929,6.544034768466017
37,2023-05-31,9.468862656449303,18.018731492839876,69.51303551940251,7.248546307757649
37,2023-06-30,13.742867024637311,25.197910898118558,52.06571135311964,7.152854980228759
37,2023-07-31,45.63248337810767,76.5964943026091,89.25426787532666,7.022485663279263
37,2023-08-31,8.303876272468688,15.653407534436147,26.1929257231175,7.270708295215539
37,2023-09-30,15.429846741808914,29.230210174016587,84.30859516031614,7.09262439106936
37,2023-10-31,17.571355505241357,33.75304669530762,79.39370196579483,7.151033646218266
37,2023-11-30,39.5461655499116,61.99669294071716,89.00159576129802,6.910504864739602
37,2023-12-31,43.11816620807948,74.27738104228759,79.39546686084644,7.704284995470489
38,2019-01-31,30.500136307314573,46.83026611181259,51.26382873935541,7.278735531186845
38,2019-02-28,11.586032566057586,19.186316593366453,27.12077003909181,6.376318513654978
38,2019-03-31,31.755592774073925,52.097737762295985,55.174765567493424,7.005394406364463
38,2019-04-30,22.6804749538181,34.33402390651074,67.33643022161083,6.560069548291333
38,2019-05-31,12.431948123252306,22.62299206531245,68.6297685323698,6.93988878323261
38,2019-06-30,16.43821895737549,28.16784229630604,85.57478617709666,6.772588974167954
38,2019-07-31,21.308256299723443,40.215080066589806,50.493409932554464,5.5
38,2019-08-31,10.547847090795461,16.116514753639517,47.64791033063846,7.1982665396397545
38,2019-09-30,29.029513892271112,48.53344882118495,82.10493379888298,6.7432323473090445
38,2019-10-31,9.399408897518558,17.494980049619176,31.479005633048274,7.305541663797276
38,2019-11-30,20.784629784014243,37.38316560611964,42.00075364295015,7.3865775811788135
38,2019-12-31,14.202415375915395,28.091814429983778,87.9994333618951,7.21282025644341
38,2020-01-31,7.733419067306851,11.930813825791382,25.987991403789685,7.127511562472261
38,2020-02-29,52.941302873037706,84.69760211200868,99.22021739327512,7.503427232206318
38,2020-03-31,5.934640916167129,11.499426659593261,36.260200991231244,6.536363290802244
38,2020-04-30,14.573804729712727,27.18878650508807,41.57271268326517,6.016768468847373
38,2020-05-31,25.1938215973328,39.07436328515837,70.06124742540881,7.094977612292935
38,2020-06-30,24.110981172563225,41.226046304109126,74.32008579438612,6.751943006519288
38,2020-07-31,17.615918054144434,33.458590195548744,89.27667812569108,7.771174476681323
38,2020-08-31,21.073572216216263,39.008506902063615,84.28285769096907,7.0624141716424065
38,2020-09-30,7.224004741512268,11.133063761601955,67.88607486980051,6.430409617738786
38,2020-10-31,23.793112286229615,36.9654845374595,99.70360936892638,6.474491027623585
38,2020-11-30,7.248659235246191,12.654162856712617,26.277968203972893,6.160050379255644
38,2020-12-31,11.450891824457615,17.967596041304606,52.183709801045,6.582735174954063
38,2021-01-31,43.04156163839785,70.75495218721807,89.3070348987396,6.989959485560494
38,2021-02-28,30.9416264114395,58.42786146714088,56.418555122197105,7.0311847401023275
38,2021-03-31,17.904269102891053,27.152140438179792,42.84613249845058,6.7215353598017105
38,2021-04-30,9.212242938324334,18.351417938899704,30.615247102958552,7.085205145169245
38,2021-05-31,42.76643928356235,64.60759209248585,88.57674653166501,6.649965914990312
38,2021-06-30,41.70353120271061,70.77662159731221,86.7008701142419,5.663758448173951
38,2021-07-31,6.772362927097654,13.51417848796178,58.857605209091744,6.791216970492946
38,2021-08-31,9.327018793286289,14.597312366902552,28.37884811242882,6.331338589714688
38,2021-09-30,21.56445370558565,38.59554913131787,96.05554510241831,6.8223844865723615
38,2021-10-31,20.821361147295786,33.30599527496982,49.96745925985019,7.232395469554518
38,2021-11-30,34.67411567255794,58.001764261567224,98.92182953609895,7.336322556023513
38,2021-12-31,29.611038967993466,52.44493205671081,79.91374554675289,7.333635996099417
38,2022-01-31,14.989688729705486,28.20512172077412,38.157059665312374,6.053821587746864
38,2022-02-28,25.662162415809544,49.85539339832826,87.3901461117871,6.885557895556144
38,2022-03-31,22.05400364066831,42.132841724475576,56.97076267731684,7.522348584184071
38,2022-04-30,5.522770351695477,9.431912676596612,42.456277966262476,5.805512962823632
38,2022-05-31,7.391100051369575,13.018817501857779,37.264654104355266,7.344924713829271
38,2022-06-30,4.699931177328638,7.497164455432922,28.88589412722301,6.415165748522376
38,2022-07-31,29.150015455596076,47.98167210905948,65.28916296744899,6.163552749989416
38,2022-08-31,14.491943884970114,24.334184981108088,50.47995290087718,6.825817334611752
38,2022-09-30,14.283882779049,22.229483909738825,39.503362715245714,7.996491059922246
38,2022-10-31,47.50477630725683,91.95646798694791,79.60812927580695,7.196747536751988
38,2022-11-30,45.22226938392061,84.32545873050161,91.42276564026885,7.746377676816012
38,2022-12-31,24.50346685926821,44.75288384096433,48.215355406625335,6.234565033600091
38,2023-01-31,9.030618340610355,16.47593288987611,47.9764316056037,6.675859612073898
38,2023-02-28,36.21214735490971,60.389490089962216,85.57796695705376,6.896018996053398
38,2023-03-31,19.879622729730755,38.60859248281237,70.48288943494863,5.669701945742997
38,2023-04-30,9.735995281896853,16.204888918654742,93.68263882820963,6.965668893129033
38,2023-05-31,19.81580093168747,38.99964127637324,57.90263027758123,7.218412358596194
38,2023-06-30,29.540893622698768,48.3101526181142,51.37420418838847,7.518945457383872
38,2023-07-31,5.470483762941117,8.260087841087655,36.508755483543275,5.772871131940286
38,2023-08-31,40.84133880065887,66.42450181544726,83.02338868419235,7.180027674630695
38,2023-09-30,29.527347740581607,53.04156543335533,98.86947174181797,5.880086484711016
38,2023-10-31,38.0540814210935,71.26274961295235,67.45854643835234,7.095447548808114
38,2023-11-30,38.85970351165032,64.56344180870667,75.99324481067259,6.144448814675568
38,2023-12-31,23.805968623898725,41.965332524017576,40.11350976417513,6.944519459514478
39,2019-01-31,17.249727933626737,30.892134876868592,83.32675419776369,7.461466249095595
39,2019-02-28,5.098227054058039,9.410426783571864,45.802093526807475,7.468535869115879
39,2019-03-31,47.56887505071443,75.27237083951229,81.00114142388016,6.9998253465701765
39,2019-04-30,7.6015503901321635,14.558937143964977,48.96664475391428,7.0759999930230215
39,2019-05-31,11.406334556996244,19.488081534937077,63.58579366567725,6.952564285180137
39,2019-06-30,9.850097224003655,17.765585528353277,43.02656814758153,6.621187516786206
39,2019-07-31,19.20503115460597,35.07072203763696,70.61704421764745,6.969941345773138
39,2019-08-31,14.311293707531936,23.79539078614846,64.09672735782095,6.992380039825576
39,2019-09-30,4.784490528396534,8.713441659905566,33.139180267007276,7.087681029084921
39,2019-10-31,35.39099303861795,56.67735513552998,97.05530070215832,6.907435620936695
39,2019-11-30,13.667680354967203,23.819372550574535,35.77683980455394,7.917042698196704
39,2019-12-31,21.105814127754662,33.485374571056745,67.14272487662117,6.640296154463943
39,2020-01-31,9.741515829941866,17.035848291380184,29.617789273539607,7.0714539290699685
39,2020-02-29,17.13328707981131,30.300101560428637,42.156814675293006,7.619563449270614
39,2020-03-31,36.97672219816502,66.03555800043861,75.68716984908686,6.895325873133536
39,2020-04-30,15.617319748309983,23.571921801051683,33.94363076411782,7.708569699749842
39,2020-05-31,22.377590599893786,40.867456520537885,83.41825470291822,7.808022265335934
39,2020-06-30,21.934049334902774,35.42369080797469,50.31261837456501,6.63795341384828
39,2020-07-31,17.87984375851397,35.653207720214105,47.660845963663036,6.919493792452788
39,2020-08-31,39.32248736727282,64.73795002591476,95.54641021978362,6.5778888907308435
39,2020-09-30,9.781621423002031,16.537035930077145,29.23777905472147,7.570802074533144
39,2020-10-31,51.43275301369087,100.88718467310615,88.06202346899278,7.8321866098549835
39,2020-11-30,7.2323900914843815,14.290572891894817,48.83508404925065,6.81465957103028
39,2020-12-31,33.76498279862796,54.98320436666076,79.47032466214209,7.436514898399903
39,2021-01-31,25.127199035904596,46.22667965092778,89.2708297104625,5.930381490164033
39,2021-02-28,17.786141998685665,29.073430610009193,96.04262494487783,6.570384902946788
39,2021-03-31,19.187113897189423,31.738746880322175,72.27924747563121,7.182628962627373
39,2021-04-30,15.64986925600551,23.79000781095833,61.87560792159426,6.389559734145615
39,2021-05-31,11.853818117064463,17.90049862378826,26.63855476672225,7.608035143631136
39,2021-06-30,11.018926865784563,18.369939925948355,40.725224063092504,7.912871259953308
39,2021-07-31,10.972262977503334,16.977199413423676,54.356385408277966,6.595809284550615
39,2021-08-31,10.689218319063597,20.718905281416312,53.879330090640345,7.4688312655806826
39,2021-09-30,13.389491600356532,23.578675853289248,76.22170419723528,7.637607600024364
39,2021-10-31,12.48080108964408,18.74237935863507,29.516139223443883,7.155126806963542
39,2021-11-30,11.301736734197958,20.35748523270869,48.10155533219448,7.790705995973484
39,2021-12-31,25.219344333751938,46.946613136490946,77.74365047208087,6.0087409291277645
39,2022-01-31,27.92674201659402,42.207573943873456,48.09992215705766,6.506780757690381
39,2022-02-28,41.25606300313319,68.89285266824048,91.20945264961549,6.8174211198746395
39,2022-03-31,10.027678313476942,18.418705949279325,63.94445698103338,6.770773999860876
39,2022-04-30,14.739553610427425,24.15709044548994,29.620518569909645,7.0403421808573645
39,2022-05-31,14.071627376628102,27.644938834370873,79.18930146008923,7.860885005381876
39,2022-06-30,10.694164009010587,17.125150644864544,93.77203390698834,7.065819122146317
39,2022-07-31,48.11978733944683,82.30775993578605,83.58703552935509,6.295403262416038
39,2022-08-31,11.673512654822773,22.594627733781383,46.509837046279316,6.56980472411218
39,2022-09-30,11.265287076942478,18.931282461755774,26.82760694943724,6.507811564917645
39,2022-10-31,20.49351880637321,30.75657902611916,45.14941260790335,6.596087491377635
39,2022-11-30,39.89703681377333,64.54834792597708,87.82887238938125,7.337940604569947
39,2022-12-31,23.593958424768108,37.87645907612462,98.75950931000494,6.902177647955506
39,2023-01-31,18.6502273289237,35.43772647424239,67.20859206145289,7.122193250889509
39,2023-02-28,13.007308765947863,23.183912131004256,99.3626078901238,6.209442466233825
39,2023-03-31,45.64071869364541,78.95984475122879,78.2703890420589,7.3913530443774365
39,2023-04-30,10.757067991639582,21.280035424343478,61.03419186808648,7.357439119310935
39,2023-05-31,7.460141136944055,11.93673889590284,56.671420334947236,7.1994524182616475
39,2023-06-30,44.007417237782285,72.81430728015893,97.5505808797033,6.272985698239832
39,2023-07-31,15.271631771310517,28.168328531493188,53.65184783045639,8.474490463578052
39,2023-08-31,41.47918594479811,73.89676868056257,95.55814695980206,6.265772664286606
39,2023-09-30,28.56171655794374,43.67691846461502,68.39880463114234,7.426938508657326
39,2023-10-31,18.71908350656851,36.8765787617318,69.43692098499294,6.31778919557489
39,2023-11-30,17.760373478189674,33.47057856719635,72.16631860252896,6.561734806625434
39,2023-12-31,14.7144922210541,27.551903016356192,44.38610167915293,6.667276576280159
40,2019-01-31,29.583038322238444,56.54995844804734,60.41567941017499,7.961977587866645
40,2019-02-28,15.97512622652795,26.03922383938498,31.26990524739751,7.223467657453339
40,2019-03-31,9.82700556186953,19.416680947470944,86.59485242386563,6.915616957689895
40,2019-04-30,11.69566414258915,19.474144074126443,29.19030550692797,7.758886391968926
40,2019-05-31,22.56647090704035,36.01304489360444,68.8461328028243,7.419780322776962
40,2019-06-30,13.625867302457655,26.472763320910403,95.17859095214,6.856250580238133
40,2019-07-31,9.907396857560096,14.93127067100996,61.53073147637963,7.177399973873694
40,2019-08-31,10.946292944617397,16.760145040980817,97.29193920306977,6.634608082977586
40,2019-09-30,4.182892224688226,6.661291303801931,35.05144718093191,7.91146130807715
40,2019-10-31,24.703938801241755,37.26501681231171,66.74465221926307,7.089220907106529
40,2019-11-30,40.10915457331828,78.80429237259546,95.38677567760348,7.108509651398079
40,2019-12-31,17.4805002266625,33.04605329750783,42.90991348767651,6.938370484580491
40,2020-01-31,8.995608814899446,14.322895283222165,27.742950072240944,6.314186965071454
40,2020-02-29,20.97754081485547,33.92701225190686,77.78914342366633,6.963046301144518
40,2020-03-31,24.271881833396332,42.59049549479088,48.02822599125222,5.938550865251005
40,2020-04-30,21.00892428527878,33.062872582212385,68.35545909793638,6.833963040476598
40,2020-05-31,16.235639155198797,24.358726138955497,90.49991859426764,6.475001833651578
40,2020-06-30,18.6052776894744,29.479520427902184,37.729504201890784,7.454269103663584
40,2020-07-31,26.331223952520734,46.48250198680159,61.32660262064646,7.4382477250760255
40,2020-08-31,13.452066648289852,23.355707652579614,35.79584311312889,7.932104398036362
40,2020-09-30,6.7178497836383295,12.67104173014178,43.749831045732954,6.564831260307706
40,2020-10-31,35.987194312707864,65.288943226687,72.02491714239683,7.005421627838899
40,2020-11-30,22.146990928563255,34.2290689170043,54.14592489577383,6.939727666074659
40,2020-12-31,2.750232881054746,4.79989527860667,26.648251965510685,6.05645323790108
40,2021-01-31,16.14701928553233,26.469329437053336,45.036790043135696,7.255420989730935
40,2021-02-28,18.757599108140973,31.931330017227125,49.47445487446253,6.771924596409989
40,2021-03-31,14.918018606616226,27.836473419905424,87.82095512700569,6.3429594411253625
40,2021-04-30,20.03373975656309,37.920965040906786,33.70409641018061,6.4577270450494435
40,2021-05-31,22.21296542024655,40.27301926672361,49.99831132652822,6.872129669220152
40,2021-06-30,12.175041184233907,22.415738375426574,25.59450840011565,8.18503448783007
40,2021-07-31,13.084789902833935,24.508417105298125,43.42456751917907,6.659495163613014
40,2021-08-31,20.387440473677014,40.57339588345174,55.9240908493176,6.427488881121222
40,2021-09-30,11.63085341774829,17.53200897049332,94.2635430760626,7.061797914644309
40,2021-10-31,36.9673577283728,66.78908604423,98.89353380856035,6.973715494026296
40,2021-11-30,41.731100185762806,64.92439689085504,76.1720818219984,6.428791191370461
40,2021-12-31,26.07782363662605,49.794370098998435,63.65447285449353,7.132319849536908
40,2022-01-31,11.264453792556337,19.364579872109566,33.071017110603314,7.725697587571058
40,2022-02-28,7.178430865434384,13.367098975943135,34.08463878043159,7.091983859580118
40,2022-03-31,10.265821473580043,19.98272902350986,84.08128253940079,6.16266689089325
40,2022-04-30,10.09204415078925,16.36264224815821,27.376663715598976,6.342974635959533
40,2022-05-31,3.986981493764025,7.820524482928564,30.12308332930703,6.91921344140055
40,2022-06-30,28.197792550294015,42.8577228190592,77.50341059346317,6.603547237679696
40,2022-07-31,21.01975444436984,33.87256171360028,58.49555112508502,7.263907537963139
40,2022-08-31,16.956737608608528,25.60108727816236,49.067775048119856,7.108511963667265
40,2022-09-30,5.183283796843748,8.28208406407937,39.537859575722614,6.823873331382369
40,2022-10-31,8.030730085266224,16.031867699831352,38.32710166370518,7.640737026407652
40,2022-11-30,35.16874632882336,65.1768829266737,81.15261913240658,6.90348424128926
40,2022-12-31,17.07697090807146,33.4743337207186,29.625184946103833,7.495258245438253
40,2023-01-31,19.563506751955067,30.481265896195552,94.65485618135146,7.285229030049639
40,2023-02-28,10.679943784980459,20.88477833256165,54.17399406035509,6.505780294776198
40,2023-03-31,43.03150956455606,76.02128485034578,80.01174685254306,7.304068776885679
40,2023-04-30,41.14821445670276,67.47112418435354,82.31282699909453,7.059974158581944
40,2023-05-31,3.3101066014409377,5.671364721842882,31.409036361775236,7.563400962144837
40,2023-06-30,47.233269111485036,92.22359709749095,85.77169226882079,7.196968406997634
40,2023-07-31,12.2905531870427,22.612395523556245,66.33775898556371,6.6955322244344355
40,2023-08-31,16.241713665592343,29.63285007120893,47.84349984040266,6.843443945735829
40,2023-09-30,8.396675741563433,15.68731885976302,26.390859720860508,7.072798753412831
40,2023-10-31,7.078590471925035,10.702185261668882,45.261120528245776,7.068024617095721
40,2023-11-30,11.534021607981709,19.625097910236903,61.09000720861657,8.006164290877585
40,2023-12-31,13.731417753940473,25.794404780961038,34.504630136926714,7.192995405509672
41,2019-01-31,4.450942264127157,7.348388680240847,30.392268738595305,6.556966329249864
41,2019-02-28,27.105359710608205,53.191786863444214,53.620997901378686,6.963217965470119
41,2019-03-31,22.962201864974464,34.80760934198907,63.18698601388356,6.82406752321005
41,2019-04-30,9.620393956922609,16.580370382987496,49.234631270974404,6.636211308038271
41,2019-05-31,10.357237902204663,19.118236660155148,56.401800662618484,7.424107901089215
41,2019-06-30,14.935416772907214,24.61180710669099,40.91642016399463,6.87291874248839
41,2019-07-31,34.511437532327015,60.03129200012019,98.00044496474436,6.899043160547959
41,2019-08-31,13.114465866497708,23.445371253956555,40.68950512330024,6.839395319415787
41,2019-09-30,32.6516461196604,55.66729439330042,58.781187905038315,6.670898004330254
41,2019-10-31,7.363270543306572,12.25782008900059,56.774248449878286,7.043003156529138
41,2019-11-30,38.63850177532895,76.37577444088019,65.35111080149251,7.13776379508603
41,2019-12-31,7.191941371465764,13.329683797620152,33.993337937280025,6.75696298596309
41,2020-01-31,39.10846125806191,65.72064551838002,96.59696349366575,6.5793818896895395
41,2020-02-29,16.712857989153292,27.17101276822087,56.04989893203707,7.1172927065880875
41,2020-03-31,3.7891771271976125,5.737048094324323,37.232754206862964,6.730226854293091
41,2020-04-30,28.49307131274435,44.85371817672915,86.8321273064895,6.250611424165772
41,2020-05-31,23.614705272951493,36.966861332313876,42.00000208875501,6.972596033640409
41,2020-06-30,41.05133758899326,64.6309043396,94.61179768088812,6.944798815973392
41,2020-07-31,11.677653790087028,18.865036607141008,62.802955611864384,6.486511509298533
41,2020-08-31,18.828994588795766,32.2197378516021,86.11207460121092,6.793265744045857
41,2020-09-30,38.59484028804338,74.99451683998622,65.88754361345171,6.84081419062045
41,2020-10-31,7.225394175637217,11.753253993013136,53.965925251668594,7.521435249230299
41,2020-11-30,13.528578366074333,25.131455810820118,37.09888050861608,7.027857236665676
41,2020-12-31,6.898586554891494,12.993752190461297,54.21136691767561,7.038628604891725
41,2021-01-31,30.89688419687338,49.06361182279962,68.77434944690647,7.193247927293276
41,2021-02-28,47.60044911952847,79.05011325470488,96.5084253890675,7.451833593556976
41,2021-03-31,7.598480111636562,11.854632032223332,36.3470346771543,7.192717686510414
41,2021-04-30,4.54661071072465,7.438777245235005,29.428262590135184,6.999407493071843
41,2021-05-31,5.4935433611169024,8.705942265278772,34.20134035250167,6.279271990006885
41,2021-06-30,28.358505920929957,45.48969316003026,72.5715989366021,7.311648671190266
41,2021-07-31,23.04916316373887,42.28163851858695,77.76045790977483,6.830273642005013
41,2021-08-31,13.374281869479542,20.179190868166437,42.42183822768424,5.974927990011336
41,2021-09-30,20.469819715450946,35.69978786998999,51.534824752596144,7.203373152798706
41,2021-10-31,20.0388614887242,33.44045909453892,50.60546531479144,6.39503354528282
41,2021-11-30,17.457465134607975,32.405046435800834,31.620157783341146,6.7886734049928235
41,2021-12-31,30.313196269946665,60.39189895079893,77.16668970316181,7.554548370339478
41,2022-01-31,28.353549428592633,47.562217249407105,96.03854873697485,7.5143986833438365
41,2022-02-28,20.011954266131216,39.0362309127932,61.119876481035675,7.134542554623718
41,2022-03-31,26.004672548679192,51.79545487812399,46.02812549653803,6.450086189168283
41,2022-04-30,18.86005652486982,30.744401008008584,40.94043496299486,7.690076686724331
41,2022-05-31,29.000526411715253,45.956479507459825,57.93333955004413,7.313279192617198
41,2022-06-30,49.52434630837122,86.80968310702995,84.4955815227838,8.4363731229281
41,2022-07-31,23.190365243991447,38.98696986634071,92.33961297098253,6.910754332421598
41,2022-08-31,6.141716054633491,11.259556081995747,38.186906166157826,7.164423131561136
41,2022-09-30,21.2481035400683,40.91448540575433,36.726097731291716,7.168827040815195
41,2022-10-31,13.255049103191515,22.1182631682019,47.617707446609145,6.942331396136602
41,2022-11-30,39.86706386367851,62.647588443579906,98.34275308608076,6.667547692806455
41,2022-12-31,12.611730787045742,25.045168160416186,27.712289228012164,8.092245901061016
41,2023-01-31,8.543782634561097,17.08322756994788,82.90254006864929,7.160517602864342
41,2023-02-28,12.847648936061812,24.74579580207552,60.753684585951824,6.4924335208410415
41,2023-03-31,38.794956806203174,71.74918207488854,68.32313749944909,7.584252851704502
41,2023-04-30,23.25203384187033,36.755609407375104,39.156550243702824,7.368171113597321
41,2023-05-31,48.462501274824966,81.75770745667856,88.71499294962865,7.030051617044557
41,2023-06-30,34.03432713764731,67.9205892739698,85.45187488192165,7.799663890279377
41,2023-07-31,18.156268166706077,28.812779978437586,39.35370090694283,6.512118208520871
41,2023-08-31,16.646132301497236,28.456391345337213,64.32068701204062,7.057322617215683
41,2023-09-30,11.115297513378591,22.118285440664966,52.72047926681657,6.692222427633362
41,2023-10-31,16.78424441643653,26.045288316969113,57.136760173843186,7.533617914254184
41,2023-11-30,9.235247694122338,15.395589443142992,38.17170748139171,6.71955692173114
41,2023-12-31,21.7808025090268,38.345401398034284,66.9448171114119,6.7409904858367415
42,2019-01-31,20.564573217455703,40.82866106646203,75.45795110638171,6.329234714586766
42,2019-02-28,16.30690983632655,29.774489596584537,88.95048730327868,6.289183559961679
42,2019-03-31,52.87756510774999,88.97228688738875,91.11241734276933,7.045861511813491
42,2019-04-30,32.04647727938167,57.935379039841386,66.30491092539621,6.392000994693265
42,2019-05-31,16.318011969050254,25.44086554290134,41.35094859496035,7.073799587792174
42,2019-06-30,19.51008846362283,38.274217304400125,38.1482511042968,7.075317170159221
42,2019-07-31,56.78779680849465,102.93296889898295,98.27117088309402,6.975323807205398
42,2019-08-31,20.845208223489436,35.06606439279073,73.42720596761664,7.571266665244615
42,2019-09-30,21.806297007557927,42.01805029290569,69.22396178665626,7.666327597861391
42,2019-10-31,42.87795952720874,69.03474559000794,99.50146176633648,6.804088506839282
42,2019-11-30,29.045134214690574,46.91654344767824,58.255904978684484,6.551596810667086
42,2019-12-31,31.98703998121343,52.20399780504924,62.93080380643229,6.563783279405548
42,2020-01-31,10.716261008693426,20.88194988333707,93.6973181865371,6.492915881928493
42,2020-02-29,35.007983883851196,66.67998406224977,85.31984001441562,7.698622240779028
42,2020-03-31,11.30683332777827,17.729566390632606,78.5305111152451,6.320099191375419
42,2020-04-30,10.821452279412714,20.413402688262344,29.811358552392612,7.200928919317845
42,2020-05-31,53.963399825730136,92.19929402453221,90.38544558230484,7.5135479348420215
42,2020-06-30,31.599733275373644,56.8537539238279,81.83480985491953,6.870717684385323
42,2020-07-31,56.12891185550273,93.26921793445301,95.69738304533342,7.921061053944196
42,2020-08-31,9.976527666186227,18.837085092199537,55.3411759174677,7.239613775834977
42,2020-09-30,29.539788133831536,57.148705488723124,90.17193397937461,7.370319794764267
42,2020-10-31,16.28018027600648,30.855714786533742,88.59778347682771,7.645335897787697
42,2020-11-30,14.912596189331982,25.64847043170009,91.65327144044386,7.242646233575724
42,2020-12-31,11.253829582684284,19.833279958136508,53.10814723101198,7.756556076949567
42,2021-01-31,29.712923017523472,57.85059441712802,70.34338588632838,7.230167400399014
42,2021-02-28,20.193561110274434,33.10072568565192,52.098281168430695,6.693539793228055
42,2021-03-31,15.705271933737814,28.557005734733064,63.112657001380924,6.816442257516738
42,2021-04-30,14.693937081516161,23.223453726671682,81.1711141189493,7.340830062643922
42,2021-05-31,24.919177274292363,38.360734745272666,59.36810641853406,6.5250232376031185
42,2021-06-30,11.492153588066278,18.367350917818403,29.670685788321716,7.2115989133889915
42,2021-07-31,17.379656701947713,32.12799440044997,40.41836166762721,6.930395917837049
42,2021-08-31,6.421375485816904,11.583043868593,33.32134823106206,6.4046382720680874
42,2021-09-30,8.299017539791468,15.177668246873981,32.50024115662157,7.3796522856684605
42,2021-10-31,10.478497104413934,19.438119977978115,82.73539875615603,6.814007120453165
42,2021-11-30,15.171320617922257,26.902317215973902,32.757269960968976,6.524260659548089
42,2021-12-31,17.133915712767283,33.96209507138512,43.56140611053082,6.84536988898922
42,2022-01-31,27.01825107065631,42.92884366449406,48.83701833604824,7.3109350362455015
42,2022-02-28,18.50256946002687,32.0096010377733,68.32647565129189,7.000416945853114
42,2022-03-31,38.35090160432907,76.2051009071969,66.08209674120525,7.176220826999841
42,2022-04-30,22.376438985980197,37.89901704755512,95.78829050984093,7.233829009345181
42,2022-05-31,6.366744334628959,11.792479601475488,30.77875093168575,6.3677537967638775
42,2022-06-30,7.987722661423038,15.942203536564543,30.811902680116773,7.418984420988718
42,2022-07-31,28.88898808230946,57.58909650127099,51.744045372310396,7.116980284912221
42,2022-08-31,13.578338103566088,26.039506145231933,49.47505511365784,7.330156607257715
42,2022-09-30,15.28394088261919,28.951499897489924,54.94949423554798,6.891675339347818
42,2022-10-31,37.88286005940682,68.67885049037146,96.15682506646317,7.03367564889039
42,2022-11-30,8.679083303306983,15.28672685672826,39.68976642293085,6.994756285694669
42,2022-12-31,6.894733512589011,12.416964452357405,48.26397829247993,6.386561539392744
42,2023-01-31,25.48567779529699,43.349491580507255,48.12080637917821,7.308065320295604
42,2023-02-28,4.547062507102289,8.922711932572312,31.70580630483386,7.317494297748363
42,2023-03-31,24.054817234191177,44.115435553486684,72.67765360776878,8.223489854422576
42,2023-04-30,27.176432528791818,41.9384282563256,67.2356371607892,6.7430647660820195
42,2023-05-31,39.55154098962926,73.57355120992493,99.51849339600041,6.313899200030873
42,2023-06-30,43.863201155333954,71.90189367654298,78.32391693298835,7.5132282490331965
42,2023-07-31,7.891745121934975,14.500985450790154,46.71732349555658,7.125322340579164
42,2023-08-31,39.74348850561498,75.53965564769256,75.05597988371912,6.919659134176406
42,2023-09-30,25.78308565633345,42.55700041482222,46.45375849854372,7.293899748696065
42,2023-10-31,26.389102347825194,49.20819017370531,68.86743345809876,6.346473468219884
42,2023-11-30,16.70624036025153,26.598760037680137,36.44258734457408,6.6469289815406825
42,2023-12-31,10.370269696696628,18.50506807720438,28.86632342443433,6.117157708117807
43,2019-01-31,19.316436061015793,36.62924765701532,81.70434149246616,7.47976580486615
43,2019-02-28,23.99468686434373,37.17964999523157,48.86129644229623,7.980961507133715
43,2019-03-31,23.874576332271356,37.47751232957734,90.97330064848582,7.145174766406021
43,2019-04-30,13.768230077279247,22.531356124833955,47.86077397706512,5.5
43,2019-05-31,42.0341088633552,81.89107979361974,89.92134837018529,6.865599582581356
43,2019-06-30,24.13182899409968,38.07793130847502,45.72023624132473,7.197855741683823
43,2019-07-31,20.71290876779647,36.236170142431014,86.69651658956649,7.2201948873634345
43,2019-08-31,20.000157278662446,38.30352312878186,70.26645214966052,5.8226726898342855
43,2019-09-30,19.569907026708737,37.617347145482796,43.98967588418429,6.46880998362205
43,2019-10-31,14.185998257337255,27.223746092141187,50.582533804788376,6.916264385821111
43,2019-11-30,24.78396150864064,42.798937337215996,42.41297389812309,6.878303545912983
43,2019-12-31,21.726442605577247,39.550207344857434,40.89273428650019,6.503811506884366
43,2020-01-31,33.03040490094039,61.408644015424244,71.1610699152331,6.9705627586543635
43,2020-02-29,6.244102366876937,9.789658308064446,43.123255672151075,6.221239492155806
43,2020-03-31,19.69568621184198,36.93196426858948,43.80122236513356,6.9781265189903205
43,2020-04-30,11.951996784759965,23.043222912875375,71.63739013995695,7.030842673780199
43,2020-05-31,45.32866383253172,75.97172731927716,89.73508295325453,6.401187910462076
43,2020-06-30,51.817325199162795,92.49613573611776,87.07167300748348,6.197516584845543
43,2020-07-31,18.77696922948033,35.43966047990531,39.24368897287459,7.321119450536231
43,2020-08-31,40.15277624905609,76.81989256693402,73.0952538993785,7.36535921596597
43,2020-09-30,31.7396475852416,55.521307487316605,74.22078057169473,5.5
43,2020-10-31,13.867971255937594,25.06844185298914,50.786790691218265,7.300395509698205
43,2020-11-30,5.749067032650858,11.142304496365952,36.53258124410232,7.013855507809572
43,2020-12-31,11.154568938153288,18.256234273504027,27.091352844811105,7.640975439964829
43,2021-01-31,15.895205780398822,29.78504853288333,46.98520744620451,6.76004485700221
43,2021-02-28,17.17106646649767,28.601511498221114,30.238878061494106,6.799273022849161
43,2021-03-31,19.459727497606824,35.69627853990572,34.470553644993714,7.602114502748683
43,2021-04-30,44.79948414934508,82.41875600201324,94.48462521664995,6.354078943041388
43,2021-05-31,13.52676542707739,25.748825560745107,31.291868385261896,7.9802581071496554
43,2021-06-30,7.101034195568324,11.679144294226187,37.14402104982958,6.6009260438332245
43,2021-07-31,43.440825969561104,70.3011112662866,96.9096321416245,6.638306906155448
43,2021-08-31,13.212447486484256,19.97435918695113,88.91463726071568,7.056451693559206
43,2021-09-30,14.579522408543776,23.09046280519193,90.18384917225578,7.464135124123829
43,2021-10-31,53.30725614720528,96.61711051798055,92.33432844378316,7.1998000137692255
43,2021-11-30,8.24605232512675,13.05790919464926,39.26306694964579,7.215094183221524
43,2021-12-31,11.98107234817108,23.182704882055074,86.42725912789395,6.466651783277676
43,2022-01-31,25.355567283349803,50.649154887095655,45.731227077750695,7.763673197433724
43,2022-02-28,5.267628686153028,8.960547133257029,43.105439990868845,6.520656932313408
43,2022-03-31,13.215422166279746,26.188567235348483,34.14307276338761,6.841060540109694
43,2022-04-30,25.840611778680262,44.43679201495203,59.997771271985066,7.399458804109618
43,2022-05-31,27.234163670413093,46.560929162083795,70.29279031565424,7.914586786780021
43,2022-06-30,37.90120888436873,75.73456846807325,88.81955844510827,7.322101489388638
43,2022-07-31,12.414844334967798,19.190657512344774,50.128224974866896,6.580345977106032
43,2022-08-31,27.63474705860966,53.0337313380941,54.47035860122554,6.957290164912527
43,2022-09-30,14.424689522296484,28.610428406133554,90.5398813393913,7.769281047823444
43,2022-10-31,25.68738979828817,40.06110835614191,71.6393272273297,6.950395752304541
43,2022-11-30,34.475602922922405,56.32244362429397,77.45673356399104,7.3573089312688165
43,2022-12-31,13.543685354440223,26.894157098190625,96.54738492457531,7.413361972891224
43,2023-01-31,16.978968816800364,28.113177229081934,98.28098309077727,6.879205059935107
43,2023-02-28,36.46524418335806,62.48501610245423,89.71591586706742,7.2961971566080575
43,2023-03-31,17.04164722103362,28.802931511516185,72.6924186676635,7.39688937592
43,2023-04-30,32.78234642747848,62.90201356112066,92.8719723873961,6.562158466803633
43,2023-05-31,18.68245021241378,35.43137376148294,33.80715009051064,7.554822519774706
43,2023-06-30,12.645343760102502,22.34792766449926,37.08238627273941,7.527078210408528
43,2023-07-31,12.865122296369883,24.538883994445598,28.937117594873584,6.966222563225266
43,2023-08-31,18.343833956394192,33.586769172092104,84.08506002645255,7.415584564924029
43,2023-09-30,15.782339878232307,29.760261455882844,45.31330335787049,7.54657861715199
43,2023-10-31,22.94288964319753,37.912163801392694,60.99581912153615,6.693322878079509
43,2023-11-30,21.749475240026868,33.194492122504066,46.719263831780026,8.945688470639553
43,2023-12-31,18.050966819298715,35.834627160446075,31.480459727100254,6.331463421300066
44,2019-01-31,12.693656292601592,22.993162628004256,56.2926381564512,6.8370001153657896
44,2019-02-28,47.333387108974286,88.42672449020827,79.39567047118625,6.948748326190157
44,2019-03-31,44.99176300080527,76.171318347862,86.27409050633987,7.4026619151421995
44,2019-04-30,12.120905294139478,18.193628363823,47.56998985748915,6.677858926954737
44,2019-05-31,27.2067349113953,51.71656487415993,66.30510119934138,6.909869642933988
44,2019-06-30,15.705343004217674,29.23662391632394,56.32875345589804,7.917543363260202
44,2019-07-31,20.564363447697964,34.16706706169164,36.63116166795956,7.221744079572202
44,2019-08-31,41.8366450491432,67.98050681135823,92.91848315173273,6.569343462103593
44,2019-09-30,28.045150782471566,54.55918428649617,50.98356164458217,6.716242285281586
44,2019-10-31,15.532133014685035,25.12420400652968,64.11969727619991,7.516990218453287
44,2019-11-30,20.62801939933752,37.37611968537875,37.063130118855895,7.150662196360959
44,2019-12-31,11.34034360013589,18.625043778155476,35.689145413743994,7.15506352813665
44,2020-01-31,13.246334779833603,19.883533493451985,37.97097953554016,7.593055433860956
44,2020-02-29,16.186048312947687,28.162521991629816,31.193381620280917,7.647905410711747
44,2020-03-31,47.093851157993626,88.5302710082595,97.21246447145295,7.594463120768747
44,2020-04-30,17.943640545453032,30.375903190660317,32.105640669010434,6.854659895157891
44,2020-05-31,41.59966778897598,72.83725495576132,88.76958990265688,7.806557595965802
44,2020-06-30,20.735225217021497,32.24681334364738,86.43315999373064,7.4995432247875975
44,2020-07-31,15.87495383853553,26.601123373758647,73.83384085770984,6.831253946939243
44,2020-08-31,36.53398156941733,72.28697380982155,64.36015281760814,7.517419815041977
44,2020-09-30,34.8227562263584,67.82620452255573,79.67139843861374,7.50522382135376
44,2020-10-31,37.49382926676524,74.85370401973883,67.22620540145012,6.830468165754152
44,2020-11-30,20.83347849051324,36.653572665300366,64.66837997240857,7.202959304860909
44,2020-12-31,41.13667039289717,77.57685793351372,94.99959045335316,6.642407782343521
44,2021-01-31,20.346608953518203,34.04671083434302,34.56532572672756,7.082216315790133
44,2021-02-28,16.342144461112305,25.79389429289272,73.69801622316575,6.8759324738171514
44,2021-03-31,6.803463780476354,11.777430489886378,55.16008401645659,6.807374485955693
44,2021-04-30,18.722476283167808,33.386003799846755,48.213933612159146,6.9576885925841285
44,2021-05-31,26.55360622338184,44.89332074390783,75.08165805170171,7.305300930025719
44,2021-06-30,7.675424259285399,15.326429837899742,28.006199647048383,6.87198926551444
44,2021-07-31,4.142466144032819,7.543534190150138,37.25450429938577,7.43172275638687
44,2021-08-31,8.785199666701704,15.039054040663466,70.84883623800545,7.79188348992838
44,2021-09-30,4.4693318468554795,7.898328068958458,28.612597626361232,6.708783278404861
44,2021-10-31,21.763540700493134,43.383677263586655,60.7165568788567,6.894782243848101
44,2021-11-30,48.38330322786819,83.5113511999685,86.89730582645319,6.344794972011048
44,2021-12-31,13.163189567830566,25.404760114202798,33.81287782514387,7.148235966551025
44,2022-01-31,7.1048565599478275,11.919251546467807,32.70779201869802,7.036670843706686
44,2022-02-28,41.22902625917644,78.1521295104862,88.97556100596408,7.002315552625945
44,2022-03-31,25.912755145502064,43.26304317516253,93.90386290861441,7.17458891419842
44,2022-04-30,18.358053544870412,31.180455046531865,49.24968988071727,7.4238357729810245
44,2022-05-31,33.06775908837563,61.9367265886658,73.08602267751513,7.800227310089215
44,2022-06-30,15.602353308778989,24.27899424709921,94.97625806444778,6.096975030507288
44,2022-07-31,19.328223580576957,29.449300216725156,86.78711714948939,7.3642252727485555
44,2022-08-31,24.75700426558906,41.87054143318543,83.22604076028493,7.555145350016521
44,2022-09-30,19.79401701167941,31.028384447249223,49.13171877232356,6.642974842750964
44,2022-10-31,4.816505961589145,7.442787135838776,27.0892248548121,6.963386857652697
44,2022-11-30,12.140369328347152,22.468791889755813,85.16813236735742,7.71925186086653
44,2022-12-31,25.04509233023502,48.34031369546188,67.68150716893237,6.238947484409435
44,2023-01-31,19.230313378548075,37.160756886464455,59.331054889169764,6.8075373426991135
44,2023-02-28,13.23233788629788,23.11170294187726,45.64101455240876,6.563497759348337
44,2023-03-31,32.24338586304177,52.18530297387276,58.08152293420497,6.949731985443782
44,2023-04-30,48.04288245843224,73.30170396857292,90.24476188595942,6.892291547675381
44,2023-05-31,35.06960917892909,54.63239497180315,67.73061833996242,7.371939269202283
44,2023-06-30,17.00456280171199,29.387011099574643,68.81794673412362,7.518408103329561
44,2023-07-31,25.10247934366606,44.641609458038374,56.41022394522041,6.616418952713446
44,2023-08-31,42.70976312662278,75.41086142865936,76.98681687807778,6.220700851650164
44,2023-09-30,14.69547895982429,23.56349157961344,46.69017264820561,6.847860098388773
44,2023-10-31,24.643305881212775,40.47668100027985,43.675970998296165,7.643446624637904
44,2023-11-30,18.52042407951388,32.76480321409083,35.338048547694505,6.614987239720199
44,2023-12-31,16.928193077469636,29.661331591931866,35.9982580859332,8.087391847429917
45,2019-01-31,21.692386420982036,38.05944698340919,86.16571011213436,6.706092216625135
45,2019-02-28,47.332383987740386,83.97120988359897,90.46046449666332,7.133221958324776
45,2019-03-31,14.196115131936844,27.192935443363634,31.503907940767924,6.568129914639145
45,2019-04-30,7.117253190240483,10.874539126616503,26.27614252672966,7.4733282712247275
45,2019-05-31,14.650006287782814,23.74735591579663,78.84858274346568,7.457048891705583
45,2019-06-30,20.347233468063674,32.90746948816893,41.22902549815376,7.812243593467463
45,2019-07-31,27.511329010643664,46.54540637637677,77.97479404143725,6.982723497030658
45,2019-08-31,41.30981427485856,68.71504667561564,89.5709757327065,7.189635870221985
45,2019-09-30,20.182233085445716,39.00245489050092,63.94460308344908,7.444686044130206
45,2019-10-31,44.41633833969772,86.6185785593759,84.19982908824433,7.6163351008907325
45,2019-11-30,15.63974955615136,27.142947057444136,30.767668872612976,7.04720640879745
45,2019-12-31,48.91652327963053,76.79668603644559,99.21499177567276,6.234977575103948
45,2020-01-31,41.477015662110674,64.65264718169624,77.43635707541999,8.007541683119662
45,2020-02-29,53.175856216260954,104.76517306000204,92.28180705645963,6.862907333125804
45,2020-03-31,7.724803672576943,12.57695045659697,43.35709657864687,7.513341037235819
45,2020-04-30,15.999451706029781,27.397375952867854,58.63978100491197,7.129835507965885
45,2020-05-31,22.77451117233832,37.92699866012713,79.36160649126317,6.1119353964565555
45,2020-06-30,12.32016971263647,21.466263046785542,31.00462882904397,7.243331871198946
45,2020-07-31,4.981330141695533,8.496801117115384,28.08041211452356,7.4079890650639495
45,2020-08-31,37.298233089279,64.12484166838097,66.9169675876608,6.0727114127168145
45,2020-09-30,34.54681933765336,56.890888119615305,93.85502938857091,7.2373855486148075
45,2020-10-31,25.619781613738233,48.65115864682926,61.2100393601836,6.409150108467709
45,2020-11-30,26.109998267312466,43.42693770671681,64.00673841408259,7.173625958740935
45,2020-12-31,9.463138048740463,15.281300386109631,28.613565411885784,7.142835456237159
45,2021-01-31,31.17701496789163,47.401564143884315,73.1007041284556,6.658602195749377
45,2021-02-28,35.22801511421083,65.2049702447311,94.84335224306018,7.559301788700446
45,2021-03-31,18.723821147591206,31.536767027864997,52.19718812777607,6.758012061205521
45,2021-04-30,20.735261877082962,37.964567409154164,36.82029102771836,7.219599329875459
45,2021-05-31,28.09526101135302,46.039087303978874,92.42056936246009,7.997793207751798
45,2021-06-30,18.444272071637453,28.730595770691572,69.29284651827957,7.325841838259496
45,2021-07-31,7.635665240345595,13.434601402152403,50.463531857785966,7.393901191309075
45,2021-08-31,9.085440737624838,17.648731718385154,34.86105470347968,6.621035935965576
45,2021-09-30,11.943641619433194,22.535661765978254,82.4554994814515,6.91485597259344
45,2021-10-31,11.754959782773202,21.45549997264428,60.74151863435791,6.756202310445576
45,2021-11-30,22.246304187930686,40.27365792836373,62.49205892837052,7.055463888759254
45,2021-12-31,37.56736236704326,73.25119360792469,72.2214586779573,7.2505993528446115
45,2022-01-31,24.83355681333436,38.502898314655255,47.020289720912835,6.628738778701456
45,2022-02-28,36.392826770066016,61.42301036299797,61.06971021725722,7.454183213582045
45,2022-03-31,13.957113111316032,22.155894936766224,95.91871730200047,6.410774065474781
45,2022-04-30,9.180711545558468,15.938796942943352,35.344580237670684,6.9721630655628255
45,2022-05-31,13.359532779197503,23.21264276253271,66.29918838042718,7.2942747327082555
45,2022-06-30,30.198295493871466,59.998955838635794,77.13848098941692,6.518494423226769
45,2022-07-31,22.08729618116323,43.46849547370299,61.720882345198696,7.480161109532848
45,2022-08-31,11.85512571299648,18.14383013830297,56.65506396122555,7.762378331909232
45,2022-09-30,45.25599145875329,76.27904613130309,86.53337200150371,7.474721337781606
45,2022-10-31,19.395778761645595,32.50021863888378,70.49108041608727,8.668690956241154
45,2022-11-30,14.308808009755516,28.557583538723193,29.992321733654148,6.541982217776816
45,2022-12-31,10.484978357818473,18.388625759014822,46.995259121399094,8.128828445194229
45,2023-01-31,5.38377816235946,9.529417208231546,40.1859882542161,7.058278821736802
45,2023-02-28,10.66194887363103,17.341886666010243,78.02057455446162,6.321206580251173
45,2023-03-31,3.2208521137541726,5.0453500718395645,29.577705144888583,6.472026102637357
45,2023-04-30,6.728096085569099,11.868662553701604,31.62228772500215,6.923770471562192
45,2023-05-31,31.022028680104096,54.66775538009716,54.55333674006532,6.2321730856708735
45,2023-06-30,12.233935665156535,21.647239352767496,76.55636427958905,7.300142492183085
45,2023-07-31,10.080454951368898,19.123974559837833,45.89935300972424,6.22899537197519
45,2023-08-31,22.48061148961877,35.029893370295596,88.09044987686327,7.217375264936414
45,2023-09-30,19.594368465911867,32.04966998523936,44.11756840306237,5.981652841485737
45,2023-10-31,32.25849037233933,56.15664172213213,63.179551622526,7.745299245757497
45,2023-11-30,10.801050656148648,19.751986919893817,47.829908476792,6.736961676894663
45,2023-12-31,31.448798766612587,55.23913136337959,93.90924944407055,7.231180396290795
46,2019-01-31,12.805632980106587,20.500582112708372,93.34195255027257,6.461505452772917
46,2019-02-28,10.535543703796455,16.6183877546754,41.79176164471434,6.648359398898131
46,2019-03-31,16.708044702706687,30.913052120890367,81.31789965084253,6.44914139308705
46,2019-04-30,30.48565901364516,48.70649131727931,78.60256528974801,6.890805417163085
46,2019-05-31,38.82308592287793,62.96185277292994,73.1119976196272,6.6185519846471035
46,2019-06-30,4.697825833294126,9.253127005089794,31.33710546884955,7.647543316771867
46,2019-07-31,25.049084585930874,43.814008556998004,89.71688670467043,5.602617358857838
46,2019-08-31,18.450240837399278,34.57889630794379,43.91490437714613,7.287756198666172
46,2019-09-30,18.73239844327031,35.602852735160035,32.90473043443014,6.269518218748187
46,2019-10-31,19.14591058384155,33.825016273003605,34.421838806415,7.911898264611814
46,2019-11-30,30.157420094878105,54.09935513204237,58.328926587995774,6.791162984008528
46,2019-12-31,11.112943602078813,21.267058170462615,40.78368793211995,7.639051255139
46,2020-01-31,5.442069072119355,9.77297627141751,48.41029853289241,7.43689149098454
46,2020-02-29,8.16209810588481,12.750049890014639,74.20338023283811,6.464426617744852
46,2020-03-31,54.87981786576475,97.46384195396296,95.17736557042194,6.053210594275914
46,2020-04-30,34.191920565367646,51.85349444466967,73.27151430705545,7.287869229000656
46,2020-05-31,47.35115485935092,93.60621177052194,96.87751695750671,7.185942301100192
46,2020-06-30,48.05207570291472,92.46864421696216,86.73360413174004,7.086605084512573
46,2020-07-31,27.70153896442985,54.169012137072286,55.90001374938278,6.857350867094554
46,2020-08-31,16.15019361815765,28.57931001001745,63.768580708830434,6.849145707153444
46,2020-09-30,12.084301663575763,21.85997564758069,93.35136269116389,7.561625424931084
46,2020-10-31,18.200569913115146,35.75774495249922,38.381636698708355,6.0264909891907505
46,2020-11-30,20.58781916784242,31.18113874196019,72.49772797248477,6.943079342256116
46,2020-12-31,13.558845145104565,20.51619018517704,50.079369555090196,7.148484197949524
46,2021-01-31,11.391139159919716,18.27464941186227,32.93023231271349,6.612670966625087
46,2021-02-28,35.519416172921616,53.359056895725296,86.58121812290025,6.06533847713459
46,2021-03-31,37.33896944232032,70.63599017472062,91.06885194638832,7.088777581710205
46,2021-04-30,21.673932750928433,32.85064002141638,42.14004568290254,6.740703572095245
46,2021-05-31,19.973583139360855,35.00743090392022,93.27978420162069,5.886786997011884
46,2021-06-30,39.43914179573447,62.42704094983475,75.81171815445693,6.960855530175149
46,2021-07-31,18.779321668090926,33.338807386985216,66.9066617236794,6.4312053989639395
46,2021-08-31,2.9085602782530935,5.358912119183205,25.186334977718104,7.44044422684778
46,2021-09-30,13.341287709921373,25.449139028248407,52.775815161076466,6.916206055457615
46,2021-10-31,32.598482673444096,59.50360752587045,59.707829883270996,6.098579871030854
46,2021-11-30,24.433013089452196,43.5109711769141,48.99144761300037,7.27451098419465
46,2021-12-31,34.49410013140291,62.9703696202411,69.24451515751042,7.153535703185983
46,2022-01-31,6.893296045478987,13.254928649789093,25.18103158007324,5.701508662219339
46,2022-02-28,29.480688474759724,55.72931301219828,92.51314494025074,7.231211259157337
46,2022-03-31,53.70011124878675,91.45374628017613,90.1688177566722,7.9042047223079015
46,2022-04-30,11.692053341036605,20.711416282268793,35.25048537692994,6.931835175021631
46,2022-05-31,50.006011116532875,79.59642794626872,91.34550111074276,6.747734347706737
46,2022-06-30,16.629688400067412,31.224296396305647,54.58641378282722,7.7890060771095415
46,2022-07-31,33.32076316821573,50.85369519805436,88.39088397838317,7.691623125625702
46,2022-08-31,19.703578692036796,37.46986436533505,85.17278792811962,6.962834802906932
46,2022-09-30,35.96834054161297,68.72086641183635,62.52058550444536,7.1316383855856555
46,2022-10-31,22.469161369150555,39.55650877579604,54.24692076573209,6.9546817074867056
46,2022-11-30,12.29960660084198,22.67309991363784,72.8539081716798,7.146009812739199
46,2022-12-31,23.730473238312857,44.49072605624254,42.03614532010851,6.7639075739302825
46,2023-01-31,44.73850600217102,82.56559144151565,98.3399895962873,7.0433643485891775
46,2023-02-28,19.213867479088556,34.77684709292093,44.12417214188372,6.684030337071035
46,2023-03-31,13.235290458250214,23.10105187377022,39.1721846493856,5.969692879485534
46,2023-04-30,19.7621578547155,30.477136930830113,96.75386798351025,7.534627591658418
46,2023-05-31,43.55157935868218,67.62644132184052,78.29365026342553,7.686627937818372
46,2023-06-30,27.199455238520148,52.556499649913576,72.85171572849782,6.7556339481375565
46,2023-07-31,15.202857332332567,29.795124907851445,92.03380294727228,7.919909187744485
46,2023-08-31,32.933972553662535,61.66364222310929,85.85156132930392,6.348114692005653
46,2023-09-30,42.43839526995785,78.0912104947518,71.19690218108263,8.186300283068425
46,2023-10-31,17.10815800117438,31.401131498399938,66.89026063730958,6.904020878737046
46,2023-11-30,28.46218865496803,55.78810389962247,82.50373928595738,6.651655162763012
46,2023-12-31,33.04914423548235,64.76266693139472,86.73252812218303,6.8033357492384114
47,2019-01-31,24.530200955825496,41.95147072414945,55.94077942401311,6.984173445354906
47,2019-02-28,28.01434430630197,55.790040381564346,79.37548285773647,6.826599571637526
47,2019-03-31,9.536150966144545,18.707772309476123,28.230458936175093,6.782704426086994
47,2019-04-30,20.00736055043735,30.74373317508178,53.50514138593266,7.492360424124346
47,2019-05-31,4.244940000831462,7.168125606707278,31.749222393987,6.796028182387726
47,2019-06-30,35.899529404629675,59.56110557921889,95.84576619953273,8.047187486209026
47,2019-07-31,29.6137186137752,56.12654467600759,72.28986033512636,7.51252282471305
47,2019-08-31,19.142839717408776,34.55028584847724,46.59573472024061,7.374921111762348
47,2019-09-30,11.815316117241792,21.35638932349225,25.34756394541474,6.9277682440953505
47,2019-10-31,11.632337778734113,20.922978316291985,26.84938776715475,6.142900644173173
47,2019-11-30,29.85882999337336,48.240774568819674,68.84776883128602,6.412270504368566
47,2019-12-31,28.808485379754078,57.197274958731775,84.80381052296511,6.623753536716515
47,2020-01-31,14.400543014608427,21.80837930599208,30.932161891437733,7.535412258557972
47,2020-02-29,14.410631694132578,21.70058763150391,88.02456985102114,6.635158025409322
47,2020-03-31,14.84762753190029,23.235420664006213,34.17632752588562,6.966363195985548
47,2020-04-30,16.966788544647486,30.221193994315094,64.27577290472342,6.977769446895214
47,2020-05-31,23.34403107481878,36.78282783708952,48.57046089354115,7.448230485974536
47,2020-06-30,20.130020774473326,34.12421296562475,45.7145699209271,7.725557179475634
47,2020-07-31,7.026457458370899,11.255431691134639,43.345184164890554,5.96049660446854
47,2020-08-31,15.499483006962288,26.600863297687344,59.57928966107843,7.450227790505415
47,2020-09-30,44.62366683648305,81.63123074321106,91.38334987197288,6.894784697042406
47,2020-10-31,17.29309848448975,34.54693378116729,52.465959890138784,6.783397414851716
47,2020-11-30,29.940312677448464,49.33341991198226,81.99659652230578,7.643128040885383
47,2020-12-31,34.281212319533715,66.71346813400098,85.37881026120046,6.662676996065494
47,2021-01-31,26.802879150725623,45.0641197275557,71.58450031222567,7.565574355720545
47,2021-02-28,16.810903340973148,26.815516410619736,80.17844575997746,6.950787050313175
47,2021-03-31,19.138642996854614,30.458185312159483,53.42175031354125,7.426444577819099
47,2021-04-30,18.641675419950385,30.035475892469307,53.19131054058948,6.514363321606022
47,2021-05-31,5.734472721459899,10.024354102186734,54.686084388742145,7.027070580616163
47,2021-06-30,9.300202612593239,16.591153183565137,26.80972499201078,6.61265890647473
47,2021-07-31,50.94687423788998,92.88705730038068,92.56887094887371,6.69388547715552
47,2021-08-31,13.748831737031544,27.342933131971364,63.61789708770628,6.561500648410363
47,2021-09-30,18.275943420477383,33.09754735254639,55.09745242264577,6.4059331800856905
47,2021-10-31,4.8712320731982,9.39642626735006,32.91475471019445,6.282568595817647
47,2021-11-30,5.966091476338878,9.125126289053595,45.99672128249399,6.913094795823579
47,2021-12-31,11.254884190741205,22.36934992849255,74.64094586235684,6.986362588436042
47,2022-01-31,8.268255387005865,15.329824404043636,27.94290174569159,6.403531635156478
47,2022-02-28,5.167921584078593,8.14890621662827,27.11602647345717,7.205259862353535
47,2022-03-31,16.069857789378016,25.22977359965962,50.55609034400367,6.7427672458246555
47,2022-04-30,22.54257290283359,34.59355443093586,78.79938548235003,7.107494905143996
47,2022-05-31,17.69340026501898,30.062907320438736,70.00621043391291,6.4922686869817845
47,2022-06-30,9.09112352426792,14.988927414176922,47.71221706600896,7.938070103840911
47,2022-07-31,14.603007335645078,27.315166917212583,77.90272091869076,7.455038583011776
47,2022-08-31,38.651562700542,72.75847915188204,71.26062259337385,7.30787104169855
47,2022-09-30,29.08582636976003,43.79932243383128,60.58338682802731,6.272344461235099
47,2022-10-31,11.383759520528956,21.488993545946723,64.88955418323087,6.669293555397095
47,2022-11-30,12.255752699555638,23.988267173761134,25.408602079359163,7.403989104305777
47,2022-12-31,28.463473131400203,45.709635441543675,69.83521475613695,6.512429766675783
47,2023-01-31,10.86552043758347,16.912430778774127,64.00512910008993,6.9647563367861824
47,2023-02-28,23.86139679296123,41.807738756183106,99.02270912944515,7.551220315890882
47,2023-03-31,40.96612504542714,63.982117389083406,98.1003978534738,6.8069980327267325
47,2023-04-30,45.1650809262003,83.5824200975017,86.20271880221948,7.001903417114063
47,2023-05-31,36.344084032738266,59.3948506882256,71.59192633768748,6.15865543079955
47,2023-06-30,8.792727967242213,15.001383690811751,31.83851444138914,6.685767508749268
47,2023-07-31,11.020836697447475,17.15902976726993,48.941713280707646,7.041121659617581
47,2023-08-31,15.968911028098377,30.157172393802096,94.28146032128342,7.367405211944238
47,2023-09-30,28.01100128017134,50.605308444094725,56.3452935812899,6.905660967096435
47,2023-10-31,42.66414106529561,65.09054868483396,90.69565542728971,7.127782235709602
47,2023-11-30,18.24734587810181,35.08306694430395,68.3442378107442,7.030377327857251
47,2023-12-31,12.957443919309979,20.43376585265266,43.32524877855308,6.821098200064426
48,2019-01-31,13.72254440401492,20.75666107036828,26.312006564289632,7.0575996723498164
48,2019-02-28,13.51387099542483,20.37265049059502,75.2765218366431,6.713201288176762
48,2019-03-31,20.706358575332313,31.87009811673504,69.66255991201317,7.795943284066396
48,2019-04-30,13.091405300876822,25.143037786073943,34.242691968344594,6.994394984932523
48,2019-05-31,7.517277125848765,12.493686911959006,58.030798280631046,6.382867215286627
48,2019-06-30,30.232528504965156,46.558718918007244,96.54648723372065,6.999297980927828
48,2019-07-31,13.07092688915729,21.899485147546024,99.29210370587457,6.790265803932613
48,2019-08-31,28.418811730965565,43.51868017843547,90.01821458135903,7.1200796356230995
48,2019-09-30,16.1563037847873,26.642387597810053,27.761720700204542,6.6549718579532
48,2019-10-31,35.247336904130684,66.76936163665597,72.53463985222244,6.89171206162483
48,2019-11-30,17.651027806166038,28.924943711338095,39.37862811644221,6.122726759829815
48,2019-12-31,21.563861009283663,42.541883273914834,39.47159504861413,7.216742139989486
48,2020-01-31,9.04069882396807,16.041213793666117,54.60320696933811,6.954642838577441
48,2020-02-29,37.98755473297072,70.77824333371042,98.7533726564169,7.065021531458313
48,2020-03-31,27.983370205456552,50.379729010881924,62.60000444607109,7.559880939277441
48,2020-04-30,20.442536231462373,35.667438480249785,63.208086000608546,7.206226464455327
48,2020-05-31,30.773829943014196,50.07279426633014,82.17123843738948,7.5447794118463545
48,2020-06-30,34.7908134408218,61.64318601136114,91.43292934352095,6.1399636338545776
48,2020-07-31,18.427440045121312,27.804551801067124,43.11168331367333,6.456805080963429
48,2020-08-31,8.51759779660205,13.843267953590761,83.53250923666337,7.130306206952322
48,2020-09-30,15.697564141288787,23.992658561199292,56.86151200735965,6.990693322958452
48,2020-10-31,17.039574740295876,32.416337484275935,99.97542299206638,6.782688211899674
48,2020-11-30,12.945322386862076,23.715880641662128,61.92366371261566,7.118078203493962
48,2020-12-31,10.189533640712902,19.796285046345456,32.298387039350345,7.564244444194575
48,2021-01-31,24.641569873581226,41.310874814864604,56.061537174586014,7.156921549451018
48,2021-02-28,30.562873130586848,48.95681483385983,54.120698477956175,7.3383384345844345
48,2021-03-31,51.357107873877474,78.6223032910258,89.75565954600953,6.843181413410132
48,2021-04-30,9.768017928415974,16.638815920733606,57.36027382491702,6.646713262906124
48,2021-05-31,12.989719904158127,22.85787387314297,96.572413740753,6.727270122355485
48,2021-06-30,52.69109187254841,101.57349854133878,89.92659393273858,6.949655451764745
48,2021-07-31,31.011601414245245,55.70813652948792,92.2585960429978,7.704307700522254
48,2021-08-31,21.445375691900992,37.83185231828946,38.150423952794625,7.567566502553317
48,2021-09-30,30.371440329360972,60.06103871520516,61.6385022030923,6.740501276373592
48,2021-10-31,11.62325848176521,20.48536462568136,78.91838602544334,6.933683544542758
48,2021-11-30,33.542083691753106,62.85957477643225,69.89341691016197,6.78291011797761
48,2021-12-31,40.1307001971648,75.8640451362299,77.2409216549634,6.727553389813823
48,2022-01-31,22.250510764231855,43.94722673858984,62.17225094697031,7.499278577158116
48,2022-02-28,12.578056422967883,23.305754022169136,96.12707488427965,6.044632453456063
48,2022-03-31,20.43261395552785,36.12770860132675,34.154654194010284,6.892181230532273
48,2022-04-30,18.412491971456323,33.59210350058555,74.18495158068787,6.965383105359909
48,2022-05-31,22.850922706407943,39.038773430240184,79.94934376834983,7.913902370007036
48,2022-06-30,3.687442805403623,6.047206512284278,25.052875887711416,6.638033184292912
48,2022-07-31,24.078793884363765,44.15837525578539,46.43626307986249,7.379943412211132
48,2022-08-31,31.873251115788438,52.12116236112946,70.3840838839966,6.757468900755887
48,2022-09-30,17.46734106564644,33.307535002304924,89.79817375723327,7.245098129972759
48,2022-10-31,16.006946635791767,31.001660881686753,36.71452700088005,7.110666213045008
48,2022-11-30,35.73497616096026,53.66687044596746,69.97640909340912,6.8090463197037625
48,2022-12-31,17.360102258654315,31.051397500673648,71.11523986741146,7.152556816573828
48,2023-01-31,53.13300573968908,87.44734549559851,97.89297693768711,7.293559343964
48,2023-02-28,13.46325290765513,21.77795310022811,30.61363055602141,6.3262875162706536
48,2023-03-31,33.78179821971658,54.81577913965958,61.319774714436555,7.063280875423043
48,2023-04-30,16.516325969718554,26.373134111453897,48.46081256324788,6.893574627727032
48,2023-05-31,13.209334416353197,22.8403756105358,50.18747571149672,6.833425501480104
48,2023-06-30,13.047006049324052,24.37536573045567,28.221262326258934,6.822463474825305
48,2023-07-31,18.221847331904637,29.43791969186003,31.815525691143417,7.995082362108283
48,2023-08-31,26.756191091085103,41.06788055248064,60.021314346043674,6.001209012791519
48,2023-09-30,25.059640505089366,41.823160579686984,47.03767290684453,7.040012986769828
48,2023-10-31,12.439173410584152,19.103894133037784,26.471807782110346,6.584920842205715
48,2023-11-30,28.750134053277215,45.320457605048006,82.37850640489009,6.7948865782543555
48,2023-12-31,49.8793393628826,96.79515812800857,88.2546803537201,7.2818626635851995
49,2019-01-31,10.791563567816192,18.696039940425983,37.85656414896979,6.821972960873938
49,2019-02-28,13.134483383132054,22.956743412909024,26.566629537653043,6.99135072541873
49,2019-03-31,20.269051332472404,33.50780309105611,40.97582643092756,6.4223574688469185
49,2019-04-30,15.345521072493561,23.74411378647,25.657123239396046,6.8503656906073065
49,2019-05-31,6.204362593899691,10.1039032044925,33.177474056465,7.335955519798704
49,2019-06-30,15.220453077970191,27.403362837697625,89.62457663998703,7.032439383397988
49,2019-07-31,10.682516680559072,20.363506610991987,80.04123515806516,6.775847377713588
49,2019-08-31,20.821020325605005,37.59283661706173,77.62247192224233,6.698322714110354
49,2019-09-30,14.335077362307842,23.54235118980189,75.07573694661151,6.821674927743833
49,2019-10-31,14.709899925798824,26.990688444668677,30.489785793288174,7.558007811054601
49,2019-11-30,10.808176365988905,20.722991564855384,37.155199430592795,8.24447124910151
49,2019-12-31,45.18700071472016,71.98964444641894,78.42325927233797,6.462951415561595
49,2020-01-31,14.805267386982942,26.65423845756656,34.93570363827082,6.301137591552917
49,2020-02-29,39.08857778904846,62.56635973678213,91.62870323552816,6.877111084655048
49,2020-03-31,23.800280222348,45.4282114384738,45.91890968834904,6.774354241849678
49,2020-04-30,4.215778302286691,8.147159591486897,29.19784951463805,6.502351337464453
49,2020-05-31,26.464837096508646,45.30907085169107,85.23507675994922,7.023350065636168
49,2020-06-30,34.18104048476261,64.48670865854535,77.42768878586416,6.757483852212476
49,2020-07-31,15.78898263095749,26.055838227431778,98.94552023336026,7.407810153862041
49,2020-08-31,50.02464746102401,84.55546776528422,98.2269104280814,5.879985382176293
49,2020-09-30,8.199327814115959,13.168131114898484,52.53786783105846,7.3535265662156375
49,2020-10-31,18.464094646882614,32.342802826440014,32.06731222952642,6.883414197518703
49,2020-11-30,36.317423075491035,65.09785339055583,99.7098232055064,7.006047775956031
49,2020-12-31,29.79215681033476,51.13617459675891,69.26431847285741,7.3021109797214425
49,2021-01-31,11.96366050823615,23.07214081072083,42.73272590020176,6.7352051076141795
49,2021-02-28,22.830816109705985,38.635214789247605,48.991497606914166,6.417630061290868
49,2021-03-31,9.63805954815404,14.887557381055226,36.45668859707657,6.878564998984079
49,2021-04-30,17.89068176735739,29.414130314006755,43.694832963860236,7.034310931101257
49,2021-05-31,14.688463780749341,26.721967387814125,25.073435025767505,6.949456584693946
49,2021-06-30,25.367616485128355,46.487944064566655,69.21789553735782,7.738675116276195
49,2021-07-31,25.113721310820477,42.37527855279048,74.94199059061825,7.531053256202198
49,2021-08-31,26.23879293874745,41.741947545235895,56.983245255135266,6.7904702905815535
49,2021-09-30,34.445187769067324,66.61621383322868,85.24464956767676,7.5801715389095445
49,2021-10-31,20.605212041848493,36.715230523192744,75.05274538654848,6.554846242076454
49,2021-11-30,33.08550555773775,60.463864187160056,70.8692895139547,6.8819224408717545
49,2021-12-31,29.727124348166697,51.43181371641743,69.74460645375221,7.253238338207223
49,2022-01-31,20.460190615224487,35.789557865341,56.9244795878585,7.264972948236372
49,2022-02-28,55.28509259507632,105.66060659690747,98.36461532326717,6.131225799784185
49,2022-03-31,15.102627975106602,25.632907005678632,41.445365801057385,7.463044473585004
49,2022-04-30,32.16531908538617,48.50517286657515,62.80140424550926,6.741304304612148
49,2022-05-31,25.04632650891764,43.53314756385214,69.94457395550835,7.377936054405585
49,2022-06-30,11.966469429699728,18.91454966107572,84.26392137279898,5.804033048648723
49,2022-07-31,20.854677205807345,40.83468479207051,76.1912869597155,6.591217653767501
49,2022-08-31,40.46246713802042,67.80032879959815,77.48669412642104,6.282824048319071
49,2022-09-30,32.91358461882299,56.642440976626204,70.17516864630925,7.7378340118665445
49,2022-10-31,42.38065801581897,65.08479689323202,80.52475084921095,6.1846268793938375
49,2022-11-30,25.837126063380822,45.37868016377894,74.20197396384282,7.205890968336631
49,2022-12-31,18.11900408900807,30.39744112775099,72.11505909909566,6.569427280436603
49,2023-01-31,37.426065605769075,63.015419759119624,70.00524712434654,6.954206442661623
49,2023-02-28,33.462047666516526,56.082919281714695,96.39387043255407,6.712562783657669
49,2023-03-31,17.445193579934006,31.06249067144247,32.81504072280843,7.73699865751835
49,2023-04-30,12.634371792893472,24.517605214705224,64.58987977234717,7.205605982054403
49,2023-05-31,45.21493931705492,89.80193240659861,78.79459556627859,6.330655151073896
49,2023-06-30,29.702269156304446,53.96573488893002,63.27356642178939,6.493053047242188
49,2023-07-31,16.851161511504408,31.964338424498695,28.46438046708225,7.146911996522508
49,2023-08-31,31.32018886871569,52.141536450977796,81.4069823282551,6.945637875246334
49,2023-09-30,32.01070725010766,54.134227615723034,95.37086865489798,7.7555167813302965
49,2023-10-31,39.36540601738908,64.01799367788495,93.76411005042839,6.7818236508185885
49,2023-11-30,19.019701256845995,36.238064363852914,83.9195003157514,7.222850867479049
49,2023-12-31,21.03885906537542,42.055973773185734,71.90073336447108,6.787994654720136
50,2019-01-31,49.93747586300947,84.82989425461675,84.47186170451609,6.7148638685527295
50,2019-02-28,13.279644550532483,21.597813148437197,74.18497819899346,6.534743966746253
50,2019-03-31,6.6051227711164,11.033988061418485,57.61607331373771,6.897649174624828
50,2019-04-30,9.112335045668276,14.542622922334111,77.40651721914311,7.925147521254816
50,2019-05-31,20.065642520035794,37.76683983943406,49.363074486735876,7.238694965327132
50,2019-06-30,42.19275256470483,74.05111960122247,70.63256763284743,6.121595077271487
50,2019-07-31,10.335160541472304,19.2464851627448,27.223083155248787,7.615466290362701
50,2019-08-31,35.96779805906221,60.11563147931509,65.6865495062655,7.222830470619678
50,2019-09-30,14.879268464834317,25.803548211051407,69.47174441743827,6.886205486152742
50,2019-10-31,3.872602792697779,6.48539294120435,32.6266451163653,7.324891659574976
50,2019-11-30,35.065308012478624,59.1106462937482,63.284453761937385,7.148408739616523
50,2019-12-31,18.632835746552466,34.65581886159262,75.04548749302943,6.620669423886035
50,2020-01-31,41.91996322752681,64.42128599428193,79.68337581374736,7.520344819914133
50,2020-02-29,47.12470443986585,80.20412042386825,86.45346610493176,6.947111523203214
50,2020-03-31,52.97955496560476,85.58047938019551,90.74624582789896,6.443447131152778
50,2020-04-30,12.883757108601719,21.507553150423064,41.68165996245088,7.587713031173404
50,2020-05-31,40.94084563082446,74.06049547828378,97.69267303664378,7.297241899979864
50,2020-06-30,18.010914334411876,34.00772560290587,41.29157913464449,6.9147926498873815
50,2020-07-31,24.609785195333746,43.14671177832626,63.09459495511918,7.999485459974444
50,2020-08-31,9.2089706624383,16.080053798522002,53.03621081648452,7.250435371806752
50,2020-09-30,17.07810905405979,26.060485974866264,46.94627919009174,5.832832090320095
50,2020-10-31,19.37433455022205,30.650154066905728,64.52813144888839,7.495086832392224
50,2020-11-30,26.520260074312972,48.44559626435825,58.75722985067983,6.906077888578837
50,2020-12-31,15.185410726936533,29.512553011620174,67.51453999810958,6.783196005739377
50,2021-01-31,23.13398748007967,40.22254402143703,62.58783462182724,6.181013133964154
50,2021-02-28,11.774743378825155,20.879907354643393,36.038855244938766,6.560073278352824
50,2021-03-31,28.51970053430677,51.673890551161605,74.83645283461952,7.034663452450274
50,2021-04-30,11.36713334547223,17.146295640943006,52.60751533837376,6.729866875390037
50,2021-05-31,16.508830959650446,28.867416828372658,42.13290206494343,7.658738327435896
50,2021-06-30,6.210631832981934,11.569105511898329,33.05232215431565,6.47350182290884
50,2021-07-31,26.550205735749824,40.126004714003614,70.87110227180352,7.61628986434784
50,2021-08-31,29.38464131170795,49.385919417706575,69.91552535319923,7.059606658878451
50,2021-09-30,39.37468883157653,71.31632629947974,70.18264631193031,7.369027706036503
50,2021-10-31,32.18318154944108,58.37643152793455,64.07581838924399,6.594200192571056
50,2021-11-30,32.86421432526227,54.57793333482343,71.66036949377184,6.345533624926306
50,2021-12-31,53.06732698740395,92.69252142019918,91.02341475623628,7.431493727657828
50,2022-01-31,42.53727374322482,82.68312173400967,71.69771476297181,6.9905517343029695
50,2022-02-28,57.34564570889771,89.02368913911856,99.08658044741973,7.045419166602455
50,2022-03-31,50.43422269604924,77.31439747740971,84.54888627467223,6.984702857793014
50,2022-04-30,8.122105928468164,13.107275142359908,37.797201527607676,7.0749740587923755
50,2022-05-31,18.216797522192493,32.62517768118544,83.50074154322316,7.090931920488505
50,2022-06-30,35.40251783247577,61.53087828711993,68.8074154723063,6.816799837729049
50,2022-07-31,9.975704058018621,19.762764287342794,66.53818484813158,6.249947881456577
50,2022-08-31,9.18317997451537,16.560246042445392,33.6533957202928,6.780452079850262
50,2022-09-30,29.163509780133218,45.059530146537064,69.07079030458539,6.666307826722711
50,2022-10-31,10.398024215395422,16.93498533856023,34.604301630156385,6.438705208468547
50,2022-11-30,8.523549767986921,13.759055040438646,69.06774637910428,6.795966901368097
50,2022-12-31,51.37530888214399,97.84689449738258,89.22459962347672,7.413413000303602
50,2023-01-31,15.160996873864073,27.534520915204805,85.87976503420397,6.204660244587767
50,2023-02-28,37.39913453685317,60.40688602885432,97.20613526472022,6.946193557294249
50,2023-03-31,22.063381487193908,34.21141980958983,76.6017814550247,6.13967000617038
50,2023-04-30,39.072284697839976,73.43665844208296,80.55857503985821,6.822752464520016
50,2023-05-31,8.783936035234856,15.338807037726587,63.23316625026621,7.16074228292503
50,2023-06-30,19.1338600067387,29.190148757159065,93.81234984404836,6.9722702073345735
50,2023-07-31,14.458458441126693,25.17292533507346,31.813624230753973,7.393747015943228
50,2023-08-31,54.1518992610027,105.91982632982041,92.55551102216745,6.851500896263724
50,2023-09-30,40.73162035014114,74.23056246232383,88.99914656357389,7.774332921597361
50,2023-10-31,18.385194950782147,32.330570662876006,32.387222982978656,6.654762928904391
50,2023-11-30,31.316392095087664,47.82978028274385,52.8877533556806,6.884003913174376
50,2023-12-31,7.544986225563343,11.70381088901485,33.75734584401147,6.95254296586984
51,2019-01-31,7.7692560934869315,11.673972733447718,28.97115983832493,7.337602599460511
51,2019-02-28,11.71257444557968,21.79714229993873,58.3172641240155,7.117095623292089
51,2019-03-31,23.94078358382408,36.196368936121836,48.565116804268655,7.425404080241641
51,2019-04-30,28.83634846315435,55.516583681172165,71.39881728905306,6.336634673429462
51,2019-05-31,10.301743800147651,16.21017036460046,43.6781714234157,6.943249949050765
51,2019-06-30,44.839583545613856,71.47044352897363,98.49377198788072,7.2870553729760426
51,2019-07-31,47.15296787201882,77.10063975255758,80.27146419663606,6.758833750246182
51,2019-08-31,30.962219672121396,56.79786524899506,71.15085226693495,7.029644141162288
51,2019-09-30,12.368404985025442,18.969293367244788,77.00129084105376,6.740114340765146
51,2019-10-31,24.223648325723705,47.521580686769006,99.029026535102,7.244095587591804
51,2019-11-30,44.47853238306589,66.97065510735813,88.9196521496766,7.307616013843955
51,2019-12-31,15.059299369400131,26.28463319140055,31.70609901574864,6.701662624240601
51,2020-01-31,19.263165642612883,32.07891005620404,33.522005859204846,6.843149337990422
51,2020-02-29,55.167820672068885,84.25440973473656,95.72889769518035,6.948382994588297
51,2020-03-31,22.8046064799317,34.39640244116803,67.0645093860245,6.926907413774703
51,2020-04-30,33.26216015947726,66.42300189232127,64.62911053134933,6.774402109540362
51,2020-05-31,18.271512957361466,32.32252787330912,95.28730071089842,7.276513830847771
51,2020-06-30,35.43440309643028,62.57794246401568,67.7240246741519,7.169672674470808
51,2020-07-31,23.903073892772877,38.27423850365126,48.5155739071926,6.666039112640298
51,2020-08-31,10.825648493632468,19.75341724765709,38.19879993279572,7.185619461068744
51,2020-09-30,17.160668008985358,30.64177275449698,94.63372219281959,6.122870821800919
51,2020-10-31,21.17342218010603,39.34280930220617,68.85713515088585,6.579931826056945
51,2020-11-30,15.775855989910534,29.11190445243416,64.7593770252863,6.774483583082105
51,2020-12-31,9.419641263660441,15.566401141312577,68.87923493784744,7.055542064627012
51,2021-01-31,25.88848859132197,45.688859323409375,54.827852871681316,6.639725425782441
51,2021-02-28,24.893841627335153,44.596632594421614,44.89154922428123,6.510769120372032
51,2021-03-31,19.689480029643605,34.592330970255574,51.63248222998455,7.446212222724347
51,2021-04-30,15.269496342357368,25.041229936035908,63.436942329425115,7.773243389295491
51,2021-05-31,15.1005760938739,29.865447159488475,28.31494505857563,7.484871437486142
51,2021-06-30,36.200691217547806,72.007201250111,65.32825285555334,7.554294402958074
51,2021-07-31,52.16780756727481,101.99917250232498,95.21448046497711,7.247015953250222
51,2021-08-31,23.216259848393662,44.0374148093154,45.172903264404574,8.24553113656603
51,2021-09-30,29.32679380288028,51.99322622993651,56.96684512702517,6.713455258046947
51,2021-10-31,10.22747640035493,17.12371597669548,40.745912527961835,6.968585256521383
51,2021-11-30,13.545253245652399,26.533639094575072,81.08699944197231,6.604788736577146
51,2021-12-31,55.8717084275973,106.32466853045024,95.75244793059807,7.431237098470417
51,2022-01-31,27.334554671003765,45.827203346655615,73.4870113957159,7.542512870731107
51,2022-02-28,23.739946732300222,36.8045010651631,98.28534217311764,7.254536955342837
51,2022-03-31,19.4532201034969,37.54906533709692,75.7904788902633,7.394368855325012
51,2022-04-30,38.20117633136319,71.09296881040001,93.71174312290943,7.044324041863876
51,2022-05-31,10.139458894995677,16.9165404243771,67.230383568206,7.664239215531204
51,2022-06-30,11.582551648526223,20.668780169098426,35.70945715089228,7.077140339455711
51,2022-07-31,10.761342473776175,16.86318966472788,77.20544673760043,7.661529690583863
51,2022-08-31,13.561400346390515,22.95237210795918,35.05892606314582,6.286865493423992
51,2022-09-30,14.979056314662918,23.632737946432123,34.142461337637386,7.451345149951917
51,2022-10-31,5.321988000351249,8.088760534205731,32.06209166347977,7.147089854524211
51,2022-11-30,23.320205482288223,38.140901547719565,50.12431475992801,7.036324629187912
51,2022-12-31,16.865419598876812,29.50041826269482,74.75599921931196,7.281026545965737
51,2023-01-31,11.50254418719711,18.460354019005145,72.62430669142692,8.284700072383117
51,2023-02-28,50.00241881825366,75.23914247227306,84.19995963051966,6.763305115247594
51,2023-03-31,34.425592677222475,54.223971507473344,66.99264478077836,7.634731189405885
51,2023-04-30,27.206935903819087,48.455024638305915,53.73001297695205,6.639719233481564
51,2023-05-31,25.54223000478085,39.72613627760785,96.07673011622134,7.385114790323185
51,2023-06-30,14.804728328175043,29.407722157380434,59.90207333283567,6.583396994448101
51,2023-07-31,21.71330276712743,39.83505722671896,81.48491118385023,7.455628269888591
51,2023-08-31,15.94430109834248,28.809963775994202,55.17467701104042,6.8021324140488995
51,2023-09-30,23.767045667709024,39.34342368982189,75.0667369051025,6.059822062219483
51,2023-10-31,5.316634371679001,10.264506478439296,43.69343772021686,7.70533732425636
51,2023-11-30,4.782086992041677,9.189969331105557,42.0093743833668,6.850067467171585
51,2023-12-31,12.429831379820415,19.697313132364645,65.96180081059622,7.089506794469104
52,2019-01-31,23.289844418420493,42.85272185866989,77.98910976994682,7.0464548096463595
52,2019-02-28,15.182993467389103,26.473870998715558,88.8822889144945,6.549351052015617
52,2019-03-31,24.433204440531032,37.19423142554328,56.6425454063659,7.165771873989298
52,2019-04-30,11.658572773447379,20.95396825248055,36.57005231727973,6.935496786466106
52,2019-05-31,41.70180015856425,68.47750934673277,81.45069354713745,7.612563446010748
52,2019-06-30,6.780847402304193,10.954331861438737,63.16423669992678,6.987348392736197
52,2019-07-31,3.4096192060610995,6.481738938549331,27.914689452256006,7.685326524759139
52,2019-08-31,23.43370792492178,37.40049301881077,45.30475127689072,5.667000821885583
52,2019-09-30,13.174329595935491,25.313614223580903,51.266633197080104,7.213151981830376
52,2019-10-31,25.805432218283052,51.16494942931885,90.59095860837373,6.881963731080816
52,2019-11-30,26.06335879720116,51.829232556852425,68.07344044438862,6.950999538870094
52,2019-12-31,8.662803322656947,15.265517964825548,62.175447039736575,6.976587767294382
52,2020-01-31,20.488088371493077,40.512188049383035,86.89737287614363,7.2421111570897025
52,2020-02-29,25.247828802932062,39.471505131999265,42.716272234279884,5.909336849090027
52,2020-03-31,12.678209720630287,21.06927034898021,37.30749218800105,6.378980776211076
52,2020-04-30,27.60683266905528,42.0530543745356,64.7967109920517,7.4944424731142965
52,2020-05-31,13.987739485910915,21.20729657190196,51.70632023407321,7.536321771210563
52,2020-06-30,26.312636893347115,50.024443828826946,58.589777779794424,7.308755246382697
52,2020-07-31,41.11167587857245,75.78204257656758,76.3490089214988,7.254997770490739
52,2020-08-31,49.013209892090124,76.67953817600073,89.4366883262317,6.780947665290208
52,2020-09-30,21.346595636591466,35.296129494914226,81.28515583763908,7.250475123395489
52,2020-10-31,29.969167932512438,51.77277076774011,56.12146053455483,6.621610092251641
52,2020-11-30,27.66999374182517,53.11352384263825,46.4440126229893,6.050358476042545
52,2020-12-31,24.56557466579346,43.31051598330878,98.61017400104265,6.085636200526528
52,2021-01-31,48.787828589552035,87.93031669959666,85.20134550862251,6.903080413377785
52,2021-02-28,29.892677276221658,59.37241549490567,81.22044113350395,7.45824121671325
52,2021-03-31,8.581626919136385,13.397629760437411,52.115039323434985,6.998556909930219
52,2021-04-30,28.617079835809914,48.79864697215429,57.729319561019736,6.9053918880828515
52,2021-05-31,52.08220209405357,96.18751947674315,90.88402992652118,6.149623903073047
52,2021-06-30,19.460657228553515,37.64039756863531,57.0851743655445,6.867157109827324
52,2021-07-31,12.353148707095947,18.565000893536315,88.03833532127774,7.039383169394092
52,2021-08-31,7.766705817895854,14.493913086142753,58.873799877167606,7.481116471689333
52,2021-09-30,31.390908989121087,58.75559053885508,93.03968497456401,7.656821522934985
52,2021-10-31,22.218642490191314,40.52868221048743,94.9665545037651,6.4726328861011195
52,2021-11-30,5.0787834307032,9.052664140655326,32.26821141492603,6.214658327179682
52,2021-12-31,23.869398499596606,37.178615800986655,99.09622110732991,7.39164569390518
52,2022-01-31,33.31179545646855,55.586514486779485,65.82214561807197,6.957602620171951
52,2022-02-28,14.842014385978713,23.22924610402931,89.85174906109049,6.974842077202132
52,2022-03-31,26.355745811295517,47.256832269331056,90.34659955637112,6.571796837679515
52,2022-04-30,40.231730970137455,67.95312970546313,69.9014978251091,6.3872489692570795
52,2022-05-31,15.149836443405425,29.07793311871361,29.14916488162021,6.745652266601251
52,2022-06-30,10.233025791709329,16.76088854351072,46.469046293294234,6.4891910227469225
52,2022-07-31,4.616191903389511,8.58916850401704,38.49606858837532,7.2211797537441615
52,2022-08-31,15.457951370328145,30.198769266558717,55.452404796539575,6.52668662372153
52,2022-09-30,12.618314289061713,19.195528656196412,84.93723164230133,7.86851418796469
52,2022-10-31,10.254337283413083,17.377169541748334,38.29320829934331,7.009556129650844
52,2022-11-30,42.01267005511354,65.93208670235113,99.75005755231038,7.427986348397216
52,2022-12-31,7.706905947682089,13.778752743850264,34.34934764925917,5.838519060842113
52,2023-01-31,23.43968958108487,40.91310881877882,93.03792355245714,7.088328214181025
52,2023-02-28,9.209022162819839,14.181295428513463,86.5698528849381,6.538662625060584
52,2023-03-31,27.617321146205096,44.3809469020967,56.633117162171786,7.859735583269472
52,2023-04-30,12.572277873932913,19.598279486880468,78.60241618019236,7.326740939051765
52,2023-05-31,25.31464846286285,39.32687163385489,78.19356463133083,6.546604344284409
52,2023-06-30,19.034568544649083,32.336455157351814,34.434416358344215,8.020819108316775
52,2023-07-31,25.065558429301014,38.34575330234054,77.19318278811518,7.123175741188592
52,2023-08-31,13.060310237846963,24.222372614768798,30.295403947444544,6.520719757676919
52,2023-09-30,7.8529531097569745,14.76138887175469,45.97927218750685,7.02737815566169
52,2023-10-31,18.20515715881861,35.146349545808356,38.54714015934324,6.8946753641779015
52,2023-11-30,35.6613954357402,56.07932205226815,70.62618755035358,6.328724220760124
52,2023-12-31,12.042249018910963,22.83317066518371,41.914498930946976,8.033244609969836
53,2019-01-31,24.431563687671396,47.57415560295463,42.40019378505331,6.400849948595285
53,2019-02-28,38.4564631029625,68.54613381045063,70.4442051946377,7.814407234034333
53,2019-03-31,34.980139609961704,60.39226039670738,97.47580807467791,6.356876154183622
53,2019-04-30,9.800231469057215,15.991020939860382,34.33305486351769,7.31966770110496
53,2019-05-31,16.150062211160044,31.49911606564397,31.89184324528816,7.047820851163502
53,2019-06-30,28.23254643815454,46.68084174036266,51.294669129016114,6.8293449392137475
53,2019-07-31,20.332782748576214,33.67512479062235,90.80163417657108,7.714702998230763
53,2019-08-31,19.213449941343068,31.294360863807974,45.994334300462704,6.547794205728638
53,2019-09-30,19.809547476602173,34.296277215103636,46.053070324386155,6.516097025701996
53,2019-10-31,9.327310629485618,18.287934980522696,56.62152086483518,7.972272395020125
53,2019-11-30,27.918701901623866,53.89809002430965,64.72859372589858,7.0399550890168685
53,2019-12-31,12.173551491283451,22.143854173917383,83.69235003816196,6.7970005570897465
53,2020-01-31,22.78517551643009,39.14579616266942,70.60203190110379,7.094411817212301
53,2020-02-29,8.463260767071327,13.631889299048908,62.0985825352102,7.464782283802303
53,2020-03-31,26.731999974743683,49.08706603247069,86.95692083955895,6.37515363487888
53,2020-04-30,34.69709699462942,62.896656203868,60.602130199305485,6.9758628140280186
53,2020-05-31,28.722839636932157,46.382738025309855,50.46818776932267,7.6352037262794825
53,2020-06-30,36.05567243690356,57.374550536170865,93.76238142718516,6.903721087201787
53,2020-07-31,40.679812822957764,64.30394464827695,73.91021021204614,7.305015578724512
53,2020-08-31,27.22347560713392,43.775241354447836,93.90213303202756,6.541128183713792
53,2020-09-30,24.35977998713412,43.79648419417654,42.670994784792896,6.6634981863251355
53,2020-10-31,19.730961083934286,37.20534762835939,68.3890874468908,6.727603862388674
53,2020-11-30,12.674577885449823,22.70390092572243,27.667098719978544,7.3726521285685305
53,2020-12-31,6.797647347439431,13.308701443865644,34.336174605364185,6.653827158538383
53,2021-01-31,25.72510454909812,44.898297449547314,83.28376861160788,7.015393849822891
53,2021-02-28,18.134047517609236,29.781221441778182,79.25032999513272,7.132811390167679
53,2021-03-31,24.219692634781012,47.17632665157711,92.61189030188463,6.541105835431869
53,2021-04-30,18.44857481524596,33.56146362361465,36.56743122184502,7.281457761388342
53,2021-05-31,38.2726186602823,58.20702791386799,84.1206260137659,6.517052831381062
53,2021-06-30,8.971586192113724,17.62129421671876,52.74397768969973,7.116186786881364
53,2021-07-31,25.2925857689088,40.288474928104954,62.62305546176465,6.92382492590947
53,2021-08-31,15.46927951251192,28.839459184564248,38.47052697072711,7.065157510156781
53,2021-09-30,53.02302235097854,83.40710588884704,88.9598577251842,7.066540638763738
53,2021-10-31,20.700868704182593,33.9676448310104,85.9224160467957,7.4739566229041845
53,2021-11-30,28.86379586164142,45.87521028838465,64.66129235861544,7.031745186162701
53,2021-12-31,42.00232048966201,67.67930641213057,70.15357196274142,6.993497977620748
53,2022-01-31,23.27911217063397,39.857003931351706,51.01419217274275,6.817100262890936
53,2022-02-28,8.098286334479177,13.902504447584754,28.67868566949562,7.910634407420968
53,2022-03-31,24.432668204304576,38.48853451540821,67.69365778365653,7.329947771462056
53,2022-04-30,12.25020928925389,23.66457131445335,84.6848691255269,6.89883289858209
53,2022-05-31,8.76717397459981,16.671370872518974,39.57380677234185,6.098863636292846
53,2022-06-30,15.579575199450138,27.25645416480996,36.632275777556316,6.940558272532333
53,2022-07-31,11.43509756887766,18.957230579631233,30.930130034039458,7.210344985578
53,2022-08-31,32.414624159856224,55.6453939630487,92.53205960598014,6.681661918667517
53,2022-09-30,6.084722087485607,11.435363888464009,59.184165801192094,6.837968855019309
53,2022-10-31,26.94705095417014,43.5646215732436,50.026775190542196,7.3471958079554
53,2022-11-30,12.630747978310373,22.071509561735947,76.36629278627409,7.294237488270319
53,2022-12-31,17.961346754844293,33.5384922746298,87.62585639938568,5.871239436238809
53,2023-01-31,39.40323567848858,64.1503455390062,71.72674821820225,6.839369675230414
53,2023-02-28,29.986616271711345,53.76498685027699,57.181241434158814,6.557750162776713
53,2023-03-31,21.80761213577766,39.09833284363613,70.88847314488525,6.136936792943935
53,2023-04-30,24.80665722822703,46.99993528588709,65.85929578054815,7.524922326493422
53,2023-05-31,33.52268146749646,55.40470047190704,72.53005381515963,6.495464548952621
53,2023-06-30,11.882776105946688,23.37233487244604,60.658652389128456,6.44612148465496
53,2023-07-31,28.100866504071774,52.251663478282744,69.24405384586636,7.191017716127762
53,2023-08-31,22.733614183113133,39.37661765621323,69.75154255695598,6.582798468365793
53,2023-09-30,3.7148317868104432,6.972440241486548,29.413846375130266,6.335305125473185
53,2023-10-31,6.068098759533822,9.692105923935449,54.91937347088511,7.263366693138891
53,2023-11-30,19.586408961847745,31.65059871764474,91.34842962980787,7.326243602974559
53,2023-12-31,36.513007889673204,71.63898668799176,83.78562291078046,7.582148867250679
54,2019-01-31,40.767940002516134,76.22304053937474,72.24797980351487,5.914916421493367
54,2019-02-28,5.515519601119072,9.928908443209309,39.34198665093676,7.252923058761565
54,2019-03-31,45.75214009942565,80.12295842847443,84.78274923338243,6.619553330027821
54,2019-04-30,24.553842351728658,37.38494839277515,55.98781319793934,6.189491647317727
54,2019-05-31,15.491643019274951,30.85356047302635,35.29916943237953,6.077288159368746
54,2019-06-30,30.872511601496868,47.01101201472522,72.22234831093738,6.685463375248532
54,2019-07-31,51.47599929158498,88.24538662176855,86.91693203444332,6.949756858349576
54,2019-08-31,9.338733058999738,16.62899845870108,49.313631428180365,6.851339805973373
54,2019-09-30,27.964033811039965,47.56300809741158,98.27071844416719,6.691004267408762
54,2019-10-31,10.12021815482236,16.738892671232033,58.94014059402123,7.350112825450472
54,2019-11-30,9.757327673515567,19.00189509642739,25.084598332432304,7.622420873810276
54,2019-12-31,11.921709089470584,21.143425379315993,56.237486988328456,8.201621619338603
54,2020-01-31,30.930526145666924,59.30958094769895,67.47347736905452,7.74925183516776
54,2020-02-29,19.646583035890114,31.302147359421678,42.951592789312166,6.935864772822855
54,2020-03-31,30.3229247318381,46.56835520069063,92.98481602540954,6.612275304716697
54,2020-04-30,10.873272706548248,18.199048065713146,41.37972941695005,6.330713281942773
54,2020-05-31,7.713933176477528,12.150811662220718,40.049956519842375,6.950205695999221
54,2020-06-30,28.990106523723725,50.017979557471136,80.95027545544286,7.664001839585049
54,2020-07-31,16.694305325667443,32.33572851243791,40.413459713478716,6.8594403568879425
54,2020-08-31,27.31400176623369,51.650773959724305,49.36705765655377,7.461910451397675
54,2020-09-30,24.942248167974594,42.79938087216285,67.99172838612301,6.783267825039919
54,2020-10-31,13.977458181181047,23.131315317394073,41.613255173861326,7.198824891831387
54,2020-11-30,17.339293484646785,26.575289541095774,47.17265930041307,6.9945204247265975
54,2020-12-31,20.544580743247153,31.224184877249936,36.01263335644342,6.819410555912772
54,2021-01-31,16.747754278686475,30.45487501495244,35.31286318658411,6.952951027540591
54,2021-02-28,4.80272071783192,9.017169600624111,29.734689691422318,6.486479288393861
54,2021-03-31,33.51915320842586,61.26463005130981,66.47955505042022,7.350378726598902
54,2021-04-30,10.24349534190214,15.567711640063687,41.28163245855028,8.328731058166824
54,2021-05-31,10.88510142855201,16.66459095796913,25.382258561090566,7.843310933266677
54,2021-06-30,46.712518649791264,89.01650541147829,83.46958882494376,7.443619469473521
54,2021-07-31,10.925983317040705,21.10360473829793,49.80058979821783,6.597732673183478
54,2021-08-31,29.113086865115296,44.1032161176889,57.67360865007702,6.618915195865622
54,2021-09-30,9.616497658219384,15.694205827558891,66.6865361589824,6.220503801320939
54,2021-10-31,17.623806560721384,29.9410314300525,44.45209462969282,6.321183416303285
54,2021-11-30,29.01505397746312,57.31865782666317,54.38672463797248,7.149726988198561
54,2021-12-31,10.127089954297595,16.637338448677287,64.80480815041054,7.1892884547291525
54,2022-01-31,37.810546141372065,66.49518597007157,76.69052533684074,7.585588850601846
54,2022-02-28,7.077714111228524,10.782892819196237,47.699374745247695,7.055607711091004
54,2022-03-31,12.385305097094202,23.897553626566953,29.89052226653708,7.374211657935395
54,2022-04-30,7.441123784541154,14.376791373627396,40.79900525036409,7.262471094919016
54,2022-05-31,11.802559964128406,18.365824059899854,56.08697926663438,7.3929237934359975
54,2022-06-30,45.529951303658855,69.36004000934327,80.28005922621531,6.773190010402992
54,2022-07-31,14.406084867656766,22.40235637586888,87.6571402108364,6.376881896545185
54,2022-08-31,7.074610340455185,13.556192460432115,67.11569726977623,7.6352158744055085
54,2022-09-30,22.852514904723435,36.21910385908835,72.03313719321832,7.0596609234551595
54,2022-10-31,41.56734480753334,66.1466275099634,79.82474699429737,7.839094773762739
54,2022-11-30,8.855067157789021,14.62649257999773,39.74789188273784,5.945955652595733
54,2022-12-31,17.902140880321436,34.53464040025603,47.479489429605984,7.205569649775201
54,2023-01-31,8.355231710725112,16.11583347083399,47.53141299502867,7.591905657979728
54,2023-02-28,32.782314205150385,64.7171486158789,94.28825612742803,7.049777515220177
54,2023-03-31,15.992449763942561,30.47233000898048,78.28125138602984,6.4678389166255155
54,2023-04-30,15.44384833836647,24.88744638140135,78.74679230841825,7.6070515260352245
54,2023-05-31,8.189974109025725,13.941709448462744,48.30337375066841,7.987106814261655
54,2023-06-30,11.561071146040033,22.519359064470184,68.05410216181129,6.619735079109581
54,2023-07-31,50.176898006939396,80.2107179022284,92.15770069614861,7.26129384551362
54,2023-08-31,39.700611536257775,68.4809150097896,68.45344002608806,7.249126163755789
54,2023-09-30,35.66560048034012,65.60691705403984,65.63342076871852,6.033399187965938
54,2023-10-31,12.749865120226,23.10130946234744,35.44760734130883,7.167678556469869
54,2023-11-30,23.1479142949796,39.943687207579366,63.19902819989039,7.476714964598584
54,2023-12-31,35.75311998941286,68.26017236212606,72.7470300053079,6.949944931690675
55,2019-01-31,33.18294202765855,66.03867932593111,66.65109588522866,7.21792691396795
55,2019-02-28,11.477892037040753,17.328006010622314,80.06152030615031,6.718633534727698
55,2019-03-31,28.358684735150156,47.57384995034826,54.48130742117513,6.372550131662529
55,2019-04-30,22.57533349860212,42.80247794754978,42.98854410644491,6.87242188759498
55,2019-05-31,8.239817382034067,13.177241740074985,42.14635319143193,6.9757517311779225
55,2019-06-30,11.468670330840547,18.234734857102705,40.60547332583011,7.197647762231069
55,2019-07-31,57.65887793940856,96.03142986965757,97.94968091297734,7.535732440195779
55,2019-08-31,26.825656270604288,49.508168555538866,69.95951799991857,7.68201310423743
55,2019-09-30,56.81671793459592,107.84085452002127,97.49576507675005,7.336708113709131
55,2019-10-31,27.527530695932494,43.33260206093691,72.13497526437503,8.163159428920137
55,2019-11-30,21.32696977860777,33.180678881318094,49.50392628439762,6.843007198280461
55,2019-12-31,18.898282659033423,30.46335819026772,58.26938278138943,7.071013328482881
55,2020-01-31,37.59531835060726,68.98789474403239,72.08984229555473,7.084420496443761
55,2020-02-29,16.701606819640677,28.178375682386637,84.60394042414056,6.764132423351563
55,2020-03-31,32.89414932298162,64.34879347546818,98.94212027897325,7.057511418679237
55,2020-04-30,26.72210082886803,42.0129650612442,53.665375783441576,6.367344279345252
55,2020-05-31,20.335319971807657,35.50430584791469,62.88057645509373,7.705543655753498
55,2020-06-30,22.539544042696217,40.74378385090874,85.8684256556923,7.086519817472835
55,2020-07-31,16.398232908845486,26.697393927823473,30.930822128740566,7.0234687756274035
55,2020-08-31,49.845277684276674,87.94951002750054,85.30313837137524,7.446813768747798
55,2020-09-30,12.863306747555946,21.08885539267407,69.58883091342959,7.136767196100363
55,2020-10-31,30.548201745674533,56.15647266341841,96.19276097019345,7.833628507410978
55,2020-11-30,8.790746916104224,17.519290890144443,78.33702695550458,7.225965888009716
55,2020-12-31,17.743416205066303,33.33059601748507,70.49069570281851,6.899607090659115
55,2021-01-31,27.685754055564445,52.653146329373726,68.82333527507153,7.184376995908241
55,2021-02-28,10.512814059788973,19.113793759131376,61.258777088045484,7.312367869618337
55,2021-03-31,18.418842298551297,28.923656551339832,98.26961357963101,7.751941672604458
55,2021-04-30,21.37110209845771,41.427109970391164,38.801649582260296,6.512262260048652
55,2021-05-31,15.992768848524477,30.308832259414434,88.51010739123845,6.547622691347577
55,2021-06-30,20.840177081528307,39.34622800304693,90.82586877790418,7.445002276717194
55,2021-07-31,14.55720690133585,23.157127750497285,64.34960807114442,7.273082900145669
55,2021-08-31,23.23971792996175,44.49172801897994,55.29273353378067,6.227306880281291
55,2021-09-30,14.523065348881124,26.81789653083602,69.92093718505804,6.5379075056418445
55,2021-10-31,51.437336306539976,97.43048062743568,86.68482275254334,6.497819731167643
55,2021-11-30,26.434096897043435,50.649965185005634,71.98487874084945,6.655553000170371
55,2021-12-31,29.371707908748377,48.34668599642235,64.14626648374947,7.500846738387602
55,2022-01-31,36.868965418337304,73.4866351250857,65.01149211525549,7.381258290269763
55,2022-02-28,10.959681568082646,19.2372773004046,93.39560782953055,6.878968278652642
55,2022-03-31,7.0305579959206845,11.966283045122589,33.49181713356283,7.4067669375977
55,2022-04-30,36.14307885899055,64.60936424194308,66.26814647725853,6.978595910889254
55,2022-05-31,11.224437750364432,21.318561419735644,63.362232387433195,6.782592473793308
55,2022-06-30,23.6065665001775,46.26249258140448,56.55607767709058,7.34857472901
55,2022-07-31,16.949652217086587,29.317314362545737,66.59061573033541,6.669271448121187
55,2022-08-31,19.735426847434248,36.384934320089855,86.57371832896516,6.863913722142045
55,2022-09-30,49.832750945709286,88.49587146341165,86.58581626882224,6.95574589973983
55,2022-10-31,33.29626303394075,59.47275897689391,82.10914984026043,6.3920287708210735
55,2022-11-30,13.918695833604163,22.414188071695587,36.65357185184228,6.939069071738419
55,2022-12-31,6.084179174804404,10.987631506592631,51.078552423781495,7.0930338964375785
55,2023-01-31,14.050617532942592,25.388985955385944,83.13288104352723,7.056825093656928
55,2023-02-28,46.652795241194404,79.41568650358687,83.09870291491049,6.727161218215448
55,2023-03-31,35.37410591706011,63.606369098388654,82.83190553501674,7.279090537860296
55,2023-04-30,18.92410739571413,34.97804471594085,98.35056915372355,6.842762101426413
55,2023-05-31,47.77013410802661,85.05919505215185,98.91990528791449,7.048597938494655
55,2023-06-30,12.385530225861798,19.96299511206943,28.765254116155347,7.08033356627506
55,2023-07-31,26.38757793267345,49.25239951938923,44.649228746413726,7.166093899529858
55,2023-08-31,14.448327914819535,23.16096576365673,28.340382492037765,6.5003589737601235
55,2023-09-30,19.56931335454209,32.349554609098774,34.074848254226524,7.178384395169741
55,2023-10-31,14.550040719913211,28.123259351956698,36.32374400957756,7.329075191591709
55,2023-11-30,19.569268152122977,37.36084089764844,54.215359837224845,6.541514615908111
55,2023-12-31,9.280048875211577,18.342563323707896,58.030781771653444,6.242781589574391
56,2019-01-31,7.1326917067881155,11.601433446199653,29.737852690729856,6.878853665576012
56,2019-02-28,33.79125270183408,61.47562394608233,77.93206750973258,6.710597510009531
56,2019-03-31,7.999277312881823,15.61214943990767,74.40797201257953,7.824447753595511
56,2019-04-30,46.82885855352198,89.34311258421472,84.76103757423036,7.002500019260483
56,2019-05-31,8.505629720560144,14.012720942430109,39.16963922882714,7.39809148219838
56,2019-06-30,17.585317103667233,27.263199071008493,37.29575123480793,6.3675693182906965
56,2019-07-31,28.806529891448864,49.39703221277476,48.319300073661516,6.764220502567283
56,2019-08-31,32.73928394658988,59.806685004661745,72.79385880937252,7.068040674252697
56,2019-09-30,8.287019579382118,13.761411262407227,75.88660994375977,7.0419108956573115
56,2019-10-31,37.19174988109269,57.77256048220685,85.68892654405897,6.45814504867122
56,2019-11-30,51.7368762235198,93.93393321204046,95.15442579103726,7.569071980819879
56,2019-12-31,26.56289342003262,50.51236292646356,67.03282888518346,7.0500736647293
56,2020-01-31,22.92431159554464,39.60679306351326,59.24012294924798,7.623897566662167
56,2020-02-29,10.302978390364505,18.235962193505305,49.2494156991532,6.123258596250539
56,2020-03-31,26.25096580126817,40.4163668275274,53.97904646871737,6.787102460559307
56,2020-04-30,20.609611623234624,39.99669075020321,86.04798840709326,7.725226249009605
56,2020-05-31,3.0589385923173795,5.915249473660378,28.782801386935557,7.21001928911501
56,2020-06-30,31.65457582439706,56.163614557004124,52.85330276051386,6.086154417043067
56,2020-07-31,26.939936088772626,40.508613692286545,56.09947650053397,6.563977608116501
56,2020-08-31,8.415591309360918,16.4254945041132,44.3637484892154,6.757075967901873
56,2020-09-30,25.647096705275267,49.619123069495885,45.361970896930025,6.952866426123448
56,2020-10-31,33.069065344868164,56.17177797625071,77.10849596150788,6.572811080902436
56,2020-11-30,28.955469386065907,54.575510753638014,59.84400678033066,7.473338944069804
56,2020-12-31,45.97152676288109,72.70754722498867,80.03389687484888,7.241324055112122
56,2021-01-31,31.431526255453985,60.12796751939377,67.50888006607765,6.734726885974793
56,2021-02-28,26.921788853328884,43.51125718348307,54.64626853753854,6.217401247905117
56,2021-03-31,9.523114698898695,18.549316895359432,94.80786384732346,8.076752871367342
56,2021-04-30,32.52364332828987,51.93942560140369,76.65120360221347,7.386333121210809
56,2021-05-31,10.379640169564727,19.599062283742143,50.63732201932861,5.5
56,2021-06-30,20.200149123290263,33.810180304534754,78.96182337193335,7.250772456438182
56,2021-07-31,18.381173803616132,32.786758331164215,68.59405738933607,6.783699387848969
56,2021-08-31,33.44871826839439,64.2974943197597,87.277131945853,6.082062676503666
56,2021-09-30,7.175097288352679,13.990809231305011,25.29917500037909,7.651217355306364
56,2021-10-31,10.35957483830452,20.308659018774712,40.31736291401725,7.287246904386376
56,2021-11-30,19.39421648280601,37.47767105051106,75.82410538871572,6.543270916324241
56,2021-12-31,14.643029154514851,22.59994045228098,44.631831793484636,7.165619771277064
56,2022-01-31,13.132713452111743,20.957287071028603,74.63235277139499,6.939485476261298
56,2022-02-28,36.761803383430546,58.396396373930195,62.293738117371966,6.0489378407148235
56,2022-03-31,13.460340022724907,22.57010065255904,46.33812143572498,7.236909522701918
56,2022-04-30,5.981744720951928,11.86334483879373,33.03202257468325,6.772862006027505
56,2022-05-31,10.74310847251698,20.364055195772305,30.221111003513062,7.421387286143488
56,2022-06-30,18.321028848055334,33.62972823506944,33.8245660781604,6.515257983345151
56,2022-07-31,3.3338182526363003,6.382067899176651,31.28871480212391,6.623959099518227
56,2022-08-31,7.936615705253834,15.267908838168772,57.246829615648004,6.61289703058304
56,2022-09-30,10.024439440409282,19.33396767659537,28.213470382605955,6.795439967669512
56,2022-10-31,6.566907501241965,10.041897460233182,32.66486119430441,6.992992997620651
56,2022-11-30,7.365810260368844,14.604263991304418,73.12417410377225,7.658585193016528
56,2022-12-31,44.463898833831735,73.34659242124168,82.93738229230101,7.1258189768524
56,2023-01-31,31.765843116178107,50.981489413155664,56.36275334469466,7.261123282204148
56,2023-02-28,20.03823973249292,34.07137964107773,42.314238689729066,7.739066097874595
56,2023-03-31,34.6346720461722,52.65854754386869,90.1905370547737,7.315360422707942
56,2023-04-30,16.20932000473728,29.590312246113154,85.7953490927338,6.712172170786553
56,2023-05-31,33.51679153823371,50.67969177543397,57.06483390204905,6.799628456093608
56,2023-06-30,18.342981908003246,32.194855963172856,94.32107780390994,6.585473580309438
56,2023-07-31,23.507898943939246,44.078887033450286,40.18109055409147,6.240354466162617
56,2023-08-31,18.046953961910987,27.925306915062084,92.81990688848201,7.699584759769901
56,2023-09-30,28.505958891374465,49.24010917681083,75.02207152643831,7.18115040538668
56,2023-10-31,8.95878296674324,14.57309997675704,48.953628706399904,7.1811513255594965
56,2023-11-30,14.257479213021872,26.703971660137196,59.78669895717732,7.085580875411867
56,2023-12-31,41.37513940776907,71.26049581799263,71.27343697495294,7.403981894490732
57,2019-01-31,22.782637728724843,37.43507582416619,50.19151093598131,6.815712128126906
57,2019-02-28,13.485602856319382,26.258151692240016,40.08432210752834,7.097501605579505
57,2019-03-31,31.29829779149027,53.96658019109532,65.18158865300899,5.8182153440297855
57,2019-04-30,20.23218706179122,34.60249391797742,36.24798253760556,7.023526748895937
57,2019-05-31,15.778908878329414,27.31425482799919,31.6431201876798,6.588014690153707
57,2019-06-30,22.937203104513696,41.869126624169155,40.85097996174148,6.971602534065551
57,2019-07-31,16.750489984225716,32.47669932259162,85.03231056114176,7.205660508206791
57,2019-08-31,32.34471396451654,63.782351155779196,75.84440614476974,7.26452702012417
57,2019-09-30,18.212556664017153,33.88744422746905,91.74274267597285,6.923344589124879
57,2019-10-31,20.338586478702215,36.49467852468738,49.1846052570045,7.315083444558501
57,2019-11-30,12.321982006549145,22.52188361147658,71.401532854827,6.203604711386525
57,2019-12-31,35.71357431212911,67.90034390044656,91.02778899970671,6.948992476112746
57,2020-01-31,16.246403423046893,25.30506748507178,48.58672897904193,6.342544469272058
57,2020-02-29,16.17223444294902,30.662810502883357,89.02567249363496,6.637812894316146
57,2020-03-31,10.364919259594695,17.962262016903566,78.62398591351294,6.3455436369975935
57,2020-04-30,26.431949013537654,48.3461491352804,91.49888088112445,6.867866590819572
57,2020-05-31,41.63471063902416,73.16265749915546,74.0173901828628,6.538527791911956
57,2020-06-30,10.817095735728527,19.026716700902444,28.12903448937941,6.889119422390154
57,2020-07-31,8.113409672044542,15.391412264410581,38.793956091388466,7.420141305057545
57,2020-08-31,5.407970358019442,10.14990370969512,31.22364856940966,7.899319065384005
57,2020-09-30,23.76146107873083,36.98868351128211,73.48835776419416,6.6511053409723555
57,2020-10-31,14.907030899987685,23.63589241912343,95.79763016781334,6.68299842700808
57,2020-11-30,3.88951468004541,6.183469375612178,29.469695496621362,7.240890017903312
57,2020-12-31,30.415377321807778,56.668034444479034,90.12483065972232,7.187433787872049
57,2021-01-31,3.299616647705097,5.975165351094608,28.243316184952384,7.359098563036874
57,2021-02-28,27.695632050963713,43.67374542438027,71.8477104883612,7.330077042132401
57,2021-03-31,23.450921611684315,39.865603488492205,66.11398450441797,6.418978748790298
57,2021-04-30,7.407852866716285,11.878883748218458,58.91674408449888,6.951828700579091
57,2021-05-31,35.606598832663636,66.77521504906848,67.38459761792394,6.553899770973185
57,2021-06-30,21.98885178220903,42.71969683797603,58.74413075274648,6.936724827570767
57,2021-07-31,9.114820371945651,14.77666796389735,69.3902478168123,6.832735283527209
57,2021-08-31,14.534004030350953,24.812185213249222,25.856708533330853,6.8556177262673375
57,2021-09-30,20.39718835861439,38.192981873211544,83.59432769900323,7.236515887660791
57,2021-10-31,32.84029473891102,65.63464739624166,77.58595609078323,5.5
57,2021-11-30,14.196431493660937,23.595550290620768,61.307803028893275,6.608983734638623
57,2021-12-31,13.8248729536624,25.353260417699914,62.94689125117595,7.617054072984661
57,2022-01-31,44.72255753032569,74.17086597999864,90.69072083661122,7.015351516822414
57,2022-02-28,47.43791724999146,77.01989005918588,96.52353296521039,7.512482547902036
57,2022-03-31,14.758771879347064,23.107160503790674,27.55917885127228,7.05603011790609
57,2022-04-30,25.63944053207929,44.186778495986864,55.686506903048944,6.983267237720548
57,2022-05-31,9.562247535002971,14.821164252035322,61.383675492227034,6.647435011498555
57,2022-06-30,26.326490506201218,45.649190946889306,77.96242776100709,6.915481641637055
57,2022-07-31,18.513174108048855,33.2578364833563,68.760736457356,7.548079031440828
57,2022-08-31,33.45577175427548,59.99614230505714,94.60600011966245,6.351121856577592
57,2022-09-30,17.801099909095836,33.475644768740764,52.50659503856575,6.708304238270654
57,2022-10-31,25.482887646577176,42.34491202941582,56.8328986026872,7.323060147401888
57,2022-11-30,12.63732157992009,24.023987078690418,52.319091502886316,6.885409149527556
57,2022-12-31,46.223413817948895,87.42007380322427,86.77348817014813,7.896737767820296
57,2023-01-31,12.048190720314281,18.238143171068405,98.16738879832661,7.873125356365969
57,2023-02-28,24.86487479259998,48.09920190709811,42.41171604865878,6.692657622141391
57,2023-03-31,14.679763822392415,25.436709402149706,86.41667708334825,7.179158748621107
57,2023-04-30,32.1722646922504,49.05160764907581,72.86808179381727,6.873811354366675
57,2023-05-31,17.249527345682743,32.42465097022276,39.29147331319153,6.47086275112072
57,2023-06-30,6.947003800098549,11.948679072645922,63.89039377336269,6.706413639421733
57,2023-07-31,24.009004356193635,40.367618879330976,74.29384285485422,7.060333360567774
57,2023-08-31,49.628052980874024,98.0527704707867,88.00608177992235,7.135378825490541
57,2023-09-30,18.021877398496535,31.23621587302406,92.28337772962367,6.607563906466796
57,2023-10-31,20.498629712819795,35.202407268525576,43.5973202251059,7.63985526256231
57,2023-11-30,19.4438251759784,31.92967716073175,73.41657936953445,6.966436125333104
57,2023-12-31,21.237119230025975,38.217817387035836,75.59039350377466,7.357154441885326
58,2019-01-31,18.68567681372096,30.94498230669563,85.82710849794408,7.0478493293688445
58,2019-02-28,25.959909709663297,40.81640091574836,69.39569702604014,7.229767071992634
58,2019-03-31,23.20164304580583,35.08772727965411,42.235456676605935,6.9037091947561375
58,2019-04-30,44.29775128819913,72.3678520149468,96.20403422406805,6.914234302220337
58,2019-05-31,22.55601850926076,36.26370532853994,38.20992256839848,5.582399365040361
58,2019-06-30,43.595633209028584,71.56879038177387,95.61000911030948,6.556922752722573
58,2019-07-31,18.542628632073143,36.90294932550803,43.473859930987146,7.1200784635165295
58,2019-08-31,15.285900783186054,25.180787114633677,49.80736982642851,7.855317634865953
58,2019-09-30,40.22950324451717,67.63212984935426,93.2187267862125,6.229131571920662
58,2019-10-31,4.7439588297227875,7.316383738644714,43.45891802928738,6.712813031344473
58,2019-11-30,17.938288025784452,33.44112665417555,42.12583706015801,7.187730487469757
58,2019-12-31,23.134617971152025,34.8580046706765,46.84579397652042,7.082997088858723
58,2020-01-31,11.815260647245122,22.49257510953591,66.64905797900131,6.898415552244055
58,2020-02-29,20.009241707579726,35.24985937957419,56.769158047757955,7.211135259788822
58,2020-03-31,13.356704028810592,20.845587485306172,55.91171153135233,7.258111544090966
58,2020-04-30,30.578591517962398,52.771705858234775,58.37807366094027,7.271757214004674
58,2020-05-31,6.874941045685381,13.557753209722044,47.534472506661814,6.571428992428222
58,2020-06-30,54.257738734302585,98.52681039444423,97.04394315288785,6.618173407568172
58,2020-07-31,16.775391387433043,27.813387901424175,66.48714324313958,6.403453340423912
58,2020-08-31,29.564244239329316,51.49246421513786,89.13447045505707,6.823711006412242
58,2020-09-30,8.256195857240362,13.591738274526755,55.996249526776595,7.02377941191836
58,2020-10-31,4.723275895101383,8.908448626987926,45.70020793106469,8.355725036845335
58,2020-11-30,18.794292038785187,30.65791511383298,36.77070448909422,7.905365094775291
58,2020-12-31,33.5176485628619,53.32531146943357,70.60950506514119,6.454400442036372
58,2021-01-31,12.502057361936167,20.183776254165732,38.22326871505063,6.442022679577516
58,2021-02-28,4.118971870927729,8.033107798604858,40.23277522403555,6.990896799116434
58,2021-03-31,18.34274672159058,29.489805990916743,31.50008029268008,7.237998895014083
58,2021-04-30,20.376821315243877,34.90178059978275,98.76650959620952,6.273875243990821
58,2021-05-31,13.582121390909641,22.78805905978786,55.94342179003777,7.207601657255505
58,2021-06-30,5.575835580408452,9.25402705353009,27.122956690386882,6.763147645832959
58,2021-07-31,4.4339681800797965,7.368876443595558,30.17602354573623,7.252436598395853
58,2021-08-31,22.918496244013987,45.67346261821133,58.520637583168046,6.99758478226409
58,2021-09-30,8.336436859160816,15.558756376889102,42.24881522294475,7.253346916609113
58,2021-10-31,11.037142361437112,17.84750308267467,51.137969510283675,6.57125584262571
58,2021-11-30,25.221907419351012,40.66195556883155,43.70650003103061,6.671325545322895
58,2021-12-31,24.554714666695094,37.36787113685216,77.61095289225341,6.141132149986468
58,2022-01-31,37.305063035151605,70.70987598590247,72.48280030148018,6.7341471979477685
58,2022-02-28,8.827012518427535,13.425049462168467,52.54650340382833,7.41671468292767
58,2022-03-31,19.45092855412605,31.92152150128997,49.70669153892517,7.147798286568611
58,2022-04-30,40.131387332221315,78.55773661856497,85.63117275861075,6.714902031681881
58,2022-05-31,27.317130341423308,42.89154054083855,89.89397956059706,6.2550478097580084
58,2022-06-30,47.431426114550625,83.39581819273434,80.57328003957892,5.935515395257867
58,2022-07-31,8.489532455840184,16.8759429179051,39.00362792391116,6.578382499921098
58,2022-08-31,14.56481623510517,24.288287300018393,37.062350764659215,7.460773600444554
58,2022-09-30,12.982819226741254,25.454745178336587,84.69347073050812,7.1936401295991965
58,2022-10-31,16.299241750466898,26.951190543123296,63.76206239337586,6.249317030712474
58,2022-11-30,16.275744505112566,29.720072684870733,33.5825274451324,7.678983767298933
58,2022-12-31,18.82760477057237,35.85952972557226,36.86004107432775,6.89222147322412
58,2023-01-31,30.704554778155877,47.54760667969896,80.47900153755118,6.959391992931575
58,2023-02-28,38.920031572980115,71.96567174698605,82.21726483073934,7.760533572831307
58,2023-03-31,6.368218063272296,9.605776184083982,43.986764009147514,6.722761466581241
58,2023-04-30,26.875726820280565,48.314495209346084,92.87554405742212,6.621031384995986
58,2023-05-31,37.73430758000597,61.086709012596614,70.49394919822055,7.312766221504402
58,2023-06-30,13.362585488226342,20.23256899671579,58.17362685125762,6.820375882235697
58,2023-07-31,7.4859399966184315,14.737497996332447,55.80032248289948,6.7670721002688525
58,2023-08-31,15.21977963955961,29.023964279514846,46.12886466062777,6.8557638869891795
58,2023-09-30,16.887067618795133,27.30298639627472,41.268205883391474,7.774059745317825
58,2023-10-31,7.770504475368422,15.45181224880271,36.733265472954905,7.606266371438557
58,2023-11-30,18.19437149485272,35.53523499915147,77.84901667224115,7.552954643838388
58,2023-12-31,48.24673924365991,92.6965361366084,81.96086137902272,7.276888537883032
59,2019-01-31,28.756093899839215,48.64529817265646,73.22153109937233,6.195208386679341
59,2019-02-28,36.28423298843619,55.43110208564809,75.55408723697988,7.762312038698654
59,2019-03-31,10.362579108165498,15.873578296430768,85.05677073648476,7.276007434914363
59,2019-04-30,10.863231271911895,16.9495487874291,93.0857347674633,6.42189640007312
59,2019-05-31,54.29793573418836,90.49425180586923,97.05701936777245,7.237039800474309
59,2019-06-30,48.45341145032904,92.43671920521727,83.3050606379116,7.588585691048514
59,2019-07-31,35.67052968152587,53.73228021253757,88.87189647350857,7.091813310539434
59,2019-08-31,9.081087412492261,13.942555363538855,66.16691443042185,6.821660526623431
59,2019-09-30,39.10926014590491,75.24530025336254,76.42299239910835,6.938578093354128
59,2019-10-31,27.8453390814553,44.213774709104236,87.96915971863098,6.410101879229296
59,2019-11-30,33.41650387391256,53.81772685993422,84.31254811745696,7.565618610002504
59,2019-12-31,22.312485325476832,44.495892512437116,37.75960524578551,7.180037632938785
59,2020-01-31,8.652121932729123,15.611992522361327,26.29160195217029,7.350585676836583
59,2020-02-29,22.123286360711734,42.67322200413159,91.28840329194631,7.2994767155584785
59,2020-03-31,16.96113969639905,29.804578540985048,69.65596245321916,6.371491379533929
59,2020-04-30,26.98029715861745,52.0795778220945,61.744552850773466,7.511562177128937
59,2020-05-31,30.067200742264884,52.73983339622486,56.99975038148612,7.609679895131371
59,2020-06-30,5.4405387210077105,10.091790248037972,36.18160535828464,6.975347368571899
59,2020-07-31,10.211167524998855,19.027640492940527,49.94131984402864,7.34600033338918
59,2020-08-31,38.68930977425181,65.96988220211142,74.84645861882194,6.8734609262607025
59,2020-09-30,27.46509465115827,47.702065361901084,53.154069605624635,7.583828208646055
59,2020-10-31,22.645228712203036,38.54121930297595,39.387550296910995,6.928772689958107
59,2020-11-30,48.07563591946308,88.23497029976826,86.81368470800133,7.654689804860056
59,2020-12-31,34.79477013718661,57.67657393626706,87.42290662864342,7.109015956591668
59,2021-01-31,17.722104886537863,32.368726050224524,48.94279083599666,7.096755252673745
59,2021-02-28,16.958116662962464,26.224265141463235,67.52878201703831,6.859931688070418
59,2021-03-31,14.717796929684893,27.495086862432093,64.13556619361492,6.8617046331635825
59,2021-04-30,20.88032486682668,37.19718885908494,43.10950334420044,7.231605204714564
59,2021-05-31,18.1071442424431,34.557688338567665,36.16435765488855,6.927409856266369
59,2021-06-30,25.36132949673982,38.62060808004659,44.48333342685397,6.936188032488578
59,2021-07-31,8.354484013317345,13.925410368076795,32.38645694879996,7.033587185762311
59,2021-08-31,6.623567036846598,12.78346412141994,25.83732512767975,6.5374329015634345
59,2021-09-30,12.476284067892314,22.088122361485855,93.70968511155792,7.462827440425691
59,2021-10-31,22.86905300905457,44.16807257169192,99.95913096995658,6.756695397749272
59,2021-11-30,18.27713330099899,34.44021099094349,45.23333546674644,7.324717952536577
59,2021-12-31,28.366177951841383,47.92005989411044,60.500496975157674,7.106886301843771
59,2022-01-31,12.867668435281757,23.7162130075062,40.392437398522326,5.5
59,2022-02-28,12.14283322502044,21.894852636578406,91.09636092826213,6.610889616092999
59,2022-03-31,24.979673812896756,41.45045020652004,55.7553567036252,7.68179877591715
59,2022-04-30,23.241252824297742,44.14125675846496,78.39753259046726,6.3615833451619626
59,2022-05-31,10.245622601883724,18.810325217698505,41.51348159628647,6.123416802351162
59,2022-06-30,31.84762271813265,50.85735666047769,72.02537009463757,6.590074512961486
59,2022-07-31,38.203250943230266,65.27510348280559,65.38839427030558,7.031441059224012
59,2022-08-31,12.197678255238296,19.676202371324436,31.28954780267499,7.911012729231672
59,2022-09-30,18.274151352451458,30.487397827087342,81.16875414879775,6.851189100167141
59,2022-10-31,20.09973874745214,34.63745678167742,52.297293053772265,6.876693970717525
59,2022-11-30,20.607484543498273,37.61807288531112,47.102557406241395,6.113924313906865
59,2022-12-31,11.778068354122993,22.182699787766687,35.30633851332965,7.470659409401005
59,2023-01-31,6.841240231195911,13.304141910367514,33.66422490541769,5.939916954704593
59,2023-02-28,16.00926339178849,31.227476729841747,91.98723558346772,7.9247577880210605
59,2023-03-31,47.169886713758544,93.70771413878359,96.97524316279438,6.822327067335406
59,2023-04-30,25.78077598477216,43.098648848099174,80.55527093671387,6.863489184272743
59,2023-05-31,14.268019977999533,23.762809172521063,55.991377475097096,6.874576593589174
59,2023-06-30,42.048987779229805,73.50395467885696,84.72023159221744,7.542124774997087
59,2023-07-31,26.49480221251105,49.987808626038664,58.32611730826816,6.204188528253659
59,2023-08-31,38.825654112776945,69.61153423684287,98.91870747093176,6.563827586313414
59,2023-09-30,23.83068860239913,36.322912008872684,45.47489364254566,7.185784398307347
59,2023-10-31,35.434966707276516,55.282680568124476,78.24974007915695,6.917879830003652
59,2023-11-30,9.719720082629143,14.844785359579785,32.62615021201585,7.31316088684429
59,2023-12-31,31.08576377200454,58.29703828529358,68.07668821450736,6.881573439478286
60,2019-01-31,19.083644094403255,34.5616680592998,66.98185095749913,6.218607465397772
60,2019-02-28,41.51673590486326,73.5310585044748,98.72853779699518,7.2089087896389845
60,2019-03-31,42.41722807992891,80.91922862872775,70.9205411787428,6.831797426703403
60,2019-04-30,25.279474546399957,44.93142178046316,85.92269101322147,6.911702203870824
60,2019-05-31,12.749230054052942,23.933513878000298,29.82998168786267,7.0451661305855815
60,2019-06-30,45.12427009619948,84.20754616559225,97.85917561067993,8.038660593682529
60,2019-07-31,24.121052451294993,45.34361537632563,95.07143085612603,6.69438295890064
60,2019-08-31,11.360674710367691,22.092343131006913,81.61609263314739,6.060634339337141
60,2019-09-30,7.9683002183901,12.28012976870303,64.68561797886915,6.833780250095021
60,2019-10-31,3.2602086406876905,5.05227647366841,25.612675206405292,6.786543065113899
60,2019-11-30,10.092503846028011,16.46432068433864,57.42583249516758,8.132525454955392
60,2019-12-31,49.078383245126304,93.56110554133227,81.9392266624238,7.683688716673354
60,2020-01-31,26.842653217295233,40.792030312009885,44.92056448168647,7.320775764248466
60,2020-02-29,10.499986314514164,19.726078525905088,58.0067918212988,7.664305135710141
60,2020-03-31,21.594474958564863,37.44502416548609,85.5800816953259,6.945042654848757
60,2020-04-30,27.677127767107592,46.83481730013914,52.246504383220625,6.826033012788276
60,2020-05-31,26.44189294251425,44.08579455315718,99.17020991104795,7.358537179307207
60,2020-06-30,39.94228026250742,70.72981664050886,92.64163211134826,7.461387059345517
60,2020-07-31,27.118936669232713,46.398583465632825,49.23130625007872,7.285555958550958
60,2020-08-31,25.107644982818872,41.2261889392725,48.71317784869503,7.602860410484145
60,2020-09-30,23.124465291989573,35.57858756725494,39.75368016157851,7.79977340423626
60,2020-10-31,17.775867701606682,30.630298594744097,30.69163440245222,7.362115407179352
60,2020-11-30,18.299944991811252,35.79769979622553,35.57979623154395,6.760229129924707
60,2020-12-31,28.359295891339304,47.45348820625446,66.44439774887513,6.88315261098789
60,2021-01-31,8.695026385045756,17.261656819797413,51.093058116179805,6.266697182169309
60,2021-02-28,20.46598562340561,36.78286365940412,55.55218957661553,6.524108893692659
60,2021-03-31,41.22341289365864,69.7171606396624,75.25974523767759,6.4441295406418
60,2021-04-30,11.286614224970764,18.949606016523944,37.04906416447606,6.849354862841459
60,2021-05-31,27.264788699323745,51.16973926607775,57.68035257936614,7.134894511955601
60,2021-06-30,22.70951456060814,35.6557729438161,52.47493081480412,7.535109892633805
60,2021-07-31,13.940990245751921,24.579490183890346,39.73575191766111,6.74341786249118
60,2021-08-31,43.89104278594498,75.58182052812671,76.052433474718,6.963687152255034
60,2021-09-30,11.897581290252406,18.92173600282195,68.39750733752041,6.842416163612733
60,2021-10-31,17.21313751174601,30.9758245557282,69.98507665106506,7.025334441540577
60,2021-11-30,28.951803312189853,50.671819497982675,64.74677829154923,7.781516481099192
60,2021-12-31,10.165232580013962,19.797606093927673,59.004361963905325,6.740466221689437
60,2022-01-31,47.4220582122787,77.05357121389909,87.38463247787244,6.9950306127504165
60,2022-02-28,15.042832844479806,29.29340632520609,95.29845170488076,7.221147451518955
60,2022-03-31,20.434976888799888,39.4301866728625,44.55311673256463,6.937941444574281
60,2022-04-30,13.587023435337528,27.025644760663553,59.34955988493752,6.176718908249974
60,2022-05-31,44.14660375007346,81.97353362653662,78.77378430293611,7.427104860611221
60,2022-06-30,9.279686480939322,16.129948158080076,56.33696603765042,6.188618274007263
60,2022-07-31,16.025908140636414,28.127475699062405,69.47048304583085,7.9218705150833095
60,2022-08-31,13.96674228521553,20.964914784622646,53.45295018486413,7.423196883766576
60,2022-09-30,21.240801970177074,38.66376299579976,93.03868402765158,6.435171241033877
60,2022-10-31,28.37250379723352,54.9432723942541,55.994074295313496,7.858769406160937
60,2022-11-30,17.211061818740305,27.280680874487047,33.89623367054144,7.542172015164108
60,2022-12-31,29.23097837374136,44.44337157478762,54.199380156931824,7.0513841850742205
60,2023-01-31,15.1545712898799,27.880638495211333,32.39770162996148,6.714845572377769
60,2023-02-28,15.853591168072757,26.434037666908594,39.97024751993184,7.405281695716722
60,2023-03-31,22.291317941053304,40.79984464911925,97.76745172005498,7.1609126584515295
60,2023-04-30,14.72030172835644,22.897246803510775,44.941098606517684,7.369138464879759
60,2023-05-31,31.388553200965976,49.41465223628431,64.13135538133614,7.614997173831721
60,2023-06-30,12.446334869236756,19.83640753534069,25.19778135275395,7.543863798874214
60,2023-07-31,20.323737821221638,34.79415888043292,84.45446365529513,6.673411701898583
60,2023-08-31,17.415282566406223,26.27261482228019,69.07499081218444,7.332793229699364
60,2023-09-30,7.303963709493912,11.813237899733895,42.957434960288374,7.294983067096821
60,2023-10-31,18.680749026818187,29.267009756401137,82.94869035675347,7.900134542803259
60,2023-11-30,13.438330721869015,21.83408031059433,27.32250881771301,7.1591813454557425
60,2023-12-31,7.5323844302752425,14.156566697981399,29.148473720418938,7.212814356851606
61,2019-01-31,9.327052958524556,17.227242926213357,58.23026735409401,7.116533038508941
61,2019-02-28,20.022265280065366,33.11869617401391,35.97477478578479,6.565504280104892
61,2019-03-31,25.500000896171194,47.72241746758495,68.90289947638983,6.600783487786608
61,2019-04-30,22.52335574438619,37.574544296119036,67.03479438401791,6.391025893637719
61,2019-05-31,30.981383612717625,53.658653273036165,60.989884762109114,7.324251430037895
61,2019-06-30,29.212535536661242,49.37999726993873,50.61693389333936,6.829426970345584
61,2019-07-31,13.898905077958537,27.270580620899697,81.30966508364658,7.154911731644034
61,2019-08-31,29.6163241258577,49.31274228161388,66.74915582671868,6.743779101053734
61,2019-09-30,24.744449650355865,42.34733757783881,93.35181681189987,6.5908063098960366
61,2019-10-31,15.936171108289455,30.64759413118566,46.68903992087271,6.706963333765239
61,2019-11-30,23.22264258032686,41.047118245137256,98.39316645533476,6.445982104112218
61,2019-12-31,15.807689265185935,29.295265815279922,83.55781343201853,6.876328566098319
61,2020-01-31,15.870740203901244,28.76995931128899,30.07383484604573,6.658068646543061
61,2020-02-29,8.138438246799252,14.50538286024536,52.19844111125775,7.029129102566182
61,2020-03-31,12.957393559393154,22.247535148971785,52.871009432381946,7.597824414349231
61,2020-04-30,21.17646722436866,41.27602554555255,99.88125455075773,7.326655473215652
61,2020-05-31,44.78386197737887,78.93027621234914,75.46119227568146,7.288735445206978
61,2020-06-30,20.147481287710427,33.795618550526754,59.453455311522795,7.170868956160509
61,2020-07-31,23.9967391006473,39.93180085420249,47.0957975613655,7.058009827835387
61,2020-08-31,18.498803344807925,31.27489742487703,37.71351696502348,6.452298785785508
61,2020-09-30,18.58817931654111,30.218058956938883,36.1747128935185,7.075307987713658
61,2020-10-31,13.365828982552205,21.908178754004027,36.91710499667255,7.094459429761543
61,2020-11-30,44.410419818665,85.64585680017011,93.17629378222512,8.062740287022423
61,2020-12-31,17.744287591767602,28.666709511048627,48.60032806548789,6.964737614211718
61,2021-01-31,12.352882925966503,23.97704619208425,94.41849665192805,7.525143859919316
61,2021-02-28,23.37747876193994,44.210893683417034,88.61558664863722,7.154144577453086
61,2021-03-31,10.474137158390516,19.747402769172734,74.88118596103796,6.954483052062346
61,2021-04-30,20.674916567867434,31.42415609127613,51.89686207520237,6.790952624188539
61,2021-05-31,18.721153039070227,29.17460105873561,53.519780445788676,6.7338793097476355
61,2021-06-30,30.047351544079184,58.85276818429501,76.97907040243861,7.6678128324152866
61,2021-07-31,21.279628311611134,34.287521982350256,43.0620390874652,6.918777759880981
61,2021-08-31,46.08320138777795,76.33853056718306,83.38746841304037,6.18571782676105
61,2021-09-30,45.32645806266189,90.1997900124139,89.71029387043305,7.509897361634405
61,2021-10-31,39.88486676313566,62.954223475455024,83.43442700605846,6.883457110226291
61,2021-11-30,14.535454894120658,22.04408881566202,88.0088687866603,7.551798205970162
61,2021-12-31,5.864518267995577,10.346344935592398,49.99868627871998,6.961911310743986
61,2022-01-31,6.679385245488184,12.558175628874478,32.30137772801173,7.423461901449181
61,2022-02-28,47.11014686277598,77.14751635210743,87.65869069346367,7.019657381783879
61,2022-03-31,8.840143445704163,13.497114031842575,57.18807239694472,7.517720177539911
61,2022-04-30,29.754402305600024,54.979474619602826,97.8560245773167,7.3158701744154575
61,2022-05-31,27.072380609299994,52.46195981940983,73.65102041406315,7.031525143910257
61,2022-06-30,8.706704434968406,16.901729182643553,78.32649231493546,7.421820744866354
61,2022-07-31,14.486867259218732,23.434182311453732,34.14473495042988,7.7014612149150885
61,2022-08-31,30.64250511949153,56.93989858095058,59.985565288703114,6.689581971573299
61,2022-09-30,38.01757260744103,64.08780824012055,92.46692628162825,7.373700675019992
61,2022-10-31,21.123287002676644,33.24054828734037,97.79070325689659,7.363853418877696
61,2022-11-30,20.122968954335395,31.128490704827005,45.977452699066816,7.268385758401518
61,2022-12-31,14.763539438477956,26.415041203545425,84.8111249511869,7.276244673835171
61,2023-01-31,26.83318240026072,41.81019190527455,69.41943511874271,7.420352538358114
61,2023-02-28,50.35165387656643,76.28330155142659,89.70592161962301,6.5451163812912085
61,2023-03-31,24.92341389134881,44.582499114522214,43.37350864298017,6.913450848534916
61,2023-04-30,17.767356927216774,32.04562085414366,31.999698909147355,7.2141665920838784
61,2023-05-31,21.504337360215857,35.94354033687165,73.33180499762611,6.872068605843448
61,2023-06-30,7.642064551834837,12.422553179309135,49.22671464029176,6.633650663335671
61,2023-07-31,17.77251553243835,30.000331497004613,40.964682991343544,6.491296421382449
61,2023-08-31,16.41996006545546,26.015683972075596,27.639826972155888,7.220001417058356
61,2023-09-30,18.53315609543161,34.73348109970067,46.38095443788583,6.731725152337035
61,2023-10-31,34.271502621099025,61.237534563586735,80.55279102938619,6.937953898507148
61,2023-11-30,11.983472532228134,19.14030989559097,34.43551127622595,7.471532035586036
61,2023-12-31,17.864440923150532,31.986031810697355,36.79394723583715,7.487275392423687
62,2019-01-31,32.550134754918346,62.72670464386195,57.35570009224725,7.388454486569079
62,2019-02-28,7.056508006122856,10.974014172000894,52.458017042170745,8.333233855265078
62,2019-03-31,24.91536456402956,39.70282729306031,57.441547863665775,6.392793946128793
62,2019-04-30,38.818815865290205,66.37539514647646,77.93689230894618,6.985026965613964
62,2019-05-31,36.20976598199925,67.65179047963476,96.83751475163082,7.480735967742195
62,2019-06-30,16.64890791132753,29.75194613325962,32.00044654033245,6.887479906397682
62,2019-07-31,22.387478600262764,40.22779784782436,48.641231283515424,7.521567867921102
62,2019-08-31,34.97248115958462,59.612546933946966,80.35188341027649,7.008895661963457
62,2019-09-30,9.359180326477235,14.301066033829262,71.78915286332655,6.597003940607583
62,2019-10-31,28.873227081906204,46.055863690758976,97.66749283016225,6.796136822045988
62,2019-11-30,26.064357866862217,46.30929703231912,52.65480701039405,6.537797581889245
62,2019-12-31,16.245046708380045,28.20315287431512,80.94085463170211,7.315874160307958
62,2020-01-31,25.99034153795571,42.029430940338166,94.97652406739911,6.659963190002113
62,2020-02-29,42.2875593865019,77.89155791692774,86.4510185107855,7.303122791994537
62,2020-03-31,16.722520462138284,29.3954920253072,38.75134521878717,7.241951605733296
62,2020-04-30,28.49547957479445,51.45586921526331,73.78615461596415,7.05003103334556
62,2020-05-31,9.755321804710068,16.593693879415216,91.71033761358595,6.493007711669897
62,2020-06-30,11.413839348957046,18.590847139879095,25.27981860835848,7.502228211989793
62,2020-07-31,31.070127440138798,54.21272354846394,56.48364966964671,7.161722612968226
62,2020-08-31,29.357717703848852,51.8156721814737,74.41301528049873,6.445682748074961
62,2020-09-30,8.774300980529508,17.15700823887171,44.56473391287434,7.125573838289585
62,2020-10-31,30.126905564600822,48.55110411386208,65.07302558977013,6.839550501097259
62,2020-11-30,21.458664164092813,35.04297036290839,84.34488117726899,7.41991464364017
62,2020-12-31,7.105967791665091,11.141565506966588,68.91821438409512,6.940833284089936
62,2021-01-31,6.629551133839887,11.014947708704428,45.267253757683584,6.583718827088366
62,2021-02-28,23.767992794094656,38.588500567590785,88.57123672817369,6.23549546875399
62,2021-03-31,35.56315430408296,63.96918223347612,60.46962150290628,7.182064083166399
62,2021-04-30,24.46082897891708,45.80608107585263,60.16957112078215,7.446717010570953
62,2021-05-31,17.930063145842084,32.81416181431189,32.52070346598487,7.735392070649224
62,2021-06-30,12.295299532635545,23.00982195850961,82.58053347186198,6.043528257859281
62,2021-07-31,33.07158069169048,56.36663296161535,62.48209285429467,6.669930257459343
62,2021-08-31,20.601383805036836,36.45779940587874,67.8714430945971,6.949557338268258
62,2021-09-30,21.41165385562359,35.50092709114732,84.59162525092941,7.389687734332833
62,2021-10-31,50.57265020686208,98.92673548190906,91.5353646752996,5.875304665077622
62,2021-11-30,18.86436028260937,36.634192359126594,76.25994776730454,6.901435450907065
62,2021-12-31,17.902044765683822,28.257522288924743,56.24901997273372,7.202837237455833
62,2022-01-31,17.760098564338616,28.761110946147618,40.1115312437636,6.53438917799641
62,2022-02-28,10.610830470345713,17.562368379007427,91.30516279927043,6.551881405775202
62,2022-03-31,3.6505929115939098,6.457126724864649,33.30494134835632,7.677527759277505
62,2022-04-30,5.428847727940206,9.13823970091564,25.640878893223995,6.6253999883399155
62,2022-05-31,12.713709158769428,20.16011762218289,63.402378795059576,7.012389072341199
62,2022-06-30,12.916973963453481,22.07574636257137,26.961826634328645,8.263629607349003
62,2022-07-31,15.257857250872451,27.08915955995972,63.30966896888044,6.183480643295742
62,2022-08-31,34.939937595508056,67.65462778896084,69.70910841623942,7.5321366420087195
62,2022-09-30,10.577470348082029,18.73629869314112,40.830642263996424,7.623425033982109
62,2022-10-31,45.05331393899033,86.9558807129036,90.81760956895374,7.572551232498282
62,2022-11-30,27.622094256384568,55.22458063492641,90.71039355963029,6.974665054475414
62,2022-12-31,11.943125379972273,21.68068030539115,60.012813023856445,5.955574377513302
62,2023-01-31,7.288438487531634,13.925361433447117,44.862463081312725,8.135112481227507
62,2023-02-28,18.30984462931681,35.41314922107658,99.11724073768495,5.977819008473849
62,2023-03-31,20.440173062311725,34.80094645759265,47.203790282929496,7.822480665423951
62,2023-04-30,14.855486158991559,29.410767217161904,26.427231744579768,7.411683285798648
62,2023-05-31,8.22778260542114,12.710477289831566,48.98567053201136,7.0582450904614165
62,2023-06-30,6.025372146215348,11.990368086395549,40.173481459518364,6.940458718355461
62,2023-07-31,50.85393962368918,90.46129749346427,85.47863724016176,7.416779022657287
62,2023-08-31,12.192312880036907,22.435601765555656,87.8620314672649,7.126015742595525
62,2023-09-30,55.08398499939856,103.27243418033137,94.41497239412689,7.471581175433419
62,2023-10-31,9.538863810529909,18.86114115501379,40.563819726748115,6.471678022543933
62,2023-11-30,32.64283470870932,52.45373101331283,55.160090145369786,6.6864708731012925
62,2023-12-31,10.83443162941927,21.486769266817213,54.97757537704775,7.574496389554185
63,2019-01-31,42.66862648020533,64.35894033072368,72.26838167161418,6.592406377533197
63,2019-02-28,17.20292300374895,29.31331887755193,83.96391842805774,7.187745479783631
63,2019-03-31,7.281383112055292,12.822586826633472,58.66480961984205,6.7336032417383525
63,2019-04-30,7.04649361534053,13.71918621162808,51.850283155323204,7.682597270079037
63,2019-05-31,7.555912766027499,13.576616218062224,38.61916123182367,7.165837169445963
63,2019-06-30,5.896519459449644,10.862739727758177,48.60305696332208,7.313090247743035
63,2019-07-31,21.838641173668925,33.67295532914655,77.29917586626135,6.736628485180109
63,2019-08-31,38.26670504431996,66.55048098287416,89.2714823224154,6.696988319660234
63,2019-09-30,11.045893266043558,19.18796427168357,72.0661313470515,7.311293857645994
63,2019-10-31,13.642995346421529,25.368370175995825,75.5199543890415,6.205824114012396
63,2019-11-30,37.58682650217076,71.37772925692099,91.61198240000276,6.8934197647268425
63,2019-12-31,23.887392011163424,39.391397827479075,75.05639413104983,7.040497553072335
63,2020-01-31,12.303683690417575,19.929643856299474,83.85137226959438,6.367766662659557
63,2020-02-29,25.353589770292682,49.38189930674527,88.8960761954179,6.9192806198850585
63,2020-03-31,21.15166534179592,41.37514934298052,47.29749390990934,6.501042474720367
63,2020-04-30,30.562755723268655,53.75032953265093,94.74346707279962,7.6258520232078055
63,2020-05-31,21.19256488370984,32.63765329485831,45.51776601096795,7.083197336788086
63,2020-06-30,36.787915506493604,64.22348542413393,99.7150295963767,7.064544987049124
63,2020-07-31,11.09612472096337,17.00943303355378,67.0939130380646,6.412599217956306
63,2020-08-31,15.163803721178855,23.04482376095399,38.329043723803615,7.7127325756993566
63,2020-09-30,28.910875651942817,48.14590491080034,63.20799835353458,7.173958426541217
63,2020-10-31,6.352883588941715,11.372231154489532,60.939278426326744,6.967569449951208
63,2020-11-30,38.12902609033553,73.25925250742092,98.5520499385212,7.295397293561324
63,2020-12-31,29.58517035209858,48.574983656121205,80.81363248112183,7.5798528370256735
63,2021-01-31,8.100031785531476,13.255873658734979,27.855410184954764,6.880794217807755
63,2021-02-28,9.857976555152066,17.830044716819923,75.85240140092498,6.621344901294808
63,2021-03-31,11.565492346867302,18.492553037287024,37.747331510288234,5.946970223922126
63,2021-04-30,8.161424769092411,15.265796062328137,38.69161737269797,7.011984751950541
63,2021-05-31,28.22924588285541,44.105710423926745,81.57956801523964,7.99054088963751
63,2021-06-30,14.650172676472463,25.505281681738126,95.74473163541225,7.041699210656086
63,2021-07-31,10.647708449542879,17.15078628911153,54.36268152374294,6.70183007230719
63,2021-08-31,10.787419960317198,16.532621325261687,88.2831939487442,7.4073946260700305
63,2021-09-30,23.424929370781797,39.166210773620726,63.49454158637225,6.814337093305277
63,2021-10-31,26.974132373330498,43.907479071725156,98.90678064103238,7.422588431125938
63,2021-11-30,11.080866013012262,17.478623101695362,28.580358984224056,7.026736654307069
63,2021-12-31,21.36016935176643,39.42591567978686,86.95361186393653,6.573024156947794
63,2022-01-31,23.188895020155872,39.50142862484485,85.95884437599558,6.781185730234986
63,2022-02-28,8.647909258580675,14.963945743404395,33.78551763431331,7.0075710278662875
63,2022-03-31,23.36364394498868,41.02269450352073,98.65953325606908,7.0050200328797345
63,2022-04-30,11.85224917288076,21.938246712250464,86.31257020979454,6.940861550008001
63,2022-05-31,46.94490881720904,83.16263012806057,92.22548616956522,6.505633978235664
63,2022-06-30,41.449037306758754,74.18456716002221,82.40510380934336,7.67185235568167
63,2022-07-31,13.247437808442498,20.806283786569214,69.44982643265367,6.938055788545047
63,2022-08-31,7.535397724911637,14.8920059355346,25.40040430237083,6.5745722383748015
63,2022-09-30,17.120748818934654,32.576405226000176,47.33134079787036,6.491459909393197
63,2022-10-31,16.937396074344793,25.495001065497867,70.34231250794853,7.837559361064228
63,2022-11-30,14.704119455438242,23.349796956550627,37.41440300239125,7.0738350607272
63,2022-12-31,16.608029334368226,31.92933985927638,63.621872632647815,7.028722569765595
63,2023-01-31,13.513982414516047,23.98582906468591,81.94886770231096,7.805782780043539
63,2023-02-28,33.85711833996437,56.292515537274504,72.56275011416426,6.84274331084158
63,2023-03-31,20.38679610809082,37.33071491761398,64.76449221057615,7.450882127981695
63,2023-04-30,33.11808750662623,57.397162406412974,58.11547662216148,7.716307135810056
63,2023-05-31,30.084990422818258,60.005310195615564,62.26557210871402,7.0484194725166915
63,2023-06-30,13.583661575541823,25.431286176085184,62.76033631074319,7.1828242723498805
63,2023-07-31,20.52005723303415,36.03323445161114,58.73233308440107,6.579822509989877
63,2023-08-31,9.621519965555951,18.897940168354765,39.86765579195816,6.72132131570288
63,2023-09-30,11.663129989735474,22.677046385918853,51.52679870311735,6.757944847412574
63,2023-10-31,9.97093852122188,19.93862448029002,53.21508655802325,6.9156848421350645
63,2023-11-30,24.10683382508335,37.470326228712075,98.10811178819819,7.168894756829339
63,2023-12-31,30.13136188233639,55.64184586644491,68.55157793369489,7.218848934770615
64,2019-01-31,9.660704412320095,19.28648266366409,81.4905465441909,6.746955172137206
64,2019-02-28,29.806161721871636,55.62761351186596,92.70563326071189,7.8442177797781465
64,2019-03-31,31.89546319891868,55.78118073150179,60.144734461508186,5.968776642789974
64,2019-04-30,9.469630694401909,18.754266140135115,53.58034421621511,5.768880577576434
64,2019-05-31,43.8827597500393,68.07876800804507,76.8523782618357,6.88165800038717
64,2019-06-30,37.26877903158368,58.74109193260971,80.37238036531127,6.6325745487081065
64,2019-07-31,9.362858845367724,17.16200355581303,36.01888511040529,6.333104233748113
64,2019-08-31,31.70028737900932,55.769664538353204,76.91148203811899,6.742365690769161
64,2019-09-30,18.950728362687915,31.026071532534505,53.93520166332713,5.766114660028558
64,2019-10-31,39.687943783535054,73.827707635766,74.06630703283058,6.98760902824279
64,2019-11-30,47.87250401674204,78.78420778605633,93.45718657361279,6.843468130962796
64,2019-12-31,9.69495057020123,17.011589990134567,71.84138095761075,6.479641093208182
64,2020-01-31,21.112873681274376,39.30782231842908,92.63505064416157,6.868845894305762
64,2020-02-29,11.258175819046693,17.06283976509253,58.20351322237686,6.399593121076183
64,2020-03-31,21.35771094775081,38.92319044581737,37.002270695708475,6.0615382891226535
64,2020-04-30,13.892017729586044,23.844972378878097,65.52216023908866,6.8971229884133765
64,2020-05-31,11.385238948816957,21.86930582601888,36.695733064094824,6.917653715578216
64,2020-06-30,16.73613844016225,27.16417524268004,85.34366647831428,7.625384907926048
64,2020-07-31,12.327797561905017,19.336009749609328,71.3421225898927,5.5
64,2020-08-31,9.09094269499738,14.417964229624909,63.402324691304074,6.567875144520397
64,2020-09-30,34.45703018168667,51.86785504235701,85.65280271108914,6.979659482476874
64,2020-10-31,37.04770425509062,73.39392831912868,94.77923550662274,7.117869042005333
64,2020-11-30,25.549101369969474,43.47049088962908,62.78511797291138,7.369613786941902
64,2020-12-31,13.84527165404114,23.162922048764628,58.726476778685104,6.878657920272782
64,2021-01-31,11.87563119351557,20.923003924813695,63.221345035967666,6.482007138832527
64,2021-02-28,6.207734521808207,9.900134634863985,35.80700329026188,6.739653602691789
64,2021-03-31,18.469088941638773,36.500114678892196,37.78104893110645,7.367815660143864
64,2021-04-30,29.39053497719365,44.76782095972707,98.36409755754012,6.960352865486085
64,2021-05-31,4.481908542542593,8.237719651630083,36.7126845816005,7.176830069628024
64,2021-06-30,28.856836735317316,54.60840164767151,56.66095999487014,7.207132686700029
64,2021-07-31,36.34298697406432,60.39635270004223,86.16057380846867,6.860687798061181
64,2021-08-31,41.41488132396756,74.8741086485642,73.10846108741917,6.390840333568181
64,2021-09-30,31.36355851752725,55.03860513016284,60.57036241958484,6.574700751980936
64,2021-10-31,11.200551871877213,19.21926706050375,74.57398386941465,6.894090646709946
64,2021-11-30,11.848846254187015,21.492054064300252,37.19733219082751,6.450981034548023
64,2021-12-31,3.277091966082276,6.228274449005268,30.283439928031235,6.845481905877955
64,2022-01-31,45.42718662966638,79.1823891472679,97.98227257175856,7.7399450899883755
64,2022-02-28,3.7719888822694587,6.557164957813229,37.19456444856061,7.289272932322642
64,2022-03-31,28.851927771849745,53.99482075399416,72.84731125254531,7.504423411444363
64,2022-04-30,31.8144916828518,49.44047571210134,83.28926498031181,7.306654086451587
64,2022-05-31,31.339419554775887,47.897423200040606,56.12770352159407,7.085888222829205
64,2022-06-30,19.27152561866095,29.9309962514405,39.87413133892522,7.5056987552066
64,2022-07-31,16.497055242519597,29.48563765773929,39.75784153469633,7.304821816497412
64,2022-08-31,48.165344478838335,95.14193204007847,96.42462756669582,6.984992552110269
64,2022-09-30,34.61511680172827,54.40621286986062,75.07183460295883,7.4907440610507905
64,2022-10-31,43.316692090510394,71.15415962342958,74.0599052111831,7.004958165606361
64,2022-11-30,11.725994309510943,21.885388620259263,53.78573198075114,7.407156875125185
64,2022-12-31,12.758385300056865,19.58112689024866,76.17977810986245,7.075735920341463
64,2023-01-31,10.909987112757827,21.111228264654812,30.34666540810873,7.429541259749312
64,2023-02-28,39.73491438628226,69.15793321469286,74.91071356105621,7.3938244053006255
64,2023-03-31,10.616410906641022,21.118736624779736,37.09824353299226,7.0001753279257555
64,2023-04-30,39.15813928929947,62.53238030247464,77.75174970554438,7.3866279479214905
64,2023-05-31,19.795888632107975,37.927389567131485,71.99506598094491,7.074536298500045
64,2023-06-30,18.261274368533993,31.4733877032004,79.60032177942333,7.019783996485489
64,2023-07-31,33.512800744037136,65.59832190581373,94.01960043080697,6.88437753147093
64,2023-08-31,34.79438948329012,62.89556386097151,75.7403824834921,6.71258329754152
64,2023-09-30,21.45034747798237,35.56856971816115,42.145951384197524,6.740439250369357
64,2023-10-31,21.759004160057174,42.776390980234645,81.53160831721549,6.921337361921921
64,2023-11-30,9.437997667045382,16.668144400257145,40.68778587433638,7.281621132768954
64,2023-12-31,13.64058903990279,25.057954839466724,86.41142221425686,6.762385500802761
65,2019-01-31,14.020561814732984,26.702513134604455,46.710137037249716,6.303789399104122
65,2019-02-28,32.56489678622035,58.896772307600074,72.73662248260278,7.498707498699056
65,2019-03-31,9.616955538004591,19.010968375965337,88.55393660818628,7.116748855076179
65,2019-04-30,17.495441562309896,33.88577840532311,30.603235445719974,6.305042483201794
65,2019-05-31,13.978380131188564,24.030471781394024,89.86978551890252,7.301143516946338
65,2019-06-30,44.297162240320276,85.95050333151569,83.92756425842578,7.297332463271876
65,2019-07-31,17.581463585658376,30.101414567489503,86.15337708567047,6.58054863358034
65,2019-08-31,50.58001232467698,88.15076500555412,89.85251402730421,6.57560933231266
65,2019-09-30,5.081529543895982,8.842371830758053,37.065570553786884,7.064800084279403
65,2019-10-31,12.59887363550204,23.60112673046447,30.08933421382876,7.667910051007754
65,2019-11-30,6.143485288169644,10.80506935982324,60.609865335560926,7.201243919694959
65,2019-12-31,6.849485221310123,12.338342254891252,28.15331213978425,6.806305260418856
65,2020-01-31,27.02493865385542,43.87993356347819,70.13522478280366,6.938035655596805
65,2020-02-29,8.888959752750857,16.971059348319105,67.27065840269283,6.966320901869527
65,2020-03-31,36.387785301621406,72.74872815182985,65.9779916499567,6.967271047355342
65,2020-04-30,25.82110224361633,47.67813594502237,70.9265269989651,7.2552144376839145
65,2020-05-31,51.75079469154273,82.74422718035011,88.13226911941301,6.248378736101457
65,2020-06-30,44.89998181959667,80.06276052548628,90.30763886521761,7.033192700722376
65,2020-07-31,9.397999714834942,14.79679108031644,44.42332149864206,6.506810167753009
65,2020-08-31,13.278550855154684,20.35805703694063,30.64754786294472,7.118551608620372
65,2020-09-30,14.411553369402336,21.64531198901006,36.30268946018795,6.966400112418852
65,2020-10-31,11.121328590718752,22.03609878925957,57.789711058244905,6.495171053081874
65,2020-11-30,46.56227572146465,79.90832365293232,86.15235346736965,6.880492203288742
65,2020-12-31,17.119995151921355,26.464847532969834,37.35674819075704,8.147026058819414
65,2021-01-31,23.593841542612022,42.47726677703398,97.45214132926351,6.7967203613346605
65,2021-02-28,12.783351045304737,22.602156980301977,44.65479207627453,7.204681436441438
65,2021-03-31,12.701058831753823,24.513104152927912,65.57940410732822,5.946688297043514
65,2021-04-30,13.38299847372105,26.376995156045968,44.008046572492376,5.704537768470157
65,2021-05-31,14.262863241335,23.50018222024511,99.81426080927785,7.046628668579082
65,2021-06-30,14.33665073780567,28.669518330819123,40.42544374301675,7.420105404235834
65,2021-07-31,15.446021712231303,25.04018789076836,94.06352516964395,7.09742233118469
65,2021-08-31,28.435463523525446,46.6412304069721,68.19527879558854,7.3279179303818385
65,2021-09-30,22.44504442335225,40.149243596204734,38.682206133172066,6.911321770214083
65,2021-10-31,14.374323236173852,23.547067951154748,30.805765281204387,6.476798648448878
65,2021-11-30,30.351664029721164,54.595365478916,86.66016048515667,7.485103552734296
65,2021-12-31,7.894109885722127,13.898362423645807,54.67569658659086,7.409370074909775
65,2022-01-31,14.08449587973784,26.722511974334466,40.48100652592627,6.376822664346125
65,2022-02-28,31.48764496577019,53.49487462627191,82.62990264469475,6.775994890893942
65,2022-03-31,40.54324588169375,62.133071071368214,85.70055367966935,6.4012748952281715
65,2022-04-30,13.923841556102754,26.247188345031446,34.984168386282086,6.924162525090642
65,2022-05-31,8.887641270866009,14.681950358778037,46.44696210753381,6.642659955536307
65,2022-06-30,32.06468203612011,52.581772972823295,78.06656179300205,6.492364026260496
65,2022-07-31,15.637179608116542,27.583917487979466,99.34109025806666,7.191183764966511
65,2022-08-31,20.17245258177205,31.305204837982842,57.830614881220185,7.013775234651262
65,2022-09-30,25.8712688634328,44.21593013225657,62.10053559083872,7.674661889769321
65,2022-10-31,22.377693257475872,44.71294027499715,43.19804738892226,7.286570643294007
65,2022-11-30,33.3409151976342,51.39528645459435,80.41462479345593,7.860707387308322
65,2022-12-31,22.694899037800987,39.86482679414276,46.1426050552159,6.721442475893564
65,2023-01-31,25.50752842374042,47.28307008146065,55.40721674421424,7.067915790910777
65,2023-02-28,13.899158793122107,25.86108073165178,59.563535537995065,6.910502232594632
65,2023-03-31,16.7075944940873,27.22451141706592,40.04287644841392,5.929799720915493
65,2023-04-30,12.647109887186911,24.76957081164177,64.33714510253745,7.987881828613406
65,2023-05-31,15.895388747156224,28.8492946814645,84.04983131827683,6.723008613003814
65,2023-06-30,40.226616388065146,62.77601343466014,92.79302576760848,6.9742807283394175
65,2023-07-31,21.69708559603092,41.74006125324854,98.60494577029326,7.272481189274829
65,2023-08-31,8.478429339523792,16.519988760889643,26.769440952247397,7.237512005120849
65,2023-09-30,26.964885671270977,50.877747966975065,99.20824647620617,7.5411278052098885
65,2023-10-31,31.964712926452478,54.34730100677419,96.14201928381615,7.014848292037357
65,2023-11-30,22.124856684664067,40.803551189105676,86.1271543165469,6.708117652323416
65,2023-12-31,39.1999014484431,68.94328774451297,69.49620640577386,7.703523594850447
66,2019-01-31,16.439132861441745,26.06481150525212,51.52479047401091,7.227881419354472
66,2019-02-28,5.749302031488552,10.366924957283203,56.44552665929428,7.203992487964742
66,2019-03-31,13.627912385328553,25.582174808717,46.48293485469758,7.401707198443997
66,2019-04-30,51.85684636909792,82.12318325102513,90.19043870700247,7.342017078328601
66,2019-05-31,12.649088240392395,25.04683789111883,36.316833372635934,6.729699992167138
66,2019-06-30,31.91050062371467,62.58901051537916,73.83690967550203,6.200849167839674
66,2019-07-31,12.01469553735378,18.76964412260114,36.067409208719994,6.8495900174644655
66,2019-08-31,18.324802471711344,35.17899150050333,77.92495677619753,7.268696416302353
66,2019-09-30,4.003597946963545,6.677606634098661,32.82531877876836,7.185048026950678
66,2019-10-31,10.07800894404533,17.801357479606963,52.75645020629896,6.718262136687252
66,2019-11-30,18.17083441907388,28.11637162310866,36.604401765250316,6.398242300301097
66,2019-12-31,33.890780284366485,65.60889524297865,60.994753115122286,7.308126161612641
66,2020-01-31,37.660168515124276,66.46092012371803,94.65251180137821,7.197216596571879
66,2020-02-29,29.645944373201104,59.21869308324615,65.30691707030027,6.983978159290027
66,2020-03-31,23.90523944821091,45.858709677622684,67.65849371928172,7.068351973807872
66,2020-04-30,31.294253545411223,60.88425579230967,74.35688416946465,7.183111003374202
66,2020-05-31,13.507168425593068,21.17596289933413,38.617132233806444,6.067792968480061
66,2020-06-30,12.295863700861716,22.232199467793702,64.5977691616045,6.874761302731115
66,2020-07-31,11.746863318775176,21.883949397234076,47.801915238734765,6.757963445427401
66,2020-08-31,36.99374393729812,73.53786492080502,89.7061821666741,7.162437149154806
66,2020-09-30,10.378676765407498,19.87211312771809,40.77945029668924,6.947490082193247
66,2020-10-31,46.41860649556983,91.04939490414026,89.25322974037736,6.4844733100432554
66,2020-11-30,18.199984870761803,27.714841881733992,33.4688043381149,8.089158225515938
66,2020-12-31,20.15636504848821,32.1237053154959,52.767270014505215,6.299237055206234
66,2021-01-31,20.46093540527066,38.09063569268883,81.39805251479,6.957449067789506
66,2021-02-28,17.73213139068102,33.46428746551106,78.35730286825685,5.98397308972362
66,2021-03-31,37.50260402972299,71.23702205630826,81.41863427619016,6.90267691589939
66,2021-04-30,40.43794317323647,74.1595566263045,73.80349229874753,7.204437162604947
66,2021-05-31,34.865262504806516,69.36618213292248,66.55231042537397,7.012988133711932
66,2021-06-30,18.073625130072276,33.16906938402106,44.854879821154626,6.565294384418823
66,2021-07-31,17.123996891215302,27.045685420523757,39.52590734533434,7.301222725376169
66,2021-08-31,16.830689366692802,32.464725910237966,31.493772442530354,7.816055715213475
66,2021-09-30,20.33079611796198,37.26673296924341,87.29434231607432,6.9205225111728526
66,2021-10-31,18.486529426467474,35.59815159390324,94.16499941327551,7.605764068121751
66,2021-11-30,19.575953625625864,35.135488259834844,82.67085500582795,7.233159442011728
66,2021-12-31,14.790943154678736,24.543944506526426,69.52168151029659,6.6399858463672565
66,2022-01-31,39.43126695137448,63.023849626794345,91.1020539943036,6.112582732733431
66,2022-02-28,13.512433723488321,20.995101852284293,37.351482641231485,6.605449889622056
66,2022-03-31,28.966667047535395,54.75546054471621,53.204479623216805,7.036269032645685
66,2022-04-30,32.847899434091836,52.91013000427694,72.48740297707334,6.813899822372621
66,2022-05-31,31.01033072395864,48.1473566783381,93.5724173571579,7.461556841058426
66,2022-06-30,3.7402395657592513,5.840683356488582,35.55330555146085,7.123918326174272
66,2022-07-31,25.24465780927034,40.93639462761752,58.720880099254174,7.001233255204273
66,2022-08-31,37.28097141181448,72.58915917214104,89.58399203367304,6.772057743853807
66,2022-09-30,46.24173882609893,92.15884568524088,84.85343786329437,7.248922822217739
66,2022-10-31,22.938337306202094,34.788965609500394,57.345671533659704,6.86166910264854
66,2022-11-30,18.69834108833175,29.496943733519092,32.64425334310352,6.437434268821168
66,2022-12-31,14.731201512431843,27.772563559736117,29.73594547735078,6.07386446912594
66,2023-01-31,18.1154875537615,32.08690459280996,33.55447562736504,6.706818077399188
66,2023-02-28,16.57907609707641,29.291072852148677,46.46311493408052,7.504085070412397
66,2023-03-31,10.968552680603635,19.562626428382973,74.77876758540472,7.906597608260122
66,2023-04-30,15.047464146521891,26.216774181840957,84.2399626885893,5.932438234867355
66,2023-05-31,15.347920382407068,24.679776792461762,43.938641810747534,6.841959593872713
66,2023-06-30,37.11331519365691,68.65155227820092,66.40761867144269,6.848330912132133
66,2023-07-31,11.078670853954863,21.993569637839233,57.466750407645776,7.067926997860176
66,2023-08-31,36.75226565906181,62.98051780144553,68.92200423281378,6.814501303972435
66,2023-09-30,19.313431639776518,29.478806543682666,65.63837423775783,7.432682568108304
66,2023-10-31,14.551454220684041,27.72126238715826,48.908154708755355,6.173577937991438
66,2023-11-30,22.660695105350882,39.79325571354804,38.21845400751083,6.979781551462578
66,2023-12-31,7.0059285031595575,13.788213207437023,36.72787317143724,7.461087468754011
67,2019-01-31,55.41560843088389,108.76993978196487,99.33469638756746,7.6251964416044355
67,2019-02-28,42.642826410938454,68.55464520625313,76.45426228951347,6.27347218698737
67,2019-03-31,15.016669430140075,22.738005029083716,65.89864574265502,7.2045524948499295
67,2019-04-30,28.76073475368221,45.000559869147104,50.179967227478144,6.712458079020889
67,2019-05-31,24.493522485942204,46.41748889448341,96.0768590755828,7.203835877760598
67,2019-06-30,16.05222330325846,27.797342070704847,29.16022050949156,5.976543268779406
67,2019-07-31,28.37947783013607,42.63176014322496,73.77266277132972,6.921034763505122
67,2019-08-31,50.10410952818307,80.31998211575063,88.88491419108256,6.552252705696006
67,2019-09-30,56.81498614814038,106.24153795531159,97.55038018153027,7.4784276010243
67,2019-10-31,21.792513453052692,41.57297327306866,36.9126063104337,6.382203756582629
67,2019-11-30,37.658685567928295,64.79300406178335,97.28140407239378,7.668687773623722
67,2019-12-31,5.612357118382477,11.042887495354378,35.49606280116676,6.680990370659061
67,2020-01-31,15.061692698463263,27.53752495903965,81.6857872648047,7.462743240238904
67,2020-02-29,11.772747526288631,22.41431732540196,88.41333538627254,5.554938773472902
67,2020-03-31,14.734331378007006,22.940492199837607,29.295217054942132,6.4494814957255
67,2020-04-30,15.323935465612584,24.621673068111594,73.64685659776677,6.372993831953147
67,2020-05-31,50.380881142557534,94.88121357889968,97.7847722764162,7.759038052317331
67,2020-06-30,29.225956766500236,45.08272721047129,89.53077703307204,7.255277688286725
67,2020-07-31,21.913701059441294,37.45399912206055,65.7245516744443,7.052756791099113
67,2020-08-31,11.583584450112458,17.9140332851232,28.153332609605798,6.207843178396194
67,2020-09-30,28.448036282103732,43.22898391908272,65.23512557791263,7.41987223510679
67,2020-10-31,12.22548834370286,19.805679880656548,65.89118185593412,7.9611001969632
67,2020-11-30,14.631418868258793,26.13300622503829,52.567651717765415,6.922941885592504
67,2020-12-31,40.70466152974434,71.77274203165253,71.15127544866353,7.053938374944184
67,2021-01-31,20.09532132206394,34.3945393882445,50.18499907232539,6.1633858963419925
67,2021-02-28,27.055655861169082,46.86645357299575,46.87974878552044,6.781682151311372
67,2021-03-31,22.429730544669653,42.216516219855954,69.62409322012064,7.493161344237618
67,2021-04-30,8.49043164960017,15.690462300030758,49.74269182365453,6.410498369719566
67,2021-05-31,9.07730831847718,16.709415144275148,30.18071511902124,6.51481153100194
67,2021-06-30,38.140275393446096,67.39008560712766,96.78884795503164,7.313261904339884
67,2021-07-31,30.087786236940786,52.99430421514305,94.84947442910365,6.925469581852809
67,2021-08-31,24.043315287626307,44.3387458013352,84.9527260736938,6.412337452914364
67,2021-09-30,14.187888000650629,23.87457419472768,74.38793536427205,6.0597881671069045
67,2021-10-31,38.63951540594362,66.41391283738035,86.87589372924475,7.54158896995675
67,2021-11-30,7.203175188686301,11.857160719035992,39.673640783548336,7.605489544276898
67,2021-12-31,36.53726255345607,63.91927048402267,68.18246504919124,7.446610448295279
67,2022-01-31,26.11864611691934,44.50415733289121,48.056531611556,6.788681968718706
67,2022-02-28,14.45734917987524,21.816258244123926,43.288151908346336,6.8114047351769855
67,2022-03-31,37.281395859456865,68.35147561887709,67.26709831992764,7.20349431747875
67,2022-04-30,27.208474262434002,44.97929610666543,50.735235123758464,7.3022269599454095
67,2022-05-31,23.10327971688607,38.98290127144569,74.03244971472402,6.691319302415386
67,2022-06-30,18.69607286624606,37.234842217892485,68.8290470762061,7.6724412437513685
67,2022-07-31,9.607353680943243,17.767885980743976,38.52937775366152,7.668135907895799
67,2022-08-31,10.09626499004755,19.010328049955568,57.13760764470238,6.399750190395142
67,2022-09-30,15.471014626675352,23.607454680373635,56.05251074335914,7.359246339793558
67,2022-10-31,29.66786860687252,53.54486810899362,50.141811253509935,6.270350299858395
67,2022-11-30,37.42169069199638,59.75524627798924,67.31753152345068,6.41916283097418
67,2022-12-31,22.322077089440143,44.08181114925746,67.77157766937614,7.263738537424715
67,2023-01-31,19.723592088100798,37.992247092243275,45.475779490454094,7.311017366650365
67,2023-02-28,9.03423169650355,14.111828326881511,38.76986778411043,6.9847196986090285
67,2023-03-31,38.562347820770114,66.5472086317727,70.87305096158298,7.417112475601771
67,2023-04-30,27.11881822457694,41.95152235938613,86.24095967200465,6.944167149736684
67,2023-05-31,20.934462930587863,36.26946987674398,55.93441247479186,6.293688877710403
67,2023-06-30,8.278669011183514,14.80072078656949,35.807488132267466,7.547664359890215
67,2023-07-31,41.88202444221481,66.7917495282057,93.16366869645408,6.961921644741748
67,2023-08-31,33.33895454203827,57.05410513148816,71.76581262959994,7.044124991201659
67,2023-09-30,6.595006262959108,12.684694429637824,56.94710232183193,7.223824394816642
67,2023-10-31,17.38254741232713,29.07358344787822,47.9764571253291,7.609767072397068
67,2023-11-30,4.651171285607418,8.003354458207811,41.18841806490421,6.462935260262354
67,2023-12-31,16.098225676343464,24.306021426735565,26.995829629278873,7.565798683727818
68,2019-01-31,29.5625693846369,46.70297347900248,95.5891291818455,6.859954181278188
68,2019-02-28,28.467448323118496,55.01720799387422,67.97585764256229,7.1834966645168565
68,2019-03-31,8.960908599787876,14.914953111847185,50.27690167546264,7.171264472164447
68,2019-04-30,9.971542287226729,15.772937071842174,45.144273674178315,7.064064285006811
68,2019-05-31,14.750316191254562,24.928966676449935,33.895079065175345,7.335627725343887
68,2019-06-30,9.833424260509265,19.618544525376773,58.154863864445595,6.712199818966949
68,2019-07-31,41.55349112129363,73.61095276502186,74.61735248816532,7.448130356472857
68,2019-08-31,14.567175819649673,24.67377551527735,58.61568005981173,6.14163229606561
68,2019-09-30,6.037422477670678,11.145500135517297,29.481187692246777,6.45434444010151
68,2019-10-31,22.861502426245448,35.26881787665024,73.33545231322752,5.755671474186524
68,2019-11-30,13.731423341671968,27.232561582839516,99.69036945102911,5.838508900487391
68,2019-12-31,22.14143451813916,42.04330960462988,39.655340145665036,7.698523786226608
68,2020-01-31,4.561043849623561,8.137958949344279,27.452735086158718,7.291751430695551
68,2020-02-29,23.813685638607016,47.16064641348385,41.00798352817291,6.121598760297365
68,2020-03-31,20.42072826243707,31.617017512150827,43.92900052825149,6.789818931105499
68,2020-04-30,16.216415074935767,26.818377188679303,90.02063695593839,7.26868550450444
68,2020-05-31,4.701802737909705,7.573281066725059,26.164138425283536,7.596259800277804
68,2020-06-30,18.193038724332368,31.524163454597545,77.44370861427146,6.832388568724639
68,2020-07-31,10.653882595496166,19.332236219106456,52.473938387511645,7.81753479147379
68,2020-08-31,51.92496907778747,99.21755466400032,87.52026374064509,6.638928705515972
68,2020-09-30,25.645353696864483,38.627709136733344,46.68608566915206,7.018036804359156
68,2020-10-31,23.575313358662054,40.818084906652864,51.877933201267,7.319388744776021
68,2020-11-30,25.046083810718248,50.01350318974148,75.75206755403488,7.457028376751008
68,2020-12-31,32.229726451878506,56.055029528583724,94.0234397030421,7.682086135199313
68,2021-01-31,42.80979941563223,78.90756180303927,84.94809091603572,7.233582314084567
68,2021-02-28,49.026714799662145,74.5869228164845,87.76906596089219,7.524062230290546
68,2021-03-31,6.00419015666168,10.412553939108266,51.93110040332362,6.891227450668284
68,2021-04-30,24.47228510463619,46.59518640978486,56.420249744085524,6.7815310572174905
68,2021-05-31,26.092290569254722,47.43814222386058,65.90992870229545,7.315118622502185
68,2021-06-30,32.904849037447185,64.04360502224708,74.74080016585354,7.253677478008281
68,2021-07-31,14.469371530311047,23.002984446643097,33.17562810782773,7.06695667743201
68,2021-08-31,11.303783602120033,18.54185992832799,66.11176217317089,7.591142895519343
68,2021-09-30,11.574497496564723,19.566998946243682,48.06444299217287,7.663103482440061
68,2021-10-31,7.181825034979047,13.073572198257763,58.39064670484582,7.512323860943165
68,2021-11-30,15.13165352274901,24.949473979448523,93.5658094661568,7.072820871271798
68,2021-12-31,10.59599871898834,16.150971987474378,40.63260017192089,7.671149982350151
68,2022-01-31,16.12252772209972,27.336726226105185,84.84342999293123,6.269850643550427
68,2022-02-28,21.7214257467174,35.06116566078508,37.30441830130679,6.64744933567116
68,2022-03-31,22.249109791959675,41.631860104442296,97.2823863442288,7.18335749120959
68,2022-04-30,22.74768338817094,37.34510408242743,56.77606250744952,6.381807443134237
68,2022-05-31,10.216289917859234,19.08598555346179,54.22110477140035,7.4251900848872046
68,2022-06-30,22.07252668083499,44.02264819285843,49.4179509278974,6.890102848281232
68,2022-07-31,31.996917871173466,51.81069579859924,98.82463517950406,7.511402481678782
68,2022-08-31,11.857027935866213,19.744358938607846,47.311029011795746,7.135510820705612
68,2022-09-30,15.66156136368789,26.131563466346396,34.95994780923254,6.688038646716123
68,2022-10-31,5.193739908926803,8.000733000982995,49.12230646709978,6.904485925410379
68,2022-11-30,33.3941659848275,57.99287710846128,89.8459618673084,6.911410349001536
68,2022-12-31,12.752728401869389,22.06825770777722,61.82400536291284,7.081908596786839
68,2023-01-31,9.876113129574154,15.741574075312492,93.44041010445996,7.630084335781161
68,2023-02-28,38.98068437189392,66.00096639932441,67.58175274794188,8.127493835254421
68,2023-03-31,5.8598157183522845,8.900578777978993,26.715437712837346,6.961175115147347
68,2023-04-30,50.38226829548753,84.04633399945106,97.84332448907422,7.496043721000876
68,2023-05-31,21.7037391119457,32.795571542439994,42.47580202627374,7.4822356136267505
68,2023-06-30,27.292074980463596,47.769637574283,56.83629778068473,6.6246958579874065
68,2023-07-31,20.815060652092008,31.845796052485035,40.960911702903616,6.8782756105869876
68,2023-08-31,13.407683108016615,21.94883461959782,39.499290060127606,7.300451305239079
68,2023-09-30,18.446277099487276,28.316334146095556,57.690421106855645,6.4005967462383015
68,2023-10-31,12.830552719592733,21.52698341904525,39.93651304404031,7.454282045706019
68,2023-11-30,41.98568347313259,71.38234119219247,70.56126292484207,7.635298396643148
68,2023-12-31,18.586863448944793,32.543626514106855,38.0362389747316,7.482975334911417
69,2019-01-31,45.41534228768798,73.27533020780248,77.52644719665692,7.699256613309882
69,2019-02-28,20.46203583509339,40.01793363363684,90.36085643455695,7.0086260362952615
69,2019-03-31,32.608385617236664,59.607841508448075,96.72340065019074,6.766777150844358
69,2019-04-30,15.485905103240377,27.227330551180337,34.897210948609334,7.062718088535989
69,2019-05-31,35.03047626866077,68.0468948875459,66.77019800853266,6.987390958407742
69,2019-06-30,30.159790100768337,54.64734754473401,72.77767422143926,7.480218233538765
69,2019-07-31,27.133653038958904,47.63860817294008,64.94616979054462,6.081406750507363
69,2019-08-31,12.86946566864402,20.694807986884562,99.61265835635066,6.058518790333073
69,2019-09-30,33.869983349945684,65.58500509039341,58.13299179254494,7.59368801061081
69,2019-10-31,15.062610568404832,29.218937577752456,71.07421381646763,6.738502295275173
69,2019-11-30,17.339233407755472,26.24558696415788,81.22490068562942,6.7702881313622125
69,2019-12-31,3.377004935305075,6.153491988570772,25.822662557087302,7.870845386090583
69,2020-01-31,7.973359365448131,11.985847818379023,26.004508592529803,7.224086249386403
69,2020-02-29,17.499512153810944,32.41995667573196,72.98301290030328,7.31406038999825
69,2020-03-31,47.390812901177576,83.61254325649884,95.1163647572783,6.669362295157472
69,2020-04-30,25.86074205188852,46.97855380458584,62.26511155236341,6.0539603288527015
69,2020-05-31,12.94777090436933,25.448013649318998,29.739392209923587,7.193266362697732
69,2020-06-30,48.33509981476561,86.55479610755273,98.53374146642317,6.2785652615441
69,2020-07-31,20.244395361691335,31.25369588015659,88.75571814422932,7.136281865052593
69,2020-08-31,6.390662420023517,11.663162283259439,49.32737497524269,6.203617402463429
69,2020-09-30,38.99014729113856,71.20113229057112,86.98048516779494,7.3454302780378065
69,2020-10-31,13.977868809967312,21.528876171305065,47.47871154796713,6.71611458019963
69,2020-11-30,18.202785123784775,30.542125956628404,37.92151704351573,7.0005482445926885
69,2020-12-31,17.26078305006195,26.623017327208576,38.38826532152835,7.507050096630973
69,2021-01-31,48.866795802738146,87.73488370563653,96.22641458655336,5.711497473899587
69,2021-02-28,20.446941498435876,31.349976442677434,74.59875120087436,6.791949696822947
69,2021-03-31,12.766013473485973,24.646730720755297,49.449680268028736,6.926559138385916
69,2021-04-30,6.655921121983353,12.38370321073437,41.63822080404497,5.692483819571747
69,2021-05-31,29.207526985929498,45.01315243041859,88.90242795409274,7.137956440515639
69,2021-06-30,12.055255039085713,20.586766710044888,77.94136948664914,7.1841390587811285
69,2021-07-31,10.780050499446531,18.38772416769874,76.55288040135319,7.0439882998853065
69,2021-08-31,24.764737845286227,44.67611598155491,71.98267227639276,6.593257981217667
69,2021-09-30,9.329039790284671,14.534952309368524,82.91259217716649,7.452391015377546
69,2021-10-31,8.583769895849866,14.802718097484075,27.404333408492825,8.392929361704084
69,2021-11-30,15.061219173891931,26.914447317964143,60.32021439450821,6.61957301872047
69,2021-12-31,13.094585983249932,23.527786230275176,46.49412187619817,6.452482870810193
69,2022-01-31,14.88814436121661,27.032817136366916,38.94670785177792,6.8198442292792665
69,2022-02-28,27.99863034629563,51.108617954322405,80.65366495220898,7.313570755476345
69,2022-03-31,3.3401827387758183,5.256761292543977,26.318583459564312,7.177547218875795
69,2022-04-30,20.222606279507794,31.259905756628875,70.70776718936143,6.910628316723818
69,2022-05-31,8.387613287477492,16.442288736272683,56.02477838519374,7.503743643237603
69,2022-06-30,21.620886029913283,34.94417406095017,95.80293355623381,6.955104335453797
69,2022-07-31,15.486390776605319,27.23680766807743,53.68310813526441,7.501464537412257
69,2022-08-31,21.914908886589917,42.416509730988366,58.58694649102341,6.426918105196837
69,2022-09-30,15.40749168846007,24.2106164326119,64.49390174880125,7.17344186161835
69,2022-10-31,23.088895659572326,41.29526631263185,62.858268990849666,7.445956230811642
69,2022-11-30,9.25223030845938,16.059209553561452,40.825770180844984,7.208222276617238
69,2022-12-31,21.872843428739746,36.543547777465015,53.31195489594226,6.918654786563342
69,2023-01-31,8.513566710950233,14.938140576139292,34.5539317596036,7.343589442343015
69,2023-02-28,23.360951202804742,41.06986383431895,90.23492718279172,6.47769331469341
69,2023-03-31,18.298665751948644,34.524941118239745,40.93301922378515,6.76948357241151
69,2023-04-30,33.80558763717095,56.91047185543826,63.95412856444078,6.734700308811473
69,2023-05-31,43.06890200487191,75.77291691743206,80.13093148755377,6.76662285267646
69,2023-06-30,16.478772211619795,27.381530447510055,42.335060876297064,7.910888627032688
69,2023-07-31,18.559947774941353,36.40856016328369,36.0508292407608,6.991669138777839
69,2023-08-31,32.087008444765516,62.97914092163528,95.28269325818576,7.336946249032826
69,2023-09-30,8.863440990725495,14.24549781903634,40.233325197056494,7.56030765473664
69,2023-10-31,14.257200477732296,22.281882738285194,25.296606127026052,7.205995383232651
69,2023-11-30,5.048668592135387,8.919909871600316,33.58458969656696,7.952949209608187
69,2023-12-31,24.014969467805454,36.815204352614465,65.81943259072563,8.173638797978084
70,2019-01-31,28.95864774942574,56.629623157391194,67.4322662543392,6.773221563366941
70,2019-02-28,5.239680326203564,8.08526427057547,52.019793402269805,6.779150641174161
70,2019-03-31,20.900376863945358,34.469210070662236,83.91051422004927,7.798567371102731
70,2019-04-30,12.061838457656494,20.225482520765837,54.07162180000916,6.617452878572511
70,2019-05-31,15.366080561244129,30.450085026220417,41.97948287704028,6.91931346117563
70,2019-06-30,17.64677729905222,29.249209171571405,92.64525745525891,7.769326801689851
70,2019-07-31,12.271820582855725,20.735300795338443,54.47194467188325,7.825851010037675
70,2019-08-31,47.598349324405454,90.1519262030929,95.68429125860239,7.705323030902548
70,2019-09-30,8.021991635578594,14.406295327113417,58.48992302412303,7.346932219260762
70,2019-10-31,11.289935300056086,21.47469266867743,68.54375003813058,7.320650172944731
70,2019-11-30,17.715730555998693,27.5789499631388,88.08454507911758,6.722438645699777
70,2019-12-31,42.49084050586913,80.89475800396143,74.44808342172449,6.912948071426315
70,2020-01-31,8.481439879511028,16.15116639296453,29.72133245109697,6.980345069327536
70,2020-02-29,16.321197821125086,29.81061624341738,27.23856467635789,6.6488969210706
70,2020-03-31,25.61511673597856,44.31653855190385,47.49500148222613,7.44497131786342
70,2020-04-30,23.033601038319965,38.35287784589757,87.82074576447476,7.599954655032448
70,2020-05-31,5.459399971085112,10.770057625676442,45.74996988884914,7.8676133219408255
70,2020-06-30,12.220763241903645,24.02212916588264,80.0861095789153,7.122912462200897
70,2020-07-31,18.699092404374714,29.35884135583509,33.77487457666228,6.725571386570955
70,2020-08-31,3.8810560682903503,7.287044969577465,31.415635233554895,7.185192696619751
70,2020-09-30,50.509460915606596,82.92222950102821,86.76833953518927,6.117674433795136
70,2020-10-31,5.199951618157056,9.976978209560786,30.544276369808156,6.42886422506962
70,2020-11-30,15.292217132231466,26.787490114296734,39.2849370916865,6.789240241102261
70,2020-12-31,48.89715114679116,75.63375844312216,96.88456468703454,5.967156757063326
70,2021-01-31,8.017642938990221,12.131665830618925,54.6059311144778,7.247674534067735
70,2021-02-28,6.631969461392406,11.313290825813189,47.129256475290916,7.106727435464654
70,2021-03-31,32.03161230325638,50.74797485444927,56.06366212793648,7.523454034126276
70,2021-04-30,47.18702961093018,94.11221406324591,98.80995433400119,6.935980108974572
70,2021-05-31,28.715592725586934,52.010124891058396,56.40367972263627,6.9596719730504475
70,2021-06-30,19.95030431552415,30.202131672135422,46.721187883981614,7.175373070754799
70,2021-07-31,9.40798980774689,18.068044651110732,61.39029119310183,6.742609559231022
70,2021-08-31,24.323227945358497,40.01067353734315,53.29896515321047,7.228226809167111
70,2021-09-30,6.042084064963552,11.912347638357643,25.13592950903589,7.334831976552376
70,2021-10-31,52.984604986575945,101.78394271463179,95.50070784009034,7.042075526103584
70,2021-11-30,11.189639586372987,20.621479494989885,44.13070154375308,6.676473396479502
70,2021-12-31,14.771822093029003,24.01966899669041,25.579251232737178,7.268857828520865
70,2022-01-31,17.598532386396563,33.93510095569126,69.95998668001133,6.069478542162297
70,2022-02-28,19.239222198995602,35.66865914386727,63.89422362070496,6.076057215158818
70,2022-03-31,23.954971234104075,47.8067033866563,79.20513519607165,7.763455349776987
70,2022-04-30,4.92981939442888,8.79335904216671,36.863821464935754,6.910743757105817
70,2022-05-31,17.5706652988891,26.844648990518124,86.86519620548465,6.603734282713077
70,2022-06-30,23.09680305444727,37.495829202767695,66.71582651758789,7.172139526575402
70,2022-07-31,11.199923326233439,17.735051100203556,40.49626602560969,7.831120456060354
70,2022-08-31,39.20618788257276,76.72650028607845,72.16916673921727,7.115766280890401
70,2022-09-30,6.154307460187063,11.216553867886217,27.24466016883348,6.5730310012758295
70,2022-10-31,20.160829057821463,30.353598961899213,71.6413375485462,6.325426018826868
70,2022-11-30,10.824225127976698,19.919057583338613,49.249081435821665,6.819464794798788
70,2022-12-31,33.48210801161714,60.83592372644257,58.54620782473807,7.236124333409441
70,2023-01-31,7.450692120215898,11.507075371149007,30.440373995519714,6.841947765057032
70,2023-02-28,16.28148314234752,28.79761829483826,65.03999481156829,7.082128179728697
70,2023-03-31,52.21598243041274,87.59398027992893,99.33796716134624,7.131081337364202
70,2023-04-30,5.838638963089983,8.819979291242579,46.185082178568955,6.814460920581327
70,2023-05-31,25.365464188936848,50.137580293042795,73.37684484513996,6.307038472170219
70,2023-06-30,10.388882376846514,19.835824543221534,67.13308152150405,7.221359535998716
70,2023-07-31,7.105768863642007,13.272006435023423,27.525307116755016,6.209391529657964
70,2023-08-31,12.65882343419769,24.343334779252075,74.34872241571804,7.396478487527546
70,2023-09-30,4.524269792228374,8.23676968953901,44.863074852550184,6.543310363239018
70,2023-10-31,28.362833921201506,47.36783733510285,86.16069483333047,6.980887746338362
70,2023-11-30,8.71223217436499,16.93570363407167,70.58800177501497,7.761462049027795
70,2023-12-31,21.681892962112123,39.59452008350506,60.6794813329846,7.704978908409638
71,2019-01-31,26.803326782324493,40.95929735933493,67.26770186184582,6.507280346995545
71,2019-02-28,27.283305843182507,53.93605647242608,99.80360602981575,6.373662969130628
71,2019-03-31,30.19783422754541,48.52637416623497,62.877130627162735,7.28148946627265
71,2019-04-30,47.077112828552,71.50703059394903,82.05759986098857,6.897249297939964
71,2019-05-31,48.75875460099622,82.85381141179346,83.94250722772935,7.817914499652931
71,2019-06-30,14.343789324454125,25.0778126711658,70.45161036608464,6.766305024908087
71,2019-07-31,35.471684294876624,64.47367009757205,73.70710486769413,6.903566654307254
71,2019-08-31,14.591792296832187,27.31843320592086,42.78107837602851,6.037961813955103
71,2019-09-30,46.70112037859888,87.74493744125822,94.3010516281749,7.196458366644467
71,2019-10-31,5.424838232854368,10.541876402782771,40.71090957420227,7.869614469670433
71,2019-11-30,43.91222953024935,77.14926468350522,79.72934916851088,7.469431900390304
71,2019-12-31,55.705685794850545,101.28961362836118,95.14385259573426,7.450674892135121
71,2020-01-31,32.01802824285974,56.38783644832429,70.3010514745384,6.9307722252467165
71,2020-02-29,15.59294250850696,29.716684925909345,52.80134343663487,6.089228346088224
71,2020-03-31,14.814511845185265,28.425016051678234,41.52702850380374,6.752212714352302
71,2020-04-30,32.06447194771496,62.890262839133044,57.696971139526596,6.306833592703277
71,2020-05-31,32.98059546764128,59.069562884282796,65.00301614117777,6.796408150023423
71,2020-06-30,36.42293109842955,72.69695606806044,90.986690257915,7.3415309931233885
71,2020-07-31,14.582469743036418,23.56344601995577,96.6480599403127,6.5974279795984945
71,2020-08-31,25.522413129973916,42.14339709146167,69.37281444780547,7.126826015543051
71,2020-09-30,14.9176188695764,22.558187861142923,44.79097791824366,7.039739666958841
71,2020-10-31,40.35114098250638,66.22971057687658,87.93755526592113,6.60698727047143
71,2020-11-30,17.10812872428652,30.14494135149189,40.83727600499088,6.71449848756649
71,2020-12-31,16.746846257173548,25.76510348668259,97.89207987910464,7.679533475212481
71,2021-01-31,6.610689710862759,12.16031465844018,53.12896910618365,8.211426209960527
71,2021-02-28,26.7027334051529,43.73729454921657,47.73195832975913,7.095993612811414
71,2021-03-31,28.062551455065417,43.43644550919826,51.25298235061173,7.043791953954872
71,2021-04-30,39.47771943836667,60.69115980414678,93.98850603948493,7.165457104010158
71,2021-05-31,34.19196935093542,56.51977708697475,67.3339735027823,6.139135322346928
71,2021-06-30,48.59181129339634,83.64562412830487,99.17301720285101,6.625508811495873
71,2021-07-31,25.705456083507336,42.38037974864484,73.09932619436583,6.998070052364534
71,2021-08-31,18.844507002948035,33.0692600385939,56.66748287387518,7.104171741955713
71,2021-09-30,9.323976002189136,17.86419825208653,48.91844830093988,8.165955842913645
71,2021-10-31,23.298139433478667,40.35677869880187,40.3056650438159,7.363556625525395
71,2021-11-30,24.244966145704065,42.236457923076124,98.1238036004676,6.540308235864141
71,2021-12-31,7.411703353952292,14.498625383100684,49.50951890849235,6.567635072097767
71,2022-01-31,59.47129772208587,107.42605429697008,99.40353426234499,5.989971825111568
71,2022-02-28,18.901955411700605,32.58661265205459,52.72714568029719,7.683744496340377
71,2022-03-31,9.118013020838628,14.677368327051635,59.3988784691606,6.246793734478654
71,2022-04-30,20.78378491441258,40.721552658451586,58.6973276503037,6.677573460750164
71,2022-05-31,25.074695442957164,46.90427398539563,61.076545998731746,7.26028358103442
71,2022-06-30,43.553608346109236,82.87103288782234,84.96653553587042,6.2332581355399235
71,2022-07-31,26.904065634219997,49.39401378343478,56.44532556177902,6.799368498280611
71,2022-08-31,13.135052574288508,22.307417815275624,58.65084502964273,6.842745638892669
71,2022-09-30,5.295970271036115,10.088264784672317,27.37504230447457,6.82944877747479
71,2022-10-31,12.883124806490674,19.9659371612225,49.44709808407896,7.099541179890528
71,2022-11-30,47.04360207796326,91.55432104085307,89.11622549711007,6.731710148545837
71,2022-12-31,43.821683689007266,70.07349019592878,89.2735706914981,6.656175730947479
71,2023-01-31,5.090900442005671,8.907245236624183,28.965617173052493,6.896873710207586
71,2023-02-28,15.63331336272897,24.5091894463072,73.01072835552483,7.4879705289420215
71,2023-03-31,13.133639314338744,24.914555121355598,47.04114414396238,7.242790587625425
71,2023-04-30,8.974740373070386,15.541051489588138,25.065441835944277,6.223899322525606
71,2023-05-31,9.98340476858787,18.286411579083293,28.79837540866749,6.9138698162467636
71,2023-06-30,40.26595032299168,76.13747662303713,80.2712004699575,6.617120603823496
71,2023-07-31,34.613589670511935,64.36637680472252,67.92454261954279,8.216504226918284
71,2023-08-31,9.742991675605916,15.907696473375333,82.92570340260383,7.392883124476345
71,2023-09-30,6.929604962749328,12.941966536726502,39.92969084724657,6.8144048126650185
71,2023-10-31,14.217025166120644,25.126852956224745,40.44560458507204,7.339740575222685
71,2023-11-30,3.0664137056618492,5.908647640745129,27.53239632300796,5.967703108267944
71,2023-12-31,32.7054284938666,61.135180024681496,82.92881750010693,7.061988683367874
72,2019-01-31,50.702930351643964,88.48495042610638,88.43975929414877,7.6647331796238936
72,2019-02-28,17.253976496186127,26.45519580521413,36.15833469963663,5.6243726718530205
72,2019-03-31,19.510945612930158,34.98205602418149,96.0287256778529,7.070094206457096
72,2019-04-30,29.6119831938254,54.68576379375212,50.54447385388272,7.214381203314996
72,2019-05-31,21.310424321205335,37.87722896588267,61.338773318490695,7.551317866683271
72,2019-06-30,32.33012828048938,60.76929946761579,57.587730465474195,6.521937553468601
72,2019-07-31,19.11497074300375,33.577712944124286,61.23837890344319,7.17398435569534
72,2019-08-31,33.632589727328195,66.76449413422279,76.39624253822504,6.3238763660603325
72,2019-09-30,40.121946209443756,78.38845330050474,85.32443862486654,6.860390726238503
72,2019-10-31,40.32871962897091,68.70504203839445,75.4136474442459,6.765668113459186
72,2019-11-30,8.446646329133989,13.616578034189404,72.48025817439377,6.5734377564931625
72,2019-12-31,9.728392207099043,16.106464505846862,93.51768706698445,6.809988302816498
72,2020-01-31,16.144462830022142,24.40417346852249,39.0975324943732,6.695107898606156
72,2020-02-29,17.69123449198025,34.78407794006549,61.40772300614725,6.629833065926982
72,2020-03-31,38.87465726696689,73.37175632588655,77.54933948924854,7.290197001048085
72,2020-04-30,31.44855604291454,55.75899900761224,62.974330448158526,7.874307813738138
72,2020-05-31,42.713798835138725,73.5662058441655,78.02241027691616,7.31120750961473
72,2020-06-30,10.01061068966641,15.192196623400818,29.045049039697805,6.903368928083638
72,2020-07-31,10.804851090170105,17.628574315981993,34.05451351863874,7.1884578947193685
72,2020-08-31,9.683845266050772,14.668949677524385,87.17101246616745,7.472902662733639
72,2020-09-30,8.539328145046488,16.16032186649324,35.637883348401914,6.691875093304064
72,2020-10-31,39.46785630387185,64.91297605597579,86.76343360994878,7.292559696381497
72,2020-11-30,20.277890118575087,34.55367899930482,44.52998536461205,7.654361176094257
72,2020-12-31,9.954388671792502,19.0864246182404,27.685547335561257,7.066631610857003
72,2021-01-31,44.32962311369567,82.54754491443035,92.76119469529498,7.0783776467311466
72,2021-02-28,22.41962490171104,39.20924392813921,46.96908027655569,6.185185767864364
72,2021-03-31,25.513719531675026,48.09036415565905,55.21846733800443,7.474130459899026
72,2021-04-30,29.72705234000352,57.2683985429023,72.9550137194726,6.1804214088747855
72,2021-05-31,3.5115458783263476,6.949256375362724,26.764768429997286,7.4349208757366
72,2021-06-30,58.09293513484228,100.20307521389537,99.51679819704496,7.216454100046391
72,2021-07-31,19.780817213821862,38.91779673875315,79.0995159299186,7.283382617836101
72,2021-08-31,12.155995742770724,21.965459241212994,55.68778466056392,5.970241902889511
72,2021-09-30,21.567743619508025,42.8036476225025,63.4656701362851,6.979391795587538
72,2021-10-31,22.403585518792084,44.05287869218179,48.8426511723156,5.976805227097703
72,2021-11-30,10.84681410403977,16.9974762789924,88.40986087423927,7.458170980180356
72,2021-12-31,26.205409027615897,40.68747873257234,59.56333704848797,7.564443317096174
72,2022-01-31,14.800991674052852,25.397585172326455,42.30957256107958,7.058945754276539
72,2022-02-28,9.997185014455747,19.562444102173828,84.13805726742132,7.514670793779408
72,2022-03-31,11.777771720675268,18.563091523027346,83.33217389334447,6.689821281449838
72,2022-04-30,13.870417147011539,26.665343977492313,44.64266378051697,6.036089909620946
72,2022-05-31,19.87779903605378,33.42670013696451,35.528212505707735,7.217351533707205
72,2022-06-30,26.519246248017634,44.16481215097135,77.74036023342555,6.92467654461701
72,2022-07-31,14.226418402117519,24.755252027646215,33.879129690483445,6.217388159890062
72,2022-08-31,35.87879601249277,62.87545742984061,73.79238389346607,7.263249118973893
72,2022-09-30,28.60501336123688,47.26910668070133,76.5765384635187,6.994095215486185
72,2022-10-31,6.776775249864117,10.954218657905628,29.226926727961462,6.869941788876383
72,2022-11-30,52.53972010645228,104.6761410378525,88.43272290743685,7.043837767175313
72,2022-12-31,35.10220104651976,66.40214812311744,86.13644464888044,7.041480267446464
72,2023-01-31,17.094153611615006,25.939291829006017,36.3730280704674,6.938032919944341
72,2023-02-28,24.2396188585093,45.065943117080266,84.72429309181814,7.628896143771597
72,2023-03-31,10.744103273096044,19.61177804000499,33.24346678630559,7.33004554202371
72,2023-04-30,12.801747776468073,20.295263153667424,29.3906330090541,6.379710518271858
72,2023-05-31,14.783751598358487,24.87049250561314,33.80255122949454,7.479318010711401
72,2023-06-30,9.569969610019223,15.06133903659482,32.29866172714882,6.277082677335478
72,2023-07-31,10.014315085601066,15.143574499602519,38.51591287414555,6.999615780090475
72,2023-08-31,26.861619560311876,46.75123198187309,79.66935838888172,7.003738954354778
72,2023-09-30,16.6557024442424,28.4958915223683,30.006058646344336,6.451038595078854
72,2023-10-31,9.033617951634684,14.644051898027937,85.42637058352652,7.146789141042411
72,2023-11-30,30.88971669483247,57.76883462271391,71.71791895765752,7.201190916144129
72,2023-12-31,31.896593966684048,48.81812098340741,85.42368464568473,6.214444586595931
73,2019-01-31,35.89969101476127,54.60506936005826,79.6043119965443,7.4087759636422525
73,2019-02-28,7.570433537747642,14.282458378394125,34.70620048897665,7.118172441145517
73,2019-03-31,6.877002728973682,12.870086587575384,26.40280128938416,8.218755911344585
73,2019-04-30,19.37883146446051,30.98252699615501,85.58401503099205,8.383160508045847
73,2019-05-31,9.403851506008575,15.536354266041064,35.93220138852351,7.4611993745457985
73,2019-06-30,20.053240763576987,34.165035065117934,55.19082961583714,7.092406587270679
73,2019-07-31,27.07596064685863,43.11348622267617,81.91716104849066,6.579744097996264
73,2019-08-31,14.41128829268819,24.115578181364565,50.543960728297556,6.951671438036405
73,2019-09-30,12.211021268773392,19.754432444634897,74.12805447169441,6.867192655720364
73,2019-10-31,38.68131390374311,76.91057919438406,92.07496965345777,6.496073565771461
73,2019-11-30,5.515358523438526,9.172584426041725,54.59209328258101,7.780971216214176
73,2019-12-31,13.01913992756734,22.725834627930197,44.95078503137244,7.055667287346473
73,2020-01-31,19.375838092756247,35.60826261591211,79.10608510436147,5.953677911199648
73,2020-02-29,19.85512339879108,34.17106492253961,72.2351195217297,6.773489987145873
73,2020-03-31,26.58655669746427,40.118671973921984,97.91124041073246,5.618370462462316
73,2020-04-30,34.486645942884785,59.71515479383489,64.20292202913744,7.848038683992162
73,2020-05-31,24.166262834986888,38.98268001906947,86.68764365578562,7.485003145920083
73,2020-06-30,16.564914094105923,30.16387657341012,86.80899512919831,6.490016939725594
73,2020-07-31,27.156861305826105,42.965376476849265,54.62902916893092,7.326163701144733
73,2020-08-31,14.183763930128586,22.222904471221554,71.86930985976413,6.647746393222743
73,2020-09-30,26.469313896424737,45.45618947911523,44.975931748016805,7.107443960268367
73,2020-10-31,30.21223623006125,48.048533365557994,74.90438588607978,7.057559884478829
73,2020-11-30,16.285711221762895,32.00372571121744,30.75791004698458,6.445908918320368
73,2020-12-31,15.382456316821328,26.03546161818845,60.219704027553654,6.468321615932228
73,2021-01-31,14.251334348087367,28.19152268106514,47.96711894430584,6.765937122799308
73,2021-02-28,22.833527113558926,34.79070467629004,53.402251433785786,6.778893961375136
73,2021-03-31,49.14754015159694,91.24140659184518,91.32364908490297,6.996504367577324
73,2021-04-30,7.158433191491794,11.446024763238558,67.10091079928713,7.083602115521925
73,2021-05-31,30.074509456138745,46.50440326136125,53.909039630073785,6.86772457508798
73,2021-06-30,18.36823515168613,33.256382377295886,37.88810145325355,7.313232092811791
73,2021-07-31,38.4949484966566,76.2922606751699,69.01976463757693,7.628164729361918
73,2021-08-31,17.522326250047023,27.130778867777497,60.26925871354531,7.122094513661901
73,2021-09-30,14.546131081065111,25.952384768768933,29.1880913069231,6.943059925790162
73,2021-10-31,25.088415521497286,40.06489701324837,48.571339353486344,7.566255337232835
73,2021-11-30,17.97553183518279,33.57003911605206,30.358783742546418,7.362803568370261
73,2021-12-31,28.05808154053859,52.62880879789586,47.89596374020724,7.467567081995717
73,2022-01-31,44.03368357864559,80.68935150129462,93.58460069906458,6.0267037163481305
73,2022-02-28,19.16889030134428,32.46272873544717,79.51057794564133,6.589467403896802
73,2022-03-31,10.060375353632281,17.62416115074122,69.5861194945102,6.99059671910127
73,2022-04-30,14.617383671837592,27.383027238874025,73.43298659300105,6.638808723225655
73,2022-05-31,15.095907783173626,28.613346712867518,30.981317027961865,6.9387008336196025
73,2022-06-30,36.50797326077848,70.9869582461063,73.87537307390795,7.322715910838841
73,2022-07-31,22.74968852600235,36.542526568132374,95.23174748446849,6.9492849072840865
73,2022-08-31,14.268352148143299,27.714370742454413,26.952276017264687,7.280400210536355
73,2022-09-30,9.377422735641787,18.679725423063083,31.560007724771108,7.7863881326269375
73,2022-10-31,11.091473106534515,18.21383326566862,31.970135951921204,7.184271949867159
73,2022-11-30,6.684290525211278,10.418510621446238,38.053978575891556,6.615552021518073
73,2022-12-31,14.719711706407846,22.3813992953612,76.21582330568052,6.195471499706464
73,2023-01-31,38.1763534919828,62.08461922767345,68.39747356878112,7.43058321389715
73,2023-02-28,7.9891366197334435,13.831166497219929,50.0903186355439,6.915823777323847
73,2023-03-31,16.73271224646774,26.58490205559974,41.95661169921679,7.67515495305379
73,2023-04-30,13.53253878360929,22.109345776143186,33.396636060218015,6.770846917722077
73,2023-05-31,19.097385454877514,36.02096045383488,38.521666038969414,7.379683115435044
73,2023-06-30,35.289782484161336,56.7954211965198,67.66795900540578,7.578198993515156
73,2023-07-31,14.645575409235628,23.14198024108738,41.64231283560681,6.755984834695262
73,2023-08-31,50.53784566491508,92.37953625348123,88.01137179247853,7.230038378287407
73,2023-09-30,4.15299207496556,7.4977162020083,27.86972441770163,6.683184692970423
73,2023-10-31,5.61864389693229,9.298688544358308,33.742879979340586,6.120726836474409
73,2023-11-30,17.442287418555324,26.321101070280832,50.54435559422161,6.964597306313843
73,2023-12-31,17.996528663835203,34.22978375787529,43.90877046494337,6.3575630602561315
74,2019-01-31,15.673909715081496,26.089984727139775,52.90774340060973,6.666515775510169
74,2019-02-28,15.636443949163993,25.47214290144373,31.698162627507728,6.949240163817577
74,2019-03-31,55.314394141038804,88.24442327133814,94.43560040978537,6.9436999764568395
74,2019-04-30,43.033019049579075,75.26101702532058,76.0557186210436,6.78432158411296
74,2019-05-31,16.447942675530832,28.064267763209227,43.76204274075829,8.131277847670615
74,2019-06-30,12.120651998920696,23.36065909778366,41.89367250242487,8.007484722896248
74,2019-07-31,6.218348901788789,9.624729902207063,39.03617296297548,7.609846648992078
74,2019-08-31,18.001144914209977,27.927452576561496,35.082440569204245,7.820150956625053
74,2019-09-30,35.169460810024425,63.05147688972359,65.12580062059214,7.62707902841127
74,2019-10-31,33.07027321860986,61.04950824298509,98.56159371052034,7.292354510934981
74,2019-11-30,18.052152568584216,32.17324656146162,48.766345213513894,6.642909591653207
74,2019-12-31,5.336429071752033,9.42236837749156,46.84391483419636,7.067700695912435
74,2020-01-31,13.125425755164917,26.15301323513296,53.968355912121716,6.948386588554483
74,2020-02-29,42.284013257934255,71.02575252090173,75.38575262023629,7.609419500670369
74,2020-03-31,34.776422847081854,61.896351601266595,94.69430631989509,7.206172122489902
74,2020-04-30,11.303609330439109,17.433157874063163,59.329166344337146,6.999394195448743
74,2020-05-31,25.45288010985236,45.54777496020673,43.5516542017288,7.450947750473816
74,2020-06-30,10.930007331912863,20.067696158831126,29.947284337900673,7.622596459285782
74,2020-07-31,30.221509091776042,59.61351880047759,86.36180259622395,7.114851426173323
74,2020-08-31,27.182756481614113,45.11802664579353,95.73768337779742,6.719335772079981
74,2020-09-30,25.574844545162687,44.586230580947735,59.99858017667078,6.596684679388453
74,2020-10-31,10.235912587135294,16.09662138690062,47.92667897292023,7.376136189708086
74,2020-11-30,12.149070611628888,18.661737150341175,32.66748934715187,6.012700408170444
74,2020-12-31,13.860081405171767,21.834784624574816,55.522935112411574,7.156118393003813
74,2021-01-31,24.59371070595823,38.692587841516236,56.948613329347225,7.148839119874595
74,2021-02-28,34.396849817062396,60.445228768514134,75.39706710371414,7.3220518609496335
74,2021-03-31,31.528851789004996,62.61415779958883,64.03030768169509,6.119157702580509
74,2021-04-30,21.913181819234286,37.29438152172084,47.01939893694395,6.805348039338682
74,2021-05-31,5.844189792836289,10.97393800316328,29.1307338056298,7.286020854373107
74,2021-06-30,38.80951063390696,68.95140791623518,92.68985005244653,6.474905202231495
74,2021-07-31,39.10379363136105,61.360548499370076,93.83623763984193,6.682005413434297
74,2021-08-31,29.182579917739986,45.845216372948215,63.672585295893334,7.23275282076977
74,2021-09-30,28.52527794766952,44.17542250018205,48.39226504228477,6.3218120089696885
74,2021-10-31,46.416862388054675,72.63237195467154,86.6645098498313,7.567870310826901
74,2021-11-30,23.030887055912437,42.484655337090636,86.49593567794454,6.632451668842143
74,2021-12-31,28.45922766972614,44.53033189875832,87.21664480590549,7.103534709532194
74,2022-01-31,18.703163151290532,29.771853487972596,39.69495264564702,7.267665479029072
74,2022-02-28,7.214056450526107,12.471069682175912,42.21922127848081,5.861297595962025
74,2022-03-31,9.572854284627805,18.900761701213266,56.59437093175921,6.973210621423021
74,2022-04-30,42.81596618898811,76.34193823555651,76.2675871816103,6.691141738841119
74,2022-05-31,11.29947183274665,20.786219477849535,55.27621975078568,6.289338410762816
74,2022-06-30,35.810709308863615,65.88059617709561,87.18934197489624,7.549166949186384
74,2022-07-31,10.055188615354158,18.28993230367014,85.69771661198521,6.359669778228818
74,2022-08-31,5.423683356716611,9.767213281235616,37.13397767232271,6.690252161299917
74,2022-09-30,18.763810331222693,33.268911929882144,61.49787023089844,7.385463004824442
74,2022-10-31,10.843046055939153,16.808185457787182,41.2375951162902,6.7293117925590495
74,2022-11-30,33.04971532299808,52.72478535178415,70.70632719749631,7.316513921895997
74,2022-12-31,13.463278589493408,22.45103805672862,33.648075709322086,6.904214714749502
74,2023-01-31,12.5897243794192,19.838659053648776,73.05332913882695,6.905477209929719
74,2023-02-28,14.613972061135074,23.28740411929686,27.680729943545572,7.678384799995979
74,2023-03-31,29.583626041385827,50.283975343412415,66.50915207373924,6.9545779602377715
74,2023-04-30,5.549571942537438,8.578284003402228,48.51868913922923,6.01198769801764
74,2023-05-31,8.650032109936507,15.115711762501228,27.669993473842975,6.810364818168095
74,2023-06-30,13.10437862858295,25.799128152462167,53.41517358006115,6.356474279957585
74,2023-07-31,15.48244812186677,24.127714133034868,54.879039893976795,6.731085964685861
74,2023-08-31,17.624245896981176,31.905670194881946,74.32467801875558,7.257996702053472
74,2023-09-30,19.563759966958145,36.978077253485615,76.70622739730497,6.569412389130565
74,2023-10-31,18.72018579738356,30.953383971633297,36.734955512039484,7.082050735092659
74,2023-11-30,48.3441054271581,83.54209378159389,95.18203360519503,6.289717859977539
74,2023-12-31,35.76615164476709,66.91947338203228,66.41432577801072,7.525011915951642
75,2019-01-31,16.218021791297456,25.43330509600558,48.928641523559165,6.369183797852223
75,2019-02-28,13.141860659074364,22.85813569909876,47.0227125949211,6.64265490468066
75,2019-03-31,24.93818253401915,49.63820602261125,67.51833983864356,6.398378240942872
75,2019-04-30,26.371509960577225,45.90615334431574,53.27270388594728,6.878171050619326
75,2019-05-31,14.676676501196532,24.379194261789245,54.28852264920004,6.008826426058116
75,2019-06-30,4.518455617884673,7.264117943473292,27.601913873858326,7.517974756939884
75,2019-07-31,52.79795486336286,103.822138634253,97.70578332077432,7.181301955155906
75,2019-08-31,21.790884309071597,34.40445714150976,38.09657357228765,7.936956105442438
75,2019-09-30,36.22311125384224,68.69235165733652,77.27531871333973,7.3675252602970005
75,2019-10-31,38.96563865686582,58.95536158154285,92.37712571585199,7.000669363154704
75,2019-11-30,56.10149849811562,107.15779424638403,93.74204118141388,6.832568295726788
75,2019-12-31,7.9964575959261275,13.46092325450427,72.29636780684997,6.712830059635789
75,2020-01-31,23.97951737348913,42.663570048950625,53.36312197607442,6.515397918690432
75,2020-02-29,21.67155884757977,42.551395629308,85.8043895763792,7.687492475334308
75,2020-03-31,22.662892407830434,35.505170340492896,81.16673616592725,7.21003156919206
75,2020-04-30,4.098484579846764,6.668317097871954,32.09032821893646,7.433697070830447
75,2020-05-31,49.20419524221872,90.24580105961947,91.81595995653477,7.091827831840143
75,2020-06-30,17.753246024877228,30.474819119660495,38.51674554895993,7.2363491166816045
75,2020-07-31,29.59717326702027,50.0733839591555,58.04899614610798,7.479069480972344
75,2020-08-31,16.181712534899503,31.790135733637378,71.57802496747479,6.895119502729465
75,2020-09-30,2.871308653557858,5.208676605353144,25.397924784359343,6.914965062762721
75,2020-10-31,26.98331771265772,49.85032983616889,48.621880303381495,7.1177981701962585
75,2020-11-30,18.522496030415294,34.43382365367011,46.1704776246069,7.181292027034035
75,2020-12-31,17.145477909337675,27.87150907338279,28.688075534983465,6.9892324777146815
75,2021-01-31,26.077824134068464,50.856857626335646,58.32942297305702,6.960499146880569
75,2021-02-28,4.225460065651887,6.408254952178175,36.32963787620587,7.421733749066324
75,2021-03-31,9.644832604330228,14.728641264387086,36.03623885508744,7.055957806152388
75,2021-04-30,16.667179893337487,28.65868241375993,43.91785058593168,6.881040512442652
75,2021-05-31,16.923251761115452,27.392475744807072,75.05592482367565,6.9731196617471065
75,2021-06-30,28.9277602141693,51.204157815906726,48.550671602790025,6.211963894883049
75,2021-07-31,36.4787736233707,60.79980951939097,71.60934957412488,6.856392139657905
75,2021-08-31,4.260508347926258,7.583432731549854,28.32428065597324,7.4766641083528285
75,2021-09-30,15.34667422120645,25.166069981634895,45.74728531759421,6.881577138403824
75,2021-10-31,23.456035642707764,41.17490353142288,71.26225096767944,7.435234282603683
75,2021-11-30,37.845177068153625,59.99921811160305,71.45737898882359,7.4824228953814895
75,2021-12-31,10.74044747580002,18.460074303508918,32.07043966309157,7.201614877723627
75,2022-01-31,30.38152168348596,46.153232099268365,57.251144956702326,7.3725391998271705
75,2022-02-28,16.341201887570474,29.43168472652135,44.519374452601724,6.927951778820456
75,2022-03-31,41.42088366497871,62.7958502745723,80.95097994881857,6.9649045150295
75,2022-04-30,43.04956184154842,65.60715329758835,94.33057498896946,7.492785900251914
75,2022-05-31,29.513814199059702,50.61078402544568,98.77295465172418,7.270533561058189
75,2022-06-30,37.23336966339749,67.68328597822908,84.64428250379328,6.967532487227598
75,2022-07-31,22.975125886724616,38.64618827254488,95.64322861817708,7.796028932205715
75,2022-08-31,11.890643451136414,20.56675786315583,57.787155563571716,7.122500145562027
75,2022-09-30,31.40108471989965,48.37574304640176,65.41825921723571,6.630484828259258
75,2022-10-31,22.12135501515414,34.37466731920948,40.27804512252169,6.941447918832614
75,2022-11-30,15.121269274425241,28.10509378374105,52.91871667154286,6.170075498542303
75,2022-12-31,33.1450387210474,59.60757123754097,74.89559827200509,8.061013702714508
75,2023-01-31,17.213240960350866,32.85009827387417,66.35904641998339,7.689863918905257
75,2023-02-28,23.00012225061554,41.32428122512309,62.10401228167973,6.868658299900291
75,2023-03-31,10.840325772196067,18.340838536583423,25.970265642855455,6.6087165702842405
75,2023-04-30,8.810414181049978,17.135794170921613,35.04543388870928,6.599982797935395
75,2023-05-31,11.873954541808866,20.40702146035158,50.4746735926823,6.386433374496897
75,2023-06-30,15.493995167619463,28.050309449129525,28.259416613390275,6.809964393149073
75,2023-07-31,19.298004196730293,37.07970164101838,91.25245844552035,7.3318603869400185
75,2023-08-31,6.571539436936056,11.328632022023744,54.993209431681834,6.495082772064685
75,2023-09-30,14.300533508618582,26.65402635864033,89.40984091996819,7.156958021629934
75,2023-10-31,16.649768285488896,31.19695180729762,48.25866091675545,7.232489099644783
75,2023-11-30,17.358074247479692,29.97462188596674,32.77785611440922,6.60827516021007
75,2023-12-31,21.319771977133257,37.34951952385168,46.02933757011305,7.724231910154268
76,2019-01-31,35.437093773055736,70.117009294708,71.4420690247986,7.883308694767113
76,2019-02-28,14.99878865930561,23.920434221191186,68.15619715790297,7.220725098046867
76,2019-03-31,36.309551956526775,66.09148802485291,79.16632876234347,7.147823791722244
76,2019-04-30,8.356258286463543,12.969359595710118,57.140341998128115,7.673683161341127
76,2019-05-31,35.30751401668182,68.79360833017259,63.38584621699154,7.546386015701482
76,2019-06-30,14.544775735059641,21.818437356136375,33.25842642785578,7.570167538727656
76,2019-07-31,15.8026897837925,27.597835988710496,45.60549355311214,7.0778082003397
76,2019-08-31,34.98318391105462,53.78417374749994,71.59245542683263,7.901016624119289
76,2019-09-30,44.86353783190578,89.52208193388815,78.28167985499654,6.866116448217323
76,2019-10-31,23.493907978016278,38.85352629868629,46.900157720655514,6.733491667161353
76,2019-11-30,8.17250153446513,15.105639325242949,40.513880980620904,7.630649162114618
76,2019-12-31,29.090797132837654,43.775942733289035,53.786200616620626,7.461904020263285
76,2020-01-31,27.348634281631206,44.026650337622996,75.76680691045178,7.102869122245228
76,2020-02-29,28.560814704694554,49.37256386539719,56.10864260193374,7.135965975728731
76,2020-03-31,26.369916380552255,47.47080254818879,79.76248268619469,6.662912758407391
76,2020-04-30,35.30970102690323,60.36708617488017,76.11490836954817,7.348803003842364
76,2020-05-31,5.817082069257977,10.887697185748214,27.81831987394864,7.280505088790746
76,2020-06-30,22.481536468854475,35.79470754464491,61.16028480469571,7.081406291032354
76,2020-07-31,33.98496198398576,62.89922062860314,74.61761706434856,7.303049831110495
76,2020-08-31,12.246998041057147,21.17194088657767,58.80357293711656,7.479876538266435
76,2020-09-30,43.44168960106966,83.60786142832298,79.71270718032368,6.804578675396638
76,2020-10-31,35.98001243776241,67.7966990402979,92.0286267403411,7.011927733675186
76,2020-11-30,13.547908761603415,23.73152776945983,85.66326786789375,7.806491649755909
76,2020-12-31,12.721525300197888,19.722197030978965,84.62495153676525,7.354639743866016
76,2021-01-31,18.392420633375142,34.74408325303843,93.3641483415836,6.847919835336271
76,2021-02-28,12.507945754522494,23.842839944626277,64.8144300035779,6.273572195458128
76,2021-03-31,14.408413842302702,22.58623652040222,49.26779126521646,5.909013579978815
76,2021-04-30,20.30791985751563,39.14110662609065,40.13621453079392,6.9968012070196535
76,2021-05-31,18.64064410404848,34.39674507670773,62.24824046046271,7.36965386027738
76,2021-06-30,8.201190314448816,15.150773082753327,33.61875136721765,7.203848255689447
76,2021-07-31,12.05050412369297,21.741903380417284,26.62319381846025,6.617390553598091
76,2021-08-31,5.7682305746691656,11.460998305047184,52.93937028220329,7.625340718961677
76,2021-09-30,6.038126041940316,11.088186475485662,36.94196780392163,6.304227640579529
76,2021-10-31,4.34275896623108,6.571752690983346,25.61065276772703,6.923065054757156
76,2021-11-30,11.699304581382908,19.41822338829133,62.76800071822621,6.739055378647444
76,2021-12-31,11.88783571883641,18.276224575445628,84.23240603747833,6.977418724836819
76,2022-01-31,7.24903322773717,11.483575582374803,53.99988798043198,6.992760896846352
76,2022-02-28,13.540112692802504,21.973278227245764,25.917974887666983,7.014715016009993
76,2022-03-31,22.185985857943063,38.68006316100583,52.042624310797926,6.944269757819673
76,2022-04-30,16.90455807804334,30.270223838241712,58.267598391426986,6.969040463454817
76,2022-05-31,36.62467460106567,72.48253436239526,75.02102494288212,7.280386637505432
76,2022-06-30,8.473634466645512,13.995747254470285,29.007177948220924,7.608442936916129
76,2022-07-31,42.63891923172165,81.73612897017426,81.19693405357182,7.907088695163631
76,2022-08-31,13.826468558157265,22.651614300988115,37.64955711422813,7.205251526584262
76,2022-09-30,3.605982671004167,6.736952950589901,34.47899541806046,7.184446144130721
76,2022-10-31,3.1217520260651237,5.4936511234680365,28.392043306673944,7.1523341773253755
76,2022-11-30,6.2744773431207745,10.09340588964883,25.709507136280635,7.174545900568425
76,2022-12-31,10.223729675085195,20.443287934423008,29.27833795619953,7.642366680915849
76,2023-01-31,15.106056753288998,28.580782249955824,53.945759625879404,6.835017778897217
76,2023-02-28,17.289885477906154,26.734886309129855,43.564574246412285,7.098934789863006
76,2023-03-31,29.846593466183577,52.468304324440176,83.45332492780003,6.3460962932157825
76,2023-04-30,16.242038661799985,28.066120329865637,70.56402667963732,6.818833694736852
76,2023-05-31,12.348286367763555,23.613106937340753,45.92203603558417,6.789124684658082
76,2023-06-30,16.630855109324145,26.96277979055266,47.851362423533686,7.054571808565403
76,2023-07-31,37.41731281002324,56.183294891743564,72.23591010832561,7.152808359905728
76,2023-08-31,12.469735830857584,22.59269396168358,28.033969548006766,6.789831279881427
76,2023-09-30,19.931583717479842,30.40966178654469,34.91699277454364,7.195215895172582
76,2023-10-31,27.47642961970557,44.15007308398962,97.97897131622376,7.316493964824821
76,2023-11-30,23.193844157685245,43.15986735566272,58.09715313791239,6.612605117096587
76,2023-12-31,23.55720076624851,38.844419537399844,72.47905770040018,7.482244116010624
77,2019-01-31,17.956303142810047,27.88917501176566,56.38388898786243,7.318241048135032
77,2019-02-28,39.45387564263569,60.31338813661748,75.99005636059452,7.5253142860831925
77,2019-03-31,49.13558617092207,98.0826299338324,87.40109495790068,6.854753174176062
77,2019-04-30,31.83217811066981,48.88182405729645,58.28483036964364,7.194727828576294
77,2019-05-31,43.306848185578176,77.00451996955891,76.68379737370995,6.6441110668619565
77,2019-06-30,12.81392542725353,20.550526737077085,37.701485385973946,7.205764890776432
77,2019-07-31,8.979730309906346,17.365120846249937,33.22296475427896,7.143848054767155
77,2019-08-31,5.338023919983598,8.52454462368872,29.132490639640956,7.745399071063321
77,2019-09-30,11.62083647516302,21.69050656743687,49.159456693983714,5.98893790218241
77,2019-10-31,3.5856239278125495,6.871468409820602,25.64206731026492,6.397333617214803
77,2019-11-30,12.193678250467595,23.26539290752223,93.31220818604,6.639170769864404
77,2019-12-31,19.004740213336625,37.73257444274318,85.37881701327349,6.996870874440428
77,2020-01-31,28.25903850751638,50.62935640402732,77.41228609762433,7.245444139244148
77,2020-02-29,9.121095998456912,17.946617867342187,26.49199639361172,6.597319970820373
77,2020-03-31,10.440247911788886,17.173261600613124,53.05642601129514,7.388563572851465
77,2020-04-30,8.711837168208744,14.613789466933818,42.00798148244502,6.843585737161185
77,2020-05-31,23.654369994316294,38.79975570380229,39.94852889196867,6.370573940682555
77,2020-06-30,14.818059489946274,29.512077928046082,41.575716658002385,7.183497044119107
77,2020-07-31,8.76849801392506,15.547427758820046,36.67603409928554,7.195315590998097
77,2020-08-31,21.436028001536105,37.485645258321945,83.36192555359968,6.303624517057775
77,2020-09-30,14.047099787495258,26.680684041069675,78.48082113957969,6.7542507413246184
77,2020-10-31,7.10627380618793,11.618199585866336,40.90155184354474,6.81333996095351
77,2020-11-30,5.763203208062694,10.537857967962282,36.24794254749184,7.191036128733808
77,2020-12-31,9.002626866865883,13.701888737912324,48.45397611388704,8.055752156886573
77,2021-01-31,16.10990640783886,26.17577816627323,45.98283705709911,6.122699765575795
77,2021-02-28,19.936405744997703,32.97609156538978,39.65971845379198,7.087238836744785
77,2021-03-31,18.691611012825028,31.3514770374524,80.27062707342306,6.713115205588732
77,2021-04-30,19.58502243078805,33.5659119202714,47.27736257310652,6.153613223126593
77,2021-05-31,13.281093371195608,23.342100195636924,38.728699684724944,7.308754105848899
77,2021-06-30,13.363371298643441,23.145853114856575,47.88049576465865,6.970046040456375
77,2021-07-31,35.4431051050566,67.306507985353,61.0490922049994,6.427002005209855
77,2021-08-31,16.462614401033704,30.407637669340836,55.7964590888492,5.96477144281228
77,2021-09-30,19.02099767283091,29.157575165243003,71.71429636968635,7.1930509057062615
77,2021-10-31,3.457079392500356,6.330425256550133,27.15103303257553,7.038859592318338
77,2021-11-30,14.25213911368261,24.402182512736545,45.835100382602285,7.081350281438985
77,2021-12-31,31.016544285330387,49.35495316781029,65.57690061611471,6.829743352891448
77,2022-01-31,9.804368235836694,16.25057261498478,67.12676092725705,6.703246228384601
77,2022-02-28,28.13504643333105,45.82761613253556,70.3448925224424,6.883682531702327
77,2022-03-31,43.34272990673451,69.49814062155812,81.71285529714089,7.577612722997914
77,2022-04-30,36.392819203759124,70.42927758952553,77.92774848691391,6.942147193616408
77,2022-05-31,36.9539800992388,60.9428375564029,83.76816620869788,7.783388761056
77,2022-06-30,46.48409881956984,82.50301722425124,98.85347093914741,6.928515287004992
77,2022-07-31,22.76160981327341,42.70289865642063,41.043005499552514,7.103540510248914
77,2022-08-31,45.74102724030294,80.68463785151472,82.3390590896785,7.3766379473021555
77,2022-09-30,11.67565842361149,21.952040457585774,32.880061573538434,7.664934070079874
77,2022-10-31,36.39715553604348,55.31067399194795,98.79276218948183,7.0281044013704586
77,2022-11-30,11.144513213902668,21.638182882543216,68.14976002193517,6.726459651996471
77,2022-12-31,51.3103442295684,95.736024231661,91.33173204305025,7.201919793199114
77,2023-01-31,32.690777932374175,54.77501282220031,55.84153337416339,7.708227368750159
77,2023-02-28,17.537407180877427,28.85465686562092,66.23822185044106,7.5762452615871245
77,2023-03-31,18.905305327504696,36.13880663594741,79.47695489304229,6.952097251234569
77,2023-04-30,39.63098132777327,71.47610423992076,68.87700456228325,6.314163904823447
77,2023-05-31,7.775614910173322,15.344832251023147,29.86543146718775,7.2678998202125324
77,2023-06-30,12.695011596603933,20.87068293681515,77.3975745338548,6.884050434026791
77,2023-07-31,9.684889193397346,19.152778634490325,28.517219399922034,7.202303650723538
77,2023-08-31,15.716748357102988,30.343958468854485,40.02011067837069,6.737803054138221
77,2023-09-30,44.25343990109025,74.75486722425968,86.55583607213258,7.01127627321112
77,2023-10-31,23.671691192170297,38.62130218060895,83.0098354119012,6.965161123517085
77,2023-11-30,7.257402351531976,11.11618157837751,44.20324280559988,7.580929685010606
77,2023-12-31,36.30025445935162,64.01612608099136,85.12411885238791,7.2139856014186305
78,2019-01-31,25.55563597172872,44.215912552703934,79.20554249939407,5.879865458050933
78,2019-02-28,20.04862703411751,32.98612957962547,57.28750862503233,6.074555253690779
78,2019-03-31,12.366993357805363,20.28535716838438,31.57812482393909,6.1144824154323425
78,2019-04-30,23.075755233582235,38.37978200490753,40.425261816277015,6.246040616274915
78,2019-05-31,38.167698942494,58.007672842963004,79.33957683196415,7.1982933411681085
78,2019-06-30,12.862382994116446,23.393987554663514,69.22783819400628,7.5815390330873305
78,2019-07-31,9.992143159848665,19.050327405455064,43.297813981906266,7.61807503392354
78,2019-08-31,21.447530788739634,32.71175319028121,61.92962995394225,6.819038298960311
78,2019-09-30,18.134667812532932,30.715908115293775,65.55381725711847,6.822598317458833
78,2019-10-31,37.84308734524519,64.398380117691,80.89550037376902,6.837903736474493
78,2019-11-30,19.535081612705202,34.63559611655656,37.96126669852529,7.271188205203991
78,2019-12-31,24.07509768058936,45.17852472045686,97.04486725144817,7.262327347698197
78,2020-01-31,19.394584201796718,35.69883218969327,42.207908410718204,6.764748018223551
78,2020-02-29,13.946873732413204,24.487525411069054,25.45883122326529,7.015901661447691
78,2020-03-31,14.976702852806577,23.266946485781986,39.403132727792375,6.844450382056687
78,2020-04-30,21.02633421037406,33.54359837808137,41.95424779785188,7.473960235852102
78,2020-05-31,12.560460199886037,24.885091642709718,57.64123859239749,6.414518015358928
78,2020-06-30,12.797315066569736,25.497215417329816,60.18010700980704,6.234985412564082
78,2020-07-31,27.5075786178558,49.53104082362271,64.45441599174308,8.001355925918224
78,2020-08-31,31.727267029730275,54.57635956771028,60.730930552093476,6.9730684595215875
78,2020-09-30,13.783800715300666,26.096691822796913,55.676716815301916,7.140881667921816
78,2020-10-31,14.36742241286496,26.096700153154472,30.608448122131996,7.142771355229827
78,2020-11-30,47.90104485110236,85.39355881597368,81.09755204807793,7.487874643869057
78,2020-12-31,9.24187417119552,18.248302982241615,27.933224259933354,7.659919864473131
78,2021-01-31,9.295317395893969,15.280680430147967,81.92716790623956,6.761988958073101
78,2021-02-28,5.825894481571602,9.808206002922752,34.11337223107423,6.627999409266042
78,2021-03-31,28.250278134210273,48.6143639138709,72.94413781125925,7.781329721211298
78,2021-04-30,38.10634958619745,70.93930712372193,69.55696544136305,7.64121043066262
78,2021-05-31,18.215050853660404,29.389460036268904,70.53425441664545,8.085563661725683
78,2021-06-30,7.276475980469206,12.140823994480995,29.223799927639668,7.084855008416081
78,2021-07-31,16.36736730285082,32.226854534917074,32.70717674004242,6.912892230115466
78,2021-08-31,9.211546038727011,18.253805507622733,38.396618738277134,6.4643020330883605
78,2021-09-30,22.32933552360968,35.281230594090424,69.4394235323005,7.232676917486929
78,2021-10-31,6.679520562600262,12.920235338198257,42.41912393330218,6.427056976844712
78,2021-11-30,14.246253645172958,28.110223744158276,64.38411880543792,6.970065318187717
78,2021-12-31,21.66284010028223,37.98897131491985,67.46241543815226,6.95405586144175
78,2022-01-31,20.470314965459604,38.456554328868386,45.62359238810353,6.960203037325411
78,2022-02-28,10.204247802160763,18.467365131889487,28.10604637814114,7.264248683012179
78,2022-03-31,38.24003948588408,72.56123764354614,78.082042816146,6.820224648636231
78,2022-04-30,32.438424834778786,58.17336539306656,74.52817738634182,6.654776036443422
78,2022-05-31,17.94433115523198,32.626771042739385,33.492331926570316,6.258390823756296
78,2022-06-30,8.88302784552989,13.800949728668463,27.268664079846907,6.852264150434125
78,2022-07-31,55.101282096376735,97.05651663135416,97.65827367192891,7.771715767001789
78,2022-08-31,26.70989967135088,40.89901512324171,95.47775744981041,7.244324188528454
78,2022-09-30,19.898575532096693,35.30373698341163,71.18850942329202,6.412243705390301
78,2022-10-31,8.734454251598429,14.365818816298951,62.92310166941047,6.478778312635705
78,2022-11-30,36.58885448782513,61.34493011361542,65.63321266856963,8.034723130460938
78,2022-12-31,17.766526444337934,31.724802175186067,94.8807425275552,6.795723010598705
78,2023-01-31,9.684865662013644,15.241876756542407,73.4302084694938,7.067351990327387
78,2023-02-28,21.12328903115922,37.23302976202165,99.13400010230906,7.185492805295918
78,2023-03-31,19.91326200155423,36.69169104199507,41.046289881623565,7.02583376383986
78,2023-04-30,38.69469565148054,58.12636485295255,91.04869050700759,6.32182624079318
78,2023-05-31,11.525631999815651,18.36848557207138,58.664742274735964,7.151442010859993
78,2023-06-30,23.956008425406772,44.01770572152171,81.59079059452633,7.200788086812417
78,2023-07-31,11.672627158380472,23.226689859171653,42.28411654990503,7.122429906916032
78,2023-08-31,53.182861384787444,87.6361639786696,89.36828708236139,7.7630626303261785
78,2023-09-30,22.580343175346933,39.66739479882552,39.58212724466405,6.16893052412742
78,2023-10-31,17.851713906189172,28.298387333496542,58.04145374584625,6.785847865173668
78,2023-11-30,16.19528517136125,30.543060618957888,34.01516439410012,7.128619078522627
78,2023-12-31,14.954369603950648,26.4104185889581,46.97607473672806,7.220923389273677
79,2019-01-31,12.745948896103965,19.36191769418731,50.57061583586989,6.821985911875482
79,2019-02-28,20.18103575819362,36.27398076992244,98.496176967013,6.540871324981928
79,2019-03-31,25.326863078760347,50.317713143501024,69.66058810863476,7.740893076774231
79,2019-04-30,15.012205920129615,22.839385721349082,47.073111246457465,6.493587621680205
79,2019-05-31,23.99756851611458,39.327123908628,93.98485747185644,6.345812885387933
79,2019-06-30,37.55273643682802,66.8098169590013,74.54998673662536,7.531347858461895
79,2019-07-31,13.541820236995214,26.66939470775231,51.38539091103592,6.680817271754464
79,2019-08-31,24.934826414882416,47.60381741710731,42.835080290309044,6.898825037096528
79,2019-09-30,12.98693441654145,22.541637392955682,65.24012944673558,6.517222334888308
79,2019-10-31,32.80444021014437,59.18343557251534,69.11865808602342,7.526011831407481
79,2019-11-30,3.3442130547350657,6.029521000656005,29.430973828503067,7.613582962733411
79,2019-12-31,19.30939349123692,35.14069064259153,99.34254416721237,6.642053178254683
79,2020-01-31,3.408702187696323,5.589073537167131,28.15285742220412,7.186747459906861
79,2020-02-29,28.24932878221882,47.252229737261715,96.40174452407511,6.922245168685522
79,2020-03-31,33.13784108077838,53.65318177043786,67.7105859240392,6.146152833808347
79,2020-04-30,19.51190202852235,30.503948403236254,54.64317261799157,6.778133006705961
79,2020-05-31,19.182781016327436,37.192228159090014,69.07831480478589,7.5578797391193175
79,2020-06-30,13.146065898676605,23.439431143688815,56.86180988088403,6.920163137830833
79,2020-07-31,14.071300905288082,26.443556539367485,75.6549403800077,6.062868898474874
79,2020-08-31,13.260132434584465,21.510511378007415,34.827100491671835,7.682918415687647
79,2020-09-30,17.83523456585632,34.94946594657385,95.34583749906778,6.403905227884115
79,2020-10-31,17.336046717363985,29.94604208225868,32.55918756093674,7.655055859660935
79,2020-11-30,12.804267369963624,21.155764419100944,61.76355823187742,7.078012475714432
79,2020-12-31,28.694113128401085,47.51108809352065,68.11786986641178,7.203946171485315
79,2021-01-31,50.53261157571918,92.41872930178836,91.89074826897239,5.9233324610181395
79,2021-02-28,14.561546695942331,22.303254863082675,94.68913895030227,8.021271714194036
79,2021-03-31,15.919224181406799,31.310161647675073,86.91825931185225,7.43621303895584
79,2021-04-30,31.972506855751003,61.49379840602904,96.18382854217005,7.123149670824805
79,2021-05-31,28.789760857174358,47.417535086011306,53.820848881556934,7.313742296558958
79,2021-06-30,6.083923548642771,11.418284110585654,55.529517485876404,6.667470998673977
79,2021-07-31,14.57605593243956,26.62688486122955,59.09541465098809,7.30873192543961
79,2021-08-31,8.365656258843051,14.897676213438977,30.95297889853051,7.261205919473033
79,2021-09-30,6.467970203833131,10.625170700993037,54.16352494519137,6.876427622732277
79,2021-10-31,10.95277106208965,19.391661224079503,59.60659876564663,7.4012214970033625
79,2021-11-30,6.285378780572766,9.8858928463045,42.6594588565809,6.64046079281435
79,2021-12-31,13.66973030418792,20.928635719895,40.0047058050869,6.5176101858155375
79,2022-01-31,9.4523713833128,15.594962473301457,93.580572940007,7.144925377495739
79,2022-02-28,5.831309950720506,11.01194116360811,43.540799308840164,6.959275006030842
79,2022-03-31,35.58771136951077,58.33361897873229,81.52990550453303,7.5453245675963885
79,2022-04-30,16.90514928403082,31.38646735654458,65.69964672426607,6.122389868818473
79,2022-05-31,37.388920706363855,74.30786984587144,92.37408227561995,6.681824935129755
79,2022-06-30,14.689906270081044,28.9848472729219,43.05181925427753,6.871350833253952
79,2022-07-31,11.703834148699372,20.66194032096742,26.943246760264312,8.124292512288422
79,2022-08-31,22.621229815344808,37.90748711896301,63.77913047770984,6.385972659765933
79,2022-09-30,26.415665327172423,48.42277389602321,64.53126866503861,7.208186284196855
79,2022-10-31,33.84807385577511,52.09488212435616,83.5561309274257,6.5671914498674315
79,2022-11-30,33.77064900246437,52.388934189571614,96.28619208894185,7.78950059136866
79,2022-12-31,16.370818168413386,25.80590499731752,44.457279648898094,5.949250044729903
79,2023-01-31,9.563326535332012,15.022186909768037,25.604527788196283,6.825144950505807
79,2023-02-28,23.008080921703453,34.90604036944022,55.08243002842479,7.293500793983267
79,2023-03-31,19.69001599679661,38.11332528977508,38.73353803635819,7.697146139012236
79,2023-04-30,6.931557614193052,12.483554810751604,59.79383389155864,6.48539991950153
79,2023-05-31,5.102797139387565,8.99418754345812,39.08554743524314,6.584466475001561
79,2023-06-30,21.714574130907113,41.920010299430125,59.37153494569286,6.815901268051951
79,2023-07-31,6.8382967774966525,10.625911630605705,55.54713443164385,7.013420398954261
79,2023-08-31,30.02666768673766,54.60535821560367,65.57346754916536,8.3068708546251
79,2023-09-30,26.76545693765798,50.57671133465077,89.3294526521963,7.259641963241449
79,2023-10-31,24.90038395990853,44.24858026175255,43.86229665509884,7.292051155646471
79,2023-11-30,17.56642648975306,27.338622085310675,53.89517044786213,7.092634510053358
79,2023-12-31,9.074171092038592,16.98600423875237,89.92246980936791,7.489498806727867
80,2019-01-31,13.742705288363815,24.764723479027822,52.821754327731306,6.447026981824946
80,2019-02-28,32.37477941322253,53.86975832282308,95.84193808061424,7.144257221406925
80,2019-03-31,10.713647505555388,18.59856190039782,32.974393671339236,7.123050048599503
80,2019-04-30,27.222610808687364,52.79108765298461,89.77853249766392,7.232733259733204
80,2019-05-31,15.052431058639925,29.246153761376604,27.431198629219185,6.470977193876553
80,2019-06-30,25.78813669574925,49.15525574347471,89.73299658445875,7.184426206267116
80,2019-07-31,14.391248139602993,22.909289746495737,94.60977910742686,7.09013783025513
80,2019-08-31,35.3322318258825,60.269575246439786,62.25660862961739,7.305091667484338
80,2019-09-30,30.29256786623972,46.273865331182186,72.905185826557,6.061503866491992
80,2019-10-31,5.382381235339864,10.139149933908458,47.22482127359046,6.82957938693771
80,2019-11-30,19.04328101845859,31.361669899857674,76.73951614731494,7.206946470788588
80,2019-12-31,23.024565613910664,38.1933959589516,53.635627016524694,7.612887677100425
80,2020-01-31,7.2938263329265185,13.945444855582618,39.888931737559645,7.157886677396875
80,2020-02-29,7.324525096291865,12.277988557471863,57.85116632854416,6.242833237897155
80,2020-03-31,5.2152876289371095,10.218973562947852,27.615022298385558,6.5224576413969535
80,2020-04-30,9.71330912476295,17.723990788848305,60.244407590815676,6.377462521318964
80,2020-05-31,38.766956991069556,67.05781720010069,79.39963834924913,7.548533839392925
80,2020-06-30,15.690255637777568,25.806947659462335,55.49138892712,7.900773960513884
80,2020-07-31,28.016359618354727,47.35503550437879,60.338697374255716,7.207760853410989
80,2020-08-31,6.394873702837046,12.644569409913563,26.377463168051722,7.2926963324967415
80,2020-09-30,21.98221053019326,38.87076236806237,88.47829074838518,6.23192200779908
80,2020-10-31,30.797590062489455,55.326905538127704,64.60727683020022,7.776582542979022
80,2020-11-30,15.522806027896225,24.125708898886177,54.66585571164221,7.264444294018551
80,2020-12-31,35.35459281831448,56.153148030990344,67.57981439479893,6.738882954046901
80,2021-01-31,52.281783406689264,86.30703730268931,99.96583678946216,6.670127569109287
80,2021-02-28,19.831578006582646,37.12033973975293,96.67358120494006,7.105068088495919
80,2021-03-31,14.469605539312901,23.02329037373722,72.87991589885749,7.186981592213638
80,2021-04-30,31.913011251285386,54.10637191195996,68.50422007549092,6.11955412874705
80,2021-05-31,24.532556504856593,45.993369398411,68.73978666690823,6.353628595551302
80,2021-06-30,6.980319739253087,12.019499793493072,32.97174859251719,6.737176182972509
80,2021-07-31,11.851641298312256,21.10114195931972,56.91388636303529,6.838853361291957
80,2021-08-31,23.903814505542687,43.07012936292928,43.118906330416564,6.577081183553794
80,2021-09-30,5.407759391068893,8.77106551687379,33.311942578091156,7.3124166161328965
80,2021-10-31,24.485739213788854,40.07834763208174,71.39507338916222,6.9029741635793735
80,2021-11-30,28.883657697593716,56.64174239111657,97.34792401447834,7.580783437623035
80,2021-12-31,28.89008357722017,56.86637730276043,68.29038993765379,6.988406002130554
80,2022-01-31,9.352471397521208,18.26733065822822,72.80199944130541,7.150001337321619
80,2022-02-28,28.8309845674538,47.279065235570464,57.6584064377085,6.863610107541044
80,2022-03-31,31.803708167309413,56.54196418180969,62.15431222913698,7.137234775757108
80,2022-04-30,6.067766359041748,9.219180543120233,39.43064130914325,6.5466578713832995
80,2022-05-31,6.654924943633638,10.013951166049905,26.680280656579058,7.274310666827945
80,2022-06-30,42.594144169846786,72.21670025862615,77.87586355933735,7.306956387081102
80,2022-07-31,18.503282425001096,33.722586601315385,69.96822146270648,7.488740213927735
80,2022-08-31,43.78512425780087,87.25618683118225,94.5225256398509,6.1651212010781204
80,2022-09-30,30.68026415917463,58.935623194876534,72.95097097176982,6.948926259740788
80,2022-10-31,15.412063700463406,27.96488310430923,55.21599688043372,7.695564324924708
80,2022-11-30,8.174972687512506,15.991040922011672,53.60506170398677,6.3672204065442966
80,2022-12-31,24.045306839964358,40.21328990792109,61.197734061657584,7.2578362738205655
80,2023-01-31,27.86175881770135,49.11514261643657,90.23252417682663,7.190104233553291
80,2023-02-28,12.696513146194581,23.63589978101403,81.95106229962039,6.679201779400731
80,2023-03-31,13.151745265679773,23.32086974089635,48.60013847894921,7.86203312731379
80,2023-04-30,29.31594640359117,56.27280483669502,49.740045579424404,7.116827242885886
80,2023-05-31,5.539169077877287,8.497298326479207,35.12121784555746,6.997674831547277
80,2023-06-30,4.162119740712561,6.990755271611701,29.221275724015058,7.3964153044464584
80,2023-07-31,21.577858414593152,32.56789331254242,54.72177750089696,7.424864444311233
80,2023-08-31,9.435750397929825,18.467346899310517,35.780385222106695,7.613897764032274
80,2023-09-30,7.564394704237396,11.562399714279277,42.09270939014059,6.762348200146455
80,2023-10-31,23.085108216843498,39.6839871799961,61.82380194438354,6.596763877769981
80,2023-11-30,22.58406127939409,43.09937214945547,45.95950222583743,6.678302880411124
80,2023-12-31,4.390753286052635,8.017059089899206,41.17948298152369,6.692596580905985
81,2019-01-31,43.434716054198034,78.99767197364572,98.9365059885472,7.970811529542474
81,2019-02-28,14.799130635650872,26.795365903100855,43.6147967488193,6.937978605420666
81,2019-03-31,32.107427630459,61.35863795965988,86.59165832862793,6.766234573252829
81,2019-04-30,37.61189550780944,61.76826006999064,87.70834411857926,6.2683816158128876
81,2019-05-31,52.40844876727993,81.79079034893564,91.08435151380934,6.864833988984937
81,2019-06-30,12.817687719642365,20.319922700968736,91.10676705301046,7.291199459993953
81,2019-07-31,9.996730064018092,16.508518173925427,55.99286129359226,7.5415236655921865
81,2019-08-31,20.17584767429668,36.82433909852301,98.30948062631498,7.12469844266555
81,2019-09-30,36.365002284858676,67.55523543573109,70.43279309320826,7.1264941089200455
81,2019-10-31,16.697321590908484,30.99041905882237,56.618040921996055,5.846165728026468
81,2019-11-30,13.449221602009587,22.024402611124493,65.57829074294065,7.829580693910922
81,2019-12-31,5.4634908121979375,9.632962603680056,35.02295830375033,8.182715147590892
81,2020-01-31,17.368370168806205,26.656146972176064,40.76475179894142,6.838703373534265
81,2020-02-29,24.235017065293853,44.09695900236508,75.67762465090414,6.613324400455772
81,2020-03-31,18.202144700823517,28.470590836644103,74.19763417298883,6.769449678089764
81,2020-04-30,12.4836476975684,21.002360384937383,52.763994301732474,6.782001066934601
81,2020-05-31,11.505983076231217,21.739281911866154,99.50977382902053,7.043020363131293
81,2020-06-30,19.635296679863533,34.729289073447084,80.72804668415331,5.913936922964344
81,2020-07-31,19.863231055684448,37.30713682190297,65.58468356930986,6.9882766540375485
81,2020-08-31,22.093189276641688,35.14095588872978,88.86196942141923,6.266928590595325
81,2020-09-30,11.15574643056486,18.269204092051947,31.289659119499397,6.122037246809677
81,2020-10-31,19.696539132211427,36.26747079252101,46.06771739215091,6.980529291827614
81,2020-11-30,25.883898534484423,44.55772085346708,51.767331666020745,6.696100431924036
81,2020-12-31,25.114031571407327,38.725046226144045,69.18536460004138,7.089137901176275
81,2021-01-31,37.05106867801533,62.5875250324565,75.80437351273878,7.1648126461279045
81,2021-02-28,18.575082549094986,31.264512838489747,39.17846844847995,7.150724075415718
81,2021-03-31,19.326505780347656,34.54436852662356,42.89647759490152,6.844376470812594
81,2021-04-30,30.623413746587847,50.698110191635415,82.78144273535501,7.3508756616946425
81,2021-05-31,10.59949476130965,17.69607883720259,72.10288309301042,7.405911454503993
81,2021-06-30,7.356337166549303,11.562728434700226,54.461987145666015,6.66709613150325
81,2021-07-31,20.53802012788285,31.683994404870255,46.88763936583163,6.447211481149269
81,2021-08-31,35.24134428239511,64.1053768462697,79.98351252002574,6.472359246947587
81,2021-09-30,17.752227632869158,31.169953465906676,60.33745859527562,7.418521291045722
81,2021-10-31,10.24397671229489,15.64917160960793,47.3630364984547,6.65555647631123
81,2021-11-30,26.692579880966072,47.08416510098452,48.88689375428057,7.28807633325469
81,2021-12-31,30.2358395934217,59.01762014868904,52.403995143055745,7.112522653639598
81,2022-01-31,35.90318012642604,58.18745688804124,87.51794204996386,6.383024670870523
81,2022-02-28,13.633465193285625,22.866894863688156,66.1892643109998,6.99681898656367
81,2022-03-31,45.84415957459259,73.6851803891363,99.48312719011248,6.417117021485491
81,2022-04-30,17.262059954303496,27.714032708680293,34.79260864932459,6.824022042261128
81,2022-05-31,45.58028838261516,83.81393654757268,93.8074155817216,7.281340389997822
81,2022-06-30,25.26929604874456,48.035010332592634,43.03160481905232,6.585182514639764
81,2022-07-31,10.296777363391616,15.663956157068668,58.65544995589718,7.979027047723034
81,2022-08-31,17.441561935680692,31.842015586658686,55.39782907552013,6.77126527791131
81,2022-09-30,8.492754041428022,12.96409353965153,34.00857813026929,7.5417288181379725
81,2022-10-31,40.57169405029564,65.35144307723911,84.00245586696234,6.89219771195923
81,2022-11-30,30.13566493786392,58.418098726837364,58.6896979093389,6.243889140399244
81,2022-12-31,8.012776001611968,16.01452027554563,72.41005866975834,7.88047022914874
81,2023-01-31,29.011847678281978,57.386935173463364,58.002439776014015,7.116733984828684
81,2023-02-28,12.79245832455467,22.547572728144015,63.798408619473356,6.873186650212285
81,2023-03-31,15.819210385783137,30.755234730611093,60.49959452842199,7.470429361949254
81,2023-04-30,42.315027760888995,72.94421675354147,74.57268285533077,7.044191038007073
81,2023-05-31,23.142053647749872,41.281427478290404,86.90819346077224,6.780040815827591
81,2023-06-30,15.902040216880577,29.543692426232575,78.24104547945005,7.288602662286566
81,2023-07-31,20.065613889903375,35.044840974104304,97.31773487148313,7.111566917126588
81,2023-08-31,41.39202661431486,79.03000439395623,85.40299458512794,7.01379982714246
81,2023-09-30,12.315626472727121,22.480326456529156,70.53480008956618,7.646324555171461
81,2023-10-31,17.016421408354162,31.2790373026006,43.51850995965362,7.362602377509411
81,2023-11-30,30.191447169421718,59.5140823824371,72.82374434691953,7.07108108598287
81,2023-12-31,54.16422208872019,95.65164076990746,92.35154273175897,7.027689042870879
82,2019-01-31,15.095973384033227,28.130375061249755,66.71177022225073,7.2789497690556315
82,2019-02-28,12.877999049434962,21.06009451074892,84.06758028722396,7.007383738804394
82,2019-03-31,15.924035557077863,31.09402857177097,86.01225966186801,7.349339611773781
82,2019-04-30,15.66688909937914,30.774892045583595,81.30555710789659,6.8871892787248346
82,2019-05-31,5.789041993752823,9.401152292423198,48.46663514057665,6.737130786010699
82,2019-06-30,13.53116232813176,22.724828734800678,33.43526047420416,8.02971839977926
82,2019-07-31,14.149757626156342,27.13281354440857,37.464779189475244,6.948402766691238
82,2019-08-31,42.83932439086232,64.45112774540692,89.72520695756972,7.55746095540947
82,2019-09-30,11.470008044477343,18.040664593455833,63.358255894480955,6.639336175282121
82,2019-10-31,35.06921881831927,59.30740810702894,94.35412596151684,7.297403191019678
82,2019-11-30,10.102448352647613,15.921264944975835,73.75909861300494,6.560279917841079
82,2019-12-31,32.968636105178184,52.42161770555532,66.48471512999342,6.309788490291778
82,2020-01-31,9.583166217656792,14.508812245043382,56.03764482072856,7.1348424323296795
82,2020-02-29,24.269017254482335,41.28957724653614,40.944139180219,8.021717968343264
82,2020-03-31,25.874733467866825,40.145796331339845,68.44573388485172,6.593796280990387
82,2020-04-30,18.015747050094365,27.36580951538824,56.98425700518767,6.912186471633589
82,2020-05-31,45.19500934306631,72.66122917867173,76.7973870043729,6.630211983329868
82,2020-06-30,4.954959548947892,9.675712988526575,44.612291393352415,7.487813048776867
82,2020-07-31,11.422979285408902,22.66876585603202,74.4676035345805,6.258438342543325
82,2020-08-31,8.699228113722661,15.294905000042576,74.51296020589378,7.297306638045157
82,2020-09-30,4.656905786414526,7.466947474937288,26.93908835318106,6.770048041068865
82,2020-10-31,5.3191437450407655,10.208873390962012,41.81085991320255,7.630853661636753
82,2020-11-30,7.263070991570342,11.163859677651152,65.28488735642848,7.45648848186609
82,2020-12-31,40.612957517766425,65.15196066055141,95.32334276217422,7.526858195274413
82,2021-01-31,44.99726144872588,72.21928721182132,79.57753280918347,6.727770950158053
82,2021-02-28,13.45776558840159,23.022508362119098,69.61969062653719,7.827893942852024
82,2021-03-31,34.27349722050545,54.75702421912791,91.52049412248662,7.70147847900883
82,2021-04-30,35.93085764261425,69.29527253826382,75.76857549070647,7.596828699183119
82,2021-05-31,17.902513088806,32.20879026869443,68.5987064227,7.178031029986032
82,2021-06-30,26.721879207912053,46.30694536921171,60.72623676930271,6.910041155633937
82,2021-07-31,16.07764901876571,27.2939652935042,32.81249040069877,6.902228161096627
82,2021-08-31,24.905249179611186,47.41842994742425,95.26732473435244,7.023705677901369
82,2021-09-30,22.269543120078662,39.315072164810566,45.96866322318692,7.449687946495611
82,2021-10-31,13.481288127579441,22.431134934279793,45.38375822897489,6.663397712793619
82,2021-11-30,10.210746508014862,16.48290272594644,52.72696753095023,5.9342771473067115
82,2021-12-31,21.827485671136966,41.84975592910177,92.24145480703804,7.016054795484823
82,2022-01-31,32.280057894231454,49.99051057532036,76.06793259150511,6.97164000090274
82,2022-02-28,36.807006868422675,64.43074310976043,65.14581754386381,7.27292996924535
82,2022-03-31,11.047853834862108,18.051935110438347,82.86379206867758,6.2947370403826755
82,2022-04-30,23.044236656445637,35.99837304009939,49.91905839297724,6.8387074834616834
82,2022-05-31,40.09684744553232,60.62474091377938,99.77068175542256,7.364163314112207
82,2022-06-30,12.398673219235947,24.656081245337067,44.11862915439102,6.966395840920185
82,2022-07-31,7.309360127869802,13.053387246491546,33.41947902847488,7.708778200701638
82,2022-08-31,21.463908512628997,36.28054532895456,58.084119379317755,6.572256072264055
82,2022-09-30,23.074667871527613,44.00201110669328,66.10620675517737,7.626150353217018
82,2022-10-31,17.00756505560456,28.532835586019157,60.52190289301831,6.468436282931199
82,2022-11-30,13.698852946523115,24.155911265955883,32.18989752498131,6.879081272125543
82,2022-12-31,35.78345991370843,60.45795639659084,73.86134026672558,7.206701213088617
82,2023-01-31,37.76996453480758,57.54975534472982,64.04841762483474,7.203437138666718
82,2023-02-28,21.648772883052114,37.35318393766994,62.94623597502907,7.491326745613948
82,2023-03-31,10.477182978303055,20.482195463686683,47.854466050843875,7.0650350525332355
82,2023-04-30,47.4093674158278,73.2715441632017,92.234306850112,6.922017162961247
82,2023-05-31,11.258271235141532,17.57734210794297,88.30491398546536,6.661180689982657
82,2023-06-30,19.93296513171882,32.35412216046175,50.55741012748041,7.201185794882787
82,2023-07-31,24.680737701761227,39.836797892306514,58.530318234167716,6.997379933239377
82,2023-08-31,6.73044813113047,11.982627057375993,41.01499557370614,6.423122377871368
82,2023-09-30,17.507272107357,28.8789272243332,55.45659305724685,7.054777520036831
82,2023-10-31,30.234474262657624,54.94599322343706,53.19609217666083,6.493203558151813
82,2023-11-30,25.447817567951162,42.03203576967559,59.21254382444091,7.469830672933377
82,2023-12-31,32.30769650804007,63.5815314130002,75.24656885590635,6.923667469941084
83,2019-01-31,8.296749691102162,13.74499576654211,27.91257949906859,6.450796143422165
83,2019-02-28,7.559570335804655,13.217757009182595,34.6394124835293,6.742642629860812
83,2019-03-31,11.646442099194061,21.740173480662033,37.63775254866182,7.772660964467486
83,2019-04-30,8.193869089656294,15.417325319228222,53.26457793336561,7.070141921591983
83,2019-05-31,12.604160765355273,19.35732130989447,42.22129728603632,6.379132375428646
83,2019-06-30,22.12400356059032,37.13392870010417,46.12530997011016,6.724713771347321
83,2019-07-31,21.249270210393014,33.001263188674535,58.75218081901313,6.903479294351351
83,2019-08-31,42.780519004625006,81.50436185012093,75.43068658754943,6.7804670956474205
83,2019-09-30,8.71308827239033,16.706245203014888,37.1632454993996,6.935423118435751
83,2019-10-31,14.163363394315814,21.54484859809934,43.77654393201895,6.7284105281469015
83,2019-11-30,5.030764456618258,9.183151250109164,45.03812194264332,6.663276843439772
83,2019-12-31,14.487044708623001,23.87895489421301,89.01701402847635,7.444487040438176
83,2020-01-31,29.40553898682293,50.36063418724648,94.78750956136199,7.203212294766184
83,2020-02-29,46.965229382676675,86.79346868348777,93.07614981013855,7.781023987436081
83,2020-03-31,5.866293266240103,11.604952094536568,32.61422792749428,6.901836403512499
83,2020-04-30,9.997244585133965,15.833739347392003,31.3041496291757,6.424300634205936
83,2020-05-31,19.563897696372155,35.59872999213238,57.54558582227592,6.3605377178937825
83,2020-06-30,48.34204981073587,75.52078002888206,89.59229981638026,7.009144216960434
83,2020-07-31,13.72460240278157,25.387994031911486,43.9588889157589,6.0196475340674365
83,2020-08-31,31.28051401759777,54.172450091841775,76.28132037727258,6.513182256541518
83,2020-09-30,8.940592874114005,15.140290495881693,50.86758909890241,5.9479180505099905
83,2020-10-31,18.254758574699366,28.073940348128204,33.66565159973806,6.962334369662467
83,2020-11-30,22.359394010840187,37.76113821494633,65.82829510358826,6.843972119549327
83,2020-12-31,16.978534352736688,30.62182701827841,40.79654404840655,8.519494322304206
83,2021-01-31,50.42223061922729,87.36926099482501,94.81200708372897,6.868004488976402
83,2021-02-28,20.58811089353667,37.857834465766295,96.76699179778839,7.185440132837474
83,2021-03-31,47.76189824969502,84.0287902035631,97.68083716015826,6.428794309080935
83,2021-04-30,28.93789585605258,56.38457485448492,60.786933505226386,7.159422313822328
83,2021-05-31,7.727745698595765,14.273542530044251,68.24721141371931,7.072590457829793
83,2021-06-30,8.31461181745009,13.31162092785577,38.40032892514955,7.43182881195364
83,2021-07-31,40.48018061440286,75.66570965672996,78.58732565173813,6.804968729787739
83,2021-08-31,10.239277744531297,16.883931030576537,88.33432124399803,6.551583420383334
83,2021-09-30,24.95228254538658,37.73051979595733,44.79668062990635,6.337992300915774
83,2021-10-31,19.43151391043425,32.9527044892228,43.67163962280935,6.486929698131112
83,2021-11-30,28.251888341559965,52.119809965372895,55.24483333737193,7.090566684953489
83,2021-12-31,12.224289076824478,21.691526637985515,26.53247969113023,7.070886811941541
83,2022-01-31,23.71525470839534,36.968116576391665,48.187067390052725,6.70431507630598
83,2022-02-28,34.96631634510085,68.90778968600951,63.378153566581915,7.020459639021197
83,2022-03-31,32.402750456716966,64.41008957232997,83.01907723959235,6.7467130858096365
83,2022-04-30,11.175953773286107,22.07886056589912,52.92783496744891,6.844859231864546
83,2022-05-31,12.665899622003398,21.810280314515296,29.255944159685523,6.921095488488073
83,2022-06-30,23.447124225199694,35.5137897235926,61.3666131564726,7.874946642158295
83,2022-07-31,10.869628947465447,18.992403519169738,32.94810320188796,6.316485960490281
83,2022-08-31,24.05839461152574,43.37937393373396,88.23973650061768,6.443112997793277
83,2022-09-30,23.81726232489501,37.26534714765629,46.153266529302634,7.543011432189403
83,2022-10-31,4.337060097006321,8.533273846527807,28.44036604915452,7.415607660526451
83,2022-11-30,52.961995308749785,82.80142319332302,89.8032817880199,5.988535055020624
83,2022-12-31,5.270768472400973,10.206607500328708,46.875820683502056,6.281525001283838
83,2023-01-31,5.618109506274698,9.761981813739379,42.347292419665976,6.284636105296616
83,2023-02-28,47.017075608113885,85.47481567749159,99.56811140465788,7.453687739890584
83,2023-03-31,12.152602803645228,22.207127101441074,77.9695626223589,7.496852671346723
83,2023-04-30,10.41425708526973,19.833280256263848,83.44959470277674,7.0745393943216515
83,2023-05-31,14.550596003989972,25.334532138268262,45.75751507338711,6.3206808160485215
83,2023-06-30,18.740329751203404,28.120070702792248,74.14785439904774,7.134214220911717
83,2023-07-31,12.14217661458236,19.054314667073402,50.065839786477035,6.876809916963019
83,2023-08-31,20.304853226593725,36.58651484889105,42.92969101724115,7.347661424527313
83,2023-09-30,14.086791819020613,23.092422024539548,62.6443134969443,7.096333799103328
83,2023-10-31,15.138389644373406,24.111380839509522,74.63844037586203,6.748017209929109
83,2023-11-30,24.280671960905583,40.912419155454344,59.971472594376884,6.022892460777393
83,2023-12-31,29.536988819522858,47.7697812907132,78.19252983616217,5.932066128151805
84,2019-01-31,8.105754823354047,15.018111435766098,66.48435642793986,8.018965486184566
84,2019-02-28,25.22472086917223,38.945450557980365,70.18136534668781,6.493470580271024
84,2019-03-31,23.60262957561215,43.659537998484105,53.967452930114106,6.412073239372168
84,2019-04-30,13.70015871676234,27.168334950333783,33.26731500933236,6.663576538983026
84,2019-05-31,10.624180622912467,18.507611119103135,45.433774924862654,6.6183979328912415
84,2019-06-30,13.643289378602153,27.131149321287726,70.04573579022448,6.5535169880354776
84,2019-07-31,17.247715418386942,26.15610734471708,65.54633254947882,6.727439234189567
84,2019-08-31,4.294982552580361,6.8239529619821795,25.63573457235842,7.0646905403308
84,2019-09-30,15.821502288712267,28.11436394592814,67.96351498014809,7.063473820641977
84,2019-10-31,27.37703474859336,41.92192741282495,73.21610902629072,6.618563058532248
84,2019-11-30,8.36811873496265,15.00833486661403,46.777692244710686,7.341536507623639
84,2019-12-31,26.59882448096973,50.50862065089244,91.79720317571297,6.758514044595
84,2020-01-31,22.799436846336093,44.446476224400115,91.36373200218499,6.331917750654051
84,2020-02-29,48.89080080971273,87.06656626690247,91.35064973626139,7.178187348295814
84,2020-03-31,15.24834114898917,28.671849963335102,34.94466249261288,7.263337973127255
84,2020-04-30,40.31808152356087,70.77552299822507,71.84568015493532,7.699255034279372
84,2020-05-31,10.388259755385889,18.11562957988994,53.38746469392721,7.722994325958621
84,2020-06-30,13.523794910453041,23.016368405666974,35.0351541052637,6.911927403119987
84,2020-07-31,11.739705953375912,18.229870269673818,83.69945733788664,7.155123290242468
84,2020-08-31,27.827301319163016,44.76066044819781,79.09460024463024,6.316995951067476
84,2020-09-30,20.733605950672377,41.03456569014367,40.475656904762815,7.419788636925266
84,2020-10-31,14.582201069339856,25.897994312347713,39.093581412651574,7.045752795340296
84,2020-11-30,16.420579903472934,28.131591087266884,85.91924016637994,7.129882702201207
84,2020-12-31,9.378051995561535,14.924660850505989,78.77522104704758,7.164816984143524
84,2021-01-31,39.92222693102942,72.99352541318144,82.90749357980381,7.1913472312176765
84,2021-02-28,26.014107848121338,40.98495972844811,66.45293444148521,6.179843317667813
84,2021-03-31,21.841363750077665,36.40376010862365,67.06157864456559,8.176749031790974
84,2021-04-30,14.329004155186833,23.587762111509637,69.55633905327734,6.43465189830315
84,2021-05-31,24.025249490980762,44.9897912156736,44.18852011257345,7.588810914619972
84,2021-06-30,17.16867920641263,32.26563422125679,87.88219152074075,6.63957680835592
84,2021-07-31,18.06539144030837,29.789825993927675,78.75152000368911,6.636106712387543
84,2021-08-31,23.086204192231566,36.68800421927077,93.24846058377571,6.804565362853033
84,2021-09-30,2.9190430035727197,5.103553661391633,25.284685736711396,6.639989622015104
84,2021-10-31,9.974774780261678,19.294290791587322,30.822836513911653,7.285533182248271
84,2021-11-30,15.056150295032445,23.307820071177908,38.7659575944661,7.443758660053582
84,2021-12-31,35.820598181049704,67.61933658357681,71.6486417427375,7.060685799316431
84,2022-01-31,44.36936242151258,78.74805884944651,75.61357293049456,6.890735250008341
84,2022-02-28,39.284703254281304,61.142311687684455,69.66853335621822,7.623441632698883
84,2022-03-31,27.906837398939427,45.48088478387033,85.1893997684008,6.69669236151308
84,2022-04-30,18.977969206737892,36.133195048273514,74.10923349877919,7.016575134462141
84,2022-05-31,21.91389693349643,33.502196769356736,56.89089009625877,6.373482907740609
84,2022-06-30,38.69768134672166,70.02203919418426,98.74894288659704,6.185362757768651
84,2022-07-31,37.11538593331615,67.65934905223219,71.52099902729408,6.376766318925145
84,2022-08-31,20.51497861363276,36.22520940724233,72.96028296381925,7.499948501234261
84,2022-09-30,22.537417016231988,38.74493224199114,68.37557656231729,6.316433077659428
84,2022-10-31,4.249137877027275,7.182851464950955,40.76062545155377,8.045671232729426
84,2022-11-30,22.11367186301892,36.124038214156585,72.80194754893084,6.693032028382907
84,2022-12-31,39.34536835280912,66.53440769067755,69.48272844204513,7.493882963589705
84,2023-01-31,18.162552965235285,32.71594090573957,78.55328898867593,6.788022872866187
84,2023-02-28,8.051187543519466,15.078440161394001,52.13825386899461,6.867231358087941
84,2023-03-31,8.90300314052132,14.88072271766799,32.050927135983194,6.913617847159035
84,2023-04-30,19.083440183149957,36.95972472287667,66.53000443827096,7.093550072771284
84,2023-05-31,6.979809840533137,11.142057851996183,31.50722769482357,6.71607443859425
84,2023-06-30,8.699832392399346,15.205361363714383,79.92060244488182,6.77247212949542
84,2023-07-31,6.648952345851654,13.254774498756365,43.69403876983466,6.569577781815138
84,2023-08-31,33.18919940598335,61.88219075399168,90.1706107111966,6.572176636113657
84,2023-09-30,31.646690950135522,59.297666945516816,63.90547235444649,6.539079128821463
84,2023-10-31,4.081057724701625,7.950596144482735,31.24113514041814,5.978830327631428
84,2023-11-30,19.93730067576328,33.132102299029306,71.47240947395767,6.869403836777548
84,2023-12-31,16.15207730083615,26.70770243005797,53.277378221485414,7.278081121284686
85,2019-01-31,40.55213886500322,62.045550251773925,83.29548415325299,7.221135621597779
85,2019-02-28,15.25126495989244,28.974200886080798,42.807908018010174,6.5762548412609005
85,2019-03-31,17.345035650972857,29.631232241715644,46.83422053438389,7.493247416799548
85,2019-04-30,36.05669479042258,66.2885565022731,97.8124868318861,6.493789641265549
85,2019-05-31,8.049769039809672,15.194930045952953,45.594019378524266,7.590548498325754
85,2019-06-30,26.13522248974852,52.265521315202534,73.84732545536924,6.692641530301299
85,2019-07-31,13.193280506801836,25.336392567402992,36.495579079457094,6.737717189533305
85,2019-08-31,15.19102749425776,24.826867498673877,66.21051021385716,6.255659753305686
85,2019-09-30,9.679904381190426,16.281951287713998,67.00544421854012,6.749428909414771
85,2019-10-31,31.382511807472845,55.87834494448654,75.35349211309418,7.708829687349516
85,2019-11-30,37.622840666106654,73.98139520415943,66.37851236377352,7.191956805189715
85,2019-12-31,39.35651573445641,77.27497821685245,68.53324257987484,8.082903204981701
85,2020-01-31,16.030221927536793,28.084050791763843,63.06748299828635,7.381604531720118
85,2020-02-29,7.287935394019194,14.261848341990914,47.29942540710941,7.006847438862935
85,2020-03-31,21.698007850227533,33.81563258046009,74.3067328659113,7.083823461539297
85,2020-04-30,19.34204127340621,36.39534104152998,46.75569898593676,7.0752369556291
85,2020-05-31,18.873718745959472,37.41925117543132,35.50477591337484,7.370639113148545
85,2020-06-30,19.573738096562685,31.516300194652192,87.25581427685069,7.41334591367151
85,2020-07-31,24.33122840115654,42.33298458911214,88.74220337791427,7.394095221558924
85,2020-08-31,16.306672381860043,31.687103849232425,60.311629707267116,6.731878030826833
85,2020-09-30,12.887155207903259,24.761989714388715,36.98356391292322,7.383653909663304
85,2020-10-31,13.47229612705888,25.847874477283234,46.47133512226069,6.844473707579232
85,2020-11-30,15.582836259724994,25.47974577196521,27.540063460099027,7.565404746333244
85,2020-12-31,32.02522326886614,57.39057757966293,89.0673390761474,7.093007220776732
85,2021-01-31,21.47182674826238,36.00705145424692,38.972689024076466,6.481233430830109
85,2021-02-28,15.446037967910348,24.205622547307314,45.79293610026875,7.864696424592896
85,2021-03-31,6.473580767656644,10.002027536022373,64.06918925639766,7.027187470466416
85,2021-04-30,13.513664287454686,22.828968757128433,38.45006904805688,6.672153875062399
85,2021-05-31,22.0521540459452,33.69442824429561,95.75092578607978,6.594010698841542
85,2021-06-30,7.974648682362802,14.799209281579982,33.05099313697525,7.569135027928741
85,2021-07-31,21.806922252182176,37.86068380705363,73.28716334153917,6.8575265557107254
85,2021-08-31,21.57932325500672,35.019624460003065,63.778508438684575,7.3047907425950145
85,2021-09-30,11.615105432035074,20.833208444515304,61.2550542198919,7.0449469362856165
85,2021-10-31,48.20606551592781,92.68263830264543,80.57017877473166,7.513189292728511
85,2021-11-30,6.38563079722102,12.297204398834635,28.830876582970422,7.04834347186293
85,2021-12-31,53.91016251743629,93.5212068382103,91.32782885674648,6.834079053924888
85,2022-01-31,3.6312031246859893,6.4591170651459375,34.0391090574703,6.2880966555866245
85,2022-02-28,32.92003763999005,64.64728194962258,75.56930996066137,7.5005089147235235
85,2022-03-31,6.0312936418727885,10.232332267531435,39.784524917112,6.618442777196714
85,2022-04-30,58.732987072867076,97.61763272177576,98.44286021614731,6.6707575893959925
85,2022-05-31,17.479173897232393,29.53777380965726,44.24991649599195,6.80990262922152
85,2022-06-30,36.72362911209346,65.12178057002782,64.66610290516967,7.152046328736697
85,2022-07-31,16.114609481250255,24.438755592171464,88.91824589304291,7.36159344397704
85,2022-08-31,35.157705732945054,62.977031492009836,70.57649562579593,6.289909480770488
85,2022-09-30,32.56297875182947,59.34934512660322,75.86642352332619,5.915403015221941
85,2022-10-31,25.863543232324233,41.195972295417356,87.01881774337754,7.129691198858745
85,2022-11-30,22.354082319739366,44.48560713869696,91.39199883193598,7.623340382309541
85,2022-12-31,12.98738738733924,20.806486898265153,34.29725819567206,7.014146187297807
85,2023-01-31,18.988333029681403,34.1440566942964,34.507093279829284,7.116422823262599
85,2023-02-28,19.986055686511698,31.65537286664348,76.74124358834172,8.180787916323233
85,2023-03-31,37.4995130861596,59.72172156597558,74.37152579938873,7.149388027203653
85,2023-04-30,8.575620764834275,16.700684318961756,61.74073507018799,6.12870504338682
85,2023-05-31,5.216768553841716,9.221838099543724,31.990287144646622,7.092531678494957
85,2023-06-30,35.826704144858866,58.74980677216856,85.38857751331118,6.9400400243024585
85,2023-07-31,9.121283865322296,15.368201696015623,47.8730665381967,6.732479984219569
85,2023-08-31,41.156812713847614,71.00715493738251,96.30233423416867,5.748830713433866
85,2023-09-30,18.968371067906276,30.31474114666761,96.3904839691387,6.345165413578026
85,2023-10-31,14.184636865820332,22.677332398788515,38.66115483290431,6.3120815160016726
85,2023-11-30,13.480047478603211,25.142886468803916,38.16355043018717,6.91569102174477
85,2023-12-31,16.742731191326662,28.01873726309981,31.96468594641851,6.651167217319263
86,2019-01-31,22.186925946319334,40.71664806143284,60.134870352654396,7.563738018440041
86,2019-02-28,21.777645211053862,32.83200933824419,63.13497731441887,6.577460713955852
86,2019-03-31,15.714328911620777,29.55103597278908,30.651910252878878,6.634065993193569
86,2019-04-30,44.12900696934641,70.3790579544943,78.63832347297551,7.4538299788125375
86,2019-05-31,39.838017280594016,65.26849692601198,82.63905964213149,6.823616871399775
86,2019-06-30,22.47398369335458,44.68838845627132,52.55703643202624,6.338127426141501
86,2019-07-31,48.990687122812325,77.26449434741805,91.92343648745452,7.698114623202582
86,2019-08-31,23.701828661379196,40.879138564796214,41.62421004867166,7.051714202950334
86,2019-09-30,42.04685394416518,76.06162926384654,83.18927988029485,7.070965004413674
86,2019-10-31,27.024489873253106,49.75759666885198,79.7342794765416,7.422577447649722
86,2019-11-30,11.104082702310539,20.83245707242805,51.988340261470476,6.987859099415629
86,2019-12-31,50.165713054398275,75.91891558228366,87.39965085617521,7.632998686595484
86,2020-01-31,5.072138464487139,8.620541688858543,38.339599722887364,6.9491844833271745
86,2020-02-29,8.597818154495291,15.041494348997263,62.198177714337334,6.8800442688024255
86,2020-03-31,9.967047497375463,18.59738746492369,27.00371457904082,6.870421063334544
86,2020-04-30,22.419669324857686,40.2829301244832,70.44927934912631,8.025492707270642
86,2020-05-31,6.516438303423181,10.960451493127291,29.092106884679588,6.935876233863411
86,2020-06-30,22.134061696734463,33.22754114548225,68.25516802127275,7.770413006955086
86,2020-07-31,13.248924512429307,20.12426410217191,51.80689801828056,7.723558375045435
86,2020-08-31,23.09122614066252,45.0201937410362,97.72883438086365,7.262102050411801
86,2020-09-30,4.919899410704999,9.08031213193736,47.894911689164836,6.668870924729132
86,2020-10-31,35.28107932490182,58.94469420978964,69.66804662933963,7.037137502351253
86,2020-11-30,34.75020383763899,60.27265354331601,58.887998680019884,6.256190292508154
86,2020-12-31,5.08151665299662,7.78237265134475,33.588042702899806,6.990592964168228
86,2021-01-31,3.3050159211148507,5.499844133028337,30.993877114354756,8.210167644873941
86,2021-02-28,5.5190973909090655,10.504048185852561,46.62105562360937,7.276346253740618
86,2021-03-31,16.377430175891835,27.873010199554507,52.13445060493364,8.022277147592183
86,2021-04-30,4.793332511616366,9.035733248923831,47.77135349086015,7.38784404316546
86,2021-05-31,19.71508467137544,34.76378606559787,44.88705133747528,6.663783836249351
86,2021-06-30,29.730297386467893,44.99747545443933,72.28651894030698,6.915945000384662
86,2021-07-31,20.4898601745664,34.0585939902409,41.5235180938156,7.056641497607169
86,2021-08-31,38.92361712005848,76.83810055838802,98.92156983139822,7.033471295472439
86,2021-09-30,37.91339366847461,66.07979091174423,96.33566907207405,7.634695671861322
86,2021-10-31,27.786840035196466,45.49447985938345,82.12498345168144,8.185634023476158
86,2021-11-30,12.761329231954472,22.996573950608767,49.72889894119349,6.793595117793621
86,2021-12-31,9.792846576575842,15.90537033592659,49.61821893631385,7.075212868623388
86,2022-01-31,12.856338172562277,19.6789357990843,73.76158923888987,5.807504149053964
86,2022-02-28,35.82446036723475,70.69599244642512,80.27304525417455,6.618900454669351
86,2022-03-31,39.801942594489745,75.41933353977147,84.68733691576992,7.485044370912293
86,2022-04-30,7.637497310321925,14.412695859755237,63.58557978318568,7.957719473817329
86,2022-05-31,48.061605923430854,77.03458214916633,87.13033861359928,6.999079537794763
86,2022-06-30,18.434872160279546,33.508919304148556,65.29523498363857,6.518171771489979
86,2022-07-31,8.424970135046303,13.43757962825463,71.63925677473463,7.186675531228755
86,2022-08-31,20.56807602801473,35.77426562878285,86.3454438819934,6.6457373753646625
86,2022-09-30,22.354418443452694,39.23390148757932,41.509217663715425,6.916711271130531
86,2022-10-31,12.622000116311597,24.032070674968377,66.82907664062257,6.135426824087972
86,2022-11-30,39.32959076814196,77.48999996061512,74.57001872481348,7.4823774295939165
86,2022-12-31,32.755569540947725,54.25765660600824,76.08714283724015,6.552126884517548
86,2023-01-31,42.97571809438091,70.97956526422962,99.25360828868403,7.025721740651592
86,2023-02-28,16.890862127192076,32.122057616878955,64.82227788717117,6.520739101018712
86,2023-03-31,41.60197612127947,80.32678332073598,83.29634175249873,5.759294722165793
86,2023-04-30,14.544726372850938,25.767623289957154,32.28093783331119,7.271212927806377
86,2023-05-31,11.259693384432817,22.163571213364367,29.33463895924757,7.972540998701439
86,2023-06-30,7.652619176545669,11.86592658336648,36.71063025272247,7.055285913676168
86,2023-07-31,8.295888846102496,13.2683941334096,30.5389376138425,7.150565835920989
86,2023-08-31,18.45558240683989,27.750563028008397,47.41931422776951,6.512832323398339
86,2023-09-30,18.10800620422131,35.77820638166238,37.67748548664787,6.299500848580436
86,2023-10-31,5.7114537535500105,10.342719631798325,37.43264991113139,6.56501157952102
86,2023-11-30,17.829199203525082,29.90193914123506,31.564170483863524,7.146232366963713
86,2023-12-31,10.79288312994376,17.6680191692447,99.15980384100341,6.444339499424965
87,2019-01-31,10.566934204955944,20.9120760686499,93.56969707103778,7.300774036638512
87,2019-02-28,43.413409958434144,67.98083561027802,90.82374442741751,6.932339294927732
87,2019-03-31,3.26014402390066,5.722702875861791,29.77087934602202,6.888529571394805
87,2019-04-30,29.725915260949957,57.86184372575511,51.72789101599037,6.525944766687173
87,2019-05-31,14.85440221642084,27.222332995744445,28.71061411279254,6.983227838366485
87,2019-06-30,6.599562854362526,10.823654139845782,34.50613316289468,7.075198017042038
87,2019-07-31,30.14086932625158,53.804636123163014,69.45648631586486,7.443251512875164
87,2019-08-31,32.33737971990914,59.998579796041746,72.64132611820989,7.040790153574292
87,2019-09-30,34.706263553276564,60.052170408530365,92.18734983444385,6.724497134571159
87,2019-10-31,41.12545848223246,78.012446479965,84.57363022455735,6.449512007337365
87,2019-11-30,6.081231586668056,11.094705744860017,57.15619913338329,6.2445429543338955
87,2019-12-31,20.509939508919896,40.64406472041129,35.25002441978166,6.828029451775864
87,2020-01-31,14.467840562540447,23.743280120723245,51.964381225222624,5.934747497042166
87,2020-02-29,31.94698830446017,60.41613500423327,74.1261419045981,6.320387453387569
87,2020-03-31,48.43922189592266,95.54817782089697,87.26972089003257,7.214295882187579
87,2020-04-30,24.130380012465178,36.936934740049125,57.663841917973514,7.701534215418348
87,2020-05-31,32.37697359654022,50.744844677376065,62.721910820846965,6.803395451743907
87,2020-06-30,18.997772747733524,35.00102894594224,42.79035313447962,7.029512045861279
87,2020-07-31,12.520447438293846,24.941099757908646,97.17912320340194,6.378253173758367
87,2020-08-31,17.80917072969067,34.43471342300804,41.87211919802781,6.943266470551516
87,2020-09-30,49.2088311023771,93.49054801286498,98.56374102053367,7.532512899874824
87,2020-10-31,48.38018220912347,86.50392947183602,93.79494284868225,7.220063243529855
87,2020-11-30,13.211092625133615,22.1746404557015,34.49799267527384,7.530174594089902
87,2020-12-31,37.055445723254536,73.92886702633369,94.82884201837805,6.405069720122196
87,2021-01-31,12.569578500806422,23.99588953391262,25.83265497562476,7.004696544915984
87,2021-02-28,23.133305537277156,40.044676206078336,39.67150974233343,7.809989604925215
87,2021-03-31,35.27172722588959,65.54597887388543,84.33660792210391,7.2658101452607555
87,2021-04-30,8.780004369085308,15.312270792425148,74.08152303755251,6.544914556453954
87,2021-05-31,7.337068292285119,12.840372726051458,34.42841332289203,7.884235902953062
87,2021-06-30,15.407909340048855,27.798797489550935,77.61233981649235,7.883466810650342
87,2021-07-31,40.8246229564023,62.49531026414668,84.9628223906818,6.6259783437762785
87,2021-08-31,7.210671092415773,13.779628522072151,32.48360832347911,6.8732959145681365
87,2021-09-30,34.52614103824741,67.95851765922305,84.82633493505459,7.552933182569624
87,2021-10-31,30.249342701855767,58.1783411889737,90.2245831609962,7.936398278740203
87,2021-11-30,21.941219071088277,40.27166943526971,81.47883274605995,6.494133895667443
87,2021-12-31,16.263334860428817,31.090190363868924,27.70890413983335,7.409301303462986
87,2022-01-31,13.932368080203474,21.81915181868268,53.859225688493005,6.373161950652212
87,2022-02-28,33.756947702772834,51.95881921407242,92.3942242520571,6.904767093105394
87,2022-03-31,39.602656306895206,69.87696809862464,81.08220004660892,7.377924588503586
87,2022-04-30,14.145952658900875,28.229892760281082,81.45813101180391,7.539464520781166
87,2022-05-31,6.79783788077507,11.026948767725393,25.02638262802157,6.801447190663016
87,2022-06-30,27.973915339563188,46.52171308622931,65.872507994174,6.731000881665824
87,2022-07-31,22.251954961279413,40.78115171237249,98.58729118278559,5.887478125121056
87,2022-08-31,35.74050171601521,58.41320690524783,70.93969767413566,8.174754368525564
87,2022-09-30,9.749677598006109,19.439588425574936,30.84059796063294,6.692834095662036
87,2022-10-31,22.399938109348284,34.528555704138626,87.2084696136642,6.552778875621478
87,2022-11-30,29.623506403338837,55.963232124152015,99.4570149386092,7.496740447450297
87,2022-12-31,26.41359124620753,47.983630434582835,61.35109061333768,7.370588076634098
87,2023-01-31,15.527809911809568,28.18441626886489,39.36803691138174,7.181415042072569
87,2023-02-28,24.175365115413605,42.60330010569158,87.24365158750541,6.922132085379773
87,2023-03-31,18.384815652008957,36.61356764882021,93.07877727650923,6.955209955593395
87,2023-04-30,27.679118704331895,54.69464920565715,72.71633674997425,7.594274015572557
87,2023-05-31,4.719575774636404,8.971989486374257,30.022877597059182,7.840964306651843
87,2023-06-30,19.133860381124588,32.40783342537589,86.3097372098843,6.605757840455225
87,2023-07-31,12.144285182258276,21.026073486997866,31.315346373563294,6.691867001383953
87,2023-08-31,23.724273472608246,41.1645811127789,96.74700652016055,7.252560310954998
87,2023-09-30,51.63732362618586,92.43993385402932,93.22408496264443,6.961881807195537
87,2023-10-31,10.478181038268238,16.86942066807632,82.295294441568,7.054730310164519
87,2023-11-30,8.024024413015184,14.736612651482567,65.3376481644052,7.002114978394005
87,2023-12-31,12.372709102808143,20.993942767865835,35.49757758268142,7.585010012344922
88,2019-01-31,12.49688872587934,19.63047965178412,67.5679899597732,6.392169318767244
88,2019-02-28,20.076525752823315,31.076889570170913,59.06394987835018,6.89810606735204
88,2019-03-31,22.45258813131985,35.71711376931875,63.39751933679606,7.08924007878576
88,2019-04-30,12.44535308501685,20.16448681763409,39.70183706368464,6.4112857637764495
88,2019-05-31,41.78053523046848,68.05947607661457,86.71029553723798,6.505019566895243
88,2019-06-30,7.539169143755903,13.626095145424797,27.308778698191986,5.825276443018249
88,2019-07-31,9.349677406881407,16.46880043237886,42.91977287424947,7.278962178277813
88,2019-08-31,10.307618463206042,17.236205977813302,28.488410235203027,7.272353027960743
88,2019-09-30,40.83745059142053,71.34116100375861,75.82982387615782,6.919497702146847
88,2019-10-31,22.720528798473357,41.320420231794024,39.46596250641004,6.195741388517654
88,2019-11-30,14.02903520653402,26.461282212550564,27.2771790561026,6.430832018050891
88,2019-12-31,21.81020628242312,40.245350277443634,92.22039410727615,7.012730321362387
88,2020-01-31,6.139372170739985,11.974910126402227,29.67674159917344,6.84248585935983
88,2020-02-29,12.804058739683674,20.74938840781394,28.14091427815681,8.109974179544716
88,2020-03-31,13.550657801958899,24.947525643247566,52.619833843191174,6.216681907609585
88,2020-04-30,15.981960818902033,25.946488034838758,74.20732977642211,6.500476962567499
88,2020-05-31,17.779213695191217,28.261462279457728,41.59153053883848,7.340952812973477
88,2020-06-30,18.801808733085867,36.25809603460699,31.985654736743154,7.324013514559981
88,2020-07-31,8.202552832226079,12.490177422683042,41.6139295288137,7.215686144337564
88,2020-08-31,24.858497062360115,47.000317006573404,60.167295157047214,7.533139355880243
88,2020-09-30,12.580774969567523,20.412658754640372,99.81270509855077,6.8847191912372
88,2020-10-31,16.297708198030232,28.80099761153058,52.695642314405504,7.451175072122177
88,2020-11-30,26.66463990101264,45.32074198537736,54.779439683785185,7.492909359950564
88,2020-12-31,24.871038444650377,44.00918081672992,59.456613742421276,7.0184612498094925
88,2021-01-31,8.221610118237896,15.001896901326324,71.23428796468241,6.9750952908588335
88,2021-02-28,28.579944736904306,47.742353223165516,92.01476252521654,7.0798255185137915
88,2021-03-31,45.15421847626966,83.14606588897777,78.9462676052318,7.849414358989268
88,2021-04-30,27.257730219078926,48.307972539522694,57.90513863177705,7.02290809403417
88,2021-05-31,35.077108779069356,60.102001740482166,66.2648492088393,6.63595558955873
88,2021-06-30,10.523410312121078,17.341727426127783,61.989493945937646,6.301149503895074
88,2021-07-31,28.800936121808913,48.629196783946256,93.39800271618138,6.834501779010917
88,2021-08-31,25.31122151581381,43.22305169878463,66.03270183982994,6.806723626484773
88,2021-09-30,19.776684523465534,31.97666683210129,45.895283853992694,7.310604000424861
88,2021-10-31,34.75042096667769,67.07421579001513,95.55126936637313,6.561755768531947
88,2021-11-30,17.14836908934828,33.6274145483864,93.82630974545158,6.44131831353536
88,2021-12-31,13.537285759113738,20.42286608838186,43.894834555415386,7.035824940839902
88,2022-01-31,21.478694955054042,34.31550585146125,64.13607482649212,7.529225593041082
88,2022-02-28,11.643898510517445,20.874999791773504,89.17904516620716,6.975624403268068
88,2022-03-31,10.579324771336385,19.034281784176947,86.72054293035016,6.838936715412072
88,2022-04-30,10.690095977235444,19.351005013499087,52.33557939611601,8.211540780595469
88,2022-05-31,38.17811981329967,70.14586712082267,85.65185608943601,7.218824422614089
88,2022-06-30,29.888872684436173,57.20095907848404,60.1325132093106,6.977888026405058
88,2022-07-31,31.826844417548884,59.171481763020374,54.65699166293729,7.052347634381705
88,2022-08-31,25.051814656102795,38.98268729170018,80.31360532862693,6.883087284999225
88,2022-09-30,23.965706612012905,42.88429836963576,47.1158693277628,6.43266460327461
88,2022-10-31,9.138924197713067,17.973541481160616,45.395882730053984,6.973121831153319
88,2022-11-30,13.151770302348428,21.646386906387622,34.30956887887175,7.342981385937473
88,2022-12-31,34.47887921600904,66.66758860771094,93.2727155234898,7.4172782164318765
88,2023-01-31,28.066053680217546,53.53968523264852,87.10983034105813,6.854481080369817
88,2023-02-28,39.72364321227157,76.38970195005729,77.46777526022825,7.058678650402999
88,2023-03-31,21.665583350232012,40.4848173153957,42.74143593129576,7.008299570556588
88,2023-04-30,15.861676247660794,26.799818371734094,51.28296601261727,7.171902576620906
88,2023-05-31,16.20020976387336,27.5051020075181,37.36541032746347,6.7433316692535294
88,2023-06-30,22.269704011468747,42.729099221115284,58.66588218319085,7.110165844542257
88,2023-07-31,37.38779616252397,65.53254826218705,65.24696804670808,7.587567035155215
88,2023-08-31,13.127111740195508,22.545969258236397,42.143886292933495,6.844563069794433
88,2023-09-30,11.254360829625236,20.74126493496705,61.536796323460074,7.1972421337103984
88,2023-10-31,15.159274399700683,29.753131819153197,66.54240022952375,6.902076391395567
88,2023-11-30,10.816338961016916,17.955016704951127,30.131341540751514,7.28674813185693
88,2023-12-31,11.068207041493947,20.704904466329843,61.38273484683694,7.512415766501109
89,2019-01-31,13.672344359314868,26.82717720935096,57.529187081953445,7.443843526598128
89,2019-02-28,6.804886462023983,11.30638470030936,41.63158147836401,6.165300115058717
89,2019-03-31,12.958826192524228,19.605656154199412,66.10785145318313,6.335098428773174
89,2019-04-30,14.820047287937898,25.49649060616199,83.074176810082,6.774168325577941
89,2019-05-31,10.614396717709475,16.38654450150179,72.69135849124338,7.8370801786673825
89,2019-06-30,3.766613567456122,5.949419269995271,27.4266615795797,6.7525128053801415
89,2019-07-31,5.069329231927717,8.98677637073607,40.80040632459644,7.304166055014128
89,2019-08-31,36.02585628480104,62.30092060097528,99.16885359811086,6.937523746031385
89,2019-09-30,19.56261796948872,31.021309621029985,34.000722924135275,7.271055936145207
89,2019-10-31,32.011315675613304,50.55943277617741,63.011438867545806,7.443728351432057
89,2019-11-30,16.321949107511593,25.091188108172457,59.64345406237066,7.764100303144728
89,2019-12-31,28.108841712414268,50.60119700603993,54.63001693037719,6.734307735046253
89,2020-01-31,42.60087236805569,72.99858513457255,80.85787053350161,6.656249056916704
89,2020-02-29,20.755858829042324,38.44929950762263,55.57209824688658,6.81146703311352
89,2020-03-31,27.582877898992567,50.12639373942147,57.99876908678887,7.41511469725862
89,2020-04-30,16.82180351344467,30.29709178982113,75.45561286748114,6.375724184549666
89,2020-05-31,17.011055765036403,27.867813145908467,38.57706276744965,7.620929799198696
89,2020-06-30,8.734267534237112,17.35671382062826,67.29275107970737,6.44719617943705
89,2020-07-31,5.9946041599544335,10.337244946585347,26.105088335551436,6.523140467139328
89,2020-08-31,37.05647878364234,61.74212566321348,84.05140154996438,6.855469961629823
89,2020-09-30,33.081130994409826,58.86052363733569,66.75190793230514,7.2656897928132915
89,2020-10-31,14.129717653506194,27.574566367074556,59.30516643998125,8.42201124905546
89,2020-11-30,37.4338702968544,70.60249670180124,69.05048697742848,6.569974855683604
89,2020-12-31,11.064563007035966,21.188220318939408,34.00239052246573,7.0275059969336375
89,2021-01-31,35.14096095647876,61.95027249602201,79.25919184406438,8.203527789769172
89,2021-02-28,32.93018105642999,62.80570412055254,63.746899802802,7.023686559388563
89,2021-03-31,37.22634472119576,63.61717529407596,78.51938054442405,7.423535041200326
89,2021-04-30,19.235960556632083,36.459063363603754,51.83140092596432,7.113811396241268
89,2021-05-31,13.651060834245062,27.119780648877807,26.988377692587825,6.32953078726502
89,2021-06-30,23.31104253023253,35.24830265484782,67.26262327963681,7.588784567413067
89,2021-07-31,21.275004355776304,33.53332734417885,69.94994667698026,6.650685703801846
89,2021-08-31,31.358074392466804,62.667962937994375,64.84770970188661,7.814186380472781
89,2021-09-30,3.996687633199889,7.437969517558776,37.75781509988052,6.889943310311573
89,2021-10-31,25.127044892757294,40.413708642742804,84.80888145294506,6.218266403838112
89,2021-11-30,35.08581024676596,57.763877210079286,75.11278888787791,6.9343554775861085
89,2021-12-31,13.203784493666298,25.02398459704402,35.382753362491364,6.762555655971297
89,2022-01-31,33.05186373875172,59.570699873932696,86.99255374092583,7.762450759888348
89,2022-02-28,14.387623729700882,24.01367312579627,38.56742549641879,7.16539400449886
89,2022-03-31,33.06987684959243,65.79395709220964,66.80520927968807,7.320057446217447
89,2022-04-30,29.85736755245711,45.15649168628018,99.12821260217396,7.69409659962086
89,2022-05-31,17.00833545125872,28.162343577319874,79.02602414085032,7.791159798519039
89,2022-06-30,29.4618681701559,48.63503095314464,68.78617311784411,6.316108810170307
89,2022-07-31,33.70228253909426,55.47679220788576,62.62544553798409,7.426117773525313
89,2022-08-31,45.894673479097165,84.65607521977374,85.98001518994246,6.899822786167813
89,2022-09-30,24.030139456641102,37.55650466743226,83.1489595333263,6.352633761682455
89,2022-10-31,18.499594741189394,36.59442510282271,79.0979947582096,7.485897644046346
89,2022-11-30,19.175756085493774,28.987577730384377,76.52437336512051,7.007515731856416
89,2022-12-31,18.899271646265735,32.8489183957548,77.82794942184722,6.987001296174183
89,2023-01-31,39.91090909282437,71.58911717107398,93.91244597987854,7.710413872933306
89,2023-02-28,20.834315975608213,37.12738187211978,59.58596802467182,6.508004048571948
89,2023-03-31,5.5488020736335875,8.951736470693234,47.94548339872836,6.490941912931653
89,2023-04-30,12.407596389065507,20.20859375927191,93.53210257453651,6.290422747298527
89,2023-05-31,16.868473699303728,29.958571383970153,84.18816703108398,6.131684497260721
89,2023-06-30,50.734713835082154,94.48281272625786,90.95385923847705,7.31005858644704
89,2023-07-31,14.304911929896374,27.635671982160016,32.25888404080175,8.047797455698264
89,2023-08-31,12.653904943635434,19.11924331680644,69.8464892863647,6.579669168791318
89,2023-09-30,39.052466610749775,77.18549352115433,68.35012440419682,7.739160757924671
89,2023-10-31,36.69502957306599,71.90228232217937,89.66895769877978,6.358235683018327
89,2023-11-30,28.77777897365386,51.258570679697556,67.37582667679422,7.165433739897082
89,2023-12-31,12.468988257393992,19.301582353202953,44.74263649596241,7.000790451860173
90,2019-01-31,55.80181426111858,108.0207171166666,99.90627221661816,7.509914141809656
90,2019-02-28,52.345378881098576,100.23809745188238,96.32118698876464,7.446767120016013
90,2019-03-31,39.600266241486295,78.95431221281956,77.12104143884895,7.012581832803339
90,2019-04-30,29.55024792385556,55.73306524500551,64.70979167195132,6.863597663633661
90,2019-05-31,28.401916569395063,55.55975796327247,79.3340489091583,7.11844829736311
90,2019-06-30,24.08925874628385,36.181550400964205,66.36878344165255,6.645378306543916
90,2019-07-31,39.632342538653106,76.92544740377342,74.27736198371944,7.089334157890184
90,2019-08-31,19.27073674427257,36.322841439697875,49.88044623089724,6.221408827444066
90,2019-09-30,19.489726629682725,32.77477263879735,64.64341160251576,6.346947047854939
90,2019-10-31,13.629270186142879,25.973152310252313,57.73199001402556,6.632364531596914
90,2019-11-30,9.67345308844675,16.543550647117783,42.44529654739605,6.84293551880999
90,2019-12-31,23.203690881432124,37.13527692058811,63.726951407913496,6.212198008152404
90,2020-01-31,41.42612095996341,68.87573867515599,79.14067001689533,6.422569001756622
90,2020-02-29,30.95121030244645,60.58777412269242,56.21434754080576,6.966227794127466
90,2020-03-31,13.562871581351285,25.482694666699953,50.29680938600797,7.203432102484776
90,2020-04-30,23.420164924786302,38.22091519348173,60.98784240413541,6.786591028710712
90,2020-05-31,40.40841572210981,68.55475355139832,96.46973992257281,6.816372292349244
90,2020-06-30,15.348103024400856,30.042379390457594,36.33884816704287,7.060847132156991
90,2020-07-31,7.5788324402901415,14.523911961102216,27.55535203416286,7.558105623732668
90,2020-08-31,24.67083999306065,41.42749917249118,84.10567594631267,7.875153597167231
90,2020-09-30,24.007952446531842,45.50784782574799,78.73488227104679,5.876879084572769
90,2020-10-31,39.78021774659325,70.07048605184771,85.78732520754068,7.680954116493259
90,2020-11-30,15.713478715547303,23.78556921476964,36.56621428055053,7.923184293398805
90,2020-12-31,55.289496467342886,103.79098151310623,92.78009379907853,6.210381423201233
90,2021-01-31,43.82064989965351,68.93020646356392,88.20062714097485,6.115419701226099
90,2021-02-28,17.2028971476621,31.6385585225129,94.00212953789993,6.936725728419775
90,2021-03-31,11.32278051539911,21.520876704333272,29.861265507142363,7.28217176866077
90,2021-04-30,15.357426580436918,29.718026329172606,42.38790352611714,7.384539945353596
90,2021-05-31,50.68507993102493,89.25386110557255,92.94074834408211,7.4298357125570815
90,2021-06-30,14.345109509771769,24.383088405014593,69.67922921491301,7.455736459216067
90,2021-07-31,16.768168651704805,28.866942315260722,56.027304942668245,7.022801886663366
90,2021-08-31,25.77085152750827,40.37788982091695,98.9738959056604,6.992334177830754
90,2021-09-30,22.70877656854787,41.339273951109206,49.384207476329365,6.836749526780258
90,2021-10-31,8.496506978910707,16.860131436796706,37.349521133946865,7.096963639952211
90,2021-11-30,54.56271085548152,102.59347083740802,93.2629855564827,7.174824503893317
90,2021-12-31,20.561791592757068,34.41673602108854,65.82302561545869,7.262974876806091
90,2022-01-31,15.30697868185878,28.036589399584315,33.74343729417641,6.979658287547089
90,2022-02-28,44.688898681587915,86.89264611299349,77.98804363519893,7.214277334410166
90,2022-03-31,19.4249105066749,29.372935627736116,47.230802757685595,7.238705979989425
90,2022-04-30,5.3969582019798015,10.162705029609514,38.738549011152315,7.412089869753583
90,2022-05-31,31.63476226769618,60.61397540394796,98.92083097205744,7.006066774742204
90,2022-06-30,40.3697402841794,63.099452009337675,77.14139468530657,6.251892276994489
90,2022-07-31,12.010317202524048,18.307365828696735,32.4573726994456,7.242088585299036
90,2022-08-31,17.361664193510002,32.63431787114843,61.30495083255541,5.929550526210064
90,2022-09-30,25.283480229831778,47.3021047862295,79.3393263274539,7.2881652405799064
90,2022-10-31,31.818294230286128,51.11188116824385,54.42758956296255,7.082791666486856
90,2022-11-30,12.031754458363123,23.995864957619496,31.075011933631586,6.048154263792813
90,2022-12-31,18.27138329928702,33.52264561282029,68.87091399394117,7.132766140320068
90,2023-01-31,7.062950667140918,11.856128800270703,29.979570583896468,6.60718841481905
90,2023-02-28,11.11248721341418,20.369941423441986,40.11176854747786,6.82403272624939
90,2023-03-31,8.60609387993085,16.517745620376413,30.92112295717451,7.307676846274315
90,2023-04-30,34.27703297169517,66.04293571245505,70.3262122311202,7.260461862448995
90,2023-05-31,24.75238316502764,39.16620141185554,62.474490278033116,5.856177341370918
90,2023-06-30,10.230875084892194,20.00433893894298,59.74015382132197,7.525445722789854
90,2023-07-31,9.99323454002341,18.631159323772597,72.28728278283862,6.658925138708145
90,2023-08-31,50.450655950342274,89.67259067874673,95.2367051313659,7.229445330675506
90,2023-09-30,27.487109052329142,42.99116812472943,50.93111785925684,7.172462727370605
90,2023-10-31,30.900905138471206,47.002988314201765,55.07569274294412,6.819390023226939
90,2023-11-30,21.974913418895923,36.791626948184884,42.76048602257361,7.671093262396029
90,2023-12-31,13.041603746811742,20.95399153364527,37.26504820478009,7.098915244105502
91,2019-01-31,18.772440270368843,31.45601493334271,92.4060013920568,7.197152855828079
91,2019-02-28,15.119446457603697,28.245798926963904,71.52894613903715,6.212997362764458
91,2019-03-31,11.382766787125579,19.00699101267822,88.71724283474614,7.12902074564398
91,2019-04-30,10.337276898389833,17.863519218693362,42.05435464384273,7.53355487130509
91,2019-05-31,22.068502118326432,42.61671296272551,64.83527491982738,7.129107842955662
91,2019-06-30,12.869293000201242,24.870692931547435,84.18556448670057,5.83943509273567
91,2019-07-31,8.95657111879405,17.52168840466663,66.65541747401788,6.912848039309994
91,2019-08-31,43.649449870455825,79.29693682141465,80.32603204540806,6.826949738030977
91,2019-09-30,3.8439728432496225,7.579131432143262,33.81014419441603,6.0116621898409575
91,2019-10-31,44.764748506418854,80.53311380302543,78.97434652504994,7.411204957388798
91,2019-11-30,50.56433750866723,80.44442061657433,95.30912619115477,6.750329614793765
91,2019-12-31,35.622420997793746,58.61194565636437,81.77501120343365,6.924404925107497
91,2020-01-31,46.03352391487524,74.82195799538707,78.83831902362373,7.174493419596903
91,2020-02-29,7.997756056941479,13.150838118660722,28.280261442328882,7.238740366147175
91,2020-03-31,16.38730611415499,24.892296481626413,77.56985510446123,6.9334441863175895
91,2020-04-30,11.821826892891758,21.311385078503562,55.15490731180855,6.482203118755671
91,2020-05-31,11.183893826511156,21.964024471495005,43.0425064054633,7.446002767670558
91,2020-06-30,6.916227596972764,12.173649365503902,40.3278149419386,6.8825720837678555
91,2020-07-31,35.552451763357524,66.24061476185851,92.35471916701485,6.725232601427459
91,2020-08-31,23.233966513265045,46.12087881652606,64.70656268657658,6.960874020783328
91,2020-09-30,7.672046658187345,14.232027899040272,25.382595012853944,6.940557362176149
91,2020-10-31,39.92937325392882,76.8941748892161,89.87062116823081,7.219849224393469
91,2020-11-30,6.5625662047284266,11.718968243811906,28.19025398914539,6.802528893400503
91,2020-12-31,12.356136921803534,24.382401095373297,73.13420293596674,6.6983595354145855
91,2021-01-31,17.947389290812453,27.177842284860112,37.150314671232294,7.326925634448382
91,2021-02-28,19.69840555241316,36.279086124705316,73.59934308856991,6.5779698318261035
91,2021-03-31,22.022200806274864,43.22144140243246,43.84981914125807,7.56888671598475
91,2021-04-30,41.00514189875692,78.22305227916803,98.96993030281635,6.414268529387268
91,2021-05-31,30.058788458198023,46.310431922901806,69.5089233412234,7.1546547312385345
91,2021-06-30,18.814014912802225,37.1010890116225,33.275283368966086,6.942115271322545
91,2021-07-31,9.170224486061008,14.650855609878299,59.93854672277576,6.593626373268469
91,2021-08-31,13.808923671998,27.48255661907288,91.51019353719553,7.720704804295582
91,2021-09-30,9.456880290838775,15.553955894827222,84.98431967477084,6.701663749489472
91,2021-10-31,30.939456560421103,48.00738808401597,55.23830261434572,6.95243545305419
91,2021-11-30,9.563399641848326,15.664698700700097,60.41413384702531,6.533752625387493
91,2021-12-31,40.14067041186944,77.2513955910956,83.87520077956178,6.166303056703692
91,2022-01-31,12.993633743771515,23.603676330559068,40.48790190568645,7.074292153457961
91,2022-02-28,5.918421123852289,10.43340599404268,28.959474610719873,7.408486784354076
91,2022-03-31,29.027507768182872,52.71263137928433,54.42144324447518,6.909837958349175
91,2022-04-30,52.49107501993281,102.80560041006343,94.95195579420987,6.137096136309547
91,2022-05-31,29.71774258798229,54.97893493922873,77.05541369561072,6.799689765088007
91,2022-06-30,11.878511127024714,22.44868122197606,28.279744292040856,7.719534232762606
91,2022-07-31,35.955621573897126,62.99538355346633,90.1684034143069,6.630846101359824
91,2022-08-31,25.127125113632765,47.91931185251147,55.372738449617664,6.915906926339584
91,2022-09-30,16.29417696091724,32.06586722914661,44.867699910005896,7.650550820507809
91,2022-10-31,30.23350801300588,53.86505195991479,51.63222445962749,7.635730359344259
91,2022-11-30,11.56139726882964,20.633743930564936,43.66468465348968,7.137775260799437
91,2022-12-31,29.264866510342653,46.79584499971733,48.84759993444308,6.034308815294262
91,2023-01-31,24.153984390940433,42.30078766832894,43.31163806282894,6.537369283760878
91,2023-02-28,3.596809775867103,7.0335324345310966,34.3053611942259,6.838453839002518
91,2023-03-31,20.862465183503055,32.116754874687125,53.65862016736578,6.641041781859016
91,2023-04-30,40.34366823701203,60.72628162424201,69.55209298196392,7.369231928769093
91,2023-05-31,13.11930035527116,24.1881588327066,91.77046442758274,6.914899217626235
91,2023-06-30,12.563499693766701,22.695293710917245,57.27955412143529,7.255328150348641
91,2023-07-31,10.1724143373237,16.398861172100943,28.96473587248387,7.368974188869042
91,2023-08-31,15.22933261967048,27.857850101180812,26.553432022639278,7.163485759966551
91,2023-09-30,3.357230933028404,6.664449702876454,29.44248320693997,6.742449668574834
91,2023-10-31,45.579825449582934,84.86473994005028,86.10098289995429,7.199143509197989
91,2023-11-30,12.984606284613566,24.838140374991998,44.178224580322635,6.879496845555321
91,2023-12-31,21.83392894793662,42.162214264666446,39.36527251666126,6.481621607796987
92,2019-01-31,30.469977410340256,46.2255368037044,66.39867075985815,6.36942098227498
92,2019-02-28,6.387967918501802,10.177298029051908,35.14341601962452,7.546081806588697
92,2019-03-31,22.35492368905301,38.60993697764576,89.02718802133919,7.238148850146018
92,2019-04-30,9.870376764809983,18.93002710699465,91.88872108599746,6.412677391971841
92,2019-05-31,34.322770266200536,52.46712016267068,76.06551443554231,6.551414733845482
92,2019-06-30,15.454693777639847,27.9134786679287,69.36392122232276,6.8047313646339935
92,2019-07-31,11.424536807796795,17.267280789857654,39.58103575791497,7.098119379495767
92,2019-08-31,11.207699885361414,22.00453666639327,26.07483074126344,6.801998801714959
92,2019-09-30,22.348014727407353,39.563805978659516,74.67806093288048,6.810000611486784
92,2019-10-31,8.452652949562706,15.261876151242019,80.27707060646485,7.262607377174925
92,2019-11-30,53.08103830801109,91.88372790804473,98.33267252369777,6.753317352367754
92,2019-12-31,12.409029193108369,22.809049245343914,50.60990101330322,5.981375561005953
92,2020-01-31,6.697984765978051,11.343158437029626,62.294496727080386,6.97017543999395
92,2020-02-29,9.53180058945145,15.662732330663978,61.620038169647486,5.928605447153606
92,2020-03-31,48.77212610371021,87.0149262644665,81.55818910289388,6.677729031827704
92,2020-04-30,57.36399152605453,103.02583621177166,98.31721444517694,7.081442043396607
92,2020-05-31,15.20661779233532,29.107747775720227,75.42591906845558,7.68994340694485
92,2020-06-30,29.338730471748534,54.6649414478613,54.10687561069133,6.49884556714989
92,2020-07-31,37.38243065633158,73.445882281239,66.76753754154177,7.331420704303337
92,2020-08-31,33.094080677892926,61.25253966053437,71.2361771201493,5.908399818708551
92,2020-09-30,44.80472167993191,78.75080040425536,89.88933425557506,6.5525766353596575
92,2020-10-31,14.797052442513301,26.643239965228588,38.58765389147698,6.214962869095307
92,2020-11-30,22.12642863269892,41.60814958509416,49.84156034856966,6.728015510423783
92,2020-12-31,31.40116206411109,52.732557784450286,87.76249468630324,6.64277384740938
92,2021-01-31,8.166696200598983,14.165445370901255,32.60075179977488,6.440201724307784
92,2021-02-28,10.70412597372269,17.916523913798354,32.645632529554085,6.31369133211311
92,2021-03-31,9.870984686699222,14.984555378732347,34.87898795300026,6.554838611862862
92,2021-04-30,11.321665615869522,18.73837009803416,48.88270477201562,6.51542595125766
92,2021-05-31,16.326653150759064,25.84310982450736,52.8005778591724,7.346665054593484
92,2021-06-30,17.285797351261973,26.133318530963674,63.905585463639,8.880077624287642
92,2021-07-31,22.53895836575795,42.39187321653107,73.74521292630276,7.327197848998284
92,2021-08-31,23.105315639437602,38.56065411734318,89.32039097417747,6.80132443569672
92,2021-09-30,15.331135853969876,29.122105435908313,35.915835273542754,7.042780173833657
92,2021-10-31,9.036038840203872,14.302211837653394,38.947284801425404,7.861172007796114
92,2021-11-30,16.76944232020392,27.977987930564442,44.351565310311706,6.713154710782303
92,2021-12-31,16.412781132966376,32.74391393232451,89.21481134408336,7.1307164429803525
92,2022-01-31,10.31150885719464,19.760967058930376,31.489036832059384,7.299685384188729
92,2022-02-28,10.375480106273148,18.39913976198257,73.32725724195335,6.5745642807758236
92,2022-03-31,14.936160064825494,25.994310230756472,48.119629999054524,7.520712514825622
92,2022-04-30,12.505173117514598,21.863225192780984,81.23020436877671,6.882942748946591
92,2022-05-31,7.957250723594034,13.261387296029087,63.16735841073791,6.5575727123955
92,2022-06-30,29.407892496938807,48.91476583589278,65.17345301756893,6.652719951554387
92,2022-07-31,11.61417392768978,18.373886432547618,82.63241988982269,6.964541617303133
92,2022-08-31,12.487199323831568,24.191506893063238,73.56634860620431,6.717104485062933
92,2022-09-30,31.344010504332722,53.488476967319386,57.940832334641,6.504622586843837
92,2022-10-31,14.64372611506851,22.930978309136894,33.17275946697249,6.871363559494807
92,2022-11-30,5.679408149290049,10.685909627769078,42.331746034302924,6.89556891977267
92,2022-12-31,34.872239381754994,53.248455926546995,84.70279638838859,6.609167249422327
92,2023-01-31,23.560540511069558,39.18939244774438,56.1801196791407,6.169115476122266
92,2023-02-28,33.15401678588354,53.59848158853071,96.99010104081485,6.425264540450804
92,2023-03-31,11.77826188376662,22.56407601821756,57.01900298540992,6.415080299502912
92,2023-04-30,7.098050529100033,11.289488342698304,31.657504822739256,6.4702074717184805
92,2023-05-31,11.347573342143008,21.483544687674645,49.93502506883681,7.412873643384361
92,2023-06-30,13.015139481176016,25.248291421316797,41.064095954364596,7.0875800900555275
92,2023-07-31,46.80999411225381,73.55779546003366,99.80711754161459,6.391723092217119
92,2023-08-31,28.700535513393373,50.7894163564034,70.25396364978411,7.372194097208154
92,2023-09-30,12.973780220239094,20.569684304339937,29.42299057230288,7.34386195652344
92,2023-10-31,31.798920850977307,54.610854015015335,83.76230295702062,6.6545768837536245
92,2023-11-30,47.17555364673349,87.12310861503641,80.17283754102148,7.77068229707601
92,2023-12-31,38.01250425503744,70.1485736185651,83.25090852071368,6.789458242688744
93,2019-01-31,17.684714592340658,32.49126098924141,66.76329603858795,6.213404188511634
93,2019-02-28,26.163650707994513,46.35592195596392,62.82551282283823,6.910203216911046
93,2019-03-31,15.325349958158743,23.592762237523587,39.00842462860247,6.612358119682459
93,2019-04-30,14.279885909431005,25.963772223962057,91.29867976604457,7.155569742212727
93,2019-05-31,21.152625327131044,33.63556283913031,61.23064379284762,6.700256683338161
93,2019-06-30,13.618328680330498,26.168651419500907,95.77935038206833,7.589864524307271
93,2019-07-31,17.40152530806988,26.793287437114966,64.17783468205492,6.275374101055069
93,2019-08-31,16.788235114081647,32.388166238658094,53.937846453997636,7.268172049822347
93,2019-09-30,46.825395615519014,77.08741152164045,97.33401454297558,6.818568071417758
93,2019-10-31,41.74180488594307,71.59564219263041,70.00488084423567,6.17772180743689
93,2019-11-30,25.794639847404024,48.424050444523985,46.53855053747773,7.801177215789602
93,2019-12-31,8.098879828853914,13.078882892090407,38.50013252559919,7.400728071010029
93,2020-01-31,24.232556692326426,41.698863532314995,64.65671678862839,7.1553654416915204
93,2020-02-29,22.8187508768651,43.639641290260606,42.44755141540313,6.126647162907506
93,2020-03-31,13.98027849284736,23.971072099491252,41.20931515098926,6.762006223547956
93,2020-04-30,32.295373759650914,57.47659800397856,54.26467753682868,7.1167243035876195
93,2020-05-31,37.591498706312855,64.77914510133229,67.83692209917507,6.330307541095072
93,2020-06-30,12.443304370823094,19.064768251431946,41.50274730672807,7.425814918922244
93,2020-07-31,32.13935839759423,58.569981762678005,85.80752861935068,7.495691237698508
93,2020-08-31,7.8045764318684725,13.409520064664955,70.42720880225343,7.641214952761773
93,2020-09-30,30.939881216665736,56.94124263160303,53.54042483745641,7.400384404616955
93,2020-10-31,22.149254098560323,41.98394751011903,47.68300423281717,7.119185747267728
93,2020-11-30,20.735189137661063,34.7759016509135,52.73588635163764,7.557786171714886
93,2020-12-31,34.30389588790255,64.56580880093921,57.31407897555293,7.999453445599576
93,2021-01-31,41.30951990210237,81.25098255712365,91.7903893103773,6.735101656874976
93,2021-02-28,28.928396514676354,54.5350328412998,83.95184497711551,6.602141747159022
93,2021-03-31,7.296277279486426,11.184483805649602,34.09014462000508,7.540521819701484
93,2021-04-30,25.77950066989913,43.46520768410058,49.75818862409417,6.860179215622407
93,2021-05-31,42.601295667917476,65.25889875252209,87.23082020061189,6.835679621058175
93,2021-06-30,14.242151124549986,27.790464896640064,52.90501296720875,6.743961631042261
93,2021-07-31,22.31725475415976,41.710565187144326,41.419837793021834,6.327459249045625
93,2021-08-31,14.274495841599316,21.570850218931813,64.00321244713717,7.6260383487440935
93,2021-09-30,21.53307618506246,32.49219651159997,46.187811680695376,6.422129732870095
93,2021-10-31,13.33503374194921,23.237537428704062,85.8271711808287,6.730036003818154
93,2021-11-30,14.584076691001227,27.41867560495564,53.02002630043833,7.283558230610642
93,2021-12-31,32.769941494651405,62.23036841656553,60.187586196210106,7.849607700845513
93,2022-01-31,5.219323359988153,10.287701595890747,25.72394147566601,6.830542611242475
93,2022-02-28,19.481532830076535,35.1138385419352,32.796014265144365,6.550611284769849
93,2022-03-31,3.7094941191439994,7.122207788585946,29.27528334428002,8.22258525054103
93,2022-04-30,12.533679605838167,19.246530096638168,49.067934214120235,7.1667354256796285
93,2022-05-31,32.00861513651466,53.906048952992506,87.72992255132428,6.928542174476056
93,2022-06-30,40.37628838716161,73.07211553552689,98.50872324611784,7.206948457808469
93,2022-07-31,12.75002145881204,22.734352827567246,68.83296108685241,6.956478388363588
93,2022-08-31,42.56727932522897,66.16299587775656,81.31877400458748,7.159903328938643
93,2022-09-30,10.163953528910648,16.26555643503044,45.31223187229025,7.230166737533949
93,2022-10-31,22.86384384281168,41.38662114227897,56.06082512909501,6.119594514182701
93,2022-11-30,19.130010372634988,35.343953378701244,54.46315176135706,7.1988096713527625
93,2022-12-31,25.160181659156997,41.75445419967457,46.51199541780504,6.734544249935184
93,2023-01-31,12.219035516883396,18.838826478049853,49.31683911256449,6.55105078829033
93,2023-02-28,11.305735615672466,18.782473795257584,41.26557000530169,6.307258384797
93,2023-03-31,44.12208069584408,69.31853774071763,77.81847732289941,6.579127362940927
93,2023-04-30,19.858330670818702,35.803854119275314,53.57892876686362,6.365310962306007
93,2023-05-31,30.739253044328922,48.806631231847724,68.26812313437658,7.263709312540007
93,2023-06-30,29.278815566141464,44.42136608415376,57.8796598609164,6.641070107460468
93,2023-07-31,34.62987182564328,59.34939187946111,61.18623886148501,7.669935676192921
93,2023-08-31,36.96004713365489,61.63250690967944,71.83319086940354,6.950154863646019
93,2023-09-30,18.943984450270058,33.42457683838351,41.2240620265073,6.224175824129834
93,2023-10-31,29.56064032025831,56.42653024263621,87.66668450115613,7.385176331897813
93,2023-11-30,30.637606101414228,60.77101977571807,80.71106298451141,6.893096318612904
93,2023-12-31,23.088827204493256,38.59645850583075,90.33171325854691,7.549901777234295
94,2019-01-31,15.015514482883843,29.345916617912472,25.78890707924402,6.704168030755077
94,2019-02-28,5.719333366134503,10.160271124494129,50.909529667906156,7.182645024321455
94,2019-03-31,28.787844680923442,45.50318898057435,79.94970259068081,6.907271426083226
94,2019-04-30,4.372513507117496,7.074917497631032,39.70632999591536,7.295208366037336
94,2019-05-31,16.715911170322006,31.59918860208505,84.97628773540652,7.21482868920799
94,2019-06-30,33.67223999198286,59.976264133264614,56.39299536418721,7.34966601954079
94,2019-07-31,17.789105851123818,30.763560868091034,44.438762945253515,7.074030514061187
94,2019-08-31,52.38114495924356,78.71658035323784,89.89052087358083,6.971555912500608
94,2019-09-30,10.203774299429984,16.461411080808904,73.09572014837866,6.967826600036102
94,2019-10-31,21.99602364726311,36.38133600923802,56.47555998054811,7.237522865804672
94,2019-11-30,3.567082245509588,5.818332038773009,33.77313356170934,6.8081019729200065
94,2019-12-31,7.948987263717435,15.827682842903798,37.850110161585704,6.652880930644184
94,2020-01-31,24.191758703134624,38.196946702307955,51.4766950948127,6.9817348139578606
94,2020-02-29,30.524644892019502,54.337906180697125,51.80980688758563,6.714934649929052
94,2020-03-31,30.39713305989119,53.1639962497289,58.33110373917429,7.310417544672271
94,2020-04-30,13.326888450163404,24.64685944504308,52.20610393731976,7.35630991032145
94,2020-05-31,43.77713210986196,72.31132729926776,93.42293115960817,7.248752117571778
94,2020-06-30,10.893017548676083,19.272425943372564,91.10529523983963,6.733269333730523
94,2020-07-31,13.489938842169373,25.02763740198562,47.409914409679715,6.415901467639792
94,2020-08-31,15.57498749512186,27.493946727158605,43.15842191080656,7.2398105714468715
94,2020-09-30,7.575664784619727,13.07912765302336,72.33754899723876,6.90147517651145
94,2020-10-31,14.533106324876808,25.31407980294985,32.784188118817184,7.128182676375305
94,2020-11-30,28.19659243427997,55.90011369185726,89.22118254625705,6.55796828222376
94,2020-12-31,19.441302218286605,37.735678081316465,38.24454116226833,6.777918919426089
94,2021-01-31,23.344236424944818,41.16994247054109,49.42078653043519,6.512866128381648
94,2021-02-28,8.069997269746995,16.002714147088508,39.43660392072462,7.012540479825195
94,2021-03-31,33.86663924142246,52.939198977323194,59.122018830630424,6.735821795953699
94,2021-04-30,32.28060126668848,50.6031284833407,55.35411955609423,7.552360717165239
94,2021-05-31,10.72988903343139,20.697325861593285,42.60534885075899,6.799258146502337
94,2021-06-30,18.276312294103253,31.021249855138105,47.106299998773615,6.414938870660332
94,2021-07-31,8.369557205532237,14.369744395630311,46.47853572172036,6.418397082799821
94,2021-08-31,30.390293798846216,57.99560302506375,63.305854894278276,6.747872360490054
94,2021-09-30,37.53496775570161,62.29930354288216,72.04456167897288,7.656799991599842
94,2021-10-31,21.306742605898844,35.15291702252714,37.333791006994375,5.5
94,2021-11-30,29.177816887966344,44.027052009035785,54.91022111062184,7.40657314086243
94,2021-12-31,34.72908501665049,60.88108186199292,80.67616453509638,6.344322112163134
94,2022-01-31,13.903724595935618,27.159421268399875,34.98773245282844,7.219654975678535
94,2022-02-28,10.887568241704713,17.437497950848986,60.49340809852504,6.7313810146478685
94,2022-03-31,18.8443011822435,36.11205400429608,80.22963458783248,6.764182431571519
94,2022-04-30,29.763271089761954,49.535735569300854,85.66918321358615,6.85003890519433
94,2022-05-31,27.485430758920934,51.4235663182728,69.27438359256803,7.466192970715126
94,2022-06-30,6.425846007702113,10.338202057647534,49.138054086644416,7.114662839514075
94,2022-07-31,14.942549153296556,24.584710946173,30.018632793067287,7.292503386921514
94,2022-08-31,3.549148474282807,5.482525760192301,30.778288184287035,6.992029038258356
94,2022-09-30,15.28328590270783,25.287104784383747,79.71533487167119,7.406603056703732
94,2022-10-31,6.241787585775501,10.284654262288289,58.14073180155712,6.460135330617309
94,2022-11-30,18.94947963512474,32.35336626209281,85.5573206534785,6.580703056032445
94,2022-12-31,14.43268729429705,22.276607537285003,69.95289884842354,7.019526889899905
94,2023-01-31,40.35321002893412,76.16232595451582,72.70803754133247,6.813326429210712
94,2023-02-28,23.076396313212495,39.55776474959227,70.21691229047981,6.611181681719591
94,2023-03-31,15.623120455641793,23.59170579494809,71.50510549513392,6.779975482915588
94,2023-04-30,19.865694544027498,39.19249927913785,42.56388091183339,6.389920595771764
94,2023-05-31,15.23668010451628,27.699039895460356,41.76579098194181,7.182505570772628
94,2023-06-30,29.948546512929035,56.776509404979954,81.21331390185341,6.785695170556578
94,2023-07-31,9.790396095241322,16.510353380343897,25.88517434846273,7.4199810982228
94,2023-08-31,36.233569872670884,56.58932342999108,81.69572081098875,6.479995609583108
94,2023-09-30,19.07356601750149,29.0248290653911,56.43045720073817,6.812842277355797
94,2023-10-31,19.59158507149816,31.265751092717093,39.59668485205587,6.392466901090557
94,2023-11-30,46.534483324929255,82.24566417032067,95.43267837207104,6.7319159705486875
94,2023-12-31,16.358815649052755,28.744791950726942,30.580321398906417,6.297657190907556
95,2019-01-31,43.73251489354416,76.19765954802484,84.20908876616501,7.1249442275803645
95,2019-02-28,16.716556159066837,27.79684173521897,37.86013265471257,6.843125704022391
95,2019-03-31,16.678501264306146,28.556544517618786,51.966472230103186,6.793723064393795
95,2019-04-30,17.550136600745518,27.395455850583637,64.50371633610563,7.373786066766724
95,2019-05-31,20.562633332195983,37.05582457649084,75.56204344546579,6.943976903282377
95,2019-06-30,25.92805344173011,47.50968197056302,88.5252201083914,6.619633122873355
95,2019-07-31,11.531760298643666,20.445739528081752,29.39930895396073,7.203182802773298
95,2019-08-31,14.816020988285645,25.58290123193383,35.942171445420115,7.583655723087979
95,2019-09-30,10.211838547977436,17.378781707173523,38.13327590957726,6.819019280232367
95,2019-10-31,13.318163339680398,22.0611136883341,28.658567948028267,7.182483030620278
95,2019-11-30,13.35474973070066,21.775290747385505,77.72533936566275,7.016541981194153
95,2019-12-31,15.487833708453467,29.127864433911743,59.08384255620529,6.933872181707873
95,2020-01-31,32.880314954523406,49.48906834362914,69.48837753006411,6.621884268746036
95,2020-02-29,5.171413583163441,10.039383422126576,48.18719226934538,6.463985956704275
95,2020-03-31,21.950761775694275,42.642756136786325,44.88401996848012,6.8685023717921165
95,2020-04-30,13.654174344607442,22.154228061180635,60.230640900704074,6.925312431877065
95,2020-05-31,11.624769633016406,22.167860818596488,34.80261274676803,6.870512881335516
95,2020-06-30,3.9544401564269074,5.984814857608346,27.834213892412013,7.601832345007927
95,2020-07-31,11.609159704186919,22.673327535086155,61.492726342197386,6.675139586881761
95,2020-08-31,12.946315069941507,22.454984453420938,76.256697852291,7.02524271413527
95,2020-09-30,11.11675434744125,18.88256761844787,38.41865854081083,6.476968439471413
95,2020-10-31,17.037648321514112,28.57172177730113,47.06823130035163,6.0615068888785295
95,2020-11-30,26.35331338696853,40.23871408131545,44.88897420430291,7.759243526712405
95,2020-12-31,35.41848160072612,64.45214490632428,86.6489376298729,6.715499144637816
95,2021-01-31,7.709558903438279,12.668514767793994,45.97675850648175,7.14663100901128
95,2021-02-28,16.83164420155613,28.260030894829278,31.946540999582876,7.913845559386391
95,2021-03-31,48.25245738090364,94.7142645669015,99.1598912913464,6.533043239363232
95,2021-04-30,27.88743728430864,50.898890238289006,46.769529675101424,6.519359560345732
95,2021-05-31,15.42660439097269,30.668648116876216,41.27105233241224,6.913107912861189
95,2021-06-30,33.060737941608004,56.78314816643573,73.81597749238333,6.7609955368476555
95,2021-07-31,9.925724864812318,16.468071972885472,79.48630091391274,7.2239594886664165
95,2021-08-31,6.048710674238446,9.280726341188736,27.27659089540907,6.962996081054221
95,2021-09-30,40.672083366830364,80.30530702840552,80.12352452372276,7.136948045756811
95,2021-10-31,9.756971588681802,19.07702004869274,51.798019706515134,7.151920412857293
95,2021-11-30,8.721779900681874,14.956350503144487,28.21652645947068,7.4058791046252495
95,2021-12-31,11.608771260909462,19.67819322908351,38.852259292099035,7.398305749686069
95,2022-01-31,14.68179349831181,27.073398171767707,97.66215324626953,6.617220789419745
95,2022-02-28,32.51700630863273,61.92084670383024,74.49541940815057,6.529020055410432
95,2022-03-31,42.863572929725365,65.97686495987557,86.23470451602549,7.796080007018253
95,2022-04-30,15.116639175601174,24.655166848534027,44.80386822631493,6.250450807264316
95,2022-05-31,10.115977677443553,16.27975279227312,31.611366590604984,7.195824978481773
95,2022-06-30,24.630707232456263,42.3594049944714,65.84371810106593,6.726057178225333
95,2022-07-31,23.52573210073215,36.56551063190639,44.414878111684,6.952507397262697
95,2022-08-31,37.67338133796874,65.79965612221888,63.390551176381436,6.847011378324854
95,2022-09-30,17.78926422794064,27.702725534647477,46.81230751282582,6.457848214566722
95,2022-10-31,36.1911283239045,66.10303174498729,79.06513379515306,6.076167215229574
95,2022-11-30,31.07878530004442,56.90948945994535,74.54254008869137,6.580356554750649
95,2022-12-31,8.134049212828776,12.28976310080566,26.980965899007426,6.793356137212507
95,2023-01-31,39.19404522661242,62.72038541133283,72.43125266614967,7.45185991862288
95,2023-02-28,38.35025787139703,57.9392776058086,89.54896980895911,7.001684504191245
95,2023-03-31,22.565629296916402,43.78224514729284,83.8979781639536,7.546196448681485
95,2023-04-30,9.441788076596186,17.92722071783654,57.148958898490456,7.345397626827651
95,2023-05-31,45.373165349153844,73.53156538081066,76.51073400880901,6.7648237029474885
95,2023-06-30,22.620242300400427,37.34553053669196,69.75430530091103,6.784361128651985
95,2023-07-31,13.360655552103951,20.68694828721359,71.91848287562856,7.125670746131586
95,2023-08-31,30.570939165444,51.275556684277525,76.33434505217954,6.716068472537947
95,2023-09-30,54.49571804918588,96.30526134675068,98.79781746798186,7.562071119401231
95,2023-10-31,15.914557289831006,28.264286185484355,35.952701618226506,7.068529371833984
95,2023-11-30,16.78816335989477,29.07843515817429,37.40240461490437,7.66380298275743
95,2023-12-31,16.329881547910695,24.928910593516786,51.01924201235108,6.595297343756504
96,2019-01-31,27.421283880310614,53.92489360966128,75.13305636207086,7.040896074201856
96,2019-02-28,28.68934519772279,53.57909885875421,61.85854956750631,7.7303908946621585
96,2019-03-31,48.96135010818067,97.79978300378758,86.52281310552684,6.825456824054699
96,2019-04-30,6.390105408085705,12.017432723270531,31.07874372460891,7.527614725377544
96,2019-05-31,19.201904699647827,32.288682108636245,87.10408146545205,7.343555137782972
96,2019-06-30,7.312216344165193,11.333896551683772,61.04031995974967,7.641594495980144
96,2019-07-31,12.740535833101866,23.11015663372673,88.76754775400907,7.468244307396205
96,2019-08-31,38.23248255333537,66.72527111629051,71.05419671450821,6.9427897032450785
96,2019-09-30,6.918120317805855,10.716974788302663,25.676861302800774,7.293634136288659
96,2019-10-31,48.20755352636474,95.84759829920007,91.64872111715826,6.824162139080569
96,2019-11-30,14.372422257483583,22.1544270768813,47.03698234323662,6.19638628762054
96,2019-12-31,21.38434352778897,40.7805916618395,41.21800338240937,6.966979798128883
96,2020-01-31,39.78892293669361,70.23543693837364,75.7845853036259,6.885087100313531
96,2020-02-29,28.25070215146131,46.8226134803439,99.3185891935079,6.5978186730580255
96,2020-03-31,24.92532165126789,39.379224566888034,74.21779540387563,7.3655814911293325
96,2020-04-30,37.02999643965961,69.19105483827674,93.63457975522303,6.982111871398808
96,2020-05-31,25.198365182767866,49.646411567755685,75.85337393390283,5.816787939378781
96,2020-06-30,18.90000970391973,33.94758689555535,35.107159124105,7.300640342354228
96,2020-07-31,17.468759817142775,30.900918916772113,79.96774799704802,6.280035057207122
96,2020-08-31,18.458609761058938,28.245771684141502,50.013075718634,7.195071417400396
96,2020-09-30,24.491592611481476,42.9789203638675,73.2060104564149,7.523259939242564
96,2020-10-31,16.76434157623359,30.629248972724632,29.960956096101867,6.8662826100025125
96,2020-11-30,43.78366683416906,84.09670507458691,92.94616144570955,6.331005195574417
96,2020-12-31,17.08703340560079,26.70829898452413,34.85417164260115,7.0976808685874815
96,2021-01-31,20.547647779750235,31.0621776445877,48.35153145858401,7.054826377246901
96,2021-02-28,13.72916308350027,22.452523546084542,75.55900953837515,7.204762113784012
96,2021-03-31,47.59867276355634,83.95787102794226,90.29979121603013,7.134386472497898
96,2021-04-30,14.462126363457015,22.75919873445409,27.484251388873346,7.074450449393199
96,2021-05-31,14.93905956638906,24.8374911875731,85.42468714565479,6.8949056722333975
96,2021-06-30,25.126161592698246,42.48630054124556,49.81142605659846,7.539256316551611
96,2021-07-31,25.894943509515247,41.18497396025422,95.28673818061758,6.711059558567555
96,2021-08-31,13.277655594202853,22.291178721460742,78.18984262056227,6.6436435360669615
96,2021-09-30,41.188813969104274,73.0525828770595,87.69066408379764,6.9143255041722975
96,2021-10-31,36.856646867785095,61.73174433206891,84.44824398506294,5.554057050917963
96,2021-11-30,9.925447597685439,18.389081889410324,52.90319435830782,6.4751592159778655
96,2021-12-31,27.685584880589147,51.63683071663142,96.3530101379522,7.939361708451919
96,2022-01-31,5.870113704414194,10.095639213572047,36.300157298698736,7.092674503990483
96,2022-02-28,6.1906766243646505,11.766134471147645,48.09830342070835,7.403568766341726
96,2022-03-31,8.408344538056944,16.44149488432901,67.69677016211958,6.296063631356502
96,2022-04-30,15.636077231187288,28.404409864068125,79.55305223008607,7.253040734796823
96,2022-05-31,4.404187861483675,6.911292229764886,43.60291085553434,7.5372533355592655
96,2022-06-30,16.743005676370757,28.81571611075138,68.12820410114003,7.461367811835527
96,2022-07-31,14.026805885451687,27.040691535268017,52.24950010500456,7.061600156128543
96,2022-08-31,24.246584542682168,47.56472584852548,90.68900387126651,6.831548330050237
96,2022-09-30,25.77054866830268,38.68334691591839,57.539687291150074,7.093115717876392
96,2022-10-31,8.29398585687169,13.195659761560012,67.02760044458931,6.982539540516252
96,2022-11-30,32.8883089202548,60.10347052985224,73.10707049364548,6.650346538704918
96,2022-12-31,26.442768779071663,52.58969824907473,83.36505043533103,7.678645623925464
96,2023-01-31,9.558425790522154,17.560056296458434,34.75279170890064,7.018483136399645
96,2023-02-28,17.358575615192507,33.8277900165582,35.70345864732245,6.954042869635958
96,2023-03-31,40.28580154929769,73.95078254315372,97.01521136943322,6.764113382566
96,2023-04-30,22.85107089745633,34.91534297809694,81.55705627966287,7.607544926089725
96,2023-05-31,37.78418611531783,71.58867313917925,87.05388666146915,7.7969546287174305
96,2023-06-30,21.355402437091872,40.00702028796758,35.73988652527379,7.183965123272585
96,2023-07-31,22.25858979502214,44.46878339768424,84.2599605836434,6.012496347956369
96,2023-08-31,7.7540826022611835,13.465812866507141,69.50768140035505,6.2010739984249375
96,2023-09-30,5.501572294371424,9.6582579108633,33.674413172366734,7.407547144377283
96,2023-10-31,15.045250652763704,24.356234799825575,30.76591241004126,6.48097534820168
96,2023-11-30,14.554846331724868,28.304698216319597,28.033762389272567,6.663524516687689
96,2023-12-31,33.816848829912416,58.72366977081263,77.71811221551964,7.182171445940852
97,2019-01-31,24.91843555316078,44.03056223674395,53.08564902139,7.6578520845545865
97,2019-02-28,8.671730521484387,15.605813946242614,71.975338817724,7.53343528315378
97,2019-03-31,44.13571094212842,71.18721729708103,99.7960196442126,6.644470369797878
97,2019-04-30,5.030749702139944,7.7798431455353345,26.822318525659693,6.32015288507239
97,2019-05-31,42.28675275970362,73.63613901408065,93.4631974685759,6.636374997282433
97,2019-06-30,23.56147933172579,39.148708852768536,52.786771919531766,6.073881617860492
97,2019-07-31,10.294290558169962,18.707908647568928,90.09033024730336,6.4579611898936635
97,2019-08-31,36.472762289205505,67.79334541222792,74.44271991944703,6.991006899694858
97,2019-09-30,38.96670192334594,66.91635355726234,71.87092496308999,7.20737282410078
97,2019-10-31,9.576588952296754,18.95812138861501,33.16182041565673,6.594751978739764
97,2019-11-30,22.064174545945846,41.24083574470801,65.0510299847294,6.8054268893718985
97,2019-12-31,30.613994816313816,57.26583087784333,63.06954452102114,6.361178894311923
97,2020-01-31,21.424684161120727,33.673599491513876,56.2104666252035,7.12683019699276
97,2020-02-29,11.126109881512102,21.763399902404505,27.036811782717216,7.541992190667438
97,2020-03-31,20.769388062598527,37.54577307672833,56.45716336481261,6.729312582437004
97,2020-04-30,21.800013055687213,35.53901604471415,84.11054698405425,7.372786706377251
97,2020-05-31,43.98601968237421,70.78757303113628,98.3032717840948,7.06900295651067
97,2020-06-30,26.082087425387893,39.59770301306409,81.80912573362944,6.774251882688514
97,2020-07-31,16.31091408716994,31.433923425504666,88.93306625967787,6.905074083512928
97,2020-08-31,41.21107102738749,64.51842773866704,76.1198505318365,6.953136436042959
97,2020-09-30,18.787223799066034,31.499168535609083,90.05677404694909,7.758292424437832
97,2020-10-31,17.170106326997935,31.080497407056114,96.7388620727614,7.362420278005527
97,2020-11-30,12.373617620854718,24.389534998365225,41.78085145200112,7.431183243427024
97,2020-12-31,18.022165738376028,34.53285478286989,49.43477011741694,6.1278146806734055
97,2021-01-31,19.49778668086375,34.21833222132245,83.31170473273492,6.384814198157881
97,2021-02-28,42.679353695791704,69.88157776391289,86.6118990454251,6.6239882983582525
97,2021-03-31,25.532297211013734,42.71557999767345,58.22172129424939,6.7726713268385215
97,2021-04-30,10.18746662085654,18.985986829268622,33.15309376557511,7.39556983967206
97,2021-05-31,16.922764181058287,27.363713515777196,84.87239757105556,7.198668943207005
97,2021-06-30,7.937350617405861,14.622412565363733,43.662095856816904,7.199724862808873
97,2021-07-31,39.61332133329095,66.88487122748622,76.78536561335649,6.512707569627774
97,2021-08-31,27.12430897342703,50.79904741106917,91.61195708584727,6.728444721859068
97,2021-09-30,17.74294677348616,29.42408431605496,61.686244178048966,7.684627581154176
97,2021-10-31,20.437471456565046,35.61134623063856,88.88380413083975,7.778366906176868
97,2021-11-30,14.097300411711323,23.44426592819942,94.31614290288037,7.343763581053412
97,2021-12-31,41.19769298198866,76.05653713233406,98.24447769019648,7.3366766573124815
97,2022-01-31,11.216774713946224,17.301246522495333,27.200967009495326,6.182159349267782
97,2022-02-28,24.111436985348682,36.484213627091904,42.93204743077745,7.0313466231456285
97,2022-03-31,17.708467839930574,28.647279863407316,42.33120724976086,6.328756249205189
97,2022-04-30,7.1094019701690065,10.982043306456783,35.440672602701895,7.477061016762938
97,2022-05-31,48.587429151059624,93.42283290729982,92.80380071830918,6.131734363080361
97,2022-06-30,16.268814888284872,32.50335942328199,89.27991690878707,7.227904706244664
97,2022-07-31,11.917088120597342,19.738643365352743,51.90992192907216,7.36518473509552
97,2022-08-31,24.20173619096928,41.26027515940857,91.72748909998336,6.9515381763127415
97,2022-09-30,20.899415742144047,33.443423167347895,50.695226116623274,6.4097371061243695
97,2022-10-31,12.932209602508518,22.583732728616344,45.64418323858398,7.655012577473435
97,2022-11-30,21.72607109867611,34.79641081251943,69.43885410069525,7.1631738795235345
97,2022-12-31,8.958615827660822,14.581391676805215,49.91034863575881,6.314985616825075
97,2023-01-31,40.71224264511079,67.95581304467112,92.47704640467299,6.493698150062129
97,2023-02-28,24.99421283496528,47.24312429226042,44.54542662823354,7.495005324088775
97,2023-03-31,32.98638278865335,56.48166891040504,71.11938702412645,6.80910879653927
97,2023-04-30,30.694566211817573,46.22805200976767,69.09961135490728,7.9480724892360355
97,2023-05-31,20.656532361163904,39.51758686628398,67.77564409133673,8.294511184894521
97,2023-06-30,30.03363521003766,55.30979320611444,99.46536215494707,6.0671829696451205
97,2023-07-31,4.93107486581683,8.523604628005755,34.59341546120276,7.118215292536636
97,2023-08-31,17.362150667271326,30.07362276915359,98.42379251983039,6.927265359849917
97,2023-09-30,14.340597149222221,23.613778402355265,37.176421540876476,7.337167648088565
97,2023-10-31,33.32773205365058,52.09384596000562,69.8220430913428,7.261697075713547
97,2023-11-30,14.344920808358523,24.94447652600307,49.54135678087261,6.689168378741301
97,2023-12-31,23.935123669321964,43.94144041615613,53.751275679669725,6.100106000195419
98,2019-01-31,35.99306407266478,69.41335855461445,80.57676481741062,8.505762690284758
98,2019-02-28,27.110018896684448,47.889739514863074,50.3776127070425,6.490105406496629
98,2019-03-31,20.93218026856833,40.320713412471356,42.685770112365006,7.755464142205798
98,2019-04-30,38.238174007140834,65.00699409946206,71.16832520183912,7.050752318090962
98,2019-05-31,30.986287109252583,53.50550806907738,52.70013945648327,6.927649649857933
98,2019-06-30,8.767376761039795,14.892759422993118,27.66471743934024,7.08162332152543
98,2019-07-31,31.249452548630657,60.14153611656611,54.37122655252435,7.165833987917543
98,2019-08-31,15.686516508683194,25.722733899604673,69.52394455630335,6.97582043445416
98,2019-09-30,16.57404227652916,31.674226898815753,44.43804231653968,6.971766498546994
98,2019-10-31,10.977099012545894,16.965901712515986,91.08394426290758,6.815888677378227
98,2019-11-30,33.88795553160767,51.83220829698521,94.65479101534194,7.129084200171084
98,2019-12-31,3.4712435196252254,6.587029892090488,25.91141450359353,6.721993129638866
98,2020-01-31,9.818369844329421,15.943343175599262,66.14789180605204,6.786605803480819
98,2020-02-29,20.011885514563488,32.12419071106957,44.23298823165882,6.952584651426081
98,2020-03-31,44.62247206575463,82.72809176131577,79.18934114848341,6.6985150891880165
98,2020-04-30,21.358049788788552,32.77437464372445,41.590410628431805,7.986792459973002
98,2020-05-31,13.797511792536179,23.620326170246916,69.03477215861143,7.071891909901172
98,2020-06-30,9.794749976054272,16.532544530532217,87.51561695732082,7.199109012259662
98,2020-07-31,5.241693208263604,8.993766751559344,42.52645428529635,6.778459715420876
98,2020-08-31,43.46211781764776,66.57408955542735,86.10463319872589,7.670746785991272
98,2020-09-30,6.252488319262575,10.266884386518925,48.96198817941165,6.828907076256843
98,2020-10-31,12.847637584182346,21.62166088373328,70.97376194955103,6.836723254718385
98,2020-11-30,14.633234642395411,24.1171527652227,39.564200008727504,6.24400480566075
98,2020-12-31,33.85671175821473,51.3538756796557,79.81646635845873,7.365395165646005
98,2021-01-31,42.717616724027664,84.36355201642229,94.69075465304978,7.47216533314988
98,2021-02-28,8.342586759426942,16.138299572153137,36.067934616818654,7.475970484914293
98,2021-03-31,40.55195699909444,67.82122161512333,84.11845143756084,7.602469437447723
98,2021-04-30,22.076968021734185,43.83595188514868,40.6220903922968,7.189090254014731
98,2021-05-31,9.221784948329095,14.960127624526494,80.74218486087246,8.057789050549895
98,2021-06-30,19.24102474183083,32.47916254881743,80.76279507084979,7.001669848296159
98,2021-07-31,42.580658964256486,75.71962710848354,96.7248266165713,6.606654466053874
98,2021-08-31,15.3875692630825,23.84814434187164,36.70464573618005,6.289096793989977
98,2021-09-30,27.313006628207674,54.52355956187831,48.965544280897404,7.274799180274658
98,2021-10-31,21.723128978467972,43.12281853313573,37.08366978465877,6.072217327062816
98,2021-11-30,21.827394235392354,34.13611886409161,54.861925510620985,6.375544307111871
98,2021-12-31,26.290467634046053,40.17071808097963,97.03504017274015,7.25401953302671
98,2022-01-31,11.396852824505721,19.712940769932732,30.60879495972883,6.783616398718174
98,2022-02-28,5.327634711398496,9.252340388525901,32.427878045697945,6.0611783954509235
98,2022-03-31,11.127429518500877,19.176198467996333,53.004487721364114,7.4217097019685205
98,2022-04-30,24.788986610934177,45.710614016365824,88.3078770101189,7.930518332074287
98,2022-05-31,29.647604082959283,51.92122981130779,73.97089349507648,6.661918361455507
98,2022-06-30,21.238985699860454,31.880970613909497,55.70232571560373,6.743754654759459
98,2022-07-31,18.300670897817064,34.18503520766668,57.37881894406301,7.472798681162898
98,2022-08-31,9.382933437653554,15.464597750515846,48.90716065777233,6.680264084203673
98,2022-09-30,16.395753625645717,28.285394000988152,64.85143380423378,7.144227984170045
98,2022-10-31,20.805661384131255,31.9467216846964,55.26766911501052,7.952272461309102
98,2022-11-30,4.842038423098855,9.054903303398643,25.139870860304846,7.177106812769536
98,2022-12-31,27.396380354860927,54.46545184673201,85.33505200685666,6.9354831570854145
98,2023-01-31,18.642193798551492,30.685404560703518,39.26744948117231,6.316197858415291
98,2023-02-28,8.326014568443219,16.235804400464474,52.08969937494027,7.663852299384707
98,2023-03-31,6.949479032580147,11.1240558470261,26.187667072574197,6.874904623938094
98,2023-04-30,5.208908029737082,8.0078640143582,36.87820545493229,7.422443085119914
98,2023-05-31,16.73665408594444,27.747954814481268,51.795651337382495,7.05198267168741
98,2023-06-30,32.141833915305014,56.34680203863237,68.54515050201552,7.397318561257607
98,2023-07-31,5.102446596021676,8.382317096390514,45.7358779443021,6.164513407715464
98,2023-08-31,30.996775859703746,61.76488191169814,63.25973718536388,6.369502562750119
98,2023-09-30,28.4241956795082,51.19918672993504,85.91300473910825,7.192899007379116
98,2023-10-31,15.32587535437519,26.585869133737475,42.40320242242731,7.275786197347846
98,2023-11-30,28.292560784775457,42.71181430540535,68.7904392442802,7.192628957181459
98,2023-12-31,32.19097131046072,64.00410914915474,67.37282212515633,7.050083890861756
99,2019-01-31,23.977128203245023,38.18076237692726,66.41564182055899,7.229129239777145
99,2019-02-28,48.04460868117686,80.39915941708516,94.08311066175524,6.618869657077692
99,2019-03-31,22.525861762351052,41.64645430174454,44.309884291127084,7.1742740033883505
99,2019-04-30,44.77653744241009,82.4826973457585,88.81626606317177,6.404712684828235
99,2019-05-31,35.469114641410414,65.49722403382685,65.91901949910924,6.999052717968438
99,2019-06-30,35.31292253776477,63.75320306562163,74.86212518234925,7.361979068115196
99,2019-07-31,37.14781456636325,67.86413792851096,94.8510338706049,6.301354885335749
99,2019-08-31,23.296208419542847,41.83194540001476,65.81424051874271,6.350945542992151
99,2019-09-30,16.33819872074915,27.074286591362,32.3987572545916,7.728694746018366
99,2019-10-31,12.690871396728575,23.963026840812223,31.52768954600126,6.715368439405432
99,2019-11-30,21.888620086708894,42.70908197175056,47.65157633463797,6.664898772026099
99,2019-12-31,28.10535696258861,45.201105029130325,67.83009040431723,6.809753791053675
99,2020-01-31,12.34899863842164,22.26209976352797,62.52449876043913,6.45186362645492
99,2020-02-29,18.191943839391904,30.67978283367484,56.84199291050362,7.087929679881506
99,2020-03-31,35.45542166661337,56.35959254082111,68.17287508941472,7.0954883276868514
99,2020-04-30,16.30175076712353,26.837552982833767,36.42299561669319,7.029495154119848
99,2020-05-31,23.465587942707508,41.04522307937139,39.38763805246713,6.625176223014735
99,2020-06-30,40.54062217470987,67.99717156174871,67.8868531646292,6.340005286961328
99,2020-07-31,14.573280554341727,26.289590463212157,98.05062115084078,6.968489755582877
99,2020-08-31,29.377803663472193,53.32617275815325,88.04829720897408,7.094015265928128
99,2020-09-30,10.357594022052544,18.673539791069018,35.21985085704831,7.205579317753195
99,2020-10-31,35.24594544103708,67.03186835156963,76.1771558053393,7.9470493815226355
99,2020-11-30,25.24215566798108,47.43656598485711,46.87726949858981,6.214038301169191
99,2020-12-31,18.92547748801575,30.203151950659702,53.21314042199127,6.873469527023939
99,2021-01-31,22.764661192228345,35.939580708172954,56.05924706151333,6.715273377043719
99,2021-02-28,35.74591571930135,67.84634286149046,77.54725884167888,6.746086334555096
99,2021-03-31,10.457795878937754,20.233474473175256,73.33428694459211,6.751852102426532
99,2021-04-30,11.385319078400787,22.74680381880483,28.64313697241246,8.22986646340307
99,2021-05-31,50.73352658368344,94.67103179141981,99.98971654526947,6.150459324111877
99,2021-06-30,9.600938323545428,18.6432858996604,57.58766652726168,6.197284384688827
99,2021-07-31,19.019756865651402,34.23313691815634,34.77943318390805,7.326626412745519
99,2021-08-31,32.737239585002754,65.46614266704712,56.34461944475155,5.993845494416535
99,2021-09-30,20.681086533889832,34.536126719917135,46.309125676260614,7.6214441168486236
99,2021-10-31,18.735483265388307,34.860373161710044,36.58062214486944,7.240738706190246
99,2021-11-30,14.279414896451089,22.439710727207853,93.27475973626213,6.539207512664417
99,2021-12-31,6.347059706668267,11.229939951001198,41.68977939154645,7.660496997005702
99,2022-01-31,12.191516695015803,22.33321417330035,27.70653029029829,7.943814029734073
99,2022-02-28,22.425546424960082,36.80735736996539,50.25757543622643,6.267700176587326
99,2022-03-31,31.88309335204683,52.27133357325646,65.34714597440927,7.931951822664154
99,2022-04-30,15.978745447943535,25.88764224866664,39.36117644292344,6.058431122922507
99,2022-05-31,11.793989564880558,18.433155438306716,64.2456434363637,6.445276242422048
99,2022-06-30,12.979266122326337,24.18512975062548,72.64378102553441,6.856718105143803
99,2022-07-31,23.83803686357499,36.974554088523085,70.00832904603233,6.764961945940013
99,2022-08-31,15.694779802330004,27.691511780631092,65.1775247442492,7.031403323508376
99,2022-09-30,30.420233278610333,55.054546351777276,80.14373098028148,6.621297223009133
99,2022-10-31,20.047583813611165,36.13027352948212,36.56926288487942,7.412856541662395
99,2022-11-30,14.942253620400793,26.55661914443355,30.775294573685173,6.770638816014357
99,2022-12-31,6.769000172773843,12.259977884039982,67.08135659563327,5.689328402287538
99,2023-01-31,19.647838735783825,34.08076246100977,44.52313325371477,7.493423222254957
99,2023-02-28,24.648089270798188,41.91497541121003,99.16884858610763,7.610028529136049
99,2023-03-31,35.46054887031902,57.9223742380378,85.85174967289804,7.0735803935201185
99,2023-04-30,8.835075627428877,17.096165853553586,47.34751116656331,7.015958129863848
99,2023-05-31,29.261454620159107,47.87815074362995,50.79857393282295,7.414613654929432
99,2023-06-30,10.084652350503639,15.958205081862786,26.325865566799315,6.976245714323466
99,2023-07-31,9.365605468268447,15.025727402710627,50.11252185562671,6.11307718146317
99,2023-08-31,4.074326255856047,7.205144818250295,33.17783352918674,7.435060006299855
99,2023-09-30,13.650533210578635,24.589153478933017,60.03591562021791,7.581361273963512
99,2023-10-31,10.230600520955482,19.444155831792735,49.779988815618985,7.161884119512862
99,2023-11-30,17.537343368494202,30.440366074111342,63.466415724143424,7.651465729214485
99,2023-12-31,47.23911909159791,72.98328516202976,88.22336349214166,6.2890543124840885
100,2019-01-31,10.509824419164042,16.41983287162806,89.91794986161047,6.930067743461541
100,2019-02-28,30.927296096970746,46.573461775298554,88.29398174866999,7.348958629345444
100,2019-03-31,15.113277319746231,29.466357074878825,29.749728931480814,6.9462827448767905
100,2019-04-30,9.192765586997094,15.94326024965304,35.118831976047645,6.779614265500386
100,2019-05-31,15.658305833579194,28.685055899342046,80.877185363557,6.862947900356894
100,2019-06-30,21.382550278603563,38.5626204880154,60.028155345360204,7.174321845287724
100,2019-07-31,28.65101987814461,51.43149127607732,63.73877599391987,7.249148873618879
100,2019-08-31,11.032330581680396,21.011367127435946,48.97265745457642,7.034476188732211
100,2019-09-30,15.193384071317782,29.48826387482987,67.48312286518895,7.229187096460355
100,2019-10-31,17.737695410451384,35.37926128853768,42.135321685272196,7.63593810305802
100,2019-11-30,31.89847121406204,48.79172316094146,81.78546906360437,6.232480527974227
100,2019-12-31,23.63090010089088,37.432932869739005,54.02219042788331,7.100965587255858
100,2020-01-31,21.140185077726855,41.476559135977936,40.341668911599065,7.071387667533797
100,2020-02-29,50.1039695565044,90.60211998292091,88.87430908755294,7.023682488476391
100,2020-03-31,15.02410713923829,24.088269781196118,61.97768631382308,7.183742946415323
100,2020-04-30,12.356806366075375,22.258610798118315,79.12162073685946,7.766720896790112
100,2020-05-31,17.502599353136144,28.99250524817147,91.85967530173626,6.563153991182601
100,2020-06-30,15.252831635392816,26.27471159835853,52.35043155401262,6.521178408845876
100,2020-07-31,11.310175424876201,20.718575581525965,38.73978331606054,8.078680149526953
100,2020-08-31,23.079947386562566,42.79449178784523,88.01999542318866,6.722683981587123
100,2020-09-30,3.79098921715122,6.114355566003934,34.245825682613926,7.110150860713064
100,2020-10-31,51.138600955936944,79.8616792290864,97.95167600900368,6.6269875970462575
100,2020-11-30,46.497947501210795,87.00536022970263,90.70335402253673,7.540913395115241
100,2020-12-31,10.71977203818776,16.235800696775485,64.47234403507909,7.040971648267491
100,2021-01-31,15.668827785860795,29.131618603017476,34.4277810078339,6.598821960373695
100,2021-02-28,17.09353201394665,33.25631630283017,32.42246816680391,7.576512394648375
100,2021-03-31,36.6290976030246,68.26744714048951,84.43648956423098,6.760007608197701
100,2021-04-30,9.56281136464894,17.74510841844657,35.525663689520215,7.55795328604408
100,2021-05-31,11.555542170274338,20.536111005462676,53.685633388379905,6.875570288220799
100,2021-06-30,37.10117863489334,65.27455408414728,73.63451109327195,7.011889907238768
100,2021-07-31,7.130035978494866,14.105008545652579,54.115587237104776,5.5
100,2021-08-31,15.33579564982874,26.567547790374256,51.90803957685561,7.959494653084268
100,2021-09-30,21.07830172539217,41.008023123297974,37.04677237208878,5.935063113458798
100,2021-10-31,18.89117140989428,34.28225925858082,76.8551003733759,7.548436962391407
100,2021-11-30,12.646183087021207,24.140699048497595,91.17492103377033,7.25863508060913
100,2021-12-31,50.192639225889536,98.23668565190532,85.00428676999898,6.6828124197430565
100,2022-01-31,30.23279033669168,57.876507315663815,96.28333840724021,6.814734474969723
100,2022-02-28,6.110452180963251,10.390016416405755,54.24638377962871,7.642807839782491
100,2022-03-31,51.55324393333042,84.45115876895288,97.36672315845921,7.302850665483463
100,2022-04-30,41.249987925013116,68.66854707823987,81.68419914250626,6.716669229315367
100,2022-05-31,16.828781680945855,27.487895937380998,48.53845391925199,6.636075486263606
100,2022-06-30,23.970678260127574,43.21432327969724,99.32198294614409,7.757093570595234
100,2022-07-31,26.916966773585955,41.96162848117081,80.88456737825683,6.578821891064948
100,2022-08-31,42.74442068939948,80.17128550657993,84.02692035675757,6.857919349242103
100,2022-09-30,11.542713931272468,17.52257304638874,33.10603533336154,6.82846198831536
100,2022-10-31,16.812424441147936,30.02531066489168,73.97560684678785,7.085274169038878
100,2022-11-30,27.97003306491942,49.0583118699657,79.41263478754975,6.954677688280356
100,2022-12-31,9.49138215247671,14.706955530990392,86.23179476143345,7.09636145471612
100,2023-01-31,20.892621619497078,33.31632181379988,83.99684971481824,7.276613427797116
100,2023-02-28,7.734896481348709,12.763005848724447,28.362177690567762,7.040976842123037
100,2023-03-31,25.223846708103853,43.14231248791028,57.27449000632867,6.931286948045393
100,2023-04-30,8.251298844125527,14.128747750104056,71.56079123713653,7.067909294838419
100,2023-05-31,53.10868671905744,87.13446608460397,90.35185738914828,7.039057500704736
100,2023-06-30,17.60473117089136,34.13835166919243,32.622642002443726,6.972809572984933
100,2023-07-31,33.064748247516334,55.43840135541518,99.73626604892084,7.583756080247024
100,2023-08-31,41.51303368242609,62.64716337251315,84.64700286637218,6.44324030290621
100,2023-09-30,11.45325842611657,18.408965851971995,62.296439285984725,7.904807105978721
100,2023-10-31,9.38133379663403,15.107749423651686,92.6253557762898,7.469860477107095
100,2023-11-30,8.097813078979359,12.345259878642652,41.15129192648305,7.1240539281867195
100,2023-12-31,29.24237501180393,53.78464082921665,74.37527453252473,6.548886740926537
