Industry_ID,Date,Industry_Type,Production_Volume,Capacity_Utilization,Fuel_Type,Fuel_Consumption,Operating_Hours,Equipment_Age,Scrubber_Installed
1,31-01-2019,Chemical,13979.87726,66.24074562,Coal,917.0722879,418.5867559,15,0
1,28-02-2019,Chemical,10997.91458,61.86662653,Coal,1620.82373,474.4868289,15,0
1,31-03-2019,Chemical,6465.08171,87.36932106,Coal,607.8162692,439.0522352,15,0
1,30-04-2019,Chemical,10927.25354,97.06635463,Coal,1341.071226,504.493046,15,0
1,31-05-2019,Chemical,7980.735223,60.22088468,Coal,1049.834936,626.19435,15,0
1,30-06-2019,Chemical,9120.826895,82.44973703,Coal,805.3023185,710.9478705,15,0
1,31-07-2019,Chemical,12628.56037,96.30265896,Coal,946.2482149,531.3225354,15,0
1,31-08-2019,Chemical,9865.175315,64.88351819,Coal,844.7528295,690.1851013,15,0
1,30-09-2019,Chemical,19143.64556,72.92811728,Coal,1950.336656,624.9660668,15,0
1,31-10-2019,Chemical,12964.01875,77.91132658,Coal,1364.972575,589.6629516,15,0
1,30-11-2019,Chemical,7797.777656,61.63100566,Coal,850.6540617,616.8205958,15,0
1,31-12-2019,Chemical,15436.76599,69.14200087,Coal,1041.912126,714.2938699,15,0
1,31-01-2020,Chemical,6262.099475,66.46514856,Coal,875.788545,594.0572991,15,0
1,29-02-2020,Chemical,7682.340638,74.65875138,Coal,955.814177,630.7007758,15,0
1,31-03-2020,Chemical,12387.76541,67.80971951,Coal,1514.345003,489.847156,15,0
1,30-04-2020,Chemical,6130.19384,72.22788077,Coal,423.5418547,485.9119542,15,0
1,31-05-2020,Chemical,16111.52927,87.88062964,Coal,1937.385751,515.0371684,15,0
1,30-06-2020,Chemical,9922.290012,66.20166467,Coal,1470.325505,668.4587207,15,0
1,31-07-2020,Chemical,5775.225818,81.25418526,Coal,600.9902821,603.9775685,15,0
1,31-08-2020,Chemical,6408.099351,67.31463988,Coal,919.3149026,604.24659,15,0
1,30-09-2020,Chemical,15554.86789,78.96695316,Coal,929.9231389,557.31708,15,0
1,31-10-2020,Chemical,14237.76747,97.75566418,Coal,2056.29184,677.5036587,15,0
1,30-11-2020,Chemical,6511.670021,60.72887303,Coal,387.0816407,618.5621675,15,0
1,31-12-2020,Chemical,11352.06413,82.74081135,Coal,1221.396478,634.1272817,15,0
1,31-01-2021,Chemical,17396.86199,72.80198404,Coal,2427.772501,524.5445372,15,0
1,28-02-2021,Chemical,19192.91814,91.25184202,Coal,1177.417589,697.8973138,15,0
1,31-03-2021,Chemical,6261.602092,88.03876526,Coal,358.6414039,662.995219,15,0
1,30-04-2021,Chemical,12225.00482,75.1195036,Coal,1473.216216,479.5917294,15,0
1,31-05-2021,Chemical,19432.58823,74.99482318,Coal,1526.841944,677.951721,15,0
1,30-06-2021,Chemical,19937.47063,87.87700223,Coal,1762.874804,635.8722259,15,0
1,31-07-2021,Chemical,6166.019554,98.97579231,Coal,916.4004513,623.4117485,15,0
1,31-08-2021,Chemical,11168.82675,91.10409135,Coal,1094.958359,715.2915362,15,0
1,30-09-2021,Chemical,13331.47558,90.75949661,Coal,1926.085905,671.887165,15,0
1,31-10-2021,Chemical,17470.57235,72.31108959,Coal,2299.801223,709.7516049,15,0
1,30-11-2021,Chemical,10883.66068,77.49899688,Coal,1528.238677,511.4417494,15,0
1,31-12-2021,Chemical,13058.95125,78.40476636,Coal,1416.59077,528.0961565,15,0
1,31-01-2022,Chemical,9178.855085,67.08041937,Coal,540.3615246,438.6034788,15,0
1,28-02-2022,Chemical,13048.85969,96.96167036,Coal,960.5481356,643.1857309,15,0
1,31-03-2022,Chemical,12989.259,69.69882015,Coal,999.1899558,520.7309322,15,0
1,30-04-2022,Chemical,13366.13399,83.46141739,Coal,1422.769551,521.2072403,15,0
1,31-05-2022,Chemical,7798.505361,71.40380675,Coal,525.1307593,686.9649359,15,0
1,30-06-2022,Chemical,12149.29226,93.54330235,Coal,856.6193346,709.7581013,15,0
1,31-07-2022,Chemical,10049.06417,65.37658708,Coal,566.1391232,716.7872744,15,0
1,31-08-2022,Chemical,18896.74135,88.86386203,Coal,1035.720272,650.0846342,15,0
1,30-09-2022,Chemical,10654.16644,78.50719143,Coal,853.8013254,639.2350017,15,0
1,31-10-2022,Chemical,13597.26274,99.90770464,Coal,1702.925428,626.2337476,15,0
1,30-11-2022,Chemical,10959.30936,91.89181463,Coal,712.2646144,473.3604465,15,0
1,31-12-2022,Chemical,15891.43379,83.71851621,Coal,957.0022682,694.0001671,15,0
1,31-01-2023,Chemical,11762.59057,64.52952183,Coal,1746.557909,668.4473877,15,0
1,28-02-2023,Chemical,12212.55467,96.738189,Coal,1327.588012,410.5109345,15,0
1,31-03-2023,Chemical,19416.05476,65.94650911,Coal,1775.839207,427.3118938,15,0
1,30-04-2023,Chemical,15710.888,81.10590921,Coal,1625.222065,553.9481435,15,0
1,31-05-2023,Chemical,7342.28896,88.63888915,Coal,850.9154465,408.6707176,15,0
1,30-06-2023,Chemical,19439.73978,97.77638902,Coal,1246.246432,530.0455386,15,0
1,31-07-2023,Chemical,17261.65343,73.67269407,Coal,1310.890411,521.5015706,15,0
1,31-08-2023,Chemical,7731.607082,79.39113469,Coal,782.7924783,637.3398222,15,0
1,30-09-2023,Chemical,6766.266243,83.06065902,Coal,523.746371,577.3369608,15,0
1,31-10-2023,Chemical,16563.67066,76.88144238,Coal,1414.324426,706.7606967,15,0
1,30-11-2023,Chemical,12140.75603,86.54684661,Coal,1744.419933,634.4230711,15,0
1,31-12-2023,Chemical,11191.90326,88.19702199,Coal,1229.191131,547.0980841,15,0
2,31-01-2019,Cement,13128.51421,94.91783344,Coal,1617.728193,658.0995673,17,0
2,28-02-2019,Cement,6807.838682,89.24094686,Coal,471.5102452,436.8902468,17,0
2,31-03-2019,Cement,15444.33164,73.59499855,Coal,1891.57042,420.9140291,17,0
2,30-04-2019,Cement,6050.445586,60.37941735,Coal,334.3983476,428.3338914,17,0
2,31-05-2019,Cement,9308.584875,71.85232482,Coal,682.8850015,413.4698207,17,0
2,30-06-2019,Cement,11023.70355,93.51302941,Coal,805.3578235,665.8056057,17,0
2,31-07-2019,Cement,18916.28425,99.79631291,Coal,1274.759409,526.797446,17,0
2,31-08-2019,Cement,12150.15242,61.77506654,Coal,1642.935754,411.3351579,17,0
2,30-09-2019,Cement,17768.10371,79.80586108,Coal,1742.3164,589.5704911,17,0
2,31-10-2019,Cement,7838.323097,95.26548531,Coal,1145.426138,548.9504028,17,0
2,30-11-2019,Cement,9305.571998,84.67707674,Coal,1378.328462,602.1803286,17,0
2,31-12-2019,Cement,19209.46832,66.65510348,Coal,2441.493251,626.7430415,17,0
2,31-01-2020,Cement,5368.803747,60.88494206,Coal,442.1801631,556.3658209,17,0
2,29-02-2020,Cement,6970.026896,94.7221729,Coal,1019.879883,410.0167404,17,0
2,31-03-2020,Cement,12098.1486,98.72773712,Coal,829.3589558,677.9594137,17,0
2,30-04-2020,Cement,8383.102137,66.43301876,Coal,965.3305303,504.2961485,17,0
2,31-05-2020,Cement,16697.76483,61.58475301,Coal,1637.227442,433.5776571,17,0
2,30-06-2020,Cement,19661.99579,68.03436359,Coal,2346.057425,662.861033,17,0
2,31-07-2020,Cement,17025.92125,73.5780077,Coal,2238.610884,425.6367508,17,0
2,31-08-2020,Cement,16164.18598,94.87331116,Coal,1509.177846,413.9717305,17,0
2,30-09-2020,Cement,5459.787533,70.30731554,Coal,525.5716818,677.8472017,17,0
2,31-10-2020,Cement,16894.34142,86.20037355,Coal,2520.860969,490.8334492,17,0
2,30-11-2020,Cement,12384.16785,69.88924298,Coal,1697.559685,542.4976816,17,0
2,31-12-2020,Cement,18255.64504,77.68097495,Coal,1516.842128,543.6088236,17,0
2,31-01-2021,Cement,12119.46314,93.76681796,Coal,1582.402129,587.3133966,17,0
2,28-02-2021,Cement,10960.68483,79.19588326,Coal,1299.901857,405.5615329,17,0
2,31-03-2021,Cement,19548.68069,63.75602863,Coal,2292.282439,542.0000702,17,0
2,30-04-2021,Cement,18780.16695,84.0243817,Coal,2705.987975,664.5884428,17,0
2,31-05-2021,Cement,18177.73342,76.16561287,Coal,1503.358834,613.6298834,17,0
2,30-06-2021,Cement,11666.29179,60.58668228,Coal,1268.197908,453.9022032,17,0
2,31-07-2021,Cement,15771.84614,98.22094784,Coal,817.348456,462.6489554,17,0
2,31-08-2021,Cement,13713.9808,63.58505357,Coal,1669.863379,527.9696662,17,0
2,30-09-2021,Cement,12253.1847,92.23970199,Coal,1286.86198,413.8920105,17,0
2,31-10-2021,Cement,17767.61391,86.85698678,Coal,2326.722302,645.3299633,17,0
2,30-11-2021,Cement,13200.46119,69.27788384,Coal,1176.037002,590.2324273,17,0
2,31-12-2021,Cement,18582.87188,90.9049091,Coal,1421.39541,606.492748,17,0
2,31-01-2022,Cement,14763.16054,81.31831146,Coal,1216.977153,506.5606122,17,0
2,28-02-2022,Cement,5018.550196,72.03412433,Coal,743.3659097,551.9636939,17,0
2,31-03-2022,Cement,6336.866482,90.21081682,Coal,397.7736535,664.3416417,17,0
2,30-04-2022,Cement,18100.04993,66.47056845,Coal,2328.165904,583.8679623,17,0
2,31-05-2022,Cement,6213.789246,76.11920715,Coal,418.5139388,622.3843484,17,0
2,30-06-2022,Cement,6826.428667,79.12936092,Coal,686.8121454,474.4164347,17,0
2,31-07-2022,Cement,14753.01639,66.08099413,Coal,828.1600247,649.8437075,17,0
2,31-08-2022,Cement,15374.27083,84.72206697,Coal,1742.196422,473.2462736,17,0
2,30-09-2022,Cement,11211.94629,93.10151582,Coal,1383.121817,646.177566,17,0
2,31-10-2022,Cement,8987.76705,85.84360494,Coal,898.1779714,485.126169,17,0
2,30-11-2022,Cement,18381.27033,98.21338746,Coal,2365.491904,500.9302066,17,0
2,31-12-2022,Cement,11759.29485,95.29837762,Coal,712.252822,716.2480867,17,0
2,31-01-2023,Cement,10298.77113,71.86142325,Coal,875.0899089,647.88913,17,0
2,28-02-2023,Cement,19639.86274,86.69401592,Coal,1002.472996,481.7323151,17,0
2,31-03-2023,Cement,13736.33987,89.92292718,Coal,1801.891564,610.0731543,17,0
2,30-04-2023,Cement,19886.23101,86.8581974,Coal,1624.55091,681.3659712,17,0
2,31-05-2023,Cement,19060.821,61.72694943,Coal,1267.19162,442.1532075,17,0
2,30-06-2023,Cement,18157.07662,77.35202049,Coal,1199.907093,578.573544,17,0
2,31-07-2023,Cement,16756.87677,82.16906057,Coal,846.6070373,643.5170432,17,0
2,31-08-2023,Cement,7067.343487,86.52168018,Coal,354.6957526,457.079227,17,0
2,30-09-2023,Cement,13409.90142,84.13950666,Coal,1577.631906,657.5964799,17,0
2,31-10-2023,Cement,8537.863987,74.85688007,Coal,480.290902,656.4374131,17,0
2,30-11-2023,Cement,13816.54041,67.37905013,Coal,1191.311083,507.0436124,17,0
2,31-12-2023,Cement,12213.59001,77.40721597,Coal,1755.524384,625.9260825,17,0
3,31-01-2019,Chemical,9241.185344,61.78379633,Coal,495.5933318,488.230353,4,0
3,28-02-2019,Chemical,10210.14989,95.99333383,Coal,532.7895099,612.4126996,4,0
3,31-03-2019,Chemical,10073.94658,72.34794973,Coal,1457.736324,709.5539769,4,0
3,30-04-2019,Chemical,15617.52646,81.74152869,Coal,908.5110979,546.6562053,4,0
3,31-05-2019,Chemical,10339.60061,99.12247272,Coal,1337.933686,559.1218977,4,0
3,30-06-2019,Chemical,13080.52697,79.91250032,Coal,791.9915061,610.1696335,4,0
3,31-07-2019,Chemical,18454.36896,80.80762093,Coal,1748.741428,578.5024614,4,0
3,31-08-2019,Chemical,18236.24553,92.14414142,Coal,1833.119753,709.4805169,4,0
3,30-09-2019,Chemical,8146.294215,75.16108505,Coal,1200.321741,507.7889606,4,0
3,31-10-2019,Chemical,15680.2103,93.03912851,Coal,941.812198,476.7597161,4,0
3,30-11-2019,Chemical,16089.42103,64.25374905,Coal,1311.158436,401.2214829,4,0
3,31-12-2019,Chemical,18068.06723,90.64259106,Coal,2327.975323,612.7951691,4,0
3,31-01-2020,Chemical,5270.001334,76.85776166,Coal,277.8213038,709.1978914,4,0
3,29-02-2020,Chemical,13975.36226,71.88951231,Coal,1117.915937,637.8218236,4,0
3,31-03-2020,Chemical,14882.37605,70.09228999,Coal,1071.866378,556.2798813,4,0
3,30-04-2020,Chemical,18387.84935,77.73520058,Coal,2035.699639,602.018417,4,0
3,31-05-2020,Chemical,9034.384187,76.27887639,Coal,1257.116505,400.9347304,4,0
3,30-06-2020,Chemical,5114.96049,68.76275236,Coal,274.5308563,434.5682413,4,0
3,31-07-2020,Chemical,5445.023346,87.0168083,Coal,296.6740398,544.1910461,4,0
3,31-08-2020,Chemical,8864.108305,62.38098801,Coal,978.4162442,619.7087723,4,0
3,30-09-2020,Chemical,14691.44263,85.8580036,Coal,2039.229628,591.5815687,4,0
3,31-10-2020,Chemical,9425.610615,79.44001975,Coal,1015.326669,413.9965031,4,0
3,30-11-2020,Chemical,8394.186623,75.36958481,Coal,797.5512809,585.3652332,4,0
3,31-12-2020,Chemical,18351.45553,73.83509843,Coal,1201.028895,408.1432832,4,0
3,31-01-2021,Chemical,6578.887778,66.69438933,Coal,968.4288969,473.115759,4,0
3,28-02-2021,Chemical,6742.084403,98.23675316,Coal,548.783231,684.2891751,4,0
3,31-03-2021,Chemical,17578.23822,74.24742588,Coal,2332.306969,626.8843918,4,0
3,30-04-2021,Chemical,13540.66042,84.82641919,Coal,949.6229099,526.4440778,4,0
3,31-05-2021,Chemical,5866.115778,87.23023572,Coal,567.1255597,411.027603,4,0
3,30-06-2021,Chemical,13659.18544,94.62308582,Coal,2022.569328,530.4269467,4,0
3,31-07-2021,Chemical,5461.850745,98.8613217,Coal,393.6604283,634.889524,4,0
3,31-08-2021,Chemical,5214.729165,89.51478074,Coal,695.720274,636.9523622,4,0
3,30-09-2021,Chemical,13655.60997,87.91025104,Coal,691.0950555,432.301184,4,0
3,31-10-2021,Chemical,18938.4208,76.20410778,Coal,2662.952186,502.8786244,4,0
3,30-11-2021,Chemical,13319.86022,85.48363348,Coal,1366.988564,548.2152694,4,0
3,31-12-2021,Chemical,16229.67851,72.70347181,Coal,811.702528,563.5613246,4,0
3,31-01-2022,Chemical,13474.76537,94.66191927,Coal,1444.2377,690.3039429,4,0
3,28-02-2022,Chemical,19490.71258,90.44151161,Coal,2827.659386,624.8129605,4,0
3,31-03-2022,Chemical,6664.662869,85.37696581,Coal,846.9324401,400.9220005,4,0
3,30-04-2022,Chemical,7049.013555,86.06559042,Coal,873.0890271,501.00075,4,0
3,31-05-2022,Chemical,15320.66666,69.67555534,Coal,2161.851323,668.2449151,4,0
3,30-06-2022,Chemical,16609.87067,90.91685928,Coal,1696.359527,712.3244234,4,0
3,31-07-2022,Chemical,8348.950783,85.67439835,Coal,893.8801015,581.7896039,4,0
3,31-08-2022,Chemical,5867.666742,98.31159204,Coal,846.5425505,651.2606538,4,0
3,30-09-2022,Chemical,19724.79986,81.09060724,Coal,2774.137203,452.4419276,4,0
3,31-10-2022,Chemical,8628.399412,80.02414285,Coal,1017.823538,424.3965498,4,0
3,30-11-2022,Chemical,12908.48991,75.67433186,Coal,1496.240833,434.8458605,4,0
3,31-12-2022,Chemical,16359.65311,66.46685745,Coal,1598.174686,629.8659761,4,0
3,31-01-2023,Chemical,17071.29683,61.84226937,Coal,2233.060971,456.9241997,4,0
3,28-02-2023,Chemical,16313.9746,96.73705729,Coal,2367.041224,584.6792275,4,0
3,31-03-2023,Chemical,16276.5826,69.14777638,Coal,2370.391429,447.416937,4,0
3,30-04-2023,Chemical,12145.036,79.90159409,Coal,855.8365293,589.161697,4,0
3,31-05-2023,Chemical,15901.23836,90.95624887,Coal,1355.743727,663.932114,4,0
3,30-06-2023,Chemical,9559.137684,69.21666648,Coal,479.365731,633.3903341,4,0
3,31-07-2023,Chemical,10054.47089,99.98175675,Coal,910.6848755,470.5562991,4,0
3,31-08-2023,Chemical,15716.36246,90.3602113,Coal,946.935928,564.4334285,4,0
3,30-09-2023,Chemical,8200.90022,86.60584777,Coal,539.0667234,438.0398052,4,0
3,31-10-2023,Chemical,15573.06515,92.68512568,Coal,1629.612749,709.4512881,4,0
3,30-11-2023,Chemical,9748.244979,92.6564314,Coal,976.3018069,422.6853043,4,0
3,31-12-2023,Chemical,6025.298005,91.3503937,Coal,473.4428065,538.4854015,4,0
4,31-01-2019,Pharma,18720.96672,60.45922639,Coal,1778.709988,712.6733546,18,0
4,28-02-2019,Pharma,19528.05998,84.14548802,Coal,1126.728964,424.1867564,18,0
4,31-03-2019,Pharma,11760.29712,86.88224155,Coal,1274.295189,568.2419903,18,0
4,30-04-2019,Pharma,15201.67828,76.32606763,Coal,783.4867332,586.5363382,18,0
4,31-05-2019,Pharma,17107.83978,94.45278503,Coal,2253.53415,564.0724462,18,0
4,30-06-2019,Pharma,9062.094921,69.90239081,Coal,509.7666687,546.8609653,18,0
4,31-07-2019,Pharma,12704.1657,70.1342868,Coal,1889.947396,493.2786371,18,0
4,31-08-2019,Pharma,15581.91245,77.10405335,Coal,1468.66617,607.7831439,18,0
4,30-09-2019,Pharma,5424.669116,68.40117398,Coal,423.6873159,628.1472025,18,0
4,31-10-2019,Pharma,8749.354196,80.60022639,Coal,906.0427115,514.2035121,18,0
4,30-11-2019,Pharma,10233.35113,80.86397584,Coal,1324.692602,683.000495,18,0
4,31-12-2019,Pharma,7420.442016,63.3421735,Coal,385.2166394,453.0394166,18,0
4,31-01-2020,Pharma,10035.1075,89.97561811,Coal,1075.675419,715.598935,18,0
4,29-02-2020,Pharma,15381.10471,68.25008455,Coal,1371.77824,686.6159288,18,0
4,31-03-2020,Pharma,15969.7478,87.89101676,Coal,2000.431764,548.8176795,18,0
4,30-04-2020,Pharma,18526.61043,68.1389097,Coal,1050.409923,680.752145,18,0
4,31-05-2020,Pharma,11695.80335,62.80014049,Coal,1437.688783,594.6908595,18,0
4,30-06-2020,Pharma,5996.949887,90.66060198,Coal,649.8976077,650.2271927,18,0
4,31-07-2020,Pharma,8873.465295,84.2164703,Coal,828.0390483,647.7768585,18,0
4,31-08-2020,Pharma,7818.805712,63.07886678,Coal,935.25125,522.4956046,18,0
4,30-09-2020,Pharma,14820.63613,92.95069583,Coal,834.6097372,648.5729547,18,0
4,31-10-2020,Pharma,18468.7878,95.52472756,Coal,1524.211731,688.3074866,18,0
4,30-11-2020,Pharma,11987.3863,82.84649194,Coal,963.8221471,501.793423,18,0
4,31-12-2020,Pharma,13450.93026,84.98456192,Coal,1835.289645,587.8196821,18,0
4,31-01-2021,Pharma,11645.89043,79.76590683,Coal,1585.058444,547.5734084,18,0
4,28-02-2021,Pharma,13989.53174,67.17424041,Coal,1685.933233,545.6550374,18,0
4,31-03-2021,Pharma,19303.02647,95.2646256,Coal,2093.412826,666.8134243,18,0
4,30-04-2021,Pharma,17944.95247,95.44373741,Coal,1250.141547,635.9763474,18,0
4,31-05-2021,Pharma,11530.90469,75.83846355,Coal,1348.318613,685.405793,18,0
4,30-06-2021,Pharma,9175.527225,91.93172789,Coal,758.131532,495.8026796,18,0
4,31-07-2021,Pharma,6147.199332,99.46916406,Coal,474.1740336,431.5465366,18,0
4,31-08-2021,Pharma,17335.71817,62.27914908,Coal,1592.471682,546.6980557,18,0
4,30-09-2021,Pharma,14840.82533,82.38315418,Coal,1761.664069,610.5864271,18,0
4,31-10-2021,Pharma,14671.17873,69.19306903,Coal,1544.379627,519.0954417,18,0
4,30-11-2021,Pharma,13381.48917,74.84678064,Coal,1720.381927,480.8955021,18,0
4,31-12-2021,Pharma,16253.98646,66.0819427,Coal,1557.657873,512.390204,18,0
4,31-01-2022,Pharma,14228.8048,90.41697247,Coal,1441.267176,625.3066468,18,0
4,28-02-2022,Pharma,5523.67329,82.04639848,Coal,518.2192147,668.5377264,18,0
4,31-03-2022,Pharma,15434.36979,84.43082923,Coal,1080.160897,417.7680105,18,0
4,30-04-2022,Pharma,10176.25618,61.20415489,Coal,1487.25203,613.7177301,18,0
4,31-05-2022,Pharma,11834.28735,87.12455324,Coal,1234.341532,511.0035124,18,0
4,30-06-2022,Pharma,19521.14572,77.86858109,Coal,1955.077805,478.9307571,18,0
4,31-07-2022,Pharma,16361.96668,71.80289397,Coal,1307.087383,434.2582971,18,0
4,31-08-2022,Pharma,18536.1955,73.75830746,Coal,2285.513104,610.7716336,18,0
4,30-09-2022,Pharma,6382.519377,83.40313769,Coal,463.5465861,686.6233482,18,0
4,31-10-2022,Pharma,10212.78193,62.01398108,Coal,564.5271037,621.4436019,18,0
4,30-11-2022,Pharma,5776.788331,82.29242301,Coal,378.978002,667.0691048,18,0
4,31-12-2022,Pharma,12973.58229,61.30636243,Coal,1265.697748,530.4793936,18,0
4,31-01-2023,Pharma,15220.2952,97.60732765,Coal,832.2241971,502.2886577,18,0
4,28-02-2023,Pharma,12536.40931,89.25945439,Coal,1827.956418,470.5427214,18,0
4,31-03-2023,Pharma,19147.62234,69.48577864,Coal,1163.436694,645.8010171,18,0
4,30-04-2023,Pharma,10187.09148,86.84372628,Coal,1329.853526,702.9619983,18,0
4,31-05-2023,Pharma,11297.73047,79.87582074,Coal,1600.822935,648.4129528,18,0
4,30-06-2023,Pharma,18026.14286,97.05855192,Coal,1657.733458,416.1991911,18,0
4,31-07-2023,Pharma,5093.862065,62.47542807,Coal,527.4021479,581.1429269,18,0
4,31-08-2023,Pharma,10061.81418,94.82753822,Coal,587.1319264,467.5603016,18,0
4,30-09-2023,Pharma,9445.880103,96.43210684,Coal,989.3755,634.8497206,18,0
4,31-10-2023,Pharma,11169.55958,69.62126341,Coal,1309.501119,664.3406991,18,0
4,30-11-2023,Pharma,6759.202217,66.76247114,Coal,575.7522288,643.7362804,18,0
4,31-12-2023,Pharma,5243.00596,92.73521699,Coal,283.1951257,684.7722804,18,0
5,31-01-2019,Textile,19158.92425,90.63316157,Diesel,968.3014649,400.4308067,10,0
5,28-02-2019,Textile,5674.952319,89.36605036,Diesel,477.44432,553.1290784,10,0
5,31-03-2019,Textile,14501.1761,92.22103654,Diesel,1302.037655,657.9132483,10,0
5,30-04-2019,Textile,12882.05461,87.91331142,Diesel,1803.827875,653.5011823,10,0
5,31-05-2019,Textile,18540.58266,93.49052029,Diesel,1163.179558,440.4067639,10,0
5,30-06-2019,Textile,19364.47469,82.62979802,Diesel,1964.451071,427.2180434,10,0
5,31-07-2019,Textile,6314.747543,62.63247043,Diesel,878.5823225,548.4205599,10,0
5,31-08-2019,Textile,18092.89132,79.99835968,Diesel,2225.876489,598.1352753,10,0
5,30-09-2019,Textile,9233.937056,71.92302602,Diesel,718.2573277,646.8838598,10,0
5,31-10-2019,Textile,17148.8663,83.32520876,Diesel,2109.690776,516.7431905,10,0
5,30-11-2019,Textile,17498.06535,72.12070028,Diesel,2566.174428,600.99825,10,0
5,31-12-2019,Textile,14871.53327,99.90997556,Diesel,1415.382528,513.5131382,10,0
5,31-01-2020,Textile,11224.40654,89.2196991,Diesel,713.14877,463.2445506,10,0
5,29-02-2020,Textile,18078.69592,83.0792645,Diesel,1528.519126,656.9638021,10,0
5,31-03-2020,Textile,14216.00011,80.94653664,Diesel,1164.465962,550.3729191,10,0
5,30-04-2020,Textile,13709.67839,97.43748993,Diesel,1607.117991,554.0089444,10,0
5,31-05-2020,Textile,6746.883957,65.08384961,Diesel,465.0516773,546.9860611,10,0
5,30-06-2020,Textile,19369.1879,81.644553,Diesel,2140.468653,470.5560446,10,0
5,31-07-2020,Textile,5185.115691,65.7184351,Diesel,644.1435717,478.1317148,10,0
5,31-08-2020,Textile,5730.422726,63.92030739,Diesel,311.7727378,459.2885921,10,0
5,30-09-2020,Textile,15208.37243,66.64299409,Diesel,850.308955,621.0324208,10,0
5,31-10-2020,Textile,5360.075673,73.41486425,Diesel,362.9212126,431.4957405,10,0
5,30-11-2020,Textile,16724.48837,77.48206087,Diesel,1886.096508,607.186541,10,0
5,31-12-2020,Textile,17062.48347,94.65692734,Diesel,954.8461366,621.456177,10,0
5,31-01-2021,Textile,13576.83974,77.36208704,Diesel,852.0419685,530.9072476,10,0
5,28-02-2021,Textile,13458.39382,70.4464973,Diesel,1608.214967,581.5651021,10,0
5,31-03-2021,Textile,8638.673991,63.6523521,Diesel,707.2392589,433.4963106,10,0
5,30-04-2021,Textile,18359.87683,83.87780894,Diesel,2405.439624,537.4954763,10,0
5,31-05-2021,Textile,17473.1118,67.09306213,Diesel,2137.086743,647.2547162,10,0
5,30-06-2021,Textile,14945.40806,87.16266418,Diesel,2139.794456,719.0238136,10,0
5,31-07-2021,Textile,10348.56989,96.46903508,Diesel,559.1217915,563.9087065,10,0
5,31-08-2021,Textile,13625.9086,68.27271573,Diesel,1368.662486,499.9007157,10,0
5,30-09-2021,Textile,16477.90751,65.72645431,Diesel,1907.673959,605.3019413,10,0
5,31-10-2021,Textile,15238.10718,73.26467396,Diesel,1524.693488,606.6320139,10,0
5,30-11-2021,Textile,19153.61216,94.8500651,Diesel,1512.064473,650.6289455,10,0
5,31-12-2021,Textile,17546.63289,81.95638527,Diesel,1209.306556,630.5228795,10,0
5,31-01-2022,Textile,9594.514953,73.0443141,Diesel,547.766171,511.9347398,10,0
5,28-02-2022,Textile,10161.37427,80.82175349,Diesel,955.8447941,681.5726806,10,0
5,31-03-2022,Textile,17264.35067,95.80226416,Diesel,2336.285254,615.534905,10,0
5,30-04-2022,Textile,5003.405573,96.60006151,Diesel,672.3973736,637.5335141,10,0
5,31-05-2022,Textile,16160.42871,88.44003848,Diesel,1186.982644,639.8012854,10,0
5,30-06-2022,Textile,17921.68529,94.641427,Diesel,913.8459011,648.9748181,10,0
5,31-07-2022,Textile,19310.63398,64.87518007,Diesel,1000.822017,689.3233128,10,0
5,31-08-2022,Textile,9952.339255,64.27202816,Diesel,1446.475853,419.2726224,10,0
5,30-09-2022,Textile,5641.094091,94.58609418,Diesel,348.9922737,455.0004839,10,0
5,31-10-2022,Textile,9262.764436,71.558741,Diesel,812.394396,525.8626145,10,0
5,30-11-2022,Textile,11022.46416,91.72514152,Diesel,794.1782282,459.5076824,10,0
5,31-12-2022,Textile,10138.86624,85.10675509,Diesel,701.6258521,446.7267262,10,0
5,31-01-2023,Textile,8627.572931,77.03990078,Diesel,1266.305827,610.4849226,10,0
5,28-02-2023,Textile,5836.112804,84.39251046,Diesel,432.3414636,523.7783175,10,0
5,31-03-2023,Textile,13556.14237,83.26256818,Diesel,1646.658751,476.8702186,10,0
5,30-04-2023,Textile,5744.088625,70.28250769,Diesel,554.325423,472.6331326,10,0
5,31-05-2023,Textile,9682.878257,89.0044464,Diesel,1255.192151,666.5399655,10,0
5,30-06-2023,Textile,7796.297073,89.97477747,Diesel,815.2556421,465.3006043,10,0
5,31-07-2023,Textile,14274.36198,87.22689493,Diesel,1665.434819,563.5106378,10,0
5,31-08-2023,Textile,16546.19934,99.01641471,Diesel,1776.339204,509.3251561,10,0
5,30-09-2023,Textile,13758.78934,68.27974405,Diesel,1859.3707,426.9645972,10,0
5,31-10-2023,Textile,11530.94485,98.12480458,Diesel,1405.904917,697.6528649,10,0
5,30-11-2023,Textile,15676.66917,95.93421101,Diesel,1697.291254,439.7143577,10,0
5,31-12-2023,Textile,7786.65432,63.3986516,Diesel,729.0224166,610.6583806,10,0
6,31-01-2019,Cement,16109.95372,79.4007195,Diesel,943.0815721,711.1876448,6,0
6,28-02-2019,Cement,11993.79922,91.67742492,Diesel,1082.208949,535.9851261,6,0
6,31-03-2019,Cement,6599.354284,74.67193283,Diesel,395.6277711,645.3107023,6,0
6,30-04-2019,Cement,5958.196511,72.695554,Diesel,429.1802741,564.8976602,6,0
6,31-05-2019,Cement,14730.2443,95.96995673,Diesel,1654.950771,442.012151,6,0
6,30-06-2019,Cement,11642.44056,93.8907764,Diesel,821.9629145,704.6706085,6,0
6,31-07-2019,Cement,7005.434816,97.41577959,Diesel,876.6764478,701.2270057,6,0
6,31-08-2019,Cement,8052.319918,98.1821537,Diesel,1142.238976,415.0376003,6,0
6,30-09-2019,Cement,10906.32712,84.32845507,Diesel,1030.182759,637.5583799,6,0
6,31-10-2019,Cement,6162.244607,71.29255337,Diesel,668.7864527,482.0521689,6,0
6,30-11-2019,Cement,13731.05197,91.91218725,Diesel,1873.418411,546.204183,6,0
6,31-12-2019,Cement,11025.45339,80.11000766,Diesel,1476.80792,608.2666309,6,0
6,31-01-2020,Cement,19821.86114,79.40921823,Diesel,1346.229288,685.1648294,6,0
6,29-02-2020,Cement,19037.392,78.28238637,Diesel,1504.439622,579.8192811,6,0
6,31-03-2020,Cement,11792.37208,71.14777264,Diesel,1720.355994,445.7005774,6,0
6,30-04-2020,Cement,10893.64003,70.3484379,Diesel,922.9006513,654.1383505,6,0
6,31-05-2020,Cement,11084.67889,66.76647575,Diesel,1637.713158,673.0614997,6,0
6,30-06-2020,Cement,16949.67304,73.51926202,Diesel,2043.266177,460.0014263,6,0
6,31-07-2020,Cement,13538.09695,94.71918507,Diesel,1466.319075,629.764537,6,0
6,31-08-2020,Cement,9844.845248,95.5604876,Diesel,650.3835682,455.3676383,6,0
6,30-09-2020,Cement,7883.868777,72.37878196,Diesel,1162.795175,531.5562934,6,0
6,31-10-2020,Cement,17221.90501,76.69566496,Diesel,1394.404038,700.104256,6,0
6,30-11-2020,Cement,8203.142817,76.44577346,Diesel,987.6841962,469.5849383,6,0
6,31-12-2020,Cement,8486.060693,85.42527995,Diesel,1266.920886,648.8695965,6,0
6,31-01-2021,Cement,14934.7687,84.38727633,Diesel,2113.416811,450.0358853,6,0
6,28-02-2021,Cement,18944.74412,64.98453543,Diesel,2183.336208,416.8703252,6,0
6,31-03-2021,Cement,17514.87194,83.09413605,Diesel,2007.917836,546.6763134,6,0
6,30-04-2021,Cement,13775.52753,79.54169866,Diesel,1410.884393,613.4193336,6,0
6,31-05-2021,Cement,10775.87084,97.71931136,Diesel,1196.5269,667.1916114,6,0
6,30-06-2021,Cement,5324.68342,63.67110426,Diesel,628.8202411,681.3838283,6,0
6,31-07-2021,Cement,11403.42092,78.76099759,Diesel,1629.042005,605.1475531,6,0
6,31-08-2021,Cement,15004.03978,64.10116793,Diesel,768.083778,444.7015592,6,0
6,30-09-2021,Cement,17307.61256,90.40139607,Diesel,949.7834834,669.9932137,6,0
6,31-10-2021,Cement,6642.364588,68.11412955,Diesel,995.2379451,573.2360443,6,0
6,30-11-2021,Cement,15142.9362,94.34400428,Diesel,2215.006619,601.0710776,6,0
6,31-12-2021,Cement,9499.077347,60.7667155,Diesel,885.3039126,410.5638195,6,0
6,31-01-2022,Cement,18676.77669,65.86458229,Diesel,2140.223936,474.5213268,6,0
6,28-02-2022,Cement,18181.19786,67.8666893,Diesel,2631.364765,465.7988761,6,0
6,31-03-2022,Cement,6569.906605,76.91774175,Diesel,851.1828932,445.2427373,6,0
6,30-04-2022,Cement,12657.80392,65.62367673,Diesel,1170.572621,509.3596295,6,0
6,31-05-2022,Cement,18652.94186,75.31333579,Diesel,2108.967442,537.6456743,6,0
6,30-06-2022,Cement,16870.44379,87.22242665,Diesel,1348.886994,546.4780215,6,0
6,31-07-2022,Cement,14942.89681,98.61794538,Diesel,2115.636771,560.9201664,6,0
6,31-08-2022,Cement,11283.93836,80.58247161,Diesel,1364.187827,689.9522972,6,0
6,30-09-2022,Cement,11688.2993,88.34334183,Diesel,1439.849725,455.6683859,6,0
6,31-10-2022,Cement,18653.24982,66.1766303,Diesel,2101.793199,409.2163778,6,0
6,30-11-2022,Cement,11101.60623,90.49444855,Diesel,714.8059537,402.7580808,6,0
6,31-12-2022,Cement,6039.616596,83.12873525,Diesel,662.92791,636.4577457,6,0
6,31-01-2023,Cement,18751.34005,92.03272399,Diesel,1783.496337,629.9837651,6,0
6,28-02-2023,Cement,7241.543878,97.19742376,Diesel,694.2505161,458.122055,6,0
6,31-03-2023,Cement,14996.10957,71.41616274,Diesel,1628.290165,435.0343571,6,0
6,30-04-2023,Cement,8310.486122,81.3323345,Diesel,1243.243446,656.1715536,6,0
6,31-05-2023,Cement,15203.76032,93.01759583,Diesel,983.0877623,451.0932318,6,0
6,30-06-2023,Cement,6210.046511,86.89393071,Diesel,738.4871869,509.2702101,6,0
6,31-07-2023,Cement,14677.25125,60.67876517,Diesel,2143.417007,414.2681897,6,0
6,31-08-2023,Cement,6883.731541,90.62173479,Diesel,488.8770855,503.5017136,6,0
6,30-09-2023,Cement,17267.3311,99.15789423,Diesel,1729.961291,545.5862015,6,0
6,31-10-2023,Cement,11712.54335,64.07567016,Diesel,604.2738493,597.1785489,6,0
6,30-11-2023,Cement,11413.12783,66.43441174,Diesel,1369.97239,642.837803,6,0
6,31-12-2023,Cement,15890.91989,96.7109061,Diesel,2237.99327,593.4637153,6,0
7,31-01-2019,Chemical,9931.401913,71.1244867,Diesel,679.7400961,559.2052566,17,0
7,28-02-2019,Chemical,10287.93862,88.90734298,Diesel,842.8139579,689.8917348,17,0
7,31-03-2019,Chemical,18720.41841,79.74174638,Diesel,1785.128198,412.1757371,17,0
7,30-04-2019,Chemical,16344.65145,81.58647156,Diesel,943.8768597,405.7692829,17,0
7,31-05-2019,Chemical,19903.67259,66.99535745,Diesel,2333.992908,455.4867412,17,0
7,30-06-2019,Chemical,11111.11822,99.46277963,Diesel,617.6963398,445.4980404,17,0
7,31-07-2019,Chemical,12616.28228,79.96434632,Diesel,769.7727271,524.6451283,17,0
7,31-08-2019,Chemical,8651.639251,93.68774923,Diesel,613.6660287,423.2071414,17,0
7,30-09-2019,Chemical,8652.925083,97.26636999,Diesel,523.3598408,485.74168,17,0
7,31-10-2019,Chemical,18670.12724,82.16397122,Diesel,1259.297257,521.1850738,17,0
7,30-11-2019,Chemical,13352.58042,95.6749252,Diesel,1051.068083,504.8791123,17,0
7,31-12-2019,Chemical,19721.32137,63.89506916,Diesel,1583.751796,604.2318128,17,0
7,31-01-2020,Chemical,17057.89829,80.35541021,Diesel,959.4117238,522.8630428,17,0
7,29-02-2020,Chemical,6248.864871,88.98231637,Diesel,507.1030697,650.5355566,17,0
7,31-03-2020,Chemical,9746.818648,73.68745623,Diesel,676.8809979,579.8233952,17,0
7,30-04-2020,Chemical,5790.646848,61.50264918,Diesel,704.826791,572.1902925,17,0
7,31-05-2020,Chemical,17378.73,94.72812303,Diesel,1588.644478,623.3166065,17,0
7,30-06-2020,Chemical,8603.675277,78.79217286,Diesel,822.051552,586.2863369,17,0
7,31-07-2020,Chemical,13721.80922,97.91078328,Diesel,759.7725678,433.9986267,17,0
7,31-08-2020,Chemical,11609.04671,94.27800519,Diesel,1374.753847,682.3811812,17,0
7,30-09-2020,Chemical,7842.785649,65.02462453,Diesel,636.0554089,683.4950766,17,0
7,31-10-2020,Chemical,18224.53024,80.60768905,Diesel,2322.994521,579.8863212,17,0
7,30-11-2020,Chemical,19992.01841,84.89503726,Diesel,1861.232669,492.2126473,17,0
7,31-12-2020,Chemical,15291.36731,97.95161991,Diesel,1174.449165,659.6691005,17,0
7,31-01-2021,Chemical,16306.52303,84.88036755,Diesel,1696.007742,639.876571,17,0
7,28-02-2021,Chemical,8265.496983,98.64085837,Diesel,521.2506578,518.9877711,17,0
7,31-03-2021,Chemical,10233.05625,96.92674847,Diesel,723.1119459,679.7149178,17,0
7,30-04-2021,Chemical,5999.897447,99.94243226,Diesel,314.8849447,667.2780993,17,0
7,31-05-2021,Chemical,13384.2986,73.45574894,Diesel,1363.889063,713.3642532,17,0
7,30-06-2021,Chemical,13654.04185,66.19365579,Diesel,1169.050794,623.0441645,17,0
7,31-07-2021,Chemical,18883.74514,80.1217499,Diesel,2194.502354,692.0317906,17,0
7,31-08-2021,Chemical,6762.527603,70.07992887,Diesel,960.7904718,586.1084281,17,0
7,30-09-2021,Chemical,5856.421408,86.91303554,Diesel,603.4598463,612.0914345,17,0
7,31-10-2021,Chemical,15492.91806,76.48070956,Diesel,989.0641487,613.0448769,17,0
7,30-11-2021,Chemical,8946.200449,88.97545424,Diesel,616.89018,685.516133,17,0
7,31-12-2021,Chemical,10200.78142,89.85808515,Diesel,1421.489062,642.1725513,17,0
7,31-01-2022,Chemical,12847.37001,94.97900413,Diesel,698.1689417,483.5290853,17,0
7,28-02-2022,Chemical,17048.18185,82.47507825,Diesel,2115.480256,611.7952999,17,0
7,31-03-2022,Chemical,10088.56011,79.92794878,Diesel,946.980624,469.8474236,17,0
7,30-04-2022,Chemical,6344.783469,73.49436313,Diesel,374.1524642,707.6939913,17,0
7,31-05-2022,Chemical,7142.688614,90.57006392,Diesel,921.3886173,604.5745513,17,0
7,30-06-2022,Chemical,7396.241904,66.56254353,Diesel,580.7430003,653.7088145,17,0
7,31-07-2022,Chemical,9690.699427,83.52574827,Diesel,618.5410383,536.3591587,17,0
7,31-08-2022,Chemical,9283.694244,98.46445769,Diesel,754.6200994,431.3742522,17,0
7,30-09-2022,Chemical,13472.62155,67.18627863,Diesel,808.0387433,417.4438048,17,0
7,31-10-2022,Chemical,7958.639993,68.54149912,Diesel,936.0101057,529.6003515,17,0
7,30-11-2022,Chemical,13784.06252,83.65406816,Diesel,1680.552483,638.4772756,17,0
7,31-12-2022,Chemical,9127.853177,96.3834678,Diesel,1034.997653,423.0101495,17,0
7,31-01-2023,Chemical,15992.57506,73.45232378,Diesel,1325.151709,491.1722408,17,0
7,28-02-2023,Chemical,7240.990827,80.39940317,Diesel,695.5569438,688.243252,17,0
7,31-03-2023,Chemical,10343.92173,70.96332783,Diesel,1345.913927,520.6972134,17,0
7,30-04-2023,Chemical,5726.963487,68.41104712,Diesel,610.4305123,596.9768394,17,0
7,31-05-2023,Chemical,10740.93787,90.28756479,Diesel,865.3420449,589.7544643,17,0
7,30-06-2023,Chemical,5106.447987,92.77592924,Diesel,439.0651133,573.045002,17,0
7,31-07-2023,Chemical,13655.96068,85.70511741,Diesel,1843.339753,493.6048065,17,0
7,31-08-2023,Chemical,7360.57375,61.24272521,Diesel,1065.00355,477.0280274,17,0
7,30-09-2023,Chemical,10879.97066,74.74811696,Diesel,1294.744605,523.8986477,17,0
7,31-10-2023,Chemical,10346.07104,89.90607298,Diesel,1087.051901,661.3738783,17,0
7,30-11-2023,Chemical,17951.45022,96.67844452,Diesel,2686.986914,449.1789235,17,0
7,31-12-2023,Chemical,18948.05723,79.35187586,Diesel,1876.708617,438.3189723,17,0
8,31-01-2019,Steel,8321.763371,92.22433155,Diesel,464.5834955,694.7720757,4,1
8,28-02-2019,Steel,6364.031749,96.92894988,Diesel,756.8611358,440.6728364,4,1
8,31-03-2019,Steel,12290.66298,86.56402685,Diesel,1263.538472,710.2212701,4,1
8,30-04-2019,Steel,11150.3568,79.27979671,Diesel,636.0840097,489.0059649,4,1
8,31-05-2019,Steel,16613.76722,86.24811921,Diesel,1614.298593,582.9208619,4,1
8,30-06-2019,Steel,13714.5288,89.19556471,Diesel,1249.301556,601.3501418,4,1
8,31-07-2019,Steel,10345.85749,64.03790727,Diesel,1512.448738,608.8326449,4,1
8,31-08-2019,Steel,13398.35798,79.45620142,Diesel,1346.444945,456.4518113,4,1
8,30-09-2019,Steel,9400.2294,79.62777384,Diesel,882.3162815,643.2997284,4,1
8,31-10-2019,Steel,9534.150507,95.80340691,Diesel,1403.477938,674.9839843,4,1
8,30-11-2019,Steel,16305.20773,98.72448946,Diesel,2086.337533,407.1837595,4,1
8,31-12-2019,Steel,5757.612062,61.75524353,Diesel,702.643553,542.233593,4,1
8,31-01-2020,Steel,6892.296444,64.9313571,Diesel,446.2435256,409.5156036,4,1
8,29-02-2020,Steel,6169.907996,64.24520077,Diesel,612.5369564,451.4282717,4,1
8,31-03-2020,Steel,8850.208875,88.55603734,Diesel,867.3368513,528.7659407,4,1
8,30-04-2020,Steel,15542.99666,62.72040928,Diesel,1078.356213,468.6607424,4,1
8,31-05-2020,Steel,7925.820834,98.42274145,Diesel,509.3563248,562.9061851,4,1
8,30-06-2020,Steel,16406.96909,99.39716434,Diesel,2372.07811,463.0739324,4,1
8,31-07-2020,Steel,11338.0907,71.93350974,Diesel,865.1256135,452.3546947,4,1
8,31-08-2020,Steel,14747.95883,60.98789191,Diesel,1932.364771,571.7050208,4,1
8,30-09-2020,Steel,12566.37119,83.40311265,Diesel,1273.18705,558.6210465,4,1
8,31-10-2020,Steel,15351.13031,75.61505784,Diesel,1405.817831,550.1367987,4,1
8,30-11-2020,Steel,17644.2499,80.81824369,Diesel,2401.048692,401.7419869,4,1
8,31-12-2020,Steel,8856.441341,79.17819913,Diesel,768.0994088,692.4206472,4,1
8,31-01-2021,Steel,15482.50506,94.15463974,Diesel,991.1364559,574.1386077,4,1
8,28-02-2021,Steel,6640.338547,75.89165172,Diesel,555.695205,582.2343642,4,1
8,31-03-2021,Steel,16885.86163,69.00959609,Diesel,1994.997203,481.1570008,4,1
8,30-04-2021,Steel,13405.23012,89.14460627,Diesel,1145.940364,596.0589903,4,1
8,31-05-2021,Steel,17401.13643,93.23069554,Diesel,1378.892298,679.9671151,4,1
8,30-06-2021,Steel,12618.46124,81.14336806,Diesel,1653.780386,635.3666259,4,1
8,31-07-2021,Steel,19270.94559,84.89266549,Diesel,2325.460804,495.3725863,4,1
8,31-08-2021,Steel,12827.93443,62.96704782,Diesel,887.7139092,668.7994314,4,1
8,30-09-2021,Steel,9688.154784,96.57766918,Diesel,1298.825657,671.2449054,4,1
8,31-10-2021,Steel,13487.9461,66.2894266,Diesel,1605.905537,564.2990391,4,1
8,30-11-2021,Steel,13355.10209,95.75890674,Diesel,1969.008752,414.8038135,4,1
8,31-12-2021,Steel,15744.88015,86.77541695,Diesel,1538.262062,605.5290123,4,1
8,31-01-2022,Steel,19614.57445,99.45312694,Diesel,1986.18172,698.9663333,4,1
8,28-02-2022,Steel,17567.62071,62.89429031,Diesel,2426.273141,482.1317408,4,1
8,31-03-2022,Steel,5097.881156,79.18076948,Diesel,262.9760068,429.4350434,4,1
8,30-04-2022,Steel,7095.808505,63.84503407,Diesel,656.0590169,698.77725,4,1
8,31-05-2022,Steel,7437.734671,86.96790491,Diesel,471.1573447,657.8744657,4,1
8,30-06-2022,Steel,18225.7596,95.67280846,Diesel,1269.317198,596.4307024,4,1
8,31-07-2022,Steel,18856.14697,69.19225366,Diesel,2356.106516,601.778955,4,1
8,31-08-2022,Steel,11433.31147,86.09056024,Diesel,1403.017319,400.2293948,4,1
8,30-09-2022,Steel,8714.256308,80.25825508,Diesel,1171.54666,476.5514284,4,1
8,31-10-2022,Steel,17850.9492,97.76379144,Diesel,1492.243232,579.422234,4,1
8,30-11-2022,Steel,11167.23399,69.46271701,Diesel,1373.562214,442.1580159,4,1
8,31-12-2022,Steel,7045.566575,67.86754233,Diesel,391.2631305,463.4018374,4,1
8,31-01-2023,Steel,18068.97028,60.61789711,Diesel,1690.775628,471.7674938,4,1
8,28-02-2023,Steel,17024.63885,77.66136042,Diesel,1686.483837,671.6056273,4,1
8,31-03-2023,Steel,9384.545698,92.44348985,Diesel,551.412982,657.8161213,4,1
8,30-04-2023,Steel,17952.37176,90.90090367,Diesel,1200.714955,662.976467,4,1
8,31-05-2023,Steel,8143.019359,65.80422294,Diesel,1143.590277,710.0212613,4,1
8,30-06-2023,Steel,12026.91856,83.93224303,Diesel,638.5940203,487.9666106,4,1
8,31-07-2023,Steel,14232.3644,90.15122404,Diesel,1348.109112,499.113351,4,1
8,31-08-2023,Steel,18626.56322,64.17921267,Diesel,2272.939763,619.9305614,4,1
8,30-09-2023,Steel,9507.331379,92.13053603,Diesel,733.9684294,631.3418958,4,1
8,31-10-2023,Steel,8684.473611,64.37117781,Diesel,1124.104564,431.6699595,4,1
8,30-11-2023,Steel,11585.62233,64.51187675,Diesel,1397.089858,691.7243807,4,1
8,31-12-2023,Steel,10000.51757,77.96493656,Diesel,1070.719994,539.3885306,4,1
9,31-01-2019,Steel,17755.65379,69.18809261,Diesel,1313.40183,519.2336331,1,0
9,28-02-2019,Steel,17017.57255,84.17522876,Diesel,1188.750378,558.3451061,1,0
9,31-03-2019,Steel,16908.40043,99.57362551,Diesel,1993.768148,715.1841012,1,0
9,30-04-2019,Steel,10943.7102,98.55270645,Diesel,1137.03056,492.1214411,1,0
9,31-05-2019,Steel,6583.97594,88.26199209,Diesel,658.1004601,678.37746,1,0
9,30-06-2019,Steel,12295.87442,71.93802645,Diesel,1399.384524,492.2086834,1,0
9,31-07-2019,Steel,8070.709214,73.39273379,Diesel,670.1171904,406.3122389,1,0
9,31-08-2019,Steel,10658.77979,86.56296485,Diesel,804.8308423,440.6507443,1,0
9,30-09-2019,Steel,19679.81122,89.06417749,Diesel,2811.712427,657.3775081,1,0
9,31-10-2019,Steel,6453.759906,81.92085989,Diesel,776.2184213,653.6650898,1,0
9,30-11-2019,Steel,10861.29477,91.63398711,Diesel,1415.233258,629.1676092,1,0
9,31-12-2019,Steel,14172.42279,87.84125628,Diesel,1193.9915,434.5479834,1,0
9,31-01-2020,Steel,16952.72265,65.10272605,Diesel,2378.977481,615.1292254,1,0
9,29-02-2020,Steel,8222.819096,61.61320644,Diesel,576.5318952,457.1612406,1,0
9,31-03-2020,Steel,5888.349581,64.21587739,Diesel,403.1465877,509.1501813,1,0
9,30-04-2020,Steel,19114.48682,79.45488403,Diesel,1839.997338,651.2229957,1,0
9,31-05-2020,Steel,19434.54475,93.36554642,Diesel,1923.444729,644.0227561,1,0
9,30-06-2020,Steel,6696.496091,66.25325754,Diesel,627.484268,527.0046058,1,0
9,31-07-2020,Steel,13435.67571,86.83306723,Diesel,1616.437953,493.2749238,1,0
9,31-08-2020,Steel,11817.24099,68.37151046,Diesel,595.2576625,477.2819926,1,0
9,30-09-2020,Steel,12097.58977,85.21590925,Diesel,1703.18661,534.1080812,1,0
9,31-10-2020,Steel,14610.65337,76.55704232,Diesel,1125.105732,466.1878754,1,0
9,30-11-2020,Steel,15960.26146,96.7204204,Diesel,2253.385401,636.4626709,1,0
9,31-12-2020,Steel,11653.99552,66.84409914,Diesel,1600.390012,625.5715625,1,0
9,31-01-2021,Steel,19013.79949,63.4569853,Diesel,2470.345261,687.5572931,1,0
9,28-02-2021,Steel,5006.154342,83.84730678,Diesel,708.8429217,492.1389101,1,0
9,31-03-2021,Steel,14920.4059,64.31168989,Diesel,1473.511839,623.2468425,1,0
9,30-04-2021,Steel,15112.88175,92.17044618,Diesel,1751.818067,527.377549,1,0
9,31-05-2021,Steel,10349.32698,71.52810775,Diesel,783.4354992,612.5288848,1,0
9,30-06-2021,Steel,10167.5884,62.46172137,Diesel,782.8775019,645.8947428,1,0
9,31-07-2021,Steel,14020.80479,86.21813826,Diesel,713.1950011,696.805445,1,0
9,31-08-2021,Steel,11271.974,96.440628,Diesel,1683.090284,433.949456,1,0
9,30-09-2021,Steel,16996.44114,73.81844606,Diesel,1291.067728,537.7579467,1,0
9,31-10-2021,Steel,8975.523772,81.44769117,Diesel,851.9102257,540.8386467,1,0
9,30-11-2021,Steel,19299.86397,79.40527631,Diesel,2844.37632,402.6234628,1,0
9,31-12-2021,Steel,7155.314378,88.39732294,Diesel,739.6630315,446.0270307,1,0
9,31-01-2022,Steel,16860.54356,60.47591329,Diesel,1337.304031,401.8957009,1,0
9,28-02-2022,Steel,12548.28811,62.71185583,Diesel,1535.384315,657.9104412,1,0
9,31-03-2022,Steel,17482.86728,84.93561548,Diesel,2038.004825,468.3968839,1,0
9,30-04-2022,Steel,11281.38486,77.27374769,Diesel,624.9126652,565.2948833,1,0
9,31-05-2022,Steel,8200.44602,75.40202717,Diesel,1016.533824,533.6444819,1,0
9,30-06-2022,Steel,8948.692622,82.24945576,Diesel,815.5936281,703.2744973,1,0
9,31-07-2022,Steel,7773.890282,64.5434927,Diesel,654.1931379,708.6793138,1,0
9,31-08-2022,Steel,16517.91385,61.62036692,Diesel,1028.919325,464.9825897,1,0
9,30-09-2022,Steel,7050.834146,76.66779359,Diesel,624.2957323,570.9590754,1,0
9,31-10-2022,Steel,17804.44893,69.67710912,Diesel,2450.412683,406.093891,1,0
9,30-11-2022,Steel,14119.36554,64.19050146,Diesel,1347.309145,476.4050861,1,0
9,31-12-2022,Steel,8214.501085,83.40486644,Diesel,774.5568881,410.9361885,1,0
9,31-01-2023,Steel,5778.231164,97.68934878,Diesel,593.554916,504.0184459,1,0
9,28-02-2023,Steel,8234.596441,63.35216636,Diesel,809.3739029,564.5058226,1,0
9,31-03-2023,Steel,10353.49831,64.33157426,Diesel,953.4301047,632.6734237,1,0
9,30-04-2023,Steel,17959.03711,91.26092518,Diesel,2569.592809,478.6400999,1,0
9,31-05-2023,Steel,7880.504785,85.53367002,Diesel,909.8564395,705.3100528,1,0
9,30-06-2023,Steel,14656.55912,73.31273444,Diesel,1839.211341,607.5824136,1,0
9,31-07-2023,Steel,13380.94165,84.997691,Diesel,798.2918351,704.5649652,1,0
9,31-08-2023,Steel,9299.908719,74.67831327,Diesel,543.0197735,416.7284391,1,0
9,30-09-2023,Steel,6518.977715,94.90296077,Diesel,656.876134,658.5490206,1,0
9,31-10-2023,Steel,8175.751677,65.81144039,Diesel,667.3803539,712.3425875,1,0
9,30-11-2023,Steel,19957.55377,71.70435576,Diesel,1711.928878,701.3226181,1,0
9,31-12-2023,Steel,11343.02614,80.68601449,Diesel,986.8420102,637.0495575,1,0
10,31-01-2019,Chemical,14021.16083,94.95287285,Diesel,869.0662628,544.348572,18,0
10,28-02-2019,Chemical,13100.43788,78.44134272,Diesel,1081.952252,552.2096099,18,0
10,31-03-2019,Chemical,15188.70502,70.09115838,Diesel,1650.604461,654.6922056,18,0
10,30-04-2019,Chemical,7021.786774,79.84301914,Diesel,469.8304918,440.3634516,18,0
10,31-05-2019,Chemical,8988.42863,77.5375938,Diesel,476.6502819,646.6056086,18,0
10,30-06-2019,Chemical,6399.310771,89.55112116,Diesel,934.2460597,617.1351493,18,0
10,31-07-2019,Chemical,16942.78923,60.15070778,Diesel,1916.868944,590.8851202,18,0
10,31-08-2019,Chemical,10759.23341,89.47267327,Diesel,1050.039012,439.2266101,18,0
10,30-09-2019,Chemical,7087.400164,69.47921274,Diesel,671.8679532,460.4382025,18,0
10,31-10-2019,Chemical,15310.84869,85.33133929,Diesel,2006.82459,414.3204589,18,0
10,30-11-2019,Chemical,14670.08429,71.11467601,Diesel,2195.631332,685.8453236,18,0
10,31-12-2019,Chemical,19151.42161,63.93978567,Diesel,1465.319816,558.4179026,18,0
10,31-01-2020,Chemical,18562.86811,84.08675078,Diesel,1843.326604,651.4408716,18,0
10,29-02-2020,Chemical,15435.16495,90.63137171,Diesel,1452.759426,629.272404,18,0
10,31-03-2020,Chemical,8767.37602,84.16821919,Diesel,1209.768176,503.8916055,18,0
10,30-04-2020,Chemical,11288.73874,67.75975825,Diesel,885.9996815,561.6524859,18,0
10,31-05-2020,Chemical,5442.145282,67.13047126,Diesel,808.9464479,628.8244376,18,0
10,30-06-2020,Chemical,5121.622953,60.3701009,Diesel,491.9656912,556.2671722,18,0
10,31-07-2020,Chemical,15525.70451,62.10568451,Diesel,868.3664631,497.7042877,18,0
10,31-08-2020,Chemical,11485.9454,93.14668574,Diesel,1519.462013,460.4384598,18,0
10,30-09-2020,Chemical,6042.631572,98.88666495,Diesel,310.7586326,592.4213838,18,0
10,31-10-2020,Chemical,14947.21744,73.66847517,Diesel,1769.301449,406.2986289,18,0
10,30-11-2020,Chemical,6167.587297,74.94538608,Diesel,733.182743,614.7185476,18,0
10,31-12-2020,Chemical,7687.695119,85.88280665,Diesel,741.3031987,558.501647,18,0
10,31-01-2021,Chemical,13812.68719,62.46567534,Diesel,2014.643422,445.4186274,18,0
10,28-02-2021,Chemical,18362.36197,63.77849703,Diesel,2733.927476,703.702206,18,0
10,31-03-2021,Chemical,16798.15484,66.37561063,Diesel,913.9745298,526.0760025,18,0
10,30-04-2021,Chemical,17491.68607,62.89086836,Diesel,2082.736878,570.8888737,18,0
10,31-05-2021,Chemical,7365.554319,70.09076358,Diesel,483.6571934,704.9313003,18,0
10,30-06-2021,Chemical,10953.31967,70.51696991,Diesel,958.9616281,559.2821004,18,0
10,31-07-2021,Chemical,8657.640949,66.10296897,Diesel,1176.737068,549.6140319,18,0
10,31-08-2021,Chemical,18083.06793,61.9033277,Diesel,1601.202203,450.6370374,18,0
10,30-09-2021,Chemical,7897.366267,86.71697894,Diesel,468.6833665,562.5120458,18,0
10,31-10-2021,Chemical,17258.88903,82.40965855,Diesel,1303.052426,484.0160736,18,0
10,30-11-2021,Chemical,11374.92861,65.6311336,Diesel,1152.551642,587.897321,18,0
10,31-12-2021,Chemical,10900.29258,93.86203103,Diesel,1010.353919,576.6458151,18,0
10,31-01-2022,Chemical,7113.559155,68.71617879,Diesel,816.4018455,534.9615937,18,0
10,28-02-2022,Chemical,7792.475536,65.02644582,Diesel,497.4549331,639.4117757,18,0
10,31-03-2022,Chemical,10237.4058,86.81278536,Diesel,1169.548442,697.9261683,18,0
10,30-04-2022,Chemical,14510.82584,90.43565892,Diesel,2156.349246,457.7356231,18,0
10,31-05-2022,Chemical,18589.83726,61.65001294,Diesel,1731.923776,416.7185868,18,0
10,30-06-2022,Chemical,11221.03704,97.21404709,Diesel,1441.771955,464.0028548,18,0
10,31-07-2022,Chemical,12525.69225,70.98749976,Diesel,1438.758203,630.8972424,18,0
10,31-08-2022,Chemical,15945.49441,92.440615,Diesel,2166.97099,717.3101554,18,0
10,30-09-2022,Chemical,16038.52979,93.54003962,Diesel,2324.924055,678.1929113,18,0
10,31-10-2022,Chemical,12752.55152,70.53454476,Diesel,905.2585866,591.711784,18,0
10,30-11-2022,Chemical,15711.9799,74.79776528,Diesel,1223.910119,457.7239923,18,0
10,31-12-2022,Chemical,13375.76716,96.69395606,Diesel,1192.42253,670.3841207,18,0
10,31-01-2023,Chemical,10506.99253,96.30727781,Diesel,845.4302679,573.8304302,18,0
10,28-02-2023,Chemical,15156.91233,94.9802118,Diesel,1893.427505,700.3473906,18,0
10,31-03-2023,Chemical,18921.59134,81.21052903,Diesel,1615.130284,655.0896339,18,0
10,30-04-2023,Chemical,7793.674074,79.41379589,Diesel,1036.696789,704.1957679,18,0
10,31-05-2023,Chemical,13751.53452,97.91480674,Diesel,1354.625141,689.9549058,18,0
10,30-06-2023,Chemical,16392.29854,95.44295868,Diesel,2014.668803,696.8992197,18,0
10,31-07-2023,Chemical,5180.937767,61.37166713,Diesel,622.9240602,489.3072436,18,0
10,31-08-2023,Chemical,18829.33445,65.63081831,Diesel,1364.93244,578.6029306,18,0
10,30-09-2023,Chemical,10115.2564,67.50912302,Diesel,1336.427881,692.7212484,18,0
10,31-10-2023,Chemical,19744.17382,70.96544669,Diesel,1387.338041,541.4893164,18,0
10,30-11-2023,Chemical,10220.45229,79.47228308,Diesel,1511.173994,708.9415106,18,0
10,31-12-2023,Chemical,9794.271883,66.70486255,Diesel,747.1861009,411.4394862,18,0
11,31-01-2019,Textile,12395.52682,93.87132109,Diesel,1364.42494,618.1865703,15,0
11,28-02-2019,Textile,18411.60977,95.52759812,Diesel,2494.305712,670.4261241,15,0
11,31-03-2019,Textile,13302.96328,84.64443202,Diesel,1296.141729,525.3332937,15,0
11,30-04-2019,Textile,13132.06264,87.58542968,Diesel,1272.921425,540.6898349,15,0
11,31-05-2019,Textile,9518.386221,60.74282875,Diesel,1321.763725,472.6082455,15,0
11,30-06-2019,Textile,12171.45528,80.20905911,Diesel,1644.616027,617.8971317,15,0
11,31-07-2019,Textile,15601.85757,91.61629904,Diesel,1082.361602,483.7609181,15,0
11,31-08-2019,Textile,15892.73202,80.39729982,Diesel,1000.864242,640.0196237,15,0
11,30-09-2019,Textile,19135.01742,92.92350116,Diesel,1037.065756,550.7465122,15,0
11,31-10-2019,Textile,19955.32707,78.23466001,Diesel,2492.076049,613.5082534,15,0
11,30-11-2019,Textile,19674.04229,94.96415184,Diesel,1690.139484,414.5556933,15,0
11,31-12-2019,Textile,7892.04192,75.57472042,Diesel,1136.700111,536.6741001,15,0
11,31-01-2020,Textile,11211.01739,69.30920967,Diesel,1111.403189,679.1889674,15,0
11,29-02-2020,Textile,19626.03384,94.93892684,Diesel,1427.106554,402.5701964,15,0
11,31-03-2020,Textile,14506.68559,95.20525414,Diesel,2013.170384,706.4523119,15,0
11,30-04-2020,Textile,13872.64298,85.31997775,Diesel,767.1929081,477.7606125,15,0
11,31-05-2020,Textile,18024.85945,95.72944589,Diesel,2498.923948,573.3397837,15,0
11,30-06-2020,Textile,10931.07516,92.71182724,Diesel,1167.26498,413.4305611,15,0
11,31-07-2020,Textile,11723.39873,84.0410351,Diesel,969.9666722,649.9023421,15,0
11,31-08-2020,Textile,7162.03496,92.91000059,Diesel,1024.929481,599.5002028,15,0
11,30-09-2020,Textile,18543.51517,92.57676789,Diesel,1778.618188,480.5723051,15,0
11,31-10-2020,Textile,14347.21051,93.62213427,Diesel,1696.765508,466.6754525,15,0
11,30-11-2020,Textile,14414.29811,72.87386541,Diesel,1075.995512,402.8818126,15,0
11,31-12-2020,Textile,16498.35942,88.76845791,Diesel,2279.599226,604.6598714,15,0
11,31-01-2021,Textile,13012.84838,87.15612083,Diesel,1787.392284,538.3268121,15,0
11,28-02-2021,Textile,17292.76878,93.01206249,Diesel,979.4804434,454.6752638,15,0
11,31-03-2021,Textile,12648.34922,64.19290564,Diesel,1718.014316,499.1246666,15,0
11,30-04-2021,Textile,10151.30924,78.39404324,Diesel,702.462428,471.9600294,15,0
11,31-05-2021,Textile,18434.76846,92.1070325,Diesel,1178.952812,648.5658468,15,0
11,30-06-2021,Textile,9878.317871,96.93538672,Diesel,906.1854355,708.1159469,15,0
11,31-07-2021,Textile,10364.60824,71.62975464,Diesel,1155.416421,688.8883353,15,0
11,31-08-2021,Textile,16469.28101,66.71612786,Diesel,1514.415681,555.2177059,15,0
11,30-09-2021,Textile,10735.46897,97.3823229,Diesel,1000.671501,572.4221975,15,0
11,31-10-2021,Textile,15915.64278,62.94201916,Diesel,1150.300415,639.5407099,15,0
11,30-11-2021,Textile,8649.52892,89.01648493,Diesel,491.5945675,705.631538,15,0
11,31-12-2021,Textile,14890.62781,72.66988733,Diesel,1860.960497,443.6006445,15,0
11,31-01-2022,Textile,15406.36881,75.7851628,Diesel,1344.157824,545.8354605,15,0
11,28-02-2022,Textile,5276.858383,93.27552255,Diesel,356.02944,564.9591923,15,0
11,31-03-2022,Textile,15575.51783,69.07482065,Diesel,2017.476647,601.8495146,15,0
11,30-04-2022,Textile,12407.53911,72.48477861,Diesel,1218.117385,501.6146104,15,0
11,31-05-2022,Textile,10113.14809,76.33949556,Diesel,858.3057214,644.3670504,15,0
11,30-06-2022,Textile,8842.263278,70.18437317,Diesel,1281.123558,603.3462975,15,0
11,31-07-2022,Textile,12863.86892,69.15769345,Diesel,799.6475382,516.2855934,15,0
11,31-08-2022,Textile,17859.91735,64.17891943,Diesel,1695.43449,491.8749155,15,0
11,30-09-2022,Textile,12876.53597,74.7448261,Diesel,728.6086986,599.0934157,15,0
11,31-10-2022,Textile,16338.76872,85.79354384,Diesel,1199.998988,634.1145422,15,0
11,30-11-2022,Textile,12715.7487,83.55037854,Diesel,1640.163871,609.9967658,15,0
11,31-12-2022,Textile,6222.34966,85.72051921,Diesel,600.5336499,710.7127013,15,0
11,31-01-2023,Textile,10572.79363,68.35555571,Diesel,1348.185633,538.5856652,15,0
11,28-02-2023,Textile,19725.26759,74.00285249,Diesel,1500.216995,575.0132137,15,0
11,31-03-2023,Textile,12280.58557,74.15623305,Diesel,1708.788298,453.0809359,15,0
11,30-04-2023,Textile,8792.133669,90.35094249,Diesel,932.9506609,496.0721454,15,0
11,31-05-2023,Textile,10391.67539,97.06830017,Diesel,1245.605424,482.2966835,15,0
11,30-06-2023,Textile,18157.37906,75.81016399,Diesel,1754.552968,675.408604,15,0
11,31-07-2023,Textile,12037.49073,93.24508867,Diesel,620.5115323,487.3334913,15,0
11,31-08-2023,Textile,16591.16217,66.73541193,Diesel,2102.922892,639.8229721,15,0
11,30-09-2023,Textile,17918.74078,92.52420188,Diesel,955.7910205,429.1470128,15,0
11,31-10-2023,Textile,5917.576327,66.23675744,Diesel,557.3457945,562.0388546,15,0
11,30-11-2023,Textile,15502.81341,93.05076599,Diesel,1908.931326,716.5866518,15,0
11,31-12-2023,Textile,17235.63905,76.13041685,Diesel,2474.254476,703.9676748,15,0
12,31-01-2019,Textile,7433.443566,72.39719637,Gas,1040.669668,620.2158198,6,1
12,28-02-2019,Textile,8593.923244,84.85538432,Gas,583.0840058,642.2027544,6,1
12,31-03-2019,Textile,12287.30838,63.43894941,Gas,1650.593891,629.7619872,6,1
12,30-04-2019,Textile,16166.22071,93.37511455,Gas,1376.771894,420.1202503,6,1
12,31-05-2019,Textile,18524.8008,96.6189195,Gas,2364.950307,473.0658677,6,1
12,30-06-2019,Textile,11407.36521,64.07735222,Gas,1133.404772,622.8950606,6,1
12,31-07-2019,Textile,12936.54901,95.04813449,Gas,1245.135435,489.4215751,6,1
12,31-08-2019,Textile,5016.305297,96.02626203,Gas,536.8640371,517.1188507,6,1
12,30-09-2019,Textile,18990.22854,70.57971493,Gas,1234.164119,428.7895292,6,1
12,31-10-2019,Textile,14505.98008,68.89164215,Gas,802.7809023,596.8405064,6,1
12,30-11-2019,Textile,8210.786843,77.31404427,Gas,572.842735,575.5147474,6,1
12,31-12-2019,Textile,14965.02267,65.22595327,Gas,1705.908858,647.0887461,6,1
12,31-01-2020,Textile,17509.86143,65.61140051,Gas,2427.854548,633.5272439,6,1
12,29-02-2020,Textile,17637.17057,83.86565622,Gas,2159.598125,459.2857671,6,1
12,31-03-2020,Textile,10577.04487,69.7637829,Gas,1299.93301,534.2951335,6,1
12,30-04-2020,Textile,10708.80792,60.74192783,Gas,1311.512285,511.9271862,6,1
12,31-05-2020,Textile,9842.217466,81.81952592,Gas,637.0609583,544.8206411,6,1
12,30-06-2020,Textile,13707.78915,83.78200405,Gas,1084.099607,485.279104,6,1
12,31-07-2020,Textile,14410.63257,99.17679493,Gas,1389.765593,661.5994421,6,1
12,31-08-2020,Textile,9009.426231,71.10186637,Gas,921.108697,537.8435707,6,1
12,30-09-2020,Textile,5481.796341,65.33596941,Gas,650.3450965,467.9586097,6,1
12,31-10-2020,Textile,11267.17374,70.52206056,Gas,643.3568371,573.5054044,6,1
12,30-11-2020,Textile,5800.102445,75.94398651,Gas,447.0334606,719.7872393,6,1
12,31-12-2020,Textile,7611.638713,75.12606453,Gas,992.5147058,655.9973352,6,1
12,31-01-2021,Textile,6255.214824,96.04896092,Gas,391.6406865,525.7468181,6,1
12,28-02-2021,Textile,17629.58178,78.55337372,Gas,2223.196717,567.8673853,6,1
12,31-03-2021,Textile,12431.88789,64.00913027,Gas,1559.426126,488.3440435,6,1
12,30-04-2021,Textile,10331.89778,89.59463198,Gas,1043.593161,478.1536374,6,1
12,31-05-2021,Textile,10775.61857,93.45892767,Gas,1562.416212,657.8038161,6,1
12,30-06-2021,Textile,10976.11523,87.98235838,Gas,870.7967754,662.1216709,6,1
12,31-07-2021,Textile,9794.720414,75.24437304,Gas,1090.849944,599.5603031,6,1
12,31-08-2021,Textile,16431.627,77.17284668,Gas,910.9138266,453.9265895,6,1
12,30-09-2021,Textile,8494.583181,96.2195791,Gas,456.0684702,470.3362278,6,1
12,31-10-2021,Textile,16010.06526,66.92873525,Gas,1257.854774,676.7254375,6,1
12,30-11-2021,Textile,10183.7131,65.93541513,Gas,1156.910905,703.8385382,6,1
12,31-12-2021,Textile,16411.91764,62.39706593,Gas,851.4245631,711.6593299,6,1
12,31-01-2022,Textile,14665.94243,88.56217323,Gas,1162.441263,503.1466598,6,1
12,28-02-2022,Textile,18014.66049,73.30590541,Gas,1053.186044,702.1622527,6,1
12,31-03-2022,Textile,5332.393033,60.3339895,Gas,325.4653051,476.6363887,6,1
12,30-04-2022,Textile,16090.16499,86.38980074,Gas,1172.066019,535.3715773,6,1
12,31-05-2022,Textile,19897.56184,99.79252117,Gas,1223.2748,632.3100094,6,1
12,30-06-2022,Textile,13556.86873,63.69691668,Gas,1261.040769,587.7226602,6,1
12,31-07-2022,Textile,12998.00997,64.00258686,Gas,1415.079014,649.0865966,6,1
12,31-08-2022,Textile,19311.95905,96.09384226,Gas,2491.714848,530.3461088,6,1
12,30-09-2022,Textile,14445.08978,99.47654857,Gas,1297.231427,506.2100112,6,1
12,31-10-2022,Textile,10250.58352,77.76257966,Gas,578.4647191,654.6236905,6,1
12,30-11-2022,Textile,16699.43304,79.11509223,Gas,1552.851485,403.528987,6,1
12,31-12-2022,Textile,7652.024997,64.09601399,Gas,946.7967404,544.1411185,6,1
12,31-01-2023,Textile,6934.059581,69.58439328,Gas,942.7046111,695.8760103,6,1
12,28-02-2023,Textile,15574.55501,74.40526751,Gas,849.5368841,450.504634,6,1
12,31-03-2023,Textile,17909.06736,77.90168942,Gas,2537.753728,549.7183724,6,1
12,30-04-2023,Textile,11088.31629,61.24542952,Gas,1627.10134,715.6275399,6,1
12,31-05-2023,Textile,18047.18549,77.9582175,Gas,2669.626807,707.147002,6,1
12,30-06-2023,Textile,15015.10927,61.05027275,Gas,1316.432806,622.6842745,6,1
12,31-07-2023,Textile,14352.61715,74.3086706,Gas,1929.573905,545.0559164,6,1
12,31-08-2023,Textile,11053.84206,76.17498798,Gas,802.8452868,405.544311,6,1
12,30-09-2023,Textile,11956.70896,76.60312516,Gas,776.1048117,706.5021836,6,1
12,31-10-2023,Textile,16181.7862,85.36760308,Gas,2059.188601,503.897266,6,1
12,30-11-2023,Textile,17713.47194,90.35727794,Gas,1411.906396,536.4969134,6,1
12,31-12-2023,Textile,7313.964066,73.36786846,Gas,744.5359073,472.4620039,6,1
13,31-01-2019,Cement,6513.230421,83.49432825,Coal,620.1785232,647.8561048,1,1
13,28-02-2019,Cement,5204.898252,63.10591661,Coal,464.1180578,449.2717924,1,1
13,31-03-2019,Cement,10213.37491,84.59029555,Coal,1366.058622,458.7402384,1,1
13,30-04-2019,Cement,13899.06639,69.33581807,Coal,2003.215543,588.4142493,1,1
13,31-05-2019,Cement,17927.22764,97.35272067,Coal,2498.96995,648.4101325,1,1
13,30-06-2019,Cement,12282.43837,73.41906442,Coal,715.2714712,576.0945674,1,1
13,31-07-2019,Cement,19039.59662,63.80260493,Coal,2235.292424,442.6869085,1,1
13,31-08-2019,Cement,13416.65163,81.34034345,Coal,1775.630857,714.1527096,1,1
13,30-09-2019,Cement,17566.36168,98.42960438,Coal,950.1418383,424.9701986,1,1
13,31-10-2019,Cement,11155.06392,99.53559515,Coal,1081.820414,482.0538783,1,1
13,30-11-2019,Cement,9919.243525,76.91480463,Coal,1160.036432,405.4885378,1,1
13,31-12-2019,Cement,16851.1119,91.34811955,Coal,1032.311162,691.8606249,1,1
13,31-01-2020,Cement,17970.70944,62.68270606,Coal,2067.183569,438.4290261,1,1
13,29-02-2020,Cement,11957.44598,90.99311067,Coal,1001.232263,602.5941833,1,1
13,31-03-2020,Cement,7479.86651,97.41583817,Coal,1023.623016,676.6121571,1,1
13,30-04-2020,Cement,14951.87485,94.8509163,Coal,1984.832917,515.237669,1,1
13,31-05-2020,Cement,13648.45945,87.4189034,Coal,846.7503789,439.2927686,1,1
13,30-06-2020,Cement,11989.50122,87.16148662,Coal,1597.272262,546.8058528,1,1
13,31-07-2020,Cement,8978.412431,65.17523724,Coal,907.7254298,449.175778,1,1
13,31-08-2020,Cement,8394.962596,78.74319218,Coal,776.4231654,492.4439358,1,1
13,30-09-2020,Cement,15166.40742,81.84184293,Coal,1366.400393,537.8615651,1,1
13,31-10-2020,Cement,10038.70768,65.36953676,Coal,576.3951191,717.4949486,1,1
13,30-11-2020,Cement,11048.45792,74.96322989,Coal,851.2108954,495.0383652,1,1
13,31-12-2020,Cement,5018.054209,84.64394249,Coal,345.7524995,461.4040159,1,1
13,31-01-2021,Cement,14982.09448,84.66952322,Coal,1686.834366,494.8063475,1,1
13,28-02-2021,Cement,18219.87334,83.4406551,Coal,2329.595481,479.5862899,1,1
13,31-03-2021,Cement,10539.81416,63.9472367,Coal,1129.706397,430.6457236,1,1
13,30-04-2021,Cement,14580.48642,75.50639602,Coal,1349.805466,424.1028583,1,1
13,31-05-2021,Cement,19037.01464,91.0933378,Coal,1241.199194,455.7383061,1,1
13,30-06-2021,Cement,13626.6885,89.52767589,Coal,1349.204641,409.2345323,1,1
13,31-07-2021,Cement,5780.567565,69.63838649,Coal,684.4601761,427.2826319,1,1
13,31-08-2021,Cement,14049.37266,86.75600422,Coal,1622.737239,542.6718829,1,1
13,30-09-2021,Cement,18247.48517,66.68160654,Coal,1318.900792,440.9776443,1,1
13,31-10-2021,Cement,14226.1001,66.03171263,Coal,1900.534578,699.4897873,1,1
13,30-11-2021,Cement,11100.86156,72.66112601,Coal,1265.95406,539.7166599,1,1
13,31-12-2021,Cement,9590.887973,68.7119646,Coal,793.3582743,601.1185376,1,1
13,31-01-2022,Cement,10506.12426,81.80956699,Coal,1067.807084,430.3266853,1,1
13,28-02-2022,Cement,9880.856353,66.02947972,Coal,1107.208445,534.3582691,1,1
13,31-03-2022,Cement,15989.29732,84.56460618,Coal,1129.386234,446.4209263,1,1
13,30-04-2022,Cement,19331.21247,76.54579019,Coal,2807.705305,663.6152369,1,1
13,31-05-2022,Cement,16255.29684,84.45965338,Coal,976.2698123,526.9139601,1,1
13,30-06-2022,Cement,10287.13162,66.94147679,Coal,898.3803381,533.607298,1,1
13,31-07-2022,Cement,7307.750831,79.1396344,Coal,758.2563965,557.4132543,1,1
13,31-08-2022,Cement,11010.48922,80.85688169,Coal,1408.228915,508.8348597,1,1
13,30-09-2022,Cement,12523.67975,94.66432916,Coal,1621.477562,708.0769875,1,1
13,31-10-2022,Cement,18109.97017,95.49164007,Coal,925.35775,683.6146383,1,1
13,30-11-2022,Cement,13613.42921,71.69611603,Coal,1228.302708,644.6920177,1,1
13,31-12-2022,Cement,11781.53309,92.6992374,Coal,1217.881417,508.3137633,1,1
13,31-01-2023,Cement,17442.3601,87.82017744,Coal,1875.161083,460.5705168,1,1
13,28-02-2023,Cement,15958.49406,84.97342106,Coal,1177.132382,561.0465434,1,1
13,31-03-2023,Cement,6150.08573,74.22141461,Coal,860.8735235,437.809776,1,1
13,30-04-2023,Cement,14559.5724,89.57671655,Coal,991.5802029,706.8822678,1,1
13,31-05-2023,Cement,6688.31761,87.18962231,Coal,508.5015497,552.1847711,1,1
13,30-06-2023,Cement,14670.75257,67.08283688,Coal,1555.865857,714.0250532,1,1
13,31-07-2023,Cement,15611.92985,98.98687582,Coal,1144.501321,647.4075523,1,1
13,31-08-2023,Cement,12259.86125,88.07449707,Coal,891.526387,401.3124641,1,1
13,30-09-2023,Cement,5781.337819,74.08553934,Coal,536.8826883,663.7449317,1,1
13,31-10-2023,Cement,13136.68709,98.35203817,Coal,927.4729721,609.5460347,1,1
13,30-11-2023,Cement,10649.59778,82.95657236,Coal,561.4191445,484.2308489,1,1
13,31-12-2023,Cement,16429.54617,70.51257098,Coal,895.7875394,400.5992781,1,1
14,31-01-2019,Steel,18619.44078,62.34004931,Coal,2026.379519,579.7617448,13,0
14,28-02-2019,Steel,8534.63498,97.40648043,Coal,1241.710793,706.8494736,13,0
14,31-03-2019,Steel,13726.78289,63.98192154,Coal,1106.943788,560.2767813,13,0
14,30-04-2019,Steel,14976.1616,93.5851755,Coal,1288.516179,536.6086679,13,0
14,31-05-2019,Steel,8111.888022,77.3201972,Coal,930.1149511,487.017452,13,0
14,30-06-2019,Steel,10079.59542,71.73914309,Coal,717.133298,485.0388404,13,0
14,31-07-2019,Steel,7801.6596,81.72473221,Coal,1159.659393,538.3623747,13,0
14,31-08-2019,Steel,8529.883264,82.30073059,Coal,1242.708834,681.2998415,13,0
14,30-09-2019,Steel,17571.98788,72.52644571,Coal,1880.384207,607.4958139,13,0
14,31-10-2019,Steel,6549.507167,67.90591124,Coal,641.6106518,684.028477,13,0
14,30-11-2019,Steel,15192.60987,86.07541696,Coal,818.3735734,458.6932145,13,0
14,31-12-2019,Steel,18517.83683,70.43340651,Coal,2532.922501,606.1572483,13,0
14,31-01-2020,Steel,18437.65836,86.08330732,Coal,2281.730631,400.8343883,13,0
14,29-02-2020,Steel,11689.47906,72.34430727,Coal,1294.441925,459.2528145,13,0
14,31-03-2020,Steel,15957.00052,76.42704993,Coal,1244.105747,595.1116952,13,0
14,30-04-2020,Steel,19002.09188,68.80517683,Coal,2539.381209,620.7971828,13,0
14,31-05-2020,Steel,12374.70125,71.80988218,Coal,1570.465507,526.0585532,13,0
14,30-06-2020,Steel,7579.556028,76.82728948,Coal,1010.23589,406.1541451,13,0
14,31-07-2020,Steel,12906.85883,78.62527686,Coal,1935.602437,524.4046887,13,0
14,31-08-2020,Steel,8559.712413,77.50390975,Coal,1160.778605,453.5753433,13,0
14,30-09-2020,Steel,14703.92512,82.17180846,Coal,1715.70733,697.6449771,13,0
14,31-10-2020,Steel,11170.19373,69.73478854,Coal,702.8106256,674.3727509,13,0
14,30-11-2020,Steel,10856.34989,75.25473858,Coal,828.0112354,414.3072879,13,0
14,31-12-2020,Steel,17169.33281,68.65772334,Coal,2237.043607,527.8843144,13,0
14,31-01-2021,Steel,8454.720131,70.12168823,Coal,1217.325981,526.6915682,13,0
14,28-02-2021,Steel,9430.655058,60.85555387,Coal,1361.951027,454.3082932,13,0
14,31-03-2021,Steel,5861.352191,85.58647936,Coal,627.235305,436.1290275,13,0
14,30-04-2021,Steel,6647.896356,76.98733967,Coal,344.2181954,410.7389381,13,0
14,31-05-2021,Steel,19041.10253,96.10961844,Coal,1986.516393,584.7397226,13,0
14,30-06-2021,Steel,15226.95217,77.97927861,Coal,1129.339228,400.4538304,13,0
14,31-07-2021,Steel,13077.6331,70.17681965,Coal,748.3991626,638.2850548,13,0
14,31-08-2021,Steel,13598.34436,99.35383691,Coal,1075.572512,654.1927454,13,0
14,30-09-2021,Steel,16338.10039,62.91934958,Coal,2230.427076,537.6648629,13,0
14,31-10-2021,Steel,6270.047214,78.58153854,Coal,782.5710141,470.9324298,13,0
14,30-11-2021,Steel,11237.24619,65.95081713,Coal,1299.933091,651.2774469,13,0
14,31-12-2021,Steel,17305.17523,67.35789671,Coal,1669.304049,404.3705077,13,0
14,31-01-2022,Steel,12967.20145,95.75149708,Coal,981.2771169,476.8846962,13,0
14,28-02-2022,Steel,6271.392099,89.66435336,Coal,748.4441397,480.2573224,13,0
14,31-03-2022,Steel,12918.63797,70.92155332,Coal,1819.583527,548.6507471,13,0
14,30-04-2022,Steel,6111.787616,61.38968584,Coal,592.0693572,527.570972,13,0
14,31-05-2022,Steel,17465.18091,65.0005476,Coal,1109.839967,663.1116799,13,0
14,30-06-2022,Steel,18272.04621,88.95180921,Coal,2137.323286,655.5997277,13,0
14,31-07-2022,Steel,11194.29344,65.57753309,Coal,1127.57078,612.8101637,13,0
14,31-08-2022,Steel,13951.08294,64.90960219,Coal,2041.203397,439.3201856,13,0
14,30-09-2022,Steel,6627.916858,80.98765366,Coal,834.0627111,507.0903319,13,0
14,31-10-2022,Steel,18413.42064,62.80786446,Coal,2725.779301,597.2133729,13,0
14,30-11-2022,Steel,7846.683401,94.02831167,Coal,943.8769836,427.7578472,13,0
14,31-12-2022,Steel,13178.53577,90.61407976,Coal,1839.287665,652.7078429,13,0
14,31-01-2023,Steel,17624.09347,65.30277613,Coal,2043.915715,584.0428974,13,0
14,28-02-2023,Steel,12304.1107,91.61661001,Coal,1742.595316,524.2774009,13,0
14,31-03-2023,Steel,13624.55941,67.07040916,Coal,1487.889504,572.837347,13,0
14,30-04-2023,Steel,11135.11605,80.95896811,Coal,706.9405093,408.314334,13,0
14,31-05-2023,Steel,9955.176376,81.94707501,Coal,696.4516911,406.4993497,13,0
14,30-06-2023,Steel,8159.683965,81.82297387,Coal,554.7346035,511.1671558,13,0
14,31-07-2023,Steel,15944.09431,70.00828429,Coal,1951.828046,584.008146,13,0
14,31-08-2023,Steel,15490.68299,89.40463299,Coal,1224.400502,497.1131834,13,0
14,30-09-2023,Steel,16246.14135,62.85691084,Coal,1571.482434,456.1316133,13,0
14,31-10-2023,Steel,12007.612,88.19296662,Coal,971.2282629,500.8897642,13,0
14,30-11-2023,Steel,18897.97661,60.39232459,Coal,1412.734108,433.2785825,13,0
14,31-12-2023,Steel,10286.94177,90.96686,Coal,545.642346,615.3441281,13,0
15,31-01-2019,Chemical,6928.521588,79.84388426,Coal,665.8001024,626.6850736,17,1
15,28-02-2019,Chemical,18890.11126,60.95224173,Coal,1041.893292,706.797855,17,1
15,31-03-2019,Chemical,14676.54808,94.97548149,Coal,1612.563871,620.7321573,17,1
15,30-04-2019,Chemical,18326.47558,94.05155357,Coal,1710.532659,642.7756431,17,1
15,31-05-2019,Chemical,9495.376488,71.55963728,Coal,1234.014457,488.8124756,17,1
15,30-06-2019,Chemical,12502.22125,76.89407491,Coal,839.9424272,514.6069972,17,1
15,31-07-2019,Chemical,16067.52258,81.51564332,Coal,1373.876007,712.9523582,17,1
15,31-08-2019,Chemical,14746.86091,63.36440397,Coal,1004.741764,552.2549808,17,1
15,30-09-2019,Chemical,15355.66357,97.38072874,Coal,1864.088618,411.7739918,17,1
15,31-10-2019,Chemical,10587.00422,78.3050653,Coal,872.9817742,458.5240483,17,1
15,30-11-2019,Chemical,5834.61159,92.03943474,Coal,443.0710811,586.2303384,17,1
15,31-12-2019,Chemical,15597.94448,90.42008018,Coal,1595.94738,695.7560643,17,1
15,31-01-2020,Chemical,9318.588566,89.42483911,Coal,1188.603752,658.823392,17,1
15,29-02-2020,Chemical,16837.15927,81.18252375,Coal,890.7510243,412.9602197,17,1
15,31-03-2020,Chemical,7002.035067,71.49828454,Coal,695.2151849,602.6507244,17,1
15,30-04-2020,Chemical,15792.52483,77.68414985,Coal,1824.403769,508.9015694,17,1
15,31-05-2020,Chemical,12550.66929,85.5457504,Coal,842.2253298,675.3378138,17,1
15,30-06-2020,Chemical,8223.067608,95.56384971,Coal,1228.000727,427.7371396,17,1
15,31-07-2020,Chemical,15759.44116,64.21171433,Coal,1165.316265,459.7916862,17,1
15,31-08-2020,Chemical,12026.14318,95.41131316,Coal,1036.16079,698.3841347,17,1
15,30-09-2020,Chemical,15911.53606,72.36830946,Coal,1391.789013,550.112952,17,1
15,31-10-2020,Chemical,9906.494981,73.16251268,Coal,1087.925215,458.7401306,17,1
15,30-11-2020,Chemical,13561.02873,77.70420119,Coal,1426.060775,437.0279662,17,1
15,31-12-2020,Chemical,10131.42509,73.41153268,Coal,1505.064209,566.9865755,17,1
15,31-01-2021,Chemical,7020.12227,93.90580587,Coal,767.0892082,698.0155368,17,1
15,28-02-2021,Chemical,16683.38968,85.24263113,Coal,1691.639845,626.7853725,17,1
15,31-03-2021,Chemical,9881.991504,62.26409862,Coal,1317.460837,414.4536821,17,1
15,30-04-2021,Chemical,16526.15815,90.31750958,Coal,1847.391717,651.8368267,17,1
15,31-05-2021,Chemical,12263.79584,77.71966155,Coal,983.9780091,715.7243903,17,1
15,30-06-2021,Chemical,11076.8911,94.90082067,Coal,1135.057384,407.1201126,17,1
15,31-07-2021,Chemical,10882.09888,93.7656184,Coal,1422.150372,599.9346263,17,1
15,31-08-2021,Chemical,9033.564568,62.24116533,Coal,820.8417843,416.8292708,17,1
15,30-09-2021,Chemical,14145.9703,70.97389545,Coal,1695.495663,448.9120973,17,1
15,31-10-2021,Chemical,13905.12612,92.23622588,Coal,1289.604601,436.2874648,17,1
15,30-11-2021,Chemical,17404.91915,90.45942745,Coal,1736.39365,487.958857,17,1
15,31-12-2021,Chemical,17537.09554,89.54237992,Coal,1341.849116,405.4058736,17,1
15,31-01-2022,Chemical,7819.758081,81.63438315,Coal,567.1959175,711.7720179,17,1
15,28-02-2022,Chemical,8587.651923,83.60373598,Coal,810.0611712,542.9508979,17,1
15,31-03-2022,Chemical,12273.07212,95.62009949,Coal,978.0310893,698.0786859,17,1
15,30-04-2022,Chemical,16972.56204,91.46452245,Coal,1467.279625,716.4033299,17,1
15,31-05-2022,Chemical,9771.148166,66.04440739,Coal,771.6450788,474.4871307,17,1
15,30-06-2022,Chemical,13688.31784,78.6653748,Coal,1259.104562,684.7083904,17,1
15,31-07-2022,Chemical,9967.831582,75.8448786,Coal,1082.726511,694.1613589,17,1
15,31-08-2022,Chemical,13158.47631,89.58204595,Coal,1454.015661,525.4809136,17,1
15,30-09-2022,Chemical,8437.778591,69.99424441,Coal,873.8243665,586.2273133,17,1
15,31-10-2022,Chemical,11781.40284,72.02527714,Coal,1262.202437,447.9926477,17,1
15,30-11-2022,Chemical,7375.838918,80.08593811,Coal,1004.999971,614.8789344,17,1
15,31-12-2022,Chemical,11790.8814,91.73379311,Coal,1496.29025,613.6819281,17,1
15,31-01-2023,Chemical,17937.79709,67.91893022,Coal,2548.543716,541.3748769,17,1
15,28-02-2023,Chemical,7891.280156,87.5358682,Coal,609.5103103,666.259871,17,1
15,31-03-2023,Chemical,15916.33576,87.31766779,Coal,2233.698944,473.9618764,17,1
15,30-04-2023,Chemical,10326.4215,79.82645376,Coal,1415.05952,648.2756604,17,1
15,31-05-2023,Chemical,17029.46008,90.13188482,Coal,2036.491171,555.9903387,17,1
15,30-06-2023,Chemical,10755.83262,64.76628182,Coal,801.2439688,432.0458521,17,1
15,31-07-2023,Chemical,19038.13954,98.22674649,Coal,2582.725966,670.0378562,17,1
15,31-08-2023,Chemical,5127.290181,68.66736976,Coal,680.4871409,614.5856163,17,1
15,30-09-2023,Chemical,19263.67232,68.28453894,Coal,2334.354166,637.5618846,17,1
15,31-10-2023,Chemical,17762.08937,98.17514401,Coal,1262.830006,561.2572825,17,1
15,30-11-2023,Chemical,10664.89866,94.76696568,Coal,945.9260708,511.9484882,17,1
15,31-12-2023,Chemical,8211.743651,82.07128914,Coal,1214.642723,423.5023011,17,1
16,31-01-2019,Textile,16933.45044,90.54417437,Diesel,1073.578525,428.3260968,4,0
16,28-02-2019,Textile,11972.92291,98.79039885,Diesel,834.0181526,689.4842967,4,0
16,31-03-2019,Textile,5260.188903,99.75990934,Diesel,548.9218778,551.5618418,4,0
16,30-04-2019,Textile,15061.0174,74.50637465,Diesel,2162.390048,581.003286,4,0
16,31-05-2019,Textile,16284.66456,75.00705593,Diesel,1605.673541,530.2671913,4,0
16,30-06-2019,Textile,17701.344,69.66497087,Diesel,2109.550083,420.8550387,4,0
16,31-07-2019,Textile,6015.10305,99.73559515,Diesel,721.0465975,451.9298638,4,0
16,31-08-2019,Textile,9154.843631,73.42825563,Diesel,1042.624777,461.0291233,4,0
16,30-09-2019,Textile,15797.45468,93.35237235,Diesel,1413.93623,580.5497527,4,0
16,31-10-2019,Textile,12171.60419,86.94962297,Diesel,1304.729467,715.8384248,4,0
16,30-11-2019,Textile,17630.58175,88.81297109,Diesel,2344.793182,464.1630475,4,0
16,31-12-2019,Textile,7166.358733,82.11986331,Diesel,563.2167283,474.5601567,4,0
16,31-01-2020,Textile,9766.781129,72.40007411,Diesel,1218.789052,578.1808378,4,0
16,29-02-2020,Textile,6148.795158,86.5598407,Diesel,868.2467062,547.3898998,4,0
16,31-03-2020,Textile,7364.540537,80.57085982,Diesel,808.0010839,546.4145304,4,0
16,30-04-2020,Textile,18794.32554,88.11386829,Diesel,2384.241362,520.6516346,4,0
16,31-05-2020,Textile,16039.20803,81.86006856,Diesel,2331.416835,458.6033189,4,0
16,30-06-2020,Textile,16274.4619,84.81874984,Diesel,1562.01311,462.0060144,4,0
16,31-07-2020,Textile,7791.982316,71.68056402,Diesel,995.913255,686.0730854,4,0
16,31-08-2020,Textile,8435.376189,75.68992725,Diesel,648.3696289,715.0131309,4,0
16,30-09-2020,Textile,5728.001761,89.77123757,Diesel,713.7625546,614.6322368,4,0
16,31-10-2020,Textile,16973.03201,68.11363176,Diesel,1366.616773,558.3285899,4,0
16,30-11-2020,Textile,7504.608105,83.02308503,Diesel,722.9405882,611.2552453,4,0
16,31-12-2020,Textile,5054.096542,84.60909996,Diesel,467.7137562,440.6466463,4,0
16,31-01-2021,Textile,13453.67514,89.42790021,Diesel,1035.936324,512.8859091,4,0
16,28-02-2021,Textile,14372.10287,79.93485782,Diesel,1246.225529,682.0980035,4,0
16,31-03-2021,Textile,18460.08448,71.53833402,Diesel,1382.697178,700.5431785,4,0
16,30-04-2021,Textile,12228.62407,71.67867843,Diesel,1341.7784,629.5386919,4,0
16,31-05-2021,Textile,17196.30446,72.20436761,Diesel,1868.624408,692.7408477,4,0
16,30-06-2021,Textile,9038.497679,86.14168587,Diesel,714.9230273,587.7608383,4,0
16,31-07-2021,Textile,11487.25064,76.74420743,Diesel,625.2458037,588.4992491,4,0
16,31-08-2021,Textile,15605.50832,69.3032109,Diesel,2154.736551,572.0744227,4,0
16,30-09-2021,Textile,8856.227328,90.04131846,Diesel,743.6147616,537.0078214,4,0
16,31-10-2021,Textile,18322.91339,87.77918968,Diesel,1555.097202,682.9074229,4,0
16,30-11-2021,Textile,14641.12851,61.32785944,Diesel,2191.429335,431.6647365,4,0
16,31-12-2021,Textile,15362.76763,68.82801599,Diesel,1712.399149,678.514826,4,0
16,31-01-2022,Textile,8520.252993,64.53842006,Diesel,471.5250056,594.6552364,4,0
16,28-02-2022,Textile,7728.210472,66.78344003,Diesel,1053.20055,559.4074999,4,0
16,31-03-2022,Textile,13838.0136,88.8769588,Diesel,1762.297588,447.9412115,4,0
16,30-04-2022,Textile,11585.14987,91.88251533,Diesel,687.7388991,458.3402635,4,0
16,31-05-2022,Textile,7518.183516,60.38665067,Diesel,431.02983,471.4788601,4,0
16,30-06-2022,Textile,16081.63822,89.48995155,Diesel,1491.77694,439.8210594,4,0
16,31-07-2022,Textile,8066.056621,69.85062896,Diesel,1155.877911,641.8285228,4,0
16,31-08-2022,Textile,13253.96147,71.84253719,Diesel,1044.076192,714.56485,4,0
16,30-09-2022,Textile,8783.275899,95.10393493,Diesel,822.157856,487.6153572,4,0
16,31-10-2022,Textile,19187.80306,63.36681746,Diesel,1365.539967,425.8314575,4,0
16,30-11-2022,Textile,5078.187777,97.34466077,Diesel,513.66638,624.2342017,4,0
16,31-12-2022,Textile,12826.83226,80.82399267,Diesel,735.8879608,563.9022326,4,0
16,31-01-2023,Textile,5439.405575,98.98130215,Diesel,392.7605336,551.2527134,4,0
16,28-02-2023,Textile,13568.85352,60.30604983,Diesel,1564.364121,611.1049407,4,0
16,31-03-2023,Textile,17148.14623,83.37879727,Diesel,1527.148916,435.0713185,4,0
16,30-04-2023,Textile,18508.87851,62.04718943,Diesel,2267.350249,407.4631461,4,0
16,31-05-2023,Textile,5947.515964,70.71006662,Diesel,637.5136221,708.6993781,4,0
16,30-06-2023,Textile,12233.18423,88.38112254,Diesel,1360.822971,704.3546183,4,0
16,31-07-2023,Textile,5259.501841,91.14141484,Diesel,435.6509928,551.0423943,4,0
16,31-08-2023,Textile,9748.916801,98.52163131,Diesel,1277.257976,404.5076519,4,0
16,30-09-2023,Textile,8085.564425,79.07621702,Diesel,753.2142226,605.0853327,4,0
16,31-10-2023,Textile,19495.00151,66.26325505,Diesel,1337.960703,696.5812333,4,0
16,30-11-2023,Textile,11318.44601,93.36953719,Diesel,1104.943839,716.0874663,4,0
16,31-12-2023,Textile,11929.97514,61.40285118,Diesel,1541.016222,682.8031996,4,0
17,31-01-2019,Textile,14476.04265,90.58598446,Coal,1850.782746,646.4357287,1,1
17,28-02-2019,Textile,12573.36221,98.07093138,Coal,1507.01839,597.5861057,1,1
17,31-03-2019,Textile,15792.34175,71.21061201,Coal,1917.97383,577.6272802,1,1
17,30-04-2019,Textile,11034.89385,89.29857917,Coal,950.6286564,621.7840362,1,1
17,31-05-2019,Textile,19337.17615,83.20925148,Coal,2285.649284,507.9919024,1,1
17,30-06-2019,Textile,17055.58136,99.16932333,Coal,2209.252696,626.4117861,1,1
17,31-07-2019,Textile,10787.83065,73.58713751,Coal,1223.857891,589.139865,1,1
17,31-08-2019,Textile,5192.275002,98.02582499,Coal,673.2738081,461.4431285,1,1
17,30-09-2019,Textile,19554.40599,73.78692564,Coal,1661.984761,573.7640032,1,1
17,31-10-2019,Textile,14984.97252,80.26394785,Coal,2083.609867,538.8733924,1,1
17,30-11-2019,Textile,14817.83404,70.17438155,Coal,1381.003747,418.1488443,1,1
17,31-12-2019,Textile,12850.22742,89.38488162,Coal,1353.56942,478.4702651,1,1
17,31-01-2020,Textile,19264.5228,83.27748856,Coal,2496.15761,537.7256378,1,1
17,29-02-2020,Textile,16472.56096,76.21027122,Coal,2056.22922,703.9021379,1,1
17,31-03-2020,Textile,17088.94049,70.39665895,Coal,1368.17571,611.5693663,1,1
17,30-04-2020,Textile,10760.71074,84.39483673,Coal,1078.395448,629.9306538,1,1
17,31-05-2020,Textile,7539.293154,89.17775953,Coal,556.0725114,509.591218,1,1
17,30-06-2020,Textile,5017.454965,75.18978138,Coal,621.0432719,448.0077374,1,1
17,31-07-2020,Textile,9441.756959,95.45744221,Coal,757.2750457,628.4657354,1,1
17,31-08-2020,Textile,14343.14224,70.38456395,Coal,1551.567142,477.1046536,1,1
17,30-09-2020,Textile,6627.218863,98.45116969,Coal,828.5049631,601.9757453,1,1
17,31-10-2020,Textile,17724.41399,81.09711244,Coal,1461.295376,567.6003126,1,1
17,30-11-2020,Textile,5003.786817,90.52697542,Coal,623.8962193,563.1112658,1,1
17,31-12-2020,Textile,9038.148787,93.16783117,Coal,457.8657534,471.3967867,1,1
17,31-01-2021,Textile,11550.83837,86.08455914,Coal,638.5111137,457.6868915,1,1
17,28-02-2021,Textile,13671.42361,70.28854715,Coal,1166.769266,468.4272818,1,1
17,31-03-2021,Textile,13499.84116,70.86395694,Coal,871.4681138,593.9598044,1,1
17,30-04-2021,Textile,14301.64298,83.84771883,Coal,1946.512153,469.0212378,1,1
17,31-05-2021,Textile,16318.09299,65.82583184,Coal,2234.023793,605.8637804,1,1
17,30-06-2021,Textile,19349.51484,90.10686994,Coal,1298.626531,665.4670308,1,1
17,31-07-2021,Textile,16730.96782,67.01286714,Coal,2145.948715,612.4192337,1,1
17,31-08-2021,Textile,7933.225975,89.20043955,Coal,1032.472097,607.613797,1,1
17,30-09-2021,Textile,17216.35351,61.28737613,Coal,942.997855,652.6025474,1,1
17,31-10-2021,Textile,10591.2908,89.79704901,Coal,1047.852666,449.2245046,1,1
17,30-11-2021,Textile,8610.273638,90.38779991,Coal,916.42687,673.9122753,1,1
17,31-12-2021,Textile,14023.01934,66.51011545,Coal,1470.595799,674.4149088,1,1
17,31-01-2022,Textile,13111.52349,87.99837651,Coal,1741.352592,653.293122,1,1
17,28-02-2022,Textile,11149.71979,63.9906849,Coal,1436.875007,619.1529611,1,1
17,31-03-2022,Textile,15834.74266,65.24740416,Coal,1729.905491,615.1208,1,1
17,30-04-2022,Textile,6520.032262,75.46658227,Coal,899.90504,713.7708388,1,1
17,31-05-2022,Textile,6370.571608,77.30459731,Coal,463.3332066,481.3520096,1,1
17,30-06-2022,Textile,13766.73356,84.26102023,Coal,1540.855715,671.0586211,1,1
17,31-07-2022,Textile,14968.69142,97.66756834,Coal,1047.298995,413.0239345,1,1
17,31-08-2022,Textile,10130.28237,66.57596091,Coal,794.379065,637.7553035,1,1
17,30-09-2022,Textile,6802.873122,94.81215114,Coal,979.2270726,425.2181434,1,1
17,31-10-2022,Textile,13761.07865,77.94219424,Coal,995.5140203,499.094464,1,1
17,30-11-2022,Textile,18553.74478,63.97997657,Coal,2145.113108,653.1474309,1,1
17,31-12-2022,Textile,10044.44812,68.50712512,Coal,1066.695519,572.1050493,1,1
17,31-01-2023,Textile,14139.46159,64.63411108,Coal,1119.111057,710.0295703,1,1
17,28-02-2023,Textile,14162.57985,67.19135324,Coal,1481.927731,667.1789275,1,1
17,31-03-2023,Textile,15780.55924,63.39122495,Coal,1693.764844,582.6460149,1,1
17,30-04-2023,Textile,5527.925032,83.59910419,Coal,518.0101125,407.6920629,1,1
17,31-05-2023,Textile,9823.759105,82.809925,Coal,723.6724992,445.8802147,1,1
17,30-06-2023,Textile,9348.432381,81.27285447,Coal,1216.431285,551.9216198,1,1
17,31-07-2023,Textile,15957.98032,93.14779769,Coal,1988.291927,601.8199003,1,1
17,31-08-2023,Textile,9831.982142,73.22956574,Coal,1045.682015,672.7597112,1,1
17,30-09-2023,Textile,15497.43037,98.34216032,Coal,1699.225216,603.616855,1,1
17,31-10-2023,Textile,15933.99518,67.22260067,Coal,907.6772785,536.6254226,1,1
17,30-11-2023,Textile,7820.731297,60.16242345,Coal,954.0028832,536.1709753,1,1
17,31-12-2023,Textile,9436.491968,64.70584911,Coal,853.8058612,490.8891738,1,1
18,31-01-2019,Pharma,5249.591963,90.06212225,Gas,387.6423123,400.6422547,15,0
18,28-02-2019,Pharma,6365.99534,83.31544006,Gas,707.7318328,633.1869595,15,0
18,31-03-2019,Pharma,16102.1481,70.18066466,Gas,1930.024406,557.2837825,15,0
18,30-04-2019,Pharma,10835.91064,90.06482203,Gas,960.8962742,687.5861855,15,0
18,31-05-2019,Pharma,7731.012674,98.43451265,Gas,939.3426566,639.8026094,15,0
18,30-06-2019,Pharma,8652.428888,95.32703882,Gas,918.0648729,594.9359614,15,0
18,31-07-2019,Pharma,10925.8516,88.70634425,Gas,1572.847032,608.3687842,15,0
18,31-08-2019,Pharma,16792.52632,70.78868016,Gas,2070.571864,595.2827057,15,0
18,30-09-2019,Pharma,13945.64927,74.64491917,Gas,1307.858984,581.734561,15,0
18,31-10-2019,Pharma,8389.290663,96.72306249,Gas,579.8535416,654.3842985,15,0
18,30-11-2019,Pharma,6372.39046,73.42057384,Gas,408.0509078,485.6672949,15,0
18,31-12-2019,Pharma,11120.2125,99.27232091,Gas,978.1268237,604.3601277,15,0
18,31-01-2020,Pharma,12923.49849,75.15529518,Gas,1147.369575,577.7488019,15,0
18,29-02-2020,Pharma,19938.29414,83.99364885,Gas,1063.102496,426.1093217,15,0
18,31-03-2020,Pharma,15292.9367,78.04559598,Gas,1405.93573,423.2286858,15,0
18,30-04-2020,Pharma,14141.92379,76.87433569,Gas,734.1445288,715.3661942,15,0
18,31-05-2020,Pharma,14244.40334,94.95294949,Gas,1425.810399,505.9764525,15,0
18,30-06-2020,Pharma,12191.69343,97.37502719,Gas,902.8544528,487.6879021,15,0
18,31-07-2020,Pharma,14452.79659,70.49268858,Gas,1126.307001,595.2623461,15,0
18,31-08-2020,Pharma,18258.77595,80.34961158,Gas,2087.272881,526.1560756,15,0
18,30-09-2020,Pharma,12358.75819,84.81657499,Gas,704.5847176,466.2250086,15,0
18,31-10-2020,Pharma,13302.34896,63.53822963,Gas,1635.528894,592.6558539,15,0
18,30-11-2020,Pharma,17648.09587,94.124135,Gas,2175.632503,596.8422991,15,0
18,31-12-2020,Pharma,9908.860605,86.32789633,Gas,618.4716284,562.2552509,15,0
18,31-01-2021,Pharma,14128.72397,93.21838362,Gas,1041.006883,470.7404016,15,0
18,28-02-2021,Pharma,11835.59427,78.31117405,Gas,611.0787171,455.700524,15,0
18,31-03-2021,Pharma,17076.08241,71.28033347,Gas,2088.098024,446.7922397,15,0
18,30-04-2021,Pharma,12937.44651,80.57785713,Gas,1383.649346,405.9919084,15,0
18,31-05-2021,Pharma,8792.441678,74.04304955,Gas,1217.827134,705.5625724,15,0
18,30-06-2021,Pharma,18120.89758,91.39348999,Gas,1109.204873,521.9426165,15,0
18,31-07-2021,Pharma,9424.436242,90.95303188,Gas,1301.195042,483.5607877,15,0
18,31-08-2021,Pharma,7705.696533,79.18455017,Gas,892.3909832,538.4660638,15,0
18,30-09-2021,Pharma,15863.08734,70.80588322,Gas,1653.634388,717.5166924,15,0
18,31-10-2021,Pharma,7559.653831,72.45505348,Gas,393.3062654,645.8483033,15,0
18,30-11-2021,Pharma,10256.33858,99.7793153,Gas,1091.043861,663.8276989,15,0
18,31-12-2021,Pharma,16586.11583,98.85908281,Gas,2394.085349,485.1144126,15,0
18,31-01-2022,Pharma,9967.486313,61.12736209,Gas,946.8073944,608.4388968,15,0
18,28-02-2022,Pharma,5149.304386,78.86572388,Gas,478.1878703,474.837678,15,0
18,31-03-2022,Pharma,14435.85762,69.10858154,Gas,1398.136236,658.8753282,15,0
18,30-04-2022,Pharma,12712.82271,76.25099202,Gas,692.6153169,706.3972985,15,0
18,31-05-2022,Pharma,6786.065011,66.52559505,Gas,565.6549019,692.8451837,15,0
18,30-06-2022,Pharma,5855.09892,75.23134938,Gas,821.5913845,406.7145588,15,0
18,31-07-2022,Pharma,11390.54244,80.67481407,Gas,1614.376564,436.7007305,15,0
18,31-08-2022,Pharma,11992.86554,98.57837073,Gas,1653.854502,606.2177579,15,0
18,30-09-2022,Pharma,13550.56683,88.14475976,Gas,1111.496985,695.7668875,15,0
18,31-10-2022,Pharma,5713.214133,85.64859961,Gas,322.475302,634.8256382,15,0
18,30-11-2022,Pharma,7289.622964,66.80592193,Gas,367.6597907,502.6637619,15,0
18,31-12-2022,Pharma,12078.63665,88.66899131,Gas,1662.390045,487.1100163,15,0
18,31-01-2023,Pharma,9433.516077,95.86315395,Gas,759.1491886,430.7553059,15,0
18,28-02-2023,Pharma,16055.38859,86.4899019,Gas,1681.183996,682.1273455,15,0
18,31-03-2023,Pharma,12205.96382,64.25985268,Gas,1634.954119,638.4452955,15,0
18,30-04-2023,Pharma,14745.99273,96.04834943,Gas,1962.385982,700.309268,15,0
18,31-05-2023,Pharma,19017.96727,65.9923851,Gas,1749.330898,691.7145142,15,0
18,30-06-2023,Pharma,7066.78281,61.66899171,Gas,621.6129192,599.2835815,15,0
18,31-07-2023,Pharma,10447.8687,94.33058194,Gas,1384.010239,425.1258847,15,0
18,31-08-2023,Pharma,12569.37024,74.67582647,Gas,1569.629423,679.7670485,15,0
18,30-09-2023,Pharma,7062.400318,60.70480011,Gas,667.8861757,690.5070172,15,0
18,31-10-2023,Pharma,19753.97493,82.76292782,Gas,1388.248535,493.7001136,15,0
18,30-11-2023,Pharma,5891.631324,76.06685555,Gas,876.8841825,591.7564347,15,0
18,31-12-2023,Pharma,15060.31647,77.96522264,Gas,2094.348431,599.2251169,15,0
19,31-01-2019,Cement,9892.245757,84.54336739,Gas,546.2075024,431.7738708,8,0
19,28-02-2019,Cement,5215.269644,95.24038677,Gas,445.1788078,718.2540455,8,0
19,31-03-2019,Cement,15069.94726,78.5361419,Gas,2005.890516,431.6450688,8,0
19,30-04-2019,Cement,12686.58012,90.91525548,Gas,912.2657603,419.5109503,8,0
19,31-05-2019,Cement,19614.08361,93.1459964,Gas,1238.813903,694.9752821,8,0
19,30-06-2019,Cement,13019.19011,95.53287707,Gas,1321.115148,636.5129144,8,0
19,31-07-2019,Cement,15386.68222,91.19044221,Gas,1137.131121,482.2300332,8,0
19,31-08-2019,Cement,16262.45938,88.09238627,Gas,2132.283825,509.948935,8,0
19,30-09-2019,Cement,18898.18312,62.52520641,Gas,2131.255976,446.2810682,8,0
19,31-10-2019,Cement,5883.629916,83.14871422,Gas,668.2266969,443.295884,8,0
19,30-11-2019,Cement,16430.57695,80.98075771,Gas,843.1560404,635.5960309,8,0
19,31-12-2019,Cement,5952.345422,94.18020369,Gas,633.2974866,607.7104876,8,0
19,31-01-2020,Cement,17465.10183,88.35428453,Gas,2554.771534,582.8037851,8,0
19,29-02-2020,Cement,6504.717359,74.53331303,Gas,380.3668038,548.716899,8,0
19,31-03-2020,Cement,7357.442345,82.36026156,Gas,856.1953161,419.9789709,8,0
19,30-04-2020,Cement,19544.8962,71.40782993,Gas,1243.817727,642.8977311,8,0
19,31-05-2020,Cement,16243.79435,81.49382354,Gas,1562.750158,459.1671665,8,0
19,30-06-2020,Cement,17260.43605,89.76798099,Gas,2346.908201,468.7099928,8,0
19,31-07-2020,Cement,10929.32692,69.30374396,Gas,921.235855,422.7086827,8,0
19,31-08-2020,Cement,19794.94482,71.26727335,Gas,1613.932042,688.9209603,8,0
19,30-09-2020,Cement,12353.04281,74.47229472,Gas,1845.759282,435.5741865,8,0
19,31-10-2020,Cement,13903.51635,61.23923813,Gas,1081.546748,560.658447,8,0
19,30-11-2020,Cement,7363.854832,69.45935944,Gas,637.6153525,653.9727939,8,0
19,31-12-2020,Cement,5135.050249,75.82401899,Gas,558.3441862,582.3823093,8,0
19,31-01-2021,Cement,11586.41932,79.46440175,Gas,1691.099788,634.4594212,8,0
19,28-02-2021,Cement,5990.096497,75.34962278,Gas,748.6101285,692.232393,8,0
19,31-03-2021,Cement,17587.59216,90.36649925,Gas,1932.478378,707.5598086,8,0
19,30-04-2021,Cement,16441.35231,64.82100009,Gas,2076.156115,540.7131641,8,0
19,31-05-2021,Cement,15597.14731,87.38890149,Gas,1583.921372,548.5871596,8,0
19,30-06-2021,Cement,6071.414701,93.41874564,Gas,359.1580139,417.9638337,8,0
19,31-07-2021,Cement,9317.515105,61.22496729,Gas,553.5609972,470.0290614,8,0
19,31-08-2021,Cement,11736.46588,87.2679398,Gas,1133.173063,438.8301302,8,0
19,30-09-2021,Cement,11464.56264,73.27907809,Gas,1586.891122,652.0667939,8,0
19,31-10-2021,Cement,5432.726004,64.94912353,Gas,513.7869611,661.8682674,8,0
19,30-11-2021,Cement,18351.47636,94.96438511,Gas,2712.347828,563.8651053,8,0
19,31-12-2021,Cement,7416.843451,70.29795951,Gas,1057.392356,445.1315235,8,0
19,31-01-2022,Cement,9159.362844,95.20306836,Gas,953.9227518,689.964028,8,0
19,28-02-2022,Cement,15127.24129,69.72229762,Gas,1657.473275,654.002449,8,0
19,31-03-2022,Cement,6399.517675,77.49895291,Gas,334.735339,510.9783678,8,0
19,30-04-2022,Cement,8161.50399,90.88598064,Gas,552.4382817,481.1995905,8,0
19,31-05-2022,Cement,6706.425826,79.07871564,Gas,574.2222111,557.1323103,8,0
19,30-06-2022,Cement,13146.24334,82.63559024,Gas,796.3623404,539.5037281,8,0
19,31-07-2022,Cement,18827.51765,79.98249245,Gas,2276.20009,470.0379175,8,0
19,31-08-2022,Cement,7405.30977,69.54109757,Gas,712.4069316,460.2270005,8,0
19,30-09-2022,Cement,11178.83942,66.81182337,Gas,583.5534331,467.8036926,8,0
19,31-10-2022,Cement,10251.50207,72.84556162,Gas,765.7552694,530.8822075,8,0
19,30-11-2022,Cement,8890.699928,75.46765979,Gas,1158.339396,523.6985196,8,0
19,31-12-2022,Cement,14659.51399,71.24606014,Gas,2177.906759,420.5331898,8,0
19,31-01-2023,Cement,14275.10476,65.1834292,Gas,716.7253722,698.0901765,8,0
19,28-02-2023,Cement,14115.82106,99.26014757,Gas,2041.595121,711.3497744,8,0
19,31-03-2023,Cement,6765.772986,96.64443375,Gas,764.5676662,669.8187605,8,0
19,30-04-2023,Cement,19331.93215,77.52837124,Gas,2360.855991,609.6436727,8,0
19,31-05-2023,Cement,13657.02252,70.59923092,Gas,1586.055861,594.5825433,8,0
19,30-06-2023,Cement,13202.09194,72.69558295,Gas,1641.529377,638.6863164,8,0
19,31-07-2023,Cement,11679.18675,99.3312241,Gas,930.0160296,476.8978398,8,0
19,31-08-2023,Cement,19077.42737,81.97380935,Gas,2108.942559,627.8119219,8,0
19,30-09-2023,Cement,17031.74671,91.36378802,Gas,888.3587252,522.7248302,8,0
19,31-10-2023,Cement,11055.32266,84.3361291,Gas,1385.23135,635.0786753,8,0
19,30-11-2023,Cement,7553.219523,60.88882558,Gas,632.1917261,676.9186565,8,0
19,31-12-2023,Cement,11793.07377,76.23015589,Gas,636.6769454,516.5838736,8,0
20,31-01-2019,Chemical,10744.21113,93.4827697,Diesel,1328.584004,653.7966005,7,0
20,28-02-2019,Chemical,11948.66218,65.87498052,Diesel,1024.079376,674.4375999,7,0
20,31-03-2019,Chemical,6489.892079,69.36370545,Diesel,448.6531304,711.4020443,7,0
20,30-04-2019,Chemical,16550.58974,85.40204281,Diesel,1220.100126,679.6946926,7,0
20,31-05-2019,Chemical,14365.90695,74.43997012,Diesel,1911.96287,708.1297354,7,0
20,30-06-2019,Chemical,10933.98773,61.05177763,Diesel,792.0003246,702.4947984,7,0
20,31-07-2019,Chemical,10698.65241,65.35085069,Diesel,996.9757393,592.2011729,7,0
20,31-08-2019,Chemical,17660.84499,89.47918383,Diesel,2467.00501,503.3151821,7,0
20,30-09-2019,Chemical,17199.2632,68.84916247,Diesel,1120.085247,446.2594732,7,0
20,31-10-2019,Chemical,18241.05258,77.79866627,Diesel,1838.077898,533.0414041,7,0
20,30-11-2019,Chemical,8466.164339,85.97668695,Diesel,628.8916997,547.4600954,7,0
20,31-12-2019,Chemical,7771.474826,87.25462302,Diesel,1107.159052,572.3743871,7,0
20,31-01-2020,Chemical,19237.6703,83.93944426,Diesel,1227.31168,482.7507324,7,0
20,29-02-2020,Chemical,8991.316038,75.36060119,Diesel,1009.957644,540.810609,7,0
20,31-03-2020,Chemical,17794.24332,88.34759441,Diesel,2472.608181,490.1131997,7,0
20,30-04-2020,Chemical,19949.01368,69.29295158,Diesel,1555.167265,710.9910574,7,0
20,31-05-2020,Chemical,7323.465282,84.50079341,Diesel,1097.96767,608.8111888,7,0
20,30-06-2020,Chemical,17678.77694,60.38690155,Diesel,1273.3085,612.9708801,7,0
20,31-07-2020,Chemical,5584.841297,99.48788192,Diesel,639.3793706,628.9185727,7,0
20,31-08-2020,Chemical,11301.92118,95.42396379,Diesel,1418.58165,591.0244468,7,0
20,30-09-2020,Chemical,8918.619963,65.48399787,Diesel,881.1419535,631.3106801,7,0
20,31-10-2020,Chemical,16266.05718,80.61181751,Diesel,953.9789473,635.3176479,7,0
20,30-11-2020,Chemical,12023.83863,91.1856729,Diesel,1730.585411,612.3195617,7,0
20,31-12-2020,Chemical,16954.88936,91.93584596,Diesel,2162.451199,567.9467244,7,0
20,31-01-2021,Chemical,11374.5856,74.40559464,Diesel,980.0666666,488.2464674,7,0
20,28-02-2021,Chemical,12235.42125,87.64708578,Diesel,908.6109673,571.1612209,7,0
20,31-03-2021,Chemical,9685.960621,68.31809362,Diesel,1117.941812,443.5323467,7,0
20,30-04-2021,Chemical,11843.64539,76.40820021,Diesel,1581.823787,521.8067669,7,0
20,31-05-2021,Chemical,6941.946449,83.101397,Diesel,559.7640658,613.38411,7,0
20,30-06-2021,Chemical,5364.390551,92.97900185,Diesel,759.7311698,466.4558875,7,0
20,31-07-2021,Chemical,7616.990264,69.46740104,Diesel,819.0267719,494.4527185,7,0
20,31-08-2021,Chemical,7372.548356,62.09910723,Diesel,795.590261,714.7178259,7,0
20,30-09-2021,Chemical,5059.427514,79.68330297,Diesel,382.4015508,417.9681453,7,0
20,31-10-2021,Chemical,5264.522436,82.10823065,Diesel,567.7512407,536.5020815,7,0
20,30-11-2021,Chemical,7822.086812,68.75990836,Diesel,443.7539374,639.0401876,7,0
20,31-12-2021,Chemical,9747.532099,91.01983007,Diesel,1394.220156,514.8251542,7,0
20,31-01-2022,Chemical,15815.75377,92.04303681,Diesel,2282.232015,474.3388084,7,0
20,28-02-2022,Chemical,5969.069721,81.19452363,Diesel,461.5996938,654.7318896,7,0
20,31-03-2022,Chemical,11770.43413,93.9117236,Diesel,1319.972923,457.4103171,7,0
20,30-04-2022,Chemical,19737.03269,89.9068708,Diesel,2123.234746,672.2600533,7,0
20,31-05-2022,Chemical,14094.46208,80.54989162,Diesel,908.8843617,636.566558,7,0
20,30-06-2022,Chemical,8273.732488,94.85808258,Diesel,1160.088054,508.4706679,7,0
20,31-07-2022,Chemical,6797.486701,71.00509638,Diesel,889.2549917,688.2190555,7,0
20,31-08-2022,Chemical,12231.21737,78.54006265,Diesel,1249.944739,704.8974674,7,0
20,30-09-2022,Chemical,5642.61536,71.23275881,Diesel,829.9834591,576.7026084,7,0
20,31-10-2022,Chemical,18349.40182,78.70161049,Diesel,2476.6427,504.6970362,7,0
20,30-11-2022,Chemical,19680.0078,80.9426151,Diesel,1075.645092,719.0962189,7,0
20,31-12-2022,Chemical,10129.78708,95.98340866,Diesel,1257.930036,711.0985498,7,0
20,31-01-2023,Chemical,8501.489435,86.62586385,Diesel,858.5462676,496.774258,7,0
20,28-02-2023,Chemical,5930.37313,94.32312289,Diesel,482.5530609,462.6282928,7,0
20,31-03-2023,Chemical,16646.97897,67.79709322,Diesel,2013.961652,424.0411013,7,0
20,30-04-2023,Chemical,16989.25712,79.73305107,Diesel,1130.189756,532.7000671,7,0
20,31-05-2023,Chemical,19160.99974,97.91408292,Diesel,1092.365336,596.6866174,7,0
20,30-06-2023,Chemical,11876.20748,97.31824169,Diesel,1580.422218,559.7808474,7,0
20,31-07-2023,Chemical,10881.89004,82.37625649,Diesel,1118.976162,597.1133358,7,0
20,31-08-2023,Chemical,15320.557,86.07963415,Diesel,1686.991589,695.9429126,7,0
20,30-09-2023,Chemical,15690.14847,96.46737743,Diesel,2173.181079,490.1534693,7,0
20,31-10-2023,Chemical,18059.96716,60.92585004,Diesel,1473.318967,459.1022814,7,0
20,30-11-2023,Chemical,8377.947923,76.53497184,Diesel,1136.407049,646.2730577,7,0
20,31-12-2023,Chemical,10495.89,90.18487131,Diesel,986.0282847,651.1578598,7,0
21,31-01-2019,Pharma,16534.76,71.26543173,Diesel,850.3950911,437.8120443,17,0
21,28-02-2019,Pharma,15477.21215,94.13610889,Diesel,1752.451869,481.4344813,17,0
21,31-03-2019,Pharma,11963.37749,73.12316872,Diesel,1082.357043,663.2468311,17,0
21,30-04-2019,Pharma,7158.295615,63.96385801,Diesel,974.6009622,667.8958625,17,0
21,31-05-2019,Pharma,14822.83501,61.60515156,Diesel,1644.714048,629.5269405,17,0
21,30-06-2019,Pharma,10518.6997,84.65735692,Diesel,963.6599594,560.9741172,17,0
21,31-07-2019,Pharma,10368.32796,92.05388576,Diesel,880.0539192,642.6043077,17,0
21,31-08-2019,Pharma,8960.238232,94.96681287,Diesel,550.4505033,592.4768434,17,0
21,30-09-2019,Pharma,10625.88416,64.4627597,Diesel,973.5303955,652.8085637,17,0
21,31-10-2019,Pharma,17704.49813,72.50234814,Diesel,1908.175679,633.6976886,17,0
21,30-11-2019,Pharma,10236.56173,97.7759078,Diesel,1237.868607,534.9756222,17,0
21,31-12-2019,Pharma,11672.05,99.55214101,Diesel,809.0564367,645.9724258,17,0
21,31-01-2020,Pharma,17508.62561,66.63319904,Diesel,968.4889115,461.3130744,17,0
21,29-02-2020,Pharma,17964.96942,91.25738059,Diesel,1720.230669,502.8525123,17,0
21,31-03-2020,Pharma,10763.45807,64.63471977,Diesel,753.6745525,416.649551,17,0
21,30-04-2020,Pharma,18220.96779,97.08516478,Diesel,2467.020959,665.6717111,17,0
21,31-05-2020,Pharma,11394.795,88.50177061,Diesel,1305.46282,459.2690298,17,0
21,30-06-2020,Pharma,7570.465479,99.83121578,Diesel,778.4888176,668.8188858,17,0
21,31-07-2020,Pharma,10001.27002,60.7117956,Diesel,1249.654194,605.0212056,17,0
21,31-08-2020,Pharma,8717.941948,69.83706378,Diesel,598.2532524,631.67576,17,0
21,30-09-2020,Pharma,15681.63399,66.46561343,Diesel,804.5074675,590.782863,17,0
21,31-10-2020,Pharma,16131.06287,67.70205821,Diesel,2050.122018,453.3800022,17,0
21,30-11-2020,Pharma,5247.840947,65.84618729,Diesel,697.7979123,606.5835638,17,0
21,31-12-2020,Pharma,19000.5811,63.19770841,Diesel,1670.556579,692.6428937,17,0
21,31-01-2021,Pharma,6398.172062,73.3673537,Diesel,544.4545788,416.5128138,17,0
21,28-02-2021,Pharma,7582.054602,89.65201713,Diesel,950.1629689,711.1355561,17,0
21,31-03-2021,Pharma,6165.679635,76.04277243,Diesel,674.5134851,491.8861666,17,0
21,30-04-2021,Pharma,17713.39237,85.28292442,Diesel,1178.934793,500.7195838,17,0
21,31-05-2021,Pharma,16353.00053,99.25641281,Diesel,2084.62198,543.5250263,17,0
21,30-06-2021,Pharma,5069.324826,84.17306449,Diesel,480.0996892,569.6938091,17,0
21,31-07-2021,Pharma,8196.842002,94.69742409,Diesel,900.7263584,644.3785921,17,0
21,31-08-2021,Pharma,5628.290457,71.16070735,Diesel,447.3682199,677.0790555,17,0
21,30-09-2021,Pharma,6733.441947,93.70508795,Diesel,1005.279317,517.2314191,17,0
21,31-10-2021,Pharma,7559.054116,83.57024292,Diesel,510.2596961,617.5044865,17,0
21,30-11-2021,Pharma,7674.398925,96.31466135,Diesel,880.7102736,552.9225583,17,0
21,31-12-2021,Pharma,11979.69239,96.73582106,Diesel,1544.360199,491.8746176,17,0
21,31-01-2022,Pharma,16406.84659,83.37051709,Diesel,882.840457,680.7835148,17,0
21,28-02-2022,Pharma,18922.09672,73.42741766,Diesel,2385.211627,704.320644,17,0
21,31-03-2022,Pharma,13937.52345,60.54456589,Diesel,1149.828137,698.3336243,17,0
21,30-04-2022,Pharma,5224.696212,62.82091206,Diesel,351.017748,408.1309563,17,0
21,31-05-2022,Pharma,17908.92837,97.42262241,Diesel,2300.652421,608.9050874,17,0
21,30-06-2022,Pharma,10773.70658,64.13916907,Diesel,1038.156714,607.3754795,17,0
21,31-07-2022,Pharma,5285.483804,64.20342381,Diesel,454.2785864,449.5551992,17,0
21,31-08-2022,Pharma,14862.90552,65.78503577,Diesel,1333.304031,432.7904852,17,0
21,30-09-2022,Pharma,12565.5874,98.68462469,Diesel,1497.950456,480.42207,17,0
21,31-10-2022,Pharma,14360.65596,69.56070587,Diesel,1583.639505,607.1608306,17,0
21,30-11-2022,Pharma,6102.624152,67.66375872,Diesel,641.7118309,703.0682639,17,0
21,31-12-2022,Pharma,18889.00779,88.66289834,Diesel,2782.265342,416.1499107,17,0
21,31-01-2023,Pharma,9027.62063,67.64209946,Diesel,910.2427464,465.1850533,17,0
21,28-02-2023,Pharma,14294.75675,94.7892134,Diesel,1533.332952,538.8836516,17,0
21,31-03-2023,Pharma,9737.472427,84.46471531,Diesel,616.2473826,480.9700939,17,0
21,30-04-2023,Pharma,8885.812237,93.4655607,Diesel,589.324809,407.130377,17,0
21,31-05-2023,Pharma,12173.33172,85.51491332,Diesel,1444.681423,418.7133644,17,0
21,30-06-2023,Pharma,9253.482238,84.71168169,Diesel,590.0164454,411.9298039,17,0
21,31-07-2023,Pharma,11605.45897,85.91083954,Diesel,1394.715939,456.3480826,17,0
21,31-08-2023,Pharma,12465.59377,73.29884908,Diesel,1409.492581,413.9839117,17,0
21,30-09-2023,Pharma,9870.033168,78.29279825,Diesel,706.3619125,677.1540996,17,0
21,31-10-2023,Pharma,17604.56062,70.17699221,Diesel,2477.580078,603.7682736,17,0
21,30-11-2023,Pharma,13910.19051,94.5253585,Diesel,1508.478737,468.2351569,17,0
21,31-12-2023,Pharma,11797.52138,70.11676307,Diesel,1545.962083,409.1107923,17,0
22,31-01-2019,Cement,8634.14291,66.91418958,Gas,1142.298121,655.4701314,16,0
22,28-02-2019,Cement,10398.17019,70.9683042,Gas,1051.363465,713.35475,16,0
22,31-03-2019,Cement,6358.232154,74.10576125,Gas,350.2903376,552.830726,16,0
22,30-04-2019,Cement,6428.930984,70.2793465,Gas,936.5462329,499.3162803,16,0
22,31-05-2019,Cement,5694.147658,66.02321976,Gas,344.6693302,664.1084722,16,0
22,30-06-2019,Cement,7026.055345,72.59510904,Gas,603.2830155,708.872851,16,0
22,31-07-2019,Cement,9604.724742,68.77130991,Gas,1241.268583,506.3069357,16,0
22,31-08-2019,Cement,11098.42255,62.50782556,Gas,1525.977599,578.4550095,16,0
22,30-09-2019,Cement,11251.80487,94.5041314,Gas,881.6821655,692.8778592,16,0
22,31-10-2019,Cement,8257.303248,89.73994476,Gas,448.4272423,666.0975002,16,0
22,30-11-2019,Cement,15330.90423,98.05655657,Gas,1628.704672,707.4420112,16,0
22,31-12-2019,Cement,8018.954034,79.40210672,Gas,888.042033,451.2655214,16,0
22,31-01-2020,Cement,13781.72437,88.50260312,Gas,1262.516864,692.5016622,16,0
22,29-02-2020,Cement,6562.5609,93.26145146,Gas,775.8107466,410.3366121,16,0
22,31-03-2020,Cement,16222.9059,96.30585064,Gas,2403.648084,515.1390327,16,0
22,30-04-2020,Cement,16112.93945,64.40381221,Gas,1884.808059,649.3970674,16,0
22,31-05-2020,Cement,12416.9499,78.67623087,Gas,797.8235426,655.9240643,16,0
22,30-06-2020,Cement,13654.57482,63.19943832,Gas,1505.353057,672.2005263,16,0
22,31-07-2020,Cement,13815.68295,68.96746203,Gas,1503.132293,662.2398665,16,0
22,31-08-2020,Cement,17779.80827,75.24323083,Gas,2218.92656,456.0633134,16,0
22,30-09-2020,Cement,6541.940345,77.87620367,Gas,943.1741287,527.030932,16,0
22,31-10-2020,Cement,5847.664114,84.36953422,Gas,616.3537498,609.6815459,16,0
22,30-11-2020,Cement,5130.188624,88.41944273,Gas,407.5997734,466.6871937,16,0
22,31-12-2020,Cement,18688.36658,93.793145,Gas,2301.143759,634.904293,16,0
22,31-01-2021,Cement,19436.98301,72.77489304,Gas,1732.445592,449.1778637,16,0
22,28-02-2021,Cement,10125.1106,66.42249511,Gas,1282.464191,418.8468241,16,0
22,31-03-2021,Cement,9002.10013,81.43169047,Gas,1199.72455,489.2160841,16,0
22,30-04-2021,Cement,19566.10997,80.69185984,Gas,2731.539868,510.8799267,16,0
22,31-05-2021,Cement,11777.19618,88.99458461,Gas,1061.724718,410.5392953,16,0
22,30-06-2021,Cement,18644.56883,88.30211325,Gas,1016.985208,668.3393163,16,0
22,31-07-2021,Cement,17849.22692,76.35988742,Gas,932.1249001,603.6183272,16,0
22,31-08-2021,Cement,12893.13015,74.20971444,Gas,1413.256465,713.0102002,16,0
22,30-09-2021,Cement,8793.7912,81.57637845,Gas,904.4351722,534.8659348,16,0
22,31-10-2021,Cement,18904.60356,88.08257032,Gas,1727.933554,591.4812618,16,0
22,30-11-2021,Cement,14093.7363,85.8712976,Gas,1275.472947,564.091306,16,0
22,31-12-2021,Cement,8688.545638,72.87082281,Gas,702.3661353,516.0757978,16,0
22,31-01-2022,Cement,9178.745709,70.40340545,Gas,1316.771185,555.9893037,16,0
22,28-02-2022,Cement,12638.43221,64.63408153,Gas,1226.523512,458.345204,16,0
22,31-03-2022,Cement,5385.572902,79.89593405,Gas,553.8182332,412.9920326,16,0
22,30-04-2022,Cement,8231.659807,94.40822549,Gas,778.5080928,622.5633525,16,0
22,31-05-2022,Cement,12659.62773,65.04025547,Gas,1699.230989,575.668131,16,0
22,30-06-2022,Cement,8148.911409,79.58495326,Gas,480.2038585,638.9599624,16,0
22,31-07-2022,Cement,18867.53645,75.16121047,Gas,1057.793483,533.7581625,16,0
22,31-08-2022,Cement,18755.77388,87.3330173,Gas,1393.052381,594.5133284,16,0
22,30-09-2022,Cement,12704.00568,89.92478428,Gas,1260.411743,496.6633283,16,0
22,31-10-2022,Cement,14450.67081,78.96252497,Gas,1654.084483,690.222721,16,0
22,30-11-2022,Cement,16424.77983,82.99104983,Gas,1972.285036,533.7015846,16,0
22,31-12-2022,Cement,13776.83488,89.00801586,Gas,1564.221222,628.5192966,16,0
22,31-01-2023,Cement,7850.276074,88.77085215,Gas,752.6248501,541.8794415,16,0
22,28-02-2023,Cement,17905.30021,67.94160811,Gas,901.475391,678.6647393,16,0
22,31-03-2023,Cement,7410.489897,78.94659028,Gas,1053.462745,719.6093721,16,0
22,30-04-2023,Cement,10629.61763,62.52104279,Gas,1086.574055,609.0034473,16,0
22,31-05-2023,Cement,11937.85447,68.15535688,Gas,625.5309291,578.924246,16,0
22,30-06-2023,Cement,14606.09175,96.77579365,Gas,1473.53797,495.3518568,16,0
22,31-07-2023,Cement,9023.226841,71.46228097,Gas,492.6986674,491.5420615,16,0
22,31-08-2023,Cement,8369.253747,62.15100512,Gas,1070.617244,605.1476109,16,0
22,30-09-2023,Cement,8769.660526,97.25110425,Gas,495.7545893,653.9748113,16,0
22,31-10-2023,Cement,10866.03319,71.14340691,Gas,1171.401963,567.2979039,16,0
22,30-11-2023,Cement,8772.970856,71.5680355,Gas,760.8880841,544.1110238,16,0
22,31-12-2023,Cement,18352.13965,96.47874319,Gas,2373.371558,456.3651628,16,0
23,31-01-2019,Pharma,5749.42947,71.54608193,Coal,543.8736718,570.9665557,5,0
23,28-02-2019,Pharma,19001.17144,97.26334625,Coal,2037.105343,495.2356559,5,0
23,31-03-2019,Pharma,10870.8504,60.5427828,Coal,820.669376,692.7728131,5,0
23,30-04-2019,Pharma,11487.25082,85.12218125,Coal,715.358145,564.4967857,5,0
23,31-05-2019,Pharma,6720.408382,75.07703856,Coal,835.856009,666.533849,5,0
23,30-06-2019,Pharma,14842.63446,70.43342464,Coal,776.1932382,445.1934479,5,0
23,31-07-2019,Pharma,13997.39854,81.01087886,Coal,1345.840018,707.0848678,5,0
23,31-08-2019,Pharma,18484.86584,78.32275449,Coal,1737.654041,456.0450028,5,0
23,30-09-2019,Pharma,17847.23675,67.73698044,Coal,1324.059095,420.0867701,5,0
23,31-10-2019,Pharma,16867.84648,63.24778363,Coal,2344.19037,585.0581278,5,0
23,30-11-2019,Pharma,15168.92634,92.82803345,Coal,2190.588034,610.8217914,5,0
23,31-12-2019,Pharma,8338.596669,89.53568661,Coal,1170.856337,475.2986874,5,0
23,31-01-2020,Pharma,13437.13003,65.96009219,Coal,1044.894453,607.0116504,5,0
23,29-02-2020,Pharma,11460.01534,87.10946398,Coal,787.5860579,617.7127015,5,0
23,31-03-2020,Pharma,14829.03762,70.1611077,Coal,1777.37572,683.7643664,5,0
23,30-04-2020,Pharma,9572.197019,77.93345366,Coal,827.8429028,714.5296745,5,0
23,31-05-2020,Pharma,7316.905408,67.62244961,Coal,441.2196977,579.8662085,5,0
23,30-06-2020,Pharma,18378.91217,97.61667171,Coal,1740.771452,610.0364195,5,0
23,31-07-2020,Pharma,19202.58323,89.07763776,Coal,982.936052,437.2821702,5,0
23,31-08-2020,Pharma,12765.25479,83.68011929,Coal,1619.670407,428.9183195,5,0
23,30-09-2020,Pharma,16372.63284,87.42932406,Coal,998.5103548,710.1270979,5,0
23,31-10-2020,Pharma,15666.66701,90.97441545,Coal,784.1323333,561.6086683,5,0
23,30-11-2020,Pharma,13880.29501,67.34837542,Coal,1011.771196,487.4668671,5,0
23,31-12-2020,Pharma,8167.407049,61.06526748,Coal,995.8975416,406.4016526,5,0
23,31-01-2021,Pharma,10497.67633,67.96177699,Coal,759.4583962,479.0681231,5,0
23,28-02-2021,Pharma,13459.12654,76.17304491,Coal,1332.406658,513.6531812,5,0
23,31-03-2021,Pharma,13113.97371,98.17543328,Coal,1670.908593,436.9893953,5,0
23,30-04-2021,Pharma,10498.26407,67.84074581,Coal,785.7975093,471.043371,5,0
23,31-05-2021,Pharma,7194.387541,71.8314617,Coal,371.1400513,651.8289574,5,0
23,30-06-2021,Pharma,6484.142331,86.56289471,Coal,720.8079527,551.4741399,5,0
23,31-07-2021,Pharma,11937.0031,98.07349742,Coal,994.6062856,568.7608522,5,0
23,31-08-2021,Pharma,16415.30906,88.31886031,Coal,1360.066001,432.8154003,5,0
23,30-09-2021,Pharma,15446.53305,94.66826121,Coal,1144.913773,461.159992,5,0
23,31-10-2021,Pharma,16948.13099,77.96116982,Coal,1124.55291,430.2492045,5,0
23,30-11-2021,Pharma,19882.9573,63.96736587,Coal,2098.207847,569.7901267,5,0
23,31-12-2021,Pharma,17285.86184,95.50320194,Coal,1312.819115,671.8117081,5,0
23,31-01-2022,Pharma,9267.267188,70.51056152,Coal,635.9399005,501.0042007,5,0
23,28-02-2022,Pharma,19902.19902,87.73449747,Coal,2362.053473,564.7402529,5,0
23,31-03-2022,Pharma,19707.19774,60.13127157,Coal,1222.268406,575.0151459,5,0
23,30-04-2022,Pharma,11154.28566,87.38353591,Coal,1229.687776,712.2043901,5,0
23,31-05-2022,Pharma,13332.67559,94.6884441,Coal,1224.674217,527.5523057,5,0
23,30-06-2022,Pharma,10041.94133,93.89683551,Coal,890.197764,571.455701,5,0
23,31-07-2022,Pharma,6352.084777,68.25755538,Coal,807.3859095,708.7193008,5,0
23,31-08-2022,Pharma,15946.0325,92.80576272,Coal,2238.392382,431.4975581,5,0
23,30-09-2022,Pharma,8220.715543,96.59283574,Coal,1039.099838,436.2818271,5,0
23,31-10-2022,Pharma,16861.65213,66.37242942,Coal,1268.075253,651.161571,5,0
23,30-11-2022,Pharma,19960.64529,87.42888425,Coal,2140.395706,626.7033107,5,0
23,31-12-2022,Pharma,13097.65284,72.93292398,Coal,1281.682233,563.9260003,5,0
23,31-01-2023,Pharma,8460.441852,76.12036,Coal,1160.081062,409.343207,5,0
23,28-02-2023,Pharma,13893.58012,90.42858511,Coal,1538.448274,596.996835,5,0
23,31-03-2023,Pharma,8367.815527,70.63282163,Coal,496.6429743,571.0015409,5,0
23,30-04-2023,Pharma,6834.564744,68.67336871,Coal,932.8045071,674.3460384,5,0
23,31-05-2023,Pharma,10949.15513,79.40411936,Coal,1360.765101,421.3206275,5,0
23,30-06-2023,Pharma,8910.156903,75.72887035,Coal,895.4242245,685.6369069,5,0
23,31-07-2023,Pharma,9850.546329,97.67012552,Coal,533.5358488,645.5322226,5,0
23,31-08-2023,Pharma,16677.15244,93.24751824,Coal,1355.657225,618.1141089,5,0
23,30-09-2023,Pharma,10128.35176,64.27927231,Coal,1277.660509,693.7903338,5,0
23,31-10-2023,Pharma,18548.35437,79.64732802,Coal,2186.634646,446.6737788,5,0
23,30-11-2023,Pharma,7850.496198,67.5159008,Coal,836.3413729,416.1920272,5,0
23,31-12-2023,Pharma,14925.26534,76.42116456,Coal,1498.469664,709.5051059,5,0
24,31-01-2019,Pharma,7236.386312,79.37700782,Diesel,458.0042736,551.4688711,13,0
24,28-02-2019,Pharma,13875.20629,81.62378616,Diesel,1039.918815,506.3157105,13,0
24,31-03-2019,Pharma,5299.890293,90.78632786,Diesel,555.6179338,623.5492539,13,0
24,30-04-2019,Pharma,14705.93311,62.22322538,Diesel,1789.71038,431.9575529,13,0
24,31-05-2019,Pharma,7533.030382,89.8258319,Diesel,996.8829432,673.8802496,13,0
24,30-06-2019,Pharma,18508.66896,91.20535397,Diesel,2380.801821,451.1772923,13,0
24,31-07-2019,Pharma,10172.84572,68.15849269,Diesel,657.7745905,609.9427574,13,0
24,31-08-2019,Pharma,7325.895821,81.60373684,Diesel,425.3497812,645.3690959,13,0
24,30-09-2019,Pharma,15687.62632,76.76272399,Diesel,2272.196071,709.9430448,13,0
24,31-10-2019,Pharma,14946.93107,91.89256576,Diesel,1224.709182,606.4978973,13,0
24,30-11-2019,Pharma,7800.223172,93.62286207,Diesel,1045.158402,475.6366146,13,0
24,31-12-2019,Pharma,12773.78467,76.25017066,Diesel,1683.706037,458.2616359,13,0
24,31-01-2020,Pharma,13112.26967,96.86816902,Diesel,692.2436635,485.6183558,13,0
24,29-02-2020,Pharma,11675.63161,91.40373226,Diesel,619.7201459,587.4823184,13,0
24,31-03-2020,Pharma,5778.212099,75.29609985,Diesel,516.3816129,719.6552027,13,0
24,30-04-2020,Pharma,5665.835018,74.76543632,Diesel,565.9675538,467.667043,13,0
24,31-05-2020,Pharma,14821.85531,96.30274249,Diesel,2213.295729,626.9717995,13,0
24,30-06-2020,Pharma,18402.81132,77.35819681,Diesel,1975.226173,709.6061401,13,0
24,31-07-2020,Pharma,6651.238388,74.81391485,Diesel,577.945522,658.3255861,13,0
24,31-08-2020,Pharma,14649.53718,80.72183538,Diesel,873.0516639,717.9833696,13,0
24,30-09-2020,Pharma,8704.773766,92.04878765,Diesel,910.359535,494.7819617,13,0
24,31-10-2020,Pharma,5298.982507,85.84521473,Diesel,599.8046966,435.3368437,13,0
24,30-11-2020,Pharma,13235.44894,83.50826411,Diesel,1502.871069,531.6789499,13,0
24,31-12-2020,Pharma,15051.60194,90.39144485,Diesel,931.7022737,551.3922757,13,0
24,31-01-2021,Pharma,18364.52954,77.4263119,Diesel,2607.197078,626.2455788,13,0
24,28-02-2021,Pharma,9147.355935,62.00421706,Diesel,891.9687014,418.3437667,13,0
24,31-03-2021,Pharma,7073.16058,96.62375012,Diesel,687.1342636,445.7985646,13,0
24,30-04-2021,Pharma,9544.86396,63.90512958,Diesel,1092.364212,457.8368981,13,0
24,31-05-2021,Pharma,10641.63694,65.1044762,Diesel,1347.103341,696.9317088,13,0
24,30-06-2021,Pharma,18525.10738,80.25446239,Diesel,1050.679239,445.2200782,13,0
24,31-07-2021,Pharma,19227.89494,72.25147974,Diesel,1133.589462,474.3354996,13,0
24,31-08-2021,Pharma,17539.18306,88.87370999,Diesel,1287.547779,711.99186,13,0
24,30-09-2021,Pharma,19391.94192,90.78354084,Diesel,2870.279451,719.3650611,13,0
24,31-10-2021,Pharma,12601.44286,90.18094706,Diesel,868.4559859,702.8713054,13,0
24,30-11-2021,Pharma,9785.633644,74.9625407,Diesel,797.0376775,676.6132199,13,0
24,31-12-2021,Pharma,9576.424717,92.45574849,Diesel,1275.247937,505.5111868,13,0
24,31-01-2022,Pharma,17153.23754,92.28054543,Diesel,1492.093851,581.5262956,13,0
24,28-02-2022,Pharma,10112.62783,89.03497374,Diesel,1196.828648,598.1102215,13,0
24,31-03-2022,Pharma,8103.324582,99.56742114,Diesel,1134.550601,491.6969052,13,0
24,30-04-2022,Pharma,8837.345376,67.07269431,Diesel,923.2594558,577.0446087,13,0
24,31-05-2022,Pharma,8483.759696,62.65522429,Diesel,746.7955699,673.6313314,13,0
24,30-06-2022,Pharma,15462.45515,96.30025397,Diesel,2142.824595,652.2647666,13,0
24,31-07-2022,Pharma,11399.87061,77.86327108,Diesel,1502.481116,540.9730841,13,0
24,31-08-2022,Pharma,14825.88526,67.76972486,Diesel,1269.396641,484.3018904,13,0
24,30-09-2022,Pharma,18138.22276,64.75444664,Diesel,2286.171967,609.6333968,13,0
24,31-10-2022,Pharma,8826.296467,67.6793707,Diesel,774.939342,525.6006439,13,0
24,30-11-2022,Pharma,5382.565042,70.31098773,Diesel,356.587484,706.0729028,13,0
24,31-12-2022,Pharma,7408.101299,72.44955475,Diesel,747.242827,418.6666471,13,0
24,31-01-2023,Pharma,12375.63604,88.69908671,Diesel,1258.114045,402.4444783,13,0
24,28-02-2023,Pharma,6655.133417,64.06873776,Diesel,832.6680056,499.8917421,13,0
24,31-03-2023,Pharma,13397.50587,83.90492994,Diesel,1133.048098,518.8610974,13,0
24,30-04-2023,Pharma,13382.01252,97.99148405,Diesel,1483.650518,497.0633985,13,0
24,31-05-2023,Pharma,5997.625932,77.00186375,Diesel,375.3901394,415.3516115,13,0
24,30-06-2023,Pharma,7493.891425,83.71082879,Diesel,945.2119559,506.2895733,13,0
24,31-07-2023,Pharma,5886.666651,63.63838875,Diesel,751.5910012,460.5878225,13,0
24,31-08-2023,Pharma,19911.08207,61.9404748,Diesel,2382.693309,669.1803856,13,0
24,30-09-2023,Pharma,14678.98939,94.76656995,Diesel,2103.453783,657.8233137,13,0
24,31-10-2023,Pharma,12333.39714,66.55668812,Diesel,1441.528197,618.9184866,13,0
24,30-11-2023,Pharma,19163.92795,63.43211849,Diesel,2007.335403,567.0422374,13,0
24,31-12-2023,Pharma,6269.749019,98.00898422,Diesel,380.5336789,580.2346588,13,0
25,31-01-2019,Pharma,12297.50621,93.39308392,Diesel,1277.650036,401.4520683,11,0
25,28-02-2019,Pharma,9576.074562,89.10138626,Diesel,1006.625811,552.7556886,11,0
25,31-03-2019,Pharma,14125.81367,94.79946831,Diesel,1859.259589,484.4351634,11,0
25,30-04-2019,Pharma,14729.03184,84.47340218,Diesel,1720.310576,475.7671236,11,0
25,31-05-2019,Pharma,18733.70824,94.84325023,Diesel,1735.204314,474.151986,11,0
25,30-06-2019,Pharma,6034.109184,88.54108131,Diesel,316.4408158,585.5248028,11,0
25,31-07-2019,Pharma,11455.24247,91.43253877,Diesel,1088.746467,483.8361377,11,0
25,31-08-2019,Pharma,7198.048262,96.06653659,Diesel,939.8485751,422.9158119,11,0
25,30-09-2019,Pharma,6728.38732,64.31465097,Diesel,371.7326776,502.7644534,11,0
25,31-10-2019,Pharma,6443.661862,78.67833194,Diesel,702.4290903,415.0100513,11,0
25,30-11-2019,Pharma,11748.34108,93.1701238,Diesel,1454.073891,531.7919335,11,0
25,31-12-2019,Pharma,14646.40337,87.48953657,Diesel,1275.265536,680.2514499,11,0
25,31-01-2020,Pharma,19182.95151,60.51847069,Diesel,2677.446584,617.7758881,11,0
25,29-02-2020,Pharma,17966.08437,98.25924389,Diesel,1124.031858,430.9079137,11,0
25,31-03-2020,Pharma,14447.65845,60.98326455,Diesel,1630.537878,704.5146511,11,0
25,30-04-2020,Pharma,7572.817821,90.58205857,Diesel,654.5979363,661.5792862,11,0
25,31-05-2020,Pharma,7655.792055,90.35391694,Diesel,1083.425,698.6475201,11,0
25,30-06-2020,Pharma,11615.08401,84.75225229,Diesel,1625.534214,505.7113638,11,0
25,31-07-2020,Pharma,19886.349,90.24935769,Diesel,1065.691076,628.067945,11,0
25,31-08-2020,Pharma,18422.5557,78.14148427,Diesel,1760.702677,564.8598268,11,0
25,30-09-2020,Pharma,14250.0505,80.12927095,Diesel,2021.641735,533.9134649,11,0
25,31-10-2020,Pharma,13922.98776,74.43979035,Diesel,1871.306519,629.3349979,11,0
25,30-11-2020,Pharma,17081.24676,87.33768109,Diesel,1747.256163,607.957108,11,0
25,31-12-2020,Pharma,11412.19956,79.38151001,Diesel,1354.525354,647.5341391,11,0
25,31-01-2021,Pharma,19003.82079,83.87998852,Diesel,2719.730329,602.2075108,11,0
25,28-02-2021,Pharma,6818.790682,82.3627091,Diesel,521.6671685,523.0185912,11,0
25,31-03-2021,Pharma,8347.894396,77.66889965,Diesel,1032.858837,526.5255929,11,0
25,30-04-2021,Pharma,5612.606644,90.51315466,Diesel,640.8965802,708.4444378,11,0
25,31-05-2021,Pharma,13157.9116,84.84377422,Diesel,1721.29663,530.3434389,11,0
25,30-06-2021,Pharma,15153.28275,81.52957793,Diesel,1712.019564,590.9452714,11,0
25,31-07-2021,Pharma,11794.69296,78.53979549,Diesel,911.3990545,688.0556867,11,0
25,31-08-2021,Pharma,18410.08122,62.23791786,Diesel,2009.423335,519.1948904,11,0
25,30-09-2021,Pharma,5527.408171,77.80386747,Diesel,531.5173478,622.7898872,11,0
25,31-10-2021,Pharma,14380.97364,60.05788882,Diesel,1226.88603,674.5139155,11,0
25,30-11-2021,Pharma,6324.466218,86.97355285,Diesel,563.003894,662.1200326,11,0
25,31-12-2021,Pharma,10573.20493,99.2515864,Diesel,639.9676122,579.9592904,11,0
25,31-01-2022,Pharma,13753.70748,71.59981613,Diesel,818.6343586,690.6343988,11,0
25,28-02-2022,Pharma,8546.893641,84.91200554,Diesel,525.9880047,440.7178153,11,0
25,31-03-2022,Pharma,14585.18891,64.05633606,Diesel,1751.130254,403.8279241,11,0
25,30-04-2022,Pharma,12364.13516,75.22883525,Diesel,1443.547362,711.9384855,11,0
25,31-05-2022,Pharma,6923.367639,66.8706236,Diesel,353.2390439,674.7861834,11,0
25,30-06-2022,Pharma,15915.81644,75.74441368,Diesel,2144.843731,694.48264,11,0
25,31-07-2022,Pharma,13292.45649,96.18810027,Diesel,1712.989364,689.6285154,11,0
25,31-08-2022,Pharma,17164.8691,63.03415143,Diesel,1204.900816,610.4674141,11,0
25,30-09-2022,Pharma,17702.19443,70.63170062,Diesel,975.7857977,437.549666,11,0
25,31-10-2022,Pharma,13034.97662,83.83883038,Diesel,1266.970011,488.8758875,11,0
25,30-11-2022,Pharma,11686.87477,99.93980029,Diesel,1298.878116,433.3406732,11,0
25,31-12-2022,Pharma,14561.95443,98.46067227,Diesel,2149.649701,626.3059669,11,0
25,31-01-2023,Pharma,16498.83668,65.2243619,Diesel,1336.735153,408.6068443,11,0
25,28-02-2023,Pharma,10655.33376,72.29903741,Diesel,1418.049265,699.1464238,11,0
25,31-03-2023,Pharma,19054.64135,61.83889549,Diesel,2651.852208,522.207196,11,0
25,30-04-2023,Pharma,19232.89475,81.54181769,Diesel,2750.292761,632.0509284,11,0
25,31-05-2023,Pharma,16291.44262,85.33049644,Diesel,2325.890422,584.0245166,11,0
25,30-06-2023,Pharma,15903.23084,74.26945076,Diesel,1703.745327,691.1586797,11,0
25,31-07-2023,Pharma,15853.05403,71.30531765,Diesel,828.3486682,451.7594528,11,0
25,31-08-2023,Pharma,19185.67047,97.82174249,Diesel,1549.248214,659.19612,11,0
25,30-09-2023,Pharma,5590.429126,91.92609629,Diesel,715.7021462,614.4003562,11,0
25,31-10-2023,Pharma,17040.15282,61.97416173,Diesel,1871.870957,568.835946,11,0
25,30-11-2023,Pharma,9285.669287,94.83009412,Diesel,1290.088644,605.0090131,11,0
25,31-12-2023,Pharma,5560.484902,69.48251604,Diesel,711.3079512,593.9156065,11,0
26,31-01-2019,Textile,9410.286068,66.32399375,Coal,1322.922654,622.4110501,5,0
26,28-02-2019,Textile,6209.314283,62.43436607,Coal,573.2130439,413.3913424,5,0
26,31-03-2019,Textile,14102.46564,87.30604805,Coal,949.7380231,496.4040963,5,0
26,30-04-2019,Textile,8308.521105,78.65027709,Coal,969.186279,523.1974233,5,0
26,31-05-2019,Textile,19070.2509,86.40649667,Coal,2051.475155,623.3309127,5,0
26,30-06-2019,Textile,10480.0042,75.24399398,Coal,1208.839689,534.1439072,5,0
26,31-07-2019,Textile,7080.363491,73.4936204,Coal,922.0505016,464.3555417,5,0
26,31-08-2019,Textile,11034.66795,61.02217139,Coal,1077.516162,541.4818375,5,0
26,30-09-2019,Textile,8840.126272,74.69241793,Coal,1311.766553,581.1403084,5,0
26,31-10-2019,Textile,11341.36881,90.39857033,Coal,1517.090568,430.3280388,5,0
26,30-11-2019,Textile,13573.23162,67.90967203,Coal,1275.730176,616.1724069,5,0
26,31-12-2019,Textile,6110.068635,81.1746395,Coal,701.0368054,488.1863885,5,0
26,31-01-2020,Textile,16510.63546,65.60572287,Coal,1186.758672,606.0787944,5,0
26,29-02-2020,Textile,14088.00271,75.32416667,Coal,847.6425749,586.3920216,5,0
26,31-03-2020,Textile,7144.994932,95.01361148,Coal,646.4975816,488.2689002,5,0
26,30-04-2020,Textile,12537.19809,71.32055212,Coal,1183.992439,517.6888298,5,0
26,31-05-2020,Textile,19695.35155,72.37702343,Coal,2476.521627,578.6262265,5,0
26,30-06-2020,Textile,7245.285007,93.50340892,Coal,564.8701889,417.1627331,5,0
26,31-07-2020,Textile,8217.26551,61.83789045,Coal,1204.027852,536.1564934,5,0
26,31-08-2020,Textile,15561.24554,67.75583658,Coal,1572.163941,542.0853217,5,0
26,30-09-2020,Textile,11749.93681,82.00487281,Coal,986.741611,639.9416791,5,0
26,31-10-2020,Textile,12140.6397,78.67536887,Coal,1204.972645,571.4211746,5,0
26,30-11-2020,Textile,7277.829173,60.81426998,Coal,1086.491008,643.399892,5,0
26,31-12-2020,Textile,5650.449503,92.10287621,Coal,583.5237888,525.3467299,5,0
26,31-01-2021,Textile,18024.56862,90.60159725,Coal,2326.493864,638.3547945,5,0
26,28-02-2021,Textile,9968.768705,82.14780344,Coal,755.2030463,498.571608,5,0
26,31-03-2021,Textile,16245.29237,69.98000025,Coal,814.9837619,471.5432331,5,0
26,30-04-2021,Textile,11657.53737,93.06170624,Coal,977.9825109,428.682457,5,0
26,31-05-2021,Textile,12459.73196,82.95446943,Coal,1087.692502,628.4883887,5,0
26,30-06-2021,Textile,10209.32538,89.34105564,Coal,826.7840688,464.2472475,5,0
26,31-07-2021,Textile,5202.792802,72.22429033,Coal,613.4807909,715.9345358,5,0
26,31-08-2021,Textile,15142.24518,97.15383904,Coal,971.1588621,526.8697986,5,0
26,30-09-2021,Textile,17465.05689,70.15353927,Coal,1274.139514,676.6026961,5,0
26,31-10-2021,Textile,7697.23355,92.11510152,Coal,830.9174714,705.9504522,5,0
26,30-11-2021,Textile,6236.443645,89.21784927,Coal,559.324899,582.473162,5,0
26,31-12-2021,Textile,17716.91335,60.44804462,Coal,2021.697846,442.0199796,5,0
26,31-01-2022,Textile,13226.37472,70.56963848,Coal,1281.770342,423.2507799,5,0
26,28-02-2022,Textile,14114.20289,89.10692729,Coal,1386.123154,478.6660059,5,0
26,31-03-2022,Textile,11989.41637,65.37802263,Coal,1109.474331,593.0051984,5,0
26,30-04-2022,Textile,18957.37433,62.63292072,Coal,2352.867056,520.9946574,5,0
26,31-05-2022,Textile,8596.511303,83.76803642,Coal,460.4302332,649.5959686,5,0
26,30-06-2022,Textile,10522.25349,76.43649173,Coal,1348.371415,404.6973552,5,0
26,31-07-2022,Textile,17719.15193,93.01843539,Coal,2465.358075,692.845358,5,0
26,31-08-2022,Textile,11949.31174,92.88130187,Coal,829.4062291,429.1885692,5,0
26,30-09-2022,Textile,19447.36285,96.49499566,Coal,2698.378102,455.3820934,5,0
26,31-10-2022,Textile,14362.07237,99.09681898,Coal,862.2309127,540.5857609,5,0
26,30-11-2022,Textile,6491.398855,98.26808626,Coal,805.7406748,442.1688202,5,0
26,31-12-2022,Textile,12469.07845,74.17009214,Coal,1302.096014,442.6335063,5,0
26,31-01-2023,Textile,7427.819954,85.75495788,Coal,975.5888587,689.6214565,5,0
26,28-02-2023,Textile,8339.193686,64.76641061,Coal,834.8517883,606.7808543,5,0
26,31-03-2023,Textile,6413.01602,83.7034543,Coal,574.0839001,558.7836418,5,0
26,30-04-2023,Textile,8977.076056,97.02604828,Coal,710.0773036,539.645843,5,0
26,31-05-2023,Textile,6069.161118,77.11088408,Coal,859.0226408,552.9799765,5,0
26,30-06-2023,Textile,16262.946,77.88962833,Coal,1844.041444,544.8079118,5,0
26,31-07-2023,Textile,17076.80037,93.83489719,Coal,1944.081318,646.3535819,5,0
26,31-08-2023,Textile,5571.023467,90.84726784,Coal,340.7829162,531.4202149,5,0
26,30-09-2023,Textile,14456.25632,87.83607589,Coal,1288.505388,518.4673495,5,0
26,31-10-2023,Textile,12135.50032,75.98703562,Coal,1482.727317,704.9613297,5,0
26,30-11-2023,Textile,7472.032209,64.10611877,Coal,374.4860702,466.0672562,5,0
26,31-12-2023,Textile,6774.483351,84.0739052,Coal,1005.659509,493.3880075,5,0
27,31-01-2019,Pharma,12804.33096,76.37090915,Coal,1017.921755,417.2643623,18,0
27,28-02-2019,Pharma,14397.56252,92.05345261,Coal,1773.058736,538.4423837,18,0
27,31-03-2019,Pharma,10881.70086,73.22452437,Coal,1443.86984,671.9349346,18,0
27,30-04-2019,Pharma,16037.81209,75.27220534,Coal,940.6670393,647.2925882,18,0
27,31-05-2019,Pharma,10086.05129,80.52490251,Coal,1147.635476,573.726394,18,0
27,30-06-2019,Pharma,17917.71848,95.55385205,Coal,1824.851092,526.9576187,18,0
27,31-07-2019,Pharma,6751.31054,79.46530728,Coal,613.3482944,431.4005109,18,0
27,31-08-2019,Pharma,11123.73217,67.74271219,Coal,1287.517502,437.2373133,18,0
27,30-09-2019,Pharma,7248.960343,84.1799437,Coal,708.3053617,401.3680399,18,0
27,31-10-2019,Pharma,5715.829756,73.29175223,Coal,445.9522423,640.4537666,18,0
27,30-11-2019,Pharma,12863.74597,75.28583868,Coal,741.7723143,590.8625886,18,0
27,31-12-2019,Pharma,14736.61143,98.61332257,Coal,1770.156563,605.0876679,18,0
27,31-01-2020,Pharma,5411.431531,64.90710117,Coal,586.9789006,691.7847245,18,0
27,29-02-2020,Pharma,16777.63932,87.97242902,Coal,2162.165053,584.0345726,18,0
27,31-03-2020,Pharma,15168.6191,74.88049765,Coal,2075.242401,634.9674028,18,0
27,30-04-2020,Pharma,6936.031083,61.46410607,Coal,969.2499866,697.2602415,18,0
27,31-05-2020,Pharma,15417.14344,92.80884791,Coal,2160.586597,434.0150769,18,0
27,30-06-2020,Pharma,9971.127491,85.62703166,Coal,1170.523216,546.0653714,18,0
27,31-07-2020,Pharma,16404.01664,83.0570602,Coal,2187.028132,469.7800233,18,0
27,31-08-2020,Pharma,14567.51306,91.47984475,Coal,1825.650507,629.9863017,18,0
27,30-09-2020,Pharma,7534.893873,88.19209379,Coal,935.4071328,683.8016912,18,0
27,31-10-2020,Pharma,7177.234893,79.15899121,Coal,659.7861081,613.0321028,18,0
27,30-11-2020,Pharma,7562.302047,64.08319868,Coal,437.045954,408.2191601,18,0
27,31-12-2020,Pharma,17764.08262,92.29941741,Coal,2129.662322,593.4285741,18,0
27,31-01-2021,Pharma,15659.38179,84.0769981,Coal,2303.047288,586.8718887,18,0
27,28-02-2021,Pharma,15922.9993,86.13021108,Coal,1055.376848,708.509034,18,0
27,31-03-2021,Pharma,10156.12374,63.66949792,Coal,678.005031,517.4405575,18,0
27,30-04-2021,Pharma,13947.31759,91.58250067,Coal,753.7677759,662.773122,18,0
27,31-05-2021,Pharma,16719.68943,93.1935538,Coal,2498.697344,537.1690297,18,0
27,30-06-2021,Pharma,7899.836553,76.70880488,Coal,835.4116468,440.3246963,18,0
27,31-07-2021,Pharma,10756.77156,85.24194174,Coal,1375.889242,525.6464262,18,0
27,31-08-2021,Pharma,10320.3892,88.81201333,Coal,1362.58357,613.1887168,18,0
27,30-09-2021,Pharma,6148.713971,83.4088915,Coal,812.2578257,524.6938624,18,0
27,31-10-2021,Pharma,12465.88568,72.07654162,Coal,1865.986765,614.647101,18,0
27,30-11-2021,Pharma,10067.60929,75.71806543,Coal,1372.100987,683.0500607,18,0
27,31-12-2021,Pharma,17035.54824,75.90905662,Coal,1311.666219,519.214436,18,0
27,31-01-2022,Pharma,8430.126776,66.22044971,Coal,946.796548,424.6662484,18,0
27,28-02-2022,Pharma,17074.72788,81.31375414,Coal,2262.99586,456.6121846,18,0
27,31-03-2022,Pharma,19472.0888,73.85995558,Coal,2684.403516,406.97826,18,0
27,30-04-2022,Pharma,14017.125,69.43983983,Coal,1149.710387,599.4111597,18,0
27,31-05-2022,Pharma,15248.43577,67.38775107,Coal,1232.480748,555.791544,18,0
27,30-06-2022,Pharma,15050.12113,92.82775845,Coal,927.2590867,462.0484528,18,0
27,31-07-2022,Pharma,15876.39667,90.16988738,Coal,852.2965579,526.0033281,18,0
27,31-08-2022,Pharma,12571.96751,77.53308164,Coal,802.2837707,556.9770678,18,0
27,30-09-2022,Pharma,13982.74904,98.69502128,Coal,1925.447701,489.8374249,18,0
27,31-10-2022,Pharma,15918.49409,95.96258367,Coal,2153.381557,469.8885919,18,0
27,30-11-2022,Pharma,18989.307,76.17918781,Coal,2581.771731,690.9357756,18,0
27,31-12-2022,Pharma,17396.12957,80.12673028,Coal,1048.107541,479.7807573,18,0
27,31-01-2023,Pharma,14782.53691,95.34900608,Coal,1561.485082,600.6169224,18,0
27,28-02-2023,Pharma,15190.74003,86.86031157,Coal,1965.063074,623.0984897,18,0
27,31-03-2023,Pharma,9265.914979,63.24637644,Coal,1228.788808,719.4934284,18,0
27,30-04-2023,Pharma,13875.91189,68.70446342,Coal,999.0658653,593.2389325,18,0
27,31-05-2023,Pharma,13860.06853,89.14675527,Coal,791.096218,407.2369466,18,0
27,30-06-2023,Pharma,17792.52902,72.05796102,Coal,1798.262412,674.4017835,18,0
27,31-07-2023,Pharma,12444.16489,69.82333473,Coal,622.363969,687.7870262,18,0
27,31-08-2023,Pharma,17552.26499,75.49116349,Coal,1805.736083,538.8094082,18,0
27,30-09-2023,Pharma,5387.905753,68.57375939,Coal,637.0648011,716.5108408,18,0
27,31-10-2023,Pharma,5981.049271,79.95928934,Coal,447.4192456,487.7988784,18,0
27,30-11-2023,Pharma,5366.122679,65.29014369,Coal,340.3367011,407.532891,18,0
27,31-12-2023,Pharma,19961.57757,84.49704416,Coal,2287.915937,414.3277758,18,0
28,31-01-2019,Textile,10837.57208,98.08588838,Diesel,1015.620369,576.5096227,15,0
28,28-02-2019,Textile,11067.24718,61.329613,Diesel,793.110018,423.9579614,15,0
28,31-03-2019,Textile,6533.048176,71.36590714,Diesel,448.0478488,577.1894129,15,0
28,30-04-2019,Textile,5639.199326,84.39170309,Diesel,577.1234564,650.6993501,15,0
28,31-05-2019,Textile,10576.84687,61.71345392,Diesel,1368.63808,606.1514142,15,0
28,30-06-2019,Textile,11133.05841,96.09649994,Diesel,885.8675842,402.9502701,15,0
28,31-07-2019,Textile,8185.664437,63.1212447,Diesel,805.3794523,653.295799,15,0
28,31-08-2019,Textile,16283.32883,92.4259519,Diesel,995.1825106,413.1186438,15,0
28,30-09-2019,Textile,13356.82847,75.25101821,Diesel,1108.679376,458.6089252,15,0
28,31-10-2019,Textile,10082.1563,96.92377784,Diesel,553.2664925,542.4243654,15,0
28,30-11-2019,Textile,12553.08121,79.53396333,Diesel,1177.102433,408.8801914,15,0
28,31-12-2019,Textile,12193.82877,80.92611597,Diesel,646.2857135,497.3749445,15,0
28,31-01-2020,Textile,14596.12199,86.8407721,Diesel,1295.546233,518.4015485,15,0
28,29-02-2020,Textile,5284.495771,95.39562886,Diesel,681.0841276,462.5465614,15,0
28,31-03-2020,Textile,16996.75002,66.79345752,Diesel,1252.30694,706.7642436,15,0
28,30-04-2020,Textile,16217.85828,72.07131887,Diesel,1156.409109,459.9403987,15,0
28,31-05-2020,Textile,19067.59482,72.56150723,Diesel,2470.077938,566.853433,15,0
28,30-06-2020,Textile,6756.411217,70.30141801,Diesel,599.5265898,416.7055071,15,0
28,31-07-2020,Textile,15219.20945,72.19807765,Diesel,1261.794449,539.0862206,15,0
28,31-08-2020,Textile,11270.77404,68.2581962,Diesel,732.0405111,562.9418392,15,0
28,30-09-2020,Textile,14787.6466,61.69821743,Diesel,1176.712599,474.9267951,15,0
28,31-10-2020,Textile,14698.81926,85.39948359,Diesel,946.7291369,511.6760726,15,0
28,30-11-2020,Textile,10810.77349,83.60020348,Diesel,1381.762598,437.2716523,15,0
28,31-12-2020,Textile,18203.60069,92.95306047,Diesel,1055.400943,466.3266131,15,0
28,31-01-2021,Textile,6154.774073,77.96236296,Diesel,564.9363571,458.0505975,15,0
28,28-02-2021,Textile,6386.899489,85.95593592,Diesel,590.8333872,659.6435915,15,0
28,31-03-2021,Textile,14199.42157,83.460364,Diesel,1842.862305,586.6515847,15,0
28,30-04-2021,Textile,16528.86438,94.48989477,Diesel,2182.518458,533.2664701,15,0
28,31-05-2021,Textile,18728.63067,97.01978841,Diesel,2298.44571,688.0907564,15,0
28,30-06-2021,Textile,7223.06199,87.63265796,Diesel,376.6504768,448.2468822,15,0
28,31-07-2021,Textile,19371.29443,97.98066456,Diesel,2893.034956,581.8817855,15,0
28,31-08-2021,Textile,7506.766949,82.23498767,Diesel,545.1457441,603.6201088,15,0
28,30-09-2021,Textile,9225.960257,91.18971858,Diesel,812.8312947,661.9121177,15,0
28,31-10-2021,Textile,13637.69087,84.93232124,Diesel,1803.894495,635.6645713,15,0
28,30-11-2021,Textile,18339.24658,81.27695956,Diesel,1372.865605,589.4971113,15,0
28,31-12-2021,Textile,5587.605606,96.34818097,Diesel,687.6928372,486.9333781,15,0
28,31-01-2022,Textile,8198.158341,97.2350747,Diesel,842.6537211,630.382577,15,0
28,28-02-2022,Textile,19280.53865,85.10531289,Diesel,1697.991701,653.3848707,15,0
28,31-03-2022,Textile,16982.37637,96.51727206,Diesel,1864.276982,670.8096034,15,0
28,30-04-2022,Textile,15460.44036,96.96229261,Diesel,2136.25328,492.2625665,15,0
28,31-05-2022,Textile,12160.45569,66.4842084,Diesel,1357.983074,687.209171,15,0
28,30-06-2022,Textile,7504.795294,89.13906736,Diesel,555.0181484,551.9160368,15,0
28,31-07-2022,Textile,15170.92105,80.71018341,Diesel,1665.918145,504.5177974,15,0
28,31-08-2022,Textile,14798.69323,68.41606763,Diesel,1902.031742,435.4597129,15,0
28,30-09-2022,Textile,13618.18459,60.79951022,Diesel,2032.295453,557.5015626,15,0
28,31-10-2022,Textile,10957.20354,70.73094265,Diesel,1571.310972,618.2645818,15,0
28,30-11-2022,Textile,18254.80008,63.15144837,Diesel,2345.810916,686.631134,15,0
28,31-12-2022,Textile,19444.58939,72.31765038,Diesel,1847.187302,490.9659818,15,0
28,31-01-2023,Textile,18047.90972,66.95697908,Diesel,954.0860559,452.6405906,15,0
28,28-02-2023,Textile,18544.69474,65.1097251,Diesel,1306.200174,530.5751459,15,0
28,31-03-2023,Textile,10507.5731,97.84267944,Diesel,1041.692042,578.0606413,15,0
28,30-04-2023,Textile,8206.113732,80.77242566,Diesel,525.8184054,537.5543133,15,0
28,31-05-2023,Textile,15710.25966,67.69263492,Diesel,2103.006456,484.6300252,15,0
28,30-06-2023,Textile,13032.7913,66.17493965,Diesel,870.3033543,716.5605531,15,0
28,31-07-2023,Textile,9729.174475,79.36748332,Diesel,1381.4829,560.0440439,15,0
28,31-08-2023,Textile,14736.55452,77.86228628,Diesel,1056.780505,513.0829298,15,0
28,30-09-2023,Textile,14421.97618,97.92490171,Diesel,1497.98461,604.3485195,15,0
28,31-10-2023,Textile,10680.61863,89.99069303,Diesel,991.3526328,616.5683046,15,0
28,30-11-2023,Textile,18297.92974,76.74068893,Diesel,2138.905069,597.0989716,15,0
28,31-12-2023,Textile,10980.41737,70.54356723,Diesel,1543.06152,405.2048237,15,0
29,31-01-2019,Chemical,5088.763079,83.95534598,Gas,512.8683678,552.8481208,12,0
29,28-02-2019,Chemical,19147.43386,67.34004749,Gas,2724.841815,629.9278441,12,0
29,31-03-2019,Chemical,6304.811085,82.24073106,Gas,941.2582036,446.4071895,12,0
29,30-04-2019,Chemical,18052.22627,86.04957738,Gas,2062.818907,431.1575158,12,0
29,31-05-2019,Chemical,15745.99776,66.58699682,Gas,1191.853723,536.3393343,12,0
29,30-06-2019,Chemical,10200.33612,83.75439092,Gas,1109.91058,585.3044447,12,0
29,31-07-2019,Chemical,6299.303435,60.14265731,Gas,880.9092338,469.6955395,12,0
29,31-08-2019,Chemical,17501.01034,65.2232623,Gas,930.8090143,487.5021536,12,0
29,30-09-2019,Chemical,6684.420821,75.69141831,Gas,829.532113,471.941421,12,0
29,31-10-2019,Chemical,11018.8506,70.57321441,Gas,1180.623871,570.6112799,12,0
29,30-11-2019,Chemical,13136.75239,67.95647165,Gas,768.4129465,568.6701898,12,0
29,31-12-2019,Chemical,6378.838066,85.48136498,Gas,546.631223,416.7428727,12,0
29,31-01-2020,Chemical,7896.908657,86.08793849,Gas,826.471437,714.1742308,12,0
29,29-02-2020,Chemical,11202.22938,85.45623071,Gas,820.3257336,607.9611726,12,0
29,31-03-2020,Chemical,7619.582971,63.10849848,Gas,914.0495527,676.8386573,12,0
29,30-04-2020,Chemical,16889.535,85.1788598,Gas,1458.75862,408.662193,12,0
29,31-05-2020,Chemical,15538.80585,95.96389585,Gas,1125.512874,593.3503616,12,0
29,30-06-2020,Chemical,6154.487663,83.43979729,Gas,482.5434407,601.7630447,12,0
29,31-07-2020,Chemical,6831.195164,84.88794343,Gas,944.5861128,432.3590573,12,0
29,31-08-2020,Chemical,15015.99951,86.61832572,Gas,1961.922357,431.8353967,12,0
29,30-09-2020,Chemical,7487.067062,72.52867773,Gas,533.363357,440.2615897,12,0
29,31-10-2020,Chemical,11897.22536,89.00657468,Gas,1727.16379,516.4254098,12,0
29,30-11-2020,Chemical,9361.702774,92.27680614,Gas,911.6306699,555.0519497,12,0
29,31-12-2020,Chemical,10253.02495,85.73183339,Gas,1067.928632,483.6321035,12,0
29,31-01-2021,Chemical,14432.73568,69.77019559,Gas,1434.73811,554.4243788,12,0
29,28-02-2021,Chemical,14314.82232,84.62449009,Gas,1773.260625,631.8129044,12,0
29,31-03-2021,Chemical,13909.72683,96.78427447,Gas,1191.948653,622.4441512,12,0
29,30-04-2021,Chemical,8257.238034,76.91218522,Gas,885.7108847,711.5682887,12,0
29,31-05-2021,Chemical,13664.16357,74.43926116,Gas,1589.239392,580.6602052,12,0
29,30-06-2021,Chemical,10029.29564,88.71950245,Gas,563.694169,627.0383589,12,0
29,31-07-2021,Chemical,14770.37608,77.6311061,Gas,1326.165122,516.8164062,12,0
29,31-08-2021,Chemical,15724.22083,70.63272361,Gas,1493.157907,686.4424791,12,0
29,30-09-2021,Chemical,9123.135811,95.51895772,Gas,635.853466,540.6866405,12,0
29,31-10-2021,Chemical,7564.066868,67.26809705,Gas,461.6043334,701.7519104,12,0
29,30-11-2021,Chemical,14089.41211,81.875476,Gas,1829.995666,640.3238119,12,0
29,31-12-2021,Chemical,10125.80064,67.41531598,Gas,686.861662,587.304913,12,0
29,31-01-2022,Chemical,7068.361661,63.52164031,Gas,862.6513524,625.2698774,12,0
29,28-02-2022,Chemical,7774.393811,96.51852328,Gas,481.4240358,585.253216,12,0
29,31-03-2022,Chemical,19429.14451,64.14314206,Gas,1207.663203,624.5628753,12,0
29,30-04-2022,Chemical,15197.13929,94.87503471,Gas,1916.46636,516.265966,12,0
29,31-05-2022,Chemical,18088.52692,87.5300066,Gas,1529.862882,536.7966881,12,0
29,30-06-2022,Chemical,5126.411863,83.87146006,Gas,285.1310046,674.4186869,12,0
29,31-07-2022,Chemical,9658.05163,92.23935179,Gas,923.9526856,447.9812231,12,0
29,31-08-2022,Chemical,13215.68359,84.26648114,Gas,1285.132771,691.5654891,12,0
29,30-09-2022,Chemical,17706.69835,97.50853135,Gas,1639.304388,698.2252955,12,0
29,31-10-2022,Chemical,5742.642033,75.94477656,Gas,302.4233679,668.6327663,12,0
29,30-11-2022,Chemical,10778.81204,97.54368254,Gas,834.5091429,469.7816434,12,0
29,31-12-2022,Chemical,14787.79486,99.58911135,Gas,1041.049974,707.4172782,12,0
29,31-01-2023,Chemical,18919.31274,63.50941195,Gas,1814.968383,703.1898145,12,0
29,28-02-2023,Chemical,8693.305299,69.01377801,Gas,464.2124333,669.6525588,12,0
29,31-03-2023,Chemical,14502.33428,76.19462497,Gas,1399.103685,656.45773,12,0
29,30-04-2023,Chemical,8152.37351,78.97571683,Gas,642.7991962,545.111116,12,0
29,31-05-2023,Chemical,12124.50558,68.35682711,Gas,716.8589999,531.589059,12,0
29,30-06-2023,Chemical,7811.826788,80.12501583,Gas,968.6499422,487.2886509,12,0
29,31-07-2023,Chemical,19473.10919,61.10968907,Gas,2367.994796,470.8783527,12,0
29,31-08-2023,Chemical,11671.00476,81.25144892,Gas,1281.672946,627.3098986,12,0
29,30-09-2023,Chemical,5968.101567,84.87000788,Gas,784.1509372,717.5834625,12,0
29,31-10-2023,Chemical,18234.52687,86.56369812,Gas,2656.094466,404.8343173,12,0
29,30-11-2023,Chemical,10447.90689,69.96371418,Gas,1120.952651,682.1477271,12,0
29,31-12-2023,Chemical,11099.43518,89.84545591,Gas,778.5062149,659.8259487,12,0
30,31-01-2019,Textile,10395.9293,66.66700335,Coal,1395.198923,524.5073305,17,0
30,28-02-2019,Textile,17910.65785,86.59343625,Coal,2168.506353,699.3101788,17,0
30,31-03-2019,Textile,9803.296155,91.37351913,Coal,542.2085634,642.9592762,17,0
30,30-04-2019,Textile,16157.37156,82.44057812,Coal,1732.347939,491.6836115,17,0
30,31-05-2019,Textile,7135.23456,75.93742316,Coal,576.9264717,620.8031849,17,0
30,30-06-2019,Textile,16525.52103,73.16710757,Coal,2353.83566,700.3092205,17,0
30,31-07-2019,Textile,15548.91635,69.25549578,Coal,1384.205268,622.5012806,17,0
30,31-08-2019,Textile,17578.37964,88.99757762,Coal,1313.452348,630.459819,17,0
30,30-09-2019,Textile,9991.416268,70.67225444,Coal,974.5887634,534.3302278,17,0
30,31-10-2019,Textile,12123.36959,93.94682795,Coal,1806.905432,601.9658526,17,0
30,30-11-2019,Textile,12066.28486,65.92465152,Coal,1630.39594,425.0736898,17,0
30,31-12-2019,Textile,15540.93175,79.7820076,Coal,1279.472635,532.1493097,17,0
30,31-01-2020,Textile,11106.41874,80.31096532,Coal,885.4733609,522.6758022,17,0
30,29-02-2020,Textile,6471.8908,75.3956054,Coal,965.6524141,582.0616483,17,0
30,31-03-2020,Textile,14314.03868,96.97441649,Coal,1539.482842,604.0640571,17,0
30,30-04-2020,Textile,6115.498627,94.2696993,Coal,831.7972903,532.1385275,17,0
30,31-05-2020,Textile,7999.61184,94.87605835,Coal,1137.669102,600.5539359,17,0
30,30-06-2020,Textile,7777.751572,96.35256173,Coal,708.5721464,671.9881211,17,0
30,31-07-2020,Textile,5325.941041,96.19179812,Coal,326.6147234,442.5837216,17,0
30,31-08-2020,Textile,9018.434404,73.73128504,Coal,630.226856,562.2655357,17,0
30,30-09-2020,Textile,8978.868952,87.61519579,Coal,1075.621809,441.671509,17,0
30,31-10-2020,Textile,18518.2004,80.39232323,Coal,2148.793437,719.2782147,17,0
30,30-11-2020,Textile,10432.45016,94.03839115,Coal,1266.973307,581.2714697,17,0
30,31-12-2020,Textile,12011.18431,86.68299635,Coal,1193.330542,615.7963462,17,0
30,31-01-2021,Textile,14964.05338,86.42506301,Coal,1527.223328,595.5533034,17,0
30,28-02-2021,Textile,12470.0036,84.62599593,Coal,1818.169571,505.8521025,17,0
30,31-03-2021,Textile,6090.338498,78.31596388,Coal,402.8642019,625.4126127,17,0
30,30-04-2021,Textile,17780.54926,93.63543268,Coal,1075.154438,703.9474822,17,0
30,31-05-2021,Textile,17427.57725,72.56151398,Coal,1356.732202,477.3630553,17,0
30,30-06-2021,Textile,8617.975185,68.69906959,Coal,691.4891091,676.5555744,17,0
30,31-07-2021,Textile,16588.36638,99.20133776,Coal,1060.895455,627.0146825,17,0
30,31-08-2021,Textile,15583.99645,65.26422198,Coal,1470.725295,602.2928527,17,0
30,30-09-2021,Textile,12296.40109,98.74219636,Coal,928.2073764,717.5612773,17,0
30,31-10-2021,Textile,7634.835402,74.00472318,Coal,569.6588227,473.1883536,17,0
30,30-11-2021,Textile,7129.085361,74.28331071,Coal,404.8061289,476.5539902,17,0
30,31-12-2021,Textile,17532.64892,83.11511413,Coal,2362.172445,664.501563,17,0
30,31-01-2022,Textile,7806.971491,78.54729077,Coal,784.5314771,513.5434816,17,0
30,28-02-2022,Textile,11365.86813,93.69096411,Coal,857.9514809,719.0838449,17,0
30,31-03-2022,Textile,10398.82849,80.47982503,Coal,1555.766749,637.3913585,17,0
30,30-04-2022,Textile,17383.46734,76.27884122,Coal,2063.281822,497.0244708,17,0
30,31-05-2022,Textile,12754.44826,74.46811206,Coal,1680.652294,422.2069319,17,0
30,30-06-2022,Textile,6245.062962,80.48671537,Coal,516.7792746,507.4012776,17,0
30,31-07-2022,Textile,5479.793081,85.05871476,Coal,672.9245332,683.2588382,17,0
30,31-08-2022,Textile,17543.28707,78.68923811,Coal,1441.375062,579.5852263,17,0
30,30-09-2022,Textile,12434.88869,97.51581973,Coal,1743.544072,716.1747758,17,0
30,31-10-2022,Textile,7538.453464,61.76193345,Coal,519.4940385,617.3128838,17,0
30,30-11-2022,Textile,6330.07156,91.88260758,Coal,618.5478326,574.8629124,17,0
30,31-12-2022,Textile,9505.397326,90.15237236,Coal,545.5072862,567.519483,17,0
30,31-01-2023,Textile,17406.36278,98.3317186,Coal,966.0933493,474.6789221,17,0
30,28-02-2023,Textile,14276.72705,82.50387545,Coal,1374.256433,430.6705237,17,0
30,31-03-2023,Textile,10290.61745,91.39064845,Coal,1510.020575,681.7537995,17,0
30,30-04-2023,Textile,17374.32071,71.51797479,Coal,1572.804003,582.2456699,17,0
30,31-05-2023,Textile,5327.668319,81.86762819,Coal,602.4891689,472.8071206,17,0
30,30-06-2023,Textile,19395.15851,97.73068755,Coal,2679.878006,686.350052,17,0
30,31-07-2023,Textile,18766.84865,62.73045598,Coal,2685.515912,666.3573657,17,0
30,31-08-2023,Textile,10213.0816,93.45424189,Coal,772.5024925,424.3689259,17,0
30,30-09-2023,Textile,15950.27098,67.18078402,Coal,1645.648507,693.7022924,17,0
30,31-10-2023,Textile,19982.24518,75.35224572,Coal,1494.213419,599.428377,17,0
30,30-11-2023,Textile,8811.563395,76.80441429,Coal,1125.891657,612.9059655,17,0
30,31-12-2023,Textile,13347.23459,78.21602629,Coal,1855.742776,578.7983991,17,0
31,31-01-2019,Cement,17322.56323,68.48804876,Gas,2101.721605,457.2724105,4,1
31,28-02-2019,Cement,17577.52009,82.53094232,Gas,1542.069067,457.5178085,4,1
31,31-03-2019,Cement,15010.25568,95.88511167,Gas,1582.095741,621.0175559,4,1
31,30-04-2019,Cement,5460.478619,93.9619434,Gas,482.6405836,437.8353373,4,1
31,31-05-2019,Cement,16772.56449,67.92951702,Gas,886.9922095,691.4434194,4,1
31,30-06-2019,Cement,10327.03783,91.35038544,Gas,1015.454097,628.8651235,4,1
31,31-07-2019,Cement,12532.95371,89.14834818,Gas,1567.887765,472.2926028,4,1
31,31-08-2019,Cement,19471.60879,86.39422553,Gas,1301.987733,543.410825,4,1
31,30-09-2019,Cement,10657.70282,73.32149056,Gas,1561.294649,647.0314914,4,1
31,31-10-2019,Cement,15131.77315,85.36567984,Gas,1297.318592,559.4873071,4,1
31,30-11-2019,Cement,7516.309338,90.85448332,Gas,808.1935969,486.1300408,4,1
31,31-12-2019,Cement,19672.74337,85.90863642,Gas,1655.724424,491.2765192,4,1
31,31-01-2020,Cement,6554.612127,77.72182031,Gas,856.7487359,496.057836,4,1
31,29-02-2020,Cement,10494.88463,89.81109081,Gas,1153.818701,577.0398163,4,1
31,31-03-2020,Cement,17403.83229,72.50374403,Gas,957.5219165,554.4308602,4,1
31,30-04-2020,Cement,17657.22975,61.7845552,Gas,1355.093717,566.3731671,4,1
31,31-05-2020,Cement,6757.341247,84.90557411,Gas,709.9956544,687.5533002,4,1
31,30-06-2020,Cement,6413.384852,82.56194842,Gas,553.690879,464.7979577,4,1
31,31-07-2020,Cement,18684.52483,65.56875174,Gas,1263.662019,480.6888295,4,1
31,31-08-2020,Cement,17783.43,65.9151409,Gas,2120.136267,560.1303838,4,1
31,30-09-2020,Cement,16507.56516,67.98600046,Gas,2439.258829,694.2194803,4,1
31,31-10-2020,Cement,13971.55041,60.53409738,Gas,1431.088119,584.1803999,4,1
31,30-11-2020,Cement,14959.1636,89.1921976,Gas,1207.743902,484.2482642,4,1
31,31-12-2020,Cement,12776.09448,80.5945693,Gas,1441.967823,478.2866043,4,1
31,31-01-2021,Cement,8614.472768,69.0511661,Gas,854.3124639,454.6838514,4,1
31,28-02-2021,Cement,16872.37791,98.18676707,Gas,2175.817708,670.2503629,4,1
31,31-03-2021,Cement,19003.91258,73.68293827,Gas,2145.301274,403.8667986,4,1
31,30-04-2021,Cement,13965.45347,72.57300898,Gas,2079.70941,462.4361713,4,1
31,31-05-2021,Cement,17157.31288,94.22546497,Gas,1323.665904,530.8257973,4,1
31,30-06-2021,Cement,10711.52872,76.03257388,Gas,1073.107921,474.8110759,4,1
31,31-07-2021,Cement,9743.230822,73.70937079,Gas,615.6800104,584.1506137,4,1
31,31-08-2021,Cement,5851.270429,89.5962676,Gas,589.9298681,436.4105592,4,1
31,30-09-2021,Cement,18587.67474,96.46234724,Gas,2384.971247,467.0684603,4,1
31,31-10-2021,Cement,7641.592546,89.44453376,Gas,534.029948,483.3554972,4,1
31,30-11-2021,Cement,10029.43481,79.44851849,Gas,502.9410457,687.7206723,4,1
31,31-12-2021,Cement,17190.29011,85.931213,Gas,2464.218073,600.1366249,4,1
31,31-01-2022,Cement,16631.25853,70.47438478,Gas,1578.364588,448.5348394,4,1
31,28-02-2022,Cement,11570.75628,72.75637036,Gas,1054.905844,691.7607541,4,1
31,31-03-2022,Cement,17223.13944,63.02205066,Gas,1931.113491,479.2658842,4,1
31,30-04-2022,Cement,13533.50409,81.3327236,Gas,2010.562091,570.0941155,4,1
31,31-05-2022,Cement,14511.49528,76.96715965,Gas,1346.156582,574.923846,4,1
31,30-06-2022,Cement,10788.98232,63.12619695,Gas,845.2515913,612.8939962,4,1
31,31-07-2022,Cement,6524.87546,93.37282848,Gas,575.5700266,590.345186,4,1
31,31-08-2022,Cement,13402.88995,99.49872291,Gas,1170.727252,619.4301509,4,1
31,30-09-2022,Cement,14246.74471,63.11294476,Gas,1203.370204,656.7532664,4,1
31,31-10-2022,Cement,18446.33448,63.8074237,Gas,2516.476234,655.7023453,4,1
31,30-11-2022,Cement,19961.3596,87.90323636,Gas,2547.854813,526.9955751,4,1
31,31-12-2022,Cement,17740.23287,88.19434002,Gas,1715.262857,529.5107924,4,1
31,31-01-2023,Cement,17479.90712,86.50036544,Gas,933.1131764,520.0479667,4,1
31,28-02-2023,Cement,11685.10744,73.69657409,Gas,1410.952827,666.0769081,4,1
31,31-03-2023,Cement,14811.40998,71.58902226,Gas,2202.893178,704.058366,4,1
31,30-04-2023,Cement,16359.90433,85.63968788,Gas,1353.49301,510.8951221,4,1
31,31-05-2023,Cement,7115.451129,97.58161804,Gas,601.8741608,414.3226739,4,1
31,30-06-2023,Cement,16390.20861,78.84295539,Gas,2382.069821,478.3299395,4,1
31,31-07-2023,Cement,6482.742939,81.9261972,Gas,528.2723604,567.6881226,4,1
31,31-08-2023,Cement,5759.657904,75.5378124,Gas,303.3539399,689.3261862,4,1
31,30-09-2023,Cement,10573.24083,76.40944065,Gas,864.4905969,540.2965159,4,1
31,31-10-2023,Cement,9533.999621,79.64795279,Gas,1080.137868,411.8727185,4,1
31,30-11-2023,Cement,5804.799631,63.3409482,Gas,695.7406597,460.9896517,4,1
31,31-12-2023,Cement,6300.804959,80.03283865,Gas,875.9495685,671.1331523,4,1
32,31-01-2019,Textile,6475.977381,72.29855812,Coal,905.3979741,587.5321432,7,1
32,28-02-2019,Textile,6446.947312,66.75528346,Coal,955.8597568,557.8189814,7,1
32,31-03-2019,Textile,10213.63804,62.89553209,Coal,1326.687425,577.6079537,7,1
32,30-04-2019,Textile,12399.85987,62.02060472,Coal,665.1430267,558.7246545,7,1
32,31-05-2019,Textile,11713.33527,91.66925862,Coal,1644.523505,427.7465688,7,1
32,30-06-2019,Textile,17231.6187,82.22742171,Coal,2487.560086,690.9229042,7,1
32,31-07-2019,Textile,5387.472655,62.55128203,Coal,687.169334,642.2898191,7,1
32,31-08-2019,Textile,12255.37933,65.84060859,Coal,1182.941375,481.0077066,7,1
32,30-09-2019,Textile,17773.64665,83.02972068,Coal,1445.203757,542.1132923,7,1
32,31-10-2019,Textile,9693.427971,66.53426047,Coal,819.6362866,572.7917994,7,1
32,30-11-2019,Textile,6717.235077,65.68475412,Coal,661.0766817,554.0483734,7,1
32,31-12-2019,Textile,11913.59468,70.66349639,Coal,654.0222561,427.7365034,7,1
32,31-01-2020,Textile,6556.808253,80.95336615,Coal,778.2864533,652.3141707,7,1
32,29-02-2020,Textile,19471.18837,94.54738632,Coal,2561.197028,427.6490754,7,1
32,31-03-2020,Textile,15716.89625,65.86528828,Coal,881.6006735,442.5294424,7,1
32,30-04-2020,Textile,10610.00627,66.66193799,Coal,830.5484077,528.894381,7,1
32,31-05-2020,Textile,6952.434503,87.17828807,Coal,915.7464367,404.0951307,7,1
32,30-06-2020,Textile,11724.7118,60.68458343,Coal,657.1141292,438.0612246,7,1
32,31-07-2020,Textile,8739.07525,68.96632378,Coal,482.1609193,462.0996058,7,1
32,31-08-2020,Textile,15249.9487,67.77794787,Coal,2046.929746,485.4697639,7,1
32,30-09-2020,Textile,10096.04716,60.72200254,Coal,1365.146096,641.9146062,7,1
32,31-10-2020,Textile,7019.414792,89.70559333,Coal,553.7403848,682.7087792,7,1
32,30-11-2020,Textile,17304.39906,99.90552538,Coal,1207.862129,466.5145736,7,1
32,31-12-2020,Textile,11084.59176,73.21182492,Coal,1521.11956,693.5468544,7,1
32,31-01-2021,Textile,18127.69774,76.14022871,Coal,1898.564237,636.4088659,7,1
32,28-02-2021,Textile,7659.657281,67.10809457,Coal,1040.487601,679.3320045,7,1
32,31-03-2021,Textile,14443.93444,72.57234851,Coal,1252.170549,557.8826149,7,1
32,30-04-2021,Textile,16748.20077,72.67612018,Coal,1701.884577,619.6986445,7,1
32,31-05-2021,Textile,19698.17939,72.08556151,Coal,1137.026684,673.4043386,7,1
32,30-06-2021,Textile,18791.1465,68.11149993,Coal,2694.200706,568.7014627,7,1
32,31-07-2021,Textile,9649.144223,90.78585237,Coal,503.9318588,553.0398363,7,1
32,31-08-2021,Textile,7533.54311,83.10046571,Coal,704.9668517,703.1350283,7,1
32,30-09-2021,Textile,14274.17687,75.41240199,Coal,1660.810443,427.7425796,7,1
32,31-10-2021,Textile,7440.54053,87.55245286,Coal,430.6670047,574.9777837,7,1
32,30-11-2021,Textile,19150.68786,97.76411019,Coal,1039.780547,528.9651203,7,1
32,31-12-2021,Textile,9727.152433,77.75326021,Coal,966.7151372,676.07402,7,1
32,31-01-2022,Textile,15984.78506,69.82989176,Coal,1478.464131,718.7398007,7,1
32,28-02-2022,Textile,19841.24437,92.85439069,Coal,2022.662518,517.4014601,7,1
32,31-03-2022,Textile,10188.96906,88.22911435,Coal,1105.114283,429.9157963,7,1
32,30-04-2022,Textile,11792.19126,99.9352606,Coal,590.080888,435.0367067,7,1
32,31-05-2022,Textile,18620.65155,63.54814936,Coal,1514.627652,513.7759657,7,1
32,30-06-2022,Textile,11204.98665,85.88788689,Coal,848.8364959,539.1174764,7,1
32,31-07-2022,Textile,7006.786598,84.58465601,Coal,755.3903999,551.7587861,7,1
32,31-08-2022,Textile,19821.76366,87.9490199,Coal,1744.187303,531.7837928,7,1
32,30-09-2022,Textile,16937.94796,75.56169199,Coal,981.5662154,535.8164037,7,1
32,31-10-2022,Textile,11875.86284,73.94081777,Coal,1564.804913,434.9646354,7,1
32,30-11-2022,Textile,6616.667743,82.26774262,Coal,640.2560938,618.6924791,7,1
32,31-12-2022,Textile,7911.965376,87.93039453,Coal,1072.490963,706.9485672,7,1
32,31-01-2023,Textile,15155.71888,63.66132729,Coal,1768.813584,698.0964752,7,1
32,28-02-2023,Textile,7505.201256,86.81240151,Coal,669.1256158,548.2057697,7,1
32,31-03-2023,Textile,10706.56271,93.85689673,Coal,644.6343904,613.4070251,7,1
32,30-04-2023,Textile,13762.09897,95.60892454,Coal,812.5561317,622.3117208,7,1
32,31-05-2023,Textile,11668.93144,76.17976975,Coal,644.6652435,600.9864094,7,1
32,30-06-2023,Textile,15466.65644,68.72198561,Coal,1261.764108,409.6658774,7,1
32,31-07-2023,Textile,17032.11201,99.90305935,Coal,1231.521007,624.1244717,7,1
32,31-08-2023,Textile,10468.08403,67.14652821,Coal,870.4020725,704.4045342,7,1
32,30-09-2023,Textile,9250.445296,90.18968381,Coal,1112.668181,688.1756367,7,1
32,31-10-2023,Textile,17814.33198,94.32114428,Coal,2498.043963,401.7482638,7,1
32,30-11-2023,Textile,18572.10006,68.46092391,Coal,2481.785596,441.9801279,7,1
32,31-12-2023,Textile,9226.217963,73.63982891,Coal,1094.301887,552.9015387,7,1
33,31-01-2019,Pharma,18054.16994,97.76892566,Diesel,1722.49376,425.4450989,6,1
33,28-02-2019,Pharma,11814.35074,84.80419353,Diesel,1317.443813,525.5245739,6,1
33,31-03-2019,Pharma,17332.06438,91.58464279,Diesel,2253.53266,430.3163518,6,1
33,30-04-2019,Pharma,9908.184646,87.54738062,Diesel,745.9564836,690.8865557,6,1
33,31-05-2019,Pharma,19884.14988,85.45861337,Diesel,2729.949218,658.4859242,6,1
33,30-06-2019,Pharma,8736.35833,74.47630907,Diesel,639.793187,662.0059997,6,1
33,31-07-2019,Pharma,17706.81839,90.73130399,Diesel,1017.083292,643.9109207,6,1
33,31-08-2019,Pharma,5923.003805,94.14637799,Diesel,824.0834878,509.789594,6,1
33,30-09-2019,Pharma,16663.20976,95.6503932,Diesel,1714.842045,513.0698868,6,1
33,31-10-2019,Pharma,6934.31834,96.38432721,Diesel,665.552935,644.2933989,6,1
33,30-11-2019,Pharma,6793.731601,91.17773653,Diesel,856.7632274,478.8154775,6,1
33,31-12-2019,Pharma,16557.37098,89.75257268,Diesel,2224.243993,613.0526595,6,1
33,31-01-2020,Pharma,10325.68156,73.5447872,Diesel,528.4862825,716.0732745,6,1
33,29-02-2020,Pharma,11084.71363,63.23592843,Diesel,1273.213749,495.0172967,6,1
33,31-03-2020,Pharma,9990.36022,71.47527591,Diesel,1263.093269,698.9246202,6,1
33,30-04-2020,Pharma,10972.62128,97.16637168,Diesel,708.9708443,466.9940397,6,1
33,31-05-2020,Pharma,17661.62315,86.73246781,Diesel,1162.480684,476.988149,6,1
33,30-06-2020,Pharma,5805.191454,94.62350697,Diesel,417.8995054,586.9137609,6,1
33,31-07-2020,Pharma,7232.124548,86.58214656,Diesel,538.9281067,546.021091,6,1
33,31-08-2020,Pharma,15864.43029,62.7629735,Diesel,2193.047246,488.6038404,6,1
33,30-09-2020,Pharma,15877.00568,93.07464158,Diesel,1117.382975,469.8295154,6,1
33,31-10-2020,Pharma,7032.237415,88.48936449,Diesel,793.6365633,559.2924373,6,1
33,30-11-2020,Pharma,6855.485881,70.15800967,Diesel,522.5406587,582.6985202,6,1
33,31-12-2020,Pharma,9345.850118,68.41733605,Diesel,1216.386821,702.7989965,6,1
33,31-01-2021,Pharma,8187.303473,87.68053562,Diesel,609.663196,701.921153,6,1
33,28-02-2021,Pharma,11497.34897,96.2096775,Diesel,1443.768992,424.2294071,6,1
33,31-03-2021,Pharma,13296.25177,77.90569339,Diesel,1951.819825,548.5219801,6,1
33,30-04-2021,Pharma,10993.59048,76.82512348,Diesel,1077.034305,583.011397,6,1
33,31-05-2021,Pharma,17286.73998,71.41511819,Diesel,1101.08528,449.9466183,6,1
33,30-06-2021,Pharma,18043.95648,90.19101565,Diesel,1383.696767,657.6285323,6,1
33,31-07-2021,Pharma,15605.26753,72.93590305,Diesel,837.8662509,473.6146642,6,1
33,31-08-2021,Pharma,13019.72047,85.31612306,Diesel,872.4285125,448.4394597,6,1
33,30-09-2021,Pharma,17928.93841,86.08099166,Diesel,1110.459405,583.5448237,6,1
33,31-10-2021,Pharma,5191.828066,79.10002089,Diesel,724.7399874,590.9657701,6,1
33,30-11-2021,Pharma,5948.433923,88.45524883,Diesel,515.961345,429.9274548,6,1
33,31-12-2021,Pharma,17744.88176,93.97372659,Diesel,1634.161366,653.0989476,6,1
33,31-01-2022,Pharma,5621.042888,77.68154648,Diesel,740.9544345,698.8822852,6,1
33,28-02-2022,Pharma,15431.41974,92.51170443,Diesel,1251.71219,469.2340453,6,1
33,31-03-2022,Pharma,9754.913397,85.69841338,Diesel,1080.291846,587.0357841,6,1
33,30-04-2022,Pharma,14545.96205,80.75431207,Diesel,1244.751565,607.5216442,6,1
33,31-05-2022,Pharma,8889.771266,75.12151618,Diesel,837.6999093,676.4827787,6,1
33,30-06-2022,Pharma,16629.1358,89.97112432,Diesel,1773.404292,441.8249926,6,1
33,31-07-2022,Pharma,10151.23606,96.11353914,Diesel,673.4145328,501.0423394,6,1
33,31-08-2022,Pharma,14703.22936,95.05145022,Diesel,1372.211304,594.5567545,6,1
33,30-09-2022,Pharma,19117.7063,63.48018762,Diesel,1181.209454,416.5818011,6,1
33,31-10-2022,Pharma,19328.08391,84.301939,Diesel,2703.408086,615.3481901,6,1
33,30-11-2022,Pharma,6770.088426,83.88569395,Diesel,398.9118886,645.1225804,6,1
33,31-12-2022,Pharma,16629.12515,65.92809297,Diesel,955.3547151,663.7429557,6,1
33,31-01-2023,Pharma,9351.14125,77.52062089,Diesel,642.11854,444.3528166,6,1
33,28-02-2023,Pharma,12871.70144,68.30992959,Diesel,1237.733688,434.8102374,6,1
33,31-03-2023,Pharma,8313.044452,76.34757755,Diesel,518.7156804,644.0093607,6,1
33,30-04-2023,Pharma,17960.13076,73.56179836,Diesel,1074.944942,457.1325295,6,1
33,31-05-2023,Pharma,15896.92357,73.98621362,Diesel,1985.360107,540.2893869,6,1
33,30-06-2023,Pharma,16190.7213,67.31328913,Diesel,1034.64837,491.9498212,6,1
33,31-07-2023,Pharma,17860.98296,99.54178077,Diesel,1506.213845,625.6192876,6,1
33,31-08-2023,Pharma,9421.450543,64.46328457,Diesel,1146.799248,457.352526,6,1
33,30-09-2023,Pharma,5385.214346,70.39706313,Diesel,762.4243004,613.8025404,6,1
33,31-10-2023,Pharma,9373.989498,85.44126148,Diesel,786.0354223,666.9441318,6,1
33,30-11-2023,Pharma,13393.82212,81.81039628,Diesel,723.6865683,444.5504715,6,1
33,31-12-2023,Pharma,9618.223596,85.03333884,Diesel,648.9237525,634.4972048,6,1
34,31-01-2019,Cement,5186.876178,73.69385656,Diesel,761.913615,577.7442407,18,0
34,28-02-2019,Cement,9099.687847,74.4490833,Diesel,528.2671426,512.50361,18,0
34,31-03-2019,Cement,15737.41005,88.92570831,Diesel,1053.553169,500.8276654,18,0
34,30-04-2019,Cement,8451.54769,65.47324833,Diesel,1255.487986,405.5914288,18,0
34,31-05-2019,Cement,9143.845184,97.40435945,Diesel,1029.094622,554.780714,18,0
34,30-06-2019,Cement,6233.432792,60.00661986,Diesel,386.616343,597.3522714,18,0
34,31-07-2019,Cement,17863.94796,64.33017986,Diesel,1139.919027,478.683888,18,0
34,31-08-2019,Cement,7060.914322,62.98403929,Diesel,577.49946,535.5684302,18,0
34,30-09-2019,Cement,7084.938262,71.50669913,Diesel,445.8575043,556.97381,18,0
34,31-10-2019,Cement,15740.76334,81.36224276,Diesel,1562.644565,710.2540471,18,0
34,30-11-2019,Cement,15111.344,82.975355,Diesel,1690.27503,581.4832557,18,0
34,31-12-2019,Cement,16023.08065,85.74201446,Diesel,1646.971906,484.9541844,18,0
34,31-01-2020,Cement,12604.71817,73.866232,Diesel,1883.407061,514.3928286,18,0
34,29-02-2020,Cement,5252.026247,97.46763367,Diesel,443.2562189,499.3312848,18,0
34,31-03-2020,Cement,10628.57572,67.70188391,Diesel,564.056905,581.3120256,18,0
34,30-04-2020,Cement,10420.28067,77.91236271,Diesel,824.471512,645.2391158,18,0
34,31-05-2020,Cement,5648.004513,95.43494069,Diesel,353.9291767,400.6912333,18,0
34,30-06-2020,Cement,13600.50484,90.46311163,Diesel,1547.182476,657.3778306,18,0
34,31-07-2020,Cement,14045.27351,90.00582857,Diesel,1975.337701,540.1371531,18,0
34,31-08-2020,Cement,8638.633017,80.65475362,Diesel,886.1796597,641.010857,18,0
34,30-09-2020,Cement,10029.68212,90.8374815,Diesel,594.5132115,649.4057122,18,0
34,31-10-2020,Cement,12397.71637,61.65674471,Diesel,865.688998,605.7574681,18,0
34,30-11-2020,Cement,6150.221558,83.26038907,Diesel,858.5249966,577.7398329,18,0
34,31-12-2020,Cement,11965.99709,61.59428515,Diesel,1668.312847,492.7609897,18,0
34,31-01-2021,Cement,10608.74041,73.84979608,Diesel,790.1584497,609.3719475,18,0
34,28-02-2021,Cement,10762.62769,82.89826663,Diesel,1614.188029,440.6341195,18,0
34,31-03-2021,Cement,7728.041486,89.41560402,Diesel,540.2096514,597.3610647,18,0
34,30-04-2021,Cement,19923.51877,61.86044593,Diesel,1250.361674,541.8274562,18,0
34,31-05-2021,Cement,5524.719171,61.48152432,Diesel,328.6804618,584.573585,18,0
34,30-06-2021,Cement,13146.8694,60.32349166,Diesel,783.87955,618.6729505,18,0
34,31-07-2021,Cement,13024.91217,60.92704335,Diesel,1682.468,598.5080879,18,0
34,31-08-2021,Cement,18329.35675,98.08392646,Diesel,2630.471894,511.6823474,18,0
34,30-09-2021,Cement,16132.49041,88.17876535,Diesel,915.253288,413.8447618,18,0
34,31-10-2021,Cement,13607.84744,82.19539185,Diesel,1455.385072,629.6214211,18,0
34,30-11-2021,Cement,10520.56811,96.67906611,Diesel,971.4049384,673.5260062,18,0
34,31-12-2021,Cement,7982.209641,76.29188311,Diesel,833.4788045,458.1749754,18,0
34,31-01-2022,Cement,7011.609017,64.99269729,Diesel,383.4373806,672.2751763,18,0
34,28-02-2022,Cement,5672.266945,77.03340302,Diesel,569.1562673,690.1213114,18,0
34,31-03-2022,Cement,17255.46293,73.48781768,Diesel,2245.90586,660.5468821,18,0
34,30-04-2022,Cement,9987.895657,81.9467256,Diesel,880.2080741,492.0449382,18,0
34,31-05-2022,Cement,5145.216279,71.38091842,Diesel,452.5646067,429.5102839,18,0
34,30-06-2022,Cement,6602.648116,90.17964989,Diesel,431.3093303,653.4736585,18,0
34,31-07-2022,Cement,15921.22119,97.87349545,Diesel,1591.370295,508.0671722,18,0
34,31-08-2022,Cement,6157.719008,87.9816482,Diesel,639.632803,433.1660565,18,0
34,30-09-2022,Cement,16846.48304,93.96227008,Diesel,973.8030502,689.299964,18,0
34,31-10-2022,Cement,8310.570556,85.34216319,Diesel,1060.428405,712.8918536,18,0
34,30-11-2022,Cement,19211.44997,76.64316327,Diesel,1618.898415,542.9510797,18,0
34,31-12-2022,Cement,13788.19518,72.02845087,Diesel,1369.573465,471.0435362,18,0
34,31-01-2023,Cement,13584.86863,64.46700731,Diesel,951.2932668,480.8447176,18,0
34,28-02-2023,Cement,10206.62128,93.95322792,Diesel,1292.303772,462.823652,18,0
34,31-03-2023,Cement,6895.52152,71.86149092,Diesel,756.5589406,670.4744294,18,0
34,30-04-2023,Cement,17210.40667,73.76457874,Diesel,2404.358141,683.8014971,18,0
34,31-05-2023,Cement,10672.4837,71.6964586,Diesel,948.1689019,560.1799083,18,0
34,30-06-2023,Cement,17271.27258,69.64548747,Diesel,2350.7874,676.7291722,18,0
34,31-07-2023,Cement,18163.97441,66.93169946,Diesel,944.7494176,543.2204062,18,0
34,31-08-2023,Cement,17496.86807,61.28862921,Diesel,1117.809979,671.516153,18,0
34,30-09-2023,Cement,11790.79941,93.91910869,Diesel,937.0200346,411.7213512,18,0
34,31-10-2023,Cement,6825.099524,63.02060792,Diesel,455.0523252,587.6280395,18,0
34,30-11-2023,Cement,11171.99099,78.61496475,Diesel,1051.143939,600.0314203,18,0
34,31-12-2023,Cement,11824.86468,64.26849773,Diesel,692.8708829,490.1607241,18,0
35,31-01-2019,Cement,8994.344219,84.87042194,Gas,682.3592204,472.0405207,13,1
35,28-02-2019,Cement,10347.98188,75.06909659,Gas,1392.384282,628.314841,13,1
35,31-03-2019,Cement,6192.729562,71.05307716,Gas,498.0210253,528.1451242,13,1
35,30-04-2019,Cement,13672.29749,75.78665562,Gas,1340.813734,648.7170251,13,1
35,31-05-2019,Cement,12591.30789,79.73429566,Gas,1652.513686,444.304047,13,1
35,30-06-2019,Cement,7658.820161,82.55291121,Gas,468.5261664,460.5942417,13,1
35,31-07-2019,Cement,16072.35467,95.7761489,Gas,1911.972593,653.4184309,13,1
35,31-08-2019,Cement,12255.06888,95.25541586,Gas,1827.698776,698.4880664,13,1
35,30-09-2019,Cement,13936.61652,83.19906849,Gas,1983.889478,652.8116205,13,1
35,31-10-2019,Cement,7709.144188,86.30480013,Gas,845.4826304,454.5300243,13,1
35,30-11-2019,Cement,10824.59212,99.35491938,Gas,612.9219494,584.891617,13,1
35,31-12-2019,Cement,13502.56747,78.15738283,Gas,930.9980552,488.837778,13,1
35,31-01-2020,Cement,19010.91499,83.59651972,Gas,1407.82841,469.0295134,13,1
35,29-02-2020,Cement,16633.12916,63.66739324,Gas,1331.64482,454.1087817,13,1
35,31-03-2020,Cement,18893.41486,83.72960179,Gas,2213.199366,499.204432,13,1
35,30-04-2020,Cement,12082.46103,93.66273028,Gas,1808.570606,654.3627215,13,1
35,31-05-2020,Cement,17911.95961,81.37763499,Gas,2308.386275,702.0476192,13,1
35,30-06-2020,Cement,7839.365525,92.37316073,Gas,536.7412477,561.1314994,13,1
35,31-07-2020,Cement,11467.00517,60.64129378,Gas,669.1522561,561.6153664,13,1
35,31-08-2020,Cement,13110.8341,81.22184158,Gas,1832.262934,562.3910421,13,1
35,30-09-2020,Cement,8896.039076,78.71246798,Gas,1062.1971,522.2529874,13,1
35,31-10-2020,Cement,13419.7103,69.59293274,Gas,737.1877462,696.4689408,13,1
35,30-11-2020,Cement,11762.04893,81.13795469,Gas,1360.255063,421.6499336,13,1
35,31-12-2020,Cement,16287.14588,90.48748942,Gas,1255.603546,693.1347261,13,1
35,31-01-2021,Cement,5129.657322,80.68081724,Gas,525.6810941,438.3469385,13,1
35,28-02-2021,Cement,12383.01503,70.79673996,Gas,749.7309637,674.9036851,13,1
35,31-03-2021,Cement,19913.06318,89.34197176,Gas,1769.767501,665.2870053,13,1
35,30-04-2021,Cement,14644.73105,95.63494925,Gas,1861.365252,683.0634843,13,1
35,31-05-2021,Cement,17381.18759,70.18814329,Gas,2172.21189,464.7437957,13,1
35,30-06-2021,Cement,19186.87775,66.02895624,Gas,2384.524013,400.3545675,13,1
35,31-07-2021,Cement,15947.73354,83.5449656,Gas,2025.215918,703.0506599,13,1
35,31-08-2021,Cement,14523.62109,60.05689939,Gas,1200.91722,508.7825487,13,1
35,30-09-2021,Cement,12347.7676,99.48255217,Gas,967.4573543,568.9696976,13,1
35,31-10-2021,Cement,12842.31491,76.90174427,Gas,1531.020884,711.3973395,13,1
35,30-11-2021,Cement,6287.908859,72.30791808,Gas,611.8434024,635.7545427,13,1
35,31-12-2021,Cement,15999.81603,87.78610103,Gas,1401.168768,621.3643359,13,1
35,31-01-2022,Cement,8478.314315,68.88019341,Gas,1030.460642,457.4903346,13,1
35,28-02-2022,Cement,14928.16208,64.26054536,Gas,1481.589165,405.1540628,13,1
35,31-03-2022,Cement,13852.21372,67.88530887,Gas,1977.171955,538.5599765,13,1
35,30-04-2022,Cement,8154.103004,91.20343834,Gas,573.7818205,596.058593,13,1
35,31-05-2022,Cement,8905.078758,79.58158741,Gas,499.8764433,430.6194501,13,1
35,30-06-2022,Cement,18282.20853,71.15361122,Gas,1131.901251,487.3471004,13,1
35,31-07-2022,Cement,9128.338388,86.05839432,Gas,634.5180417,625.3251508,13,1
35,31-08-2022,Cement,10458.40183,69.80545745,Gas,699.3187532,633.0673817,13,1
35,30-09-2022,Cement,6480.08399,70.12409021,Gas,411.7744719,548.3590312,13,1
35,31-10-2022,Cement,5904.65576,63.00993132,Gas,543.4542076,456.7980411,13,1
35,30-11-2022,Cement,18088.00474,62.25205008,Gas,2085.12139,520.6989262,13,1
35,31-12-2022,Cement,8469.230368,87.95160845,Gas,478.9997782,559.605889,13,1
35,31-01-2023,Cement,14554.66762,69.66106236,Gas,1984.896944,602.2546525,13,1
35,28-02-2023,Cement,17083.76865,81.50548089,Gas,2210.4358,440.9930984,13,1
35,31-03-2023,Cement,18080.80481,63.31553885,Gas,1245.703522,488.6325971,13,1
35,30-04-2023,Cement,10477.36781,67.7878577,Gas,1211.872908,420.0439013,13,1
35,31-05-2023,Cement,17528.83391,80.36026607,Gas,1852.831184,682.7174129,13,1
35,30-06-2023,Cement,8934.270142,69.74028064,Gas,579.9878893,478.2065844,13,1
35,31-07-2023,Cement,5162.42451,64.29576863,Gas,559.1306832,671.512231,13,1
35,31-08-2023,Cement,10903.03816,81.96949903,Gas,1212.257027,646.5465438,13,1
35,30-09-2023,Cement,8991.561246,91.55083595,Gas,785.5752094,634.5468097,13,1
35,31-10-2023,Cement,18681.58215,70.64733181,Gas,1784.537472,698.8426783,13,1
35,30-11-2023,Cement,9869.711298,93.26501423,Gas,747.3238918,551.0192044,13,1
35,31-12-2023,Cement,15761.03726,68.23248831,Gas,860.1223747,626.9298764,13,1
36,31-01-2019,Chemical,14338.04647,90.10270889,Gas,992.3661642,569.6074897,2,0
36,28-02-2019,Chemical,7813.290308,92.01274274,Gas,716.5800512,693.3120243,2,0
36,31-03-2019,Chemical,12780.60158,88.11747296,Gas,1343.831422,577.8604085,2,0
36,30-04-2019,Chemical,6065.925122,66.61443349,Gas,905.4503019,530.1654067,2,0
36,31-05-2019,Chemical,10129.61714,90.68833254,Gas,647.3968656,697.6469052,2,0
36,30-06-2019,Chemical,19622.29603,90.54258488,Gas,2652.423731,561.807862,2,0
36,31-07-2019,Chemical,12737.18648,66.12213555,Gas,860.5190714,634.0398342,2,0
36,31-08-2019,Chemical,12784.6903,97.28558526,Gas,1177.603695,542.9643569,2,0
36,30-09-2019,Chemical,9125.003676,89.05020089,Gas,456.6245971,488.6957206,2,0
36,31-10-2019,Chemical,16256.30923,83.65974109,Gas,1541.202943,483.450382,2,0
36,30-11-2019,Chemical,16656.6684,83.9976918,Gas,1677.340547,576.1893473,2,0
36,31-12-2019,Chemical,5568.06514,92.28714623,Gas,822.000492,424.5003567,2,0
36,31-01-2020,Chemical,12647.85159,66.98148554,Gas,855.4624795,700.7220241,2,0
36,29-02-2020,Chemical,10423.10623,88.22358654,Gas,1054.971238,694.2375291,2,0
36,31-03-2020,Chemical,9233.539134,72.99493577,Gas,537.7175758,515.3811723,2,0
36,30-04-2020,Chemical,12164.11899,69.29935007,Gas,1337.693904,484.4089701,2,0
36,31-05-2020,Chemical,18929.26208,71.25948709,Gas,1028.575459,598.5380103,2,0
36,30-06-2020,Chemical,8797.795,81.7414785,Gas,509.1548766,570.1136421,2,0
36,31-07-2020,Chemical,15888.53983,82.5279876,Gas,1191.268844,609.4822129,2,0
36,31-08-2020,Chemical,5254.325322,84.83850459,Gas,724.8748856,646.2565029,2,0
36,30-09-2020,Chemical,15760.94726,85.35883222,Gas,900.0097081,456.1073368,2,0
36,31-10-2020,Chemical,17399.39926,73.62875065,Gas,1301.775935,585.5658376,2,0
36,30-11-2020,Chemical,7103.685172,61.86241224,Gas,421.3799289,493.8984973,2,0
36,31-12-2020,Chemical,10232.68293,87.9630254,Gas,639.9675979,709.5853186,2,0
36,31-01-2021,Chemical,13105.44667,90.82135193,Gas,1278.07491,499.4907849,2,0
36,28-02-2021,Chemical,16582.83433,62.45104159,Gas,1901.529945,663.35777,2,0
36,31-03-2021,Chemical,8130.01416,75.53763783,Gas,1042.431023,702.1803797,2,0
36,30-04-2021,Chemical,8499.523306,60.12031842,Gas,1013.610853,588.9769283,2,0
36,31-05-2021,Chemical,13559.09444,75.61116607,Gas,725.094643,539.0233221,2,0
36,30-06-2021,Chemical,16415.29944,66.73839438,Gas,895.3974391,468.6348665,2,0
36,31-07-2021,Chemical,16472.20878,61.33917321,Gas,1968.162397,539.157373,2,0
36,31-08-2021,Chemical,19718.11128,61.63171393,Gas,1995.664043,431.4095221,2,0
36,30-09-2021,Chemical,18749.19999,92.80006166,Gas,2042.002704,675.4517775,2,0
36,31-10-2021,Chemical,12496.56458,97.14697626,Gas,655.3994009,601.9151569,2,0
36,30-11-2021,Chemical,9321.548147,88.36882522,Gas,954.5541276,425.1528899,2,0
36,31-12-2021,Chemical,19668.03327,86.42851724,Gas,1719.254958,446.7677778,2,0
36,31-01-2022,Chemical,15504.09245,67.82191946,Gas,1819.61938,687.8781415,2,0
36,28-02-2022,Chemical,11276.0699,96.22996696,Gas,1581.55957,717.5739846,2,0
36,31-03-2022,Chemical,9752.949123,83.67759274,Gas,1130.148837,575.402269,2,0
36,30-04-2022,Chemical,9815.286191,72.11288605,Gas,659.4509533,677.8243032,2,0
36,31-05-2022,Chemical,7040.111906,78.30752828,Gas,852.4499149,593.0547164,2,0
36,30-06-2022,Chemical,12443.57269,89.18507426,Gas,1527.645439,535.8484047,2,0
36,31-07-2022,Chemical,8839.157922,60.16520757,Gas,816.1640831,619.8840365,2,0
36,31-08-2022,Chemical,15349.14211,94.31054812,Gas,989.6192046,423.4522095,2,0
36,30-09-2022,Chemical,16694.04627,72.24267878,Gas,1009.476429,493.2843346,2,0
36,31-10-2022,Chemical,19038.74646,63.64469497,Gas,1118.833291,618.384326,2,0
36,30-11-2022,Chemical,14804.04739,60.92388493,Gas,1763.701071,407.1034013,2,0
36,31-12-2022,Chemical,8130.792457,99.52766238,Gas,1110.311253,684.0244323,2,0
36,31-01-2023,Chemical,5831.604522,73.25438607,Gas,666.5990441,453.8131275,2,0
36,28-02-2023,Chemical,13466.94378,78.49545274,Gas,1814.613868,408.6619257,2,0
36,31-03-2023,Chemical,17220.43197,82.71688715,Gas,2204.981208,694.0450081,2,0
36,30-04-2023,Chemical,5527.013047,79.25105798,Gas,765.3827212,628.5086728,2,0
36,31-05-2023,Chemical,6957.475749,83.79907946,Gas,941.3805589,607.4290553,2,0
36,30-06-2023,Chemical,14138.3675,89.35322551,Gas,1079.293799,622.3389029,2,0
36,31-07-2023,Chemical,15843.89957,86.77745172,Gas,964.3633352,718.385902,2,0
36,31-08-2023,Chemical,9943.215172,86.32871974,Gas,1082.489255,447.8792437,2,0
36,30-09-2023,Chemical,8116.418273,97.10124163,Gas,1154.293455,631.642824,2,0
36,31-10-2023,Chemical,10927.895,69.88741904,Gas,1621.231906,481.0423262,2,0
36,30-11-2023,Chemical,13864.09811,60.83722596,Gas,1922.410977,435.5404954,2,0
36,31-12-2023,Chemical,8849.003352,72.99487524,Gas,1235.92052,534.9300886,2,0
37,31-01-2019,Chemical,7895.769146,76.69713669,Diesel,1046.822528,441.3533768,4,1
37,28-02-2019,Chemical,16050.25983,68.89859304,Diesel,2262.344012,453.8328444,4,1
37,31-03-2019,Chemical,9063.428354,76.75873791,Diesel,783.6191115,511.5752823,4,1
37,30-04-2019,Chemical,16818.47629,86.43743426,Diesel,2449.135039,676.552435,4,1
37,31-05-2019,Chemical,13597.65492,79.56085381,Diesel,1027.804094,551.9844691,4,1
37,30-06-2019,Chemical,16787.44865,90.93736864,Diesel,1040.775512,450.8353811,4,1
37,31-07-2019,Chemical,13798.33422,99.7053612,Diesel,1106.066709,697.7683202,4,1
37,31-08-2019,Chemical,16080.13977,78.45517586,Diesel,2110.537834,622.3017335,4,1
37,30-09-2019,Chemical,9947.788652,69.43854504,Diesel,1485.374723,523.9121745,4,1
37,31-10-2019,Chemical,17412.6499,94.31516172,Diesel,1818.790688,699.8903954,4,1
37,30-11-2019,Chemical,5464.829874,87.41127745,Diesel,740.6384376,641.3144626,4,1
37,31-12-2019,Chemical,5407.012855,97.07563386,Diesel,577.2490655,618.9013447,4,1
37,31-01-2020,Chemical,8879.557518,79.70703356,Diesel,1288.856649,552.3382049,4,1
37,29-02-2020,Chemical,16326.89833,78.26639209,Diesel,2078.827289,466.6194643,4,1
37,31-03-2020,Chemical,9727.736838,86.34316841,Diesel,1016.922544,715.5413307,4,1
37,30-04-2020,Chemical,13531.44746,77.36772653,Diesel,1641.323389,501.4093983,4,1
37,31-05-2020,Chemical,7848.703549,62.45758043,Diesel,786.1395226,409.0259882,4,1
37,30-06-2020,Chemical,16931.19471,87.80331402,Diesel,1763.912715,576.2016942,4,1
37,31-07-2020,Chemical,11754.86882,69.40678804,Diesel,749.5233492,585.7534702,4,1
37,31-08-2020,Chemical,15755.04967,65.66017413,Diesel,1596.138096,423.2047094,4,1
37,30-09-2020,Chemical,18041.17668,98.73018459,Diesel,2052.131411,512.219677,4,1
37,31-10-2020,Chemical,19212.14925,83.53983917,Diesel,2489.48654,453.8765962,4,1
37,30-11-2020,Chemical,14239.30942,99.56090873,Diesel,903.7257898,513.9610903,4,1
37,31-12-2020,Chemical,19663.10078,62.38973167,Diesel,1525.77923,637.4493654,4,1
37,31-01-2021,Chemical,11308.83122,95.51363911,Diesel,1166.974606,639.5177254,4,1
37,28-02-2021,Chemical,5576.495396,95.59107607,Diesel,646.3732228,488.007306,4,1
37,31-03-2021,Chemical,8751.16209,60.04957503,Diesel,1006.783229,413.6085254,4,1
37,30-04-2021,Chemical,5574.418951,62.55841135,Diesel,390.2084793,488.9824818,4,1
37,31-05-2021,Chemical,14996.99143,96.07248693,Diesel,2248.17287,525.4293557,4,1
37,30-06-2021,Chemical,9045.631711,95.31105826,Diesel,1139.630595,513.3676685,4,1
37,31-07-2021,Chemical,18966.08258,60.17333266,Diesel,1390.054215,540.6570707,4,1
37,31-08-2021,Chemical,11087.00722,68.98187079,Diesel,922.4834268,682.6721664,4,1
37,30-09-2021,Chemical,8209.725256,89.00439493,Diesel,657.4990953,487.1651049,4,1
37,31-10-2021,Chemical,6730.015652,63.37250361,Diesel,948.9452812,688.8850564,4,1
37,30-11-2021,Chemical,5649.740292,72.80178079,Diesel,507.4761942,430.2450061,4,1
37,31-12-2021,Chemical,6175.455947,68.29572197,Diesel,561.1644793,564.9013056,4,1
37,31-01-2022,Chemical,19059.3992,71.5322637,Diesel,2857.516038,426.9816086,4,1
37,28-02-2022,Chemical,15145.22572,61.75912836,Diesel,2000.209003,463.6899688,4,1
37,31-03-2022,Chemical,10158.21193,69.20049088,Diesel,822.9118468,540.6873335,4,1
37,30-04-2022,Chemical,15068.15095,74.84362562,Diesel,1343.459471,574.5840288,4,1
37,31-05-2022,Chemical,18569.94755,90.56493392,Diesel,2461.172107,590.5989369,4,1
37,30-06-2022,Chemical,7082.221351,85.9717252,Diesel,998.1046334,436.6516656,4,1
37,31-07-2022,Chemical,16205.10203,84.36590953,Diesel,1197.268756,454.9930664,4,1
37,31-08-2022,Chemical,7873.292035,94.40755913,Diesel,513.6318226,540.4387901,4,1
37,30-09-2022,Chemical,6995.194761,94.2821861,Diesel,432.1636862,431.1859547,4,1
37,31-10-2022,Chemical,15334.25583,99.71778081,Diesel,2153.189829,566.6639675,4,1
37,30-11-2022,Chemical,10638.85036,90.91008346,Diesel,1149.667524,528.5080274,4,1
37,31-12-2022,Chemical,5916.516739,81.54729429,Diesel,440.7761807,656.5207236,4,1
37,31-01-2023,Chemical,19383.17479,60.58524718,Diesel,1434.854998,501.1416928,4,1
37,28-02-2023,Chemical,12668.29873,85.8011738,Diesel,1477.316692,662.5710389,4,1
37,31-03-2023,Chemical,11140.94647,87.35067871,Diesel,741.5447393,572.3373602,4,1
37,30-04-2023,Chemical,11094.19687,83.62044642,Diesel,813.7925811,521.1932368,4,1
37,31-05-2023,Chemical,13902.6071,96.75746806,Diesel,1760.408079,572.9167592,4,1
37,30-06-2023,Chemical,10413.14227,79.36249103,Diesel,1489.328954,547.0567831,4,1
37,31-07-2023,Chemical,17850.85358,63.40817724,Diesel,1565.746462,404.1895986,4,1
37,31-08-2023,Chemical,5238.585145,78.94676051,Diesel,263.175009,636.0665003,4,1
37,30-09-2023,Chemical,16861.71903,71.73300498,Diesel,2304.301374,631.2538035,4,1
37,31-10-2023,Chemical,15878.74039,67.69961476,Diesel,2118.202281,413.0226736,4,1
37,30-11-2023,Chemical,17800.31915,93.83419689,Diesel,1953.094455,552.6258937,4,1
37,31-12-2023,Chemical,15879.09337,60.65943208,Diesel,912.2589388,456.271259,4,1
38,31-01-2019,Chemical,10252.76575,75.98245053,Diesel,1314.701853,459.869061,12,1
38,28-02-2019,Chemical,5424.154008,83.68995262,Diesel,790.2181051,654.43074,12,1
38,31-03-2019,Chemical,11034.95311,63.98973389,Diesel,714.7064567,488.134921,12,1
38,30-04-2019,Chemical,13467.28604,78.10360102,Diesel,1290.213885,588.6880409,12,1
38,31-05-2019,Chemical,13725.95371,68.71775441,Diesel,1846.042061,549.0924354,12,1
38,30-06-2019,Chemical,17114.95724,71.80864783,Diesel,2449.690321,705.8638933,12,1
38,31-07-2019,Chemical,10098.68199,73.53061789,Diesel,1172.128016,646.0873198,12,1
38,31-08-2019,Chemical,9529.582066,81.59488967,Diesel,713.1852065,483.5180209,12,1
38,30-09-2019,Chemical,16420.98676,65.11113659,Diesel,2405.38092,655.7719284,12,1
38,31-10-2019,Chemical,6295.801127,84.14047163,Diesel,747.5953452,494.3435571,12,1
38,30-11-2019,Chemical,8400.150729,93.14789676,Diesel,885.2113154,715.9193216,12,1
38,31-12-2019,Chemical,17599.88667,88.74886568,Diesel,1760.439593,487.4262042,12,1
38,31-01-2020,Chemical,5197.598281,97.20980876,Diesel,726.6262617,421.5539893,12,1
38,29-02-2020,Chemical,19844.04348,61.02366029,Diesel,2642.231117,653.4281754,12,1
38,31-03-2020,Chemical,7252.040198,80.4697605,Diesel,995.3416342,588.7576218,12,1
38,30-04-2020,Chemical,8314.542537,77.01259472,Diesel,608.0425565,613.096781,12,1
38,31-05-2020,Chemical,14012.24949,88.72427075,Diesel,1361.637514,641.5058822,12,1
38,30-06-2020,Chemical,14864.01716,89.92695172,Diesel,904.8897492,702.3687279,12,1
38,31-07-2020,Chemical,17855.33563,87.19881452,Diesel,1785.579704,666.971847,12,1
38,31-08-2020,Chemical,16856.57154,89.38690277,Diesel,1735.133505,608.3085831,12,1
38,30-09-2020,Chemical,13577.21497,78.29339547,Diesel,1718.26125,520.9784411,12,1
38,31-10-2020,Chemical,19940.72187,82.36908467,Diesel,2751.48361,536.3305118,12,1
38,30-11-2020,Chemical,5255.593641,65.13511225,Diesel,590.0225485,502.689663,12,1
38,31-12-2020,Chemical,10436.74196,96.66687637,Diesel,898.5346341,534.0254014,12,1
38,31-01-2021,Chemical,17861.40698,90.23416779,Diesel,2320.00548,488.4181182,12,1
38,28-02-2021,Chemical,11283.71102,60.25605687,Diesel,1375.952512,532.336021,12,1
38,31-03-2021,Chemical,8569.2265,88.30212241,Diesel,1046.189292,604.1099731,12,1
38,30-04-2021,Chemical,6123.049421,81.79894523,Diesel,480.6988341,599.2926232,12,1
38,31-05-2021,Chemical,17715.34931,76.11690478,Diesel,1287.310025,422.8782648,12,1
38,30-06-2021,Chemical,17340.17402,76.576466,Diesel,1354.544817,547.8708698,12,1
38,31-07-2021,Chemical,11771.52104,90.58440031,Diesel,1241.069064,644.6892753,12,1
38,31-08-2021,Chemical,5675.769622,83.39128812,Diesel,558.2433097,613.3462511,12,1
38,30-09-2021,Chemical,19211.10902,81.89588362,Diesel,1606.055087,508.3940033,12,1
38,31-10-2021,Chemical,9993.491852,83.49943411,Diesel,746.3841723,671.1957943,12,1
38,30-11-2021,Chemical,19784.36591,90.52836288,Diesel,1300.254932,669.0308115,12,1
38,31-12-2021,Chemical,15982.74911,94.38445859,Diesel,1921.999377,603.5472462,12,1
38,31-01-2022,Chemical,7631.411933,72.93097261,Diesel,928.8039162,605.7900877,12,1
38,28-02-2022,Chemical,17478.02922,95.26575021,Diesel,1631.137818,519.9001666,12,1
38,31-03-2022,Chemical,11394.15254,72.6851434,Diesel,1679.283928,613.4979068,12,1
38,30-04-2022,Chemical,8491.255593,80.66742624,Diesel,1176.850484,677.421602,12,1
38,31-05-2022,Chemical,7452.930821,99.73920761,Diesel,967.6761573,621.8794085,12,1
38,30-06-2022,Chemical,5777.178825,79.39239591,Diesel,701.9247901,537.5827389,12,1
38,31-07-2022,Chemical,13057.83259,76.82954907,Diesel,1572.094721,675.3935689,12,1
38,31-08-2022,Chemical,10095.99058,96.30219117,Diesel,842.8489859,651.365775,12,1
38,30-09-2022,Chemical,7900.672543,87.15031633,Diesel,475.41151,565.4082289,12,1
38,31-10-2022,Chemical,15921.62586,60.33606097,Diesel,959.0649598,591.0589223,12,1
38,30-11-2022,Chemical,18284.55313,82.29131357,Diesel,1037.523435,552.5328996,12,1
38,31-12-2022,Chemical,9643.071081,66.36420157,Diesel,1179.841818,689.4785217,12,1
38,31-01-2023,Chemical,9595.286321,80.53665375,Diesel,989.3386755,589.5118486,12,1
38,28-02-2023,Chemical,17115.59339,71.58863677,Diesel,2308.77413,594.7657628,12,1
38,31-03-2023,Chemical,14096.57789,74.9459836,Diesel,990.821867,504.2296963,12,1
38,30-04-2023,Chemical,18736.52777,84.44901008,Diesel,1488.427268,580.6284889,12,1
38,31-05-2023,Chemical,11580.52606,84.10005716,Diesel,1157.736478,422.3272802,12,1
38,30-06-2023,Chemical,10274.84084,66.62841948,Diesel,1422.213076,716.3320824,12,1
38,31-07-2023,Chemical,7301.751097,77.22855015,Diesel,937.8871821,627.868365,12,1
38,31-08-2023,Chemical,16604.67774,93.19826487,Diesel,1967.600241,551.5185713,12,1
38,30-09-2023,Chemical,19773.89435,85.72146363,Diesel,1979.992902,650.0412204,12,1
38,31-10-2023,Chemical,13491.70929,62.90703798,Diesel,1948.19091,493.9877401,12,1
38,30-11-2023,Chemical,15198.64896,62.5859577,Diesel,1726.01981,495.569871,12,1
38,31-12-2023,Chemical,8022.701953,60.02379032,Diesel,1174.227939,541.0971102,12,1
39,31-01-2019,Steel,16665.35084,62.51199969,Coal,2230.556257,682.3572304,2,1
39,28-02-2019,Steel,9160.418705,99.59047805,Coal,681.0599136,428.6100579,2,1
39,31-03-2019,Steel,16200.22828,91.32246654,Coal,1623.745821,653.3250488,2,1
39,30-04-2019,Steel,9793.328951,80.13504529,Coal,747.9075174,409.7194137,2,1
39,31-05-2019,Steel,12717.15873,69.99413469,Coal,1519.052239,695.4166094,2,1
39,30-06-2019,Steel,8605.31363,62.75921591,Coal,650.9105792,569.2231534,2,1
39,31-07-2019,Steel,14123.40884,99.76220749,Coal,838.348304,488.4212112,2,1
39,31-08-2019,Steel,12819.34547,64.84733085,Coal,1512.205497,559.216456,2,1
39,30-09-2019,Steel,6627.836053,93.35615803,Coal,836.6963515,618.8027041,2,1
39,31-10-2019,Steel,19411.06014,65.43156713,Coal,1700.511652,699.9270738,2,1
39,30-11-2019,Steel,7155.367961,85.04675268,Coal,731.2155885,584.2983853,2,1
39,31-12-2019,Steel,13428.54498,93.99637175,Coal,1783.893018,588.9629762,2,1
39,31-01-2020,Steel,5923.557855,82.40661962,Coal,666.5559874,693.1582667,2,1
39,29-02-2020,Steel,8431.362935,89.43582787,Coal,672.1876671,642.0468949,2,1
39,31-03-2020,Steel,15137.43397,90.36550987,Coal,1810.148782,670.5319067,2,1
39,30-04-2020,Steel,6788.726153,86.41595136,Coal,728.4168201,694.2335672,2,1
39,31-05-2020,Steel,16683.65094,81.07194946,Coal,2396.143741,719.1428953,2,1
39,30-06-2020,Steel,10062.52367,79.5342039,Coal,1216.351467,413.6661753,2,1
39,31-07-2020,Steel,9532.169193,66.48274725,Coal,1360.993939,527.3165217,2,1
39,31-08-2020,Steel,19109.28204,64.5119317,Coal,2199.350926,537.6527394,2,1
39,30-09-2020,Steel,5847.555811,96.65508818,Coal,419.3093145,521.2889517,2,1
39,31-10-2020,Steel,17612.40469,80.64927181,Coal,2412.029215,532.1402522,2,1
39,30-11-2020,Steel,9767.01681,82.69862643,Coal,633.6642583,538.9578855,2,1
39,31-12-2020,Steel,15894.06493,70.97233945,Coal,1073.320626,681.9265173,2,1
39,31-01-2021,Steel,17854.16594,86.30101311,Coal,2424.931061,488.3339171,2,1
39,28-02-2021,Steel,19208.52499,62.8807805,Coal,2451.813246,523.3331768,2,1
39,31-03-2021,Steel,14455.8495,94.01382646,Coal,1638.282931,573.6015772,2,1
39,30-04-2021,Steel,12375.12158,62.47873062,Coal,1264.659865,579.9737204,2,1
39,31-05-2021,Steel,5327.710953,81.37553534,Coal,797.6517798,681.2256512,2,1
39,30-06-2021,Steel,8145.044813,98.26612965,Coal,1151.290922,489.5392187,2,1
39,31-07-2021,Steel,10871.27708,77.49795678,Coal,1274.440507,545.1427262,2,1
39,31-08-2021,Steel,10775.86602,69.80707697,Coal,1124.307546,626.4858568,2,1
39,30-09-2021,Steel,15244.34084,73.01764527,Coal,2090.381083,591.3671001,2,1
39,31-10-2021,Steel,5903.227845,74.24600743,Coal,413.3197223,514.5208034,2,1
39,30-11-2021,Steel,9620.311066,97.21649038,Coal,776.0495552,472.0213651,2,1
39,31-12-2021,Steel,15548.73009,93.5546517,Coal,1250.632152,404.6873366,2,1
39,31-01-2022,Steel,9619.984431,95.5317319,Coal,1391.969128,698.3241397,2,1
39,28-02-2022,Steel,18241.89053,92.97833585,Coal,1022.506674,576.1443423,2,1
39,31-03-2022,Steel,12788.8914,89.13748823,Coal,640.3276101,683.9077513,2,1
39,30-04-2022,Steel,5924.103714,70.43169929,Coal,737.4676978,440.587552,2,1
39,31-05-2022,Steel,15837.86029,77.11929439,Coal,1798.98055,697.0163828,2,1
39,30-06-2022,Steel,18754.40678,76.89560475,Coal,987.2358643,436.1750765,2,1
39,31-07-2022,Steel,16717.40711,66.45956421,Coal,1358.15326,491.1594682,2,1
39,31-08-2022,Steel,9301.967409,92.02514208,Coal,703.5817257,471.0918584,2,1
39,30-09-2022,Steel,5365.52139,82.28907049,Coal,474.2317664,593.2493426,2,1
39,31-10-2022,Steel,9029.882522,65.33702309,Coal,598.9761475,594.1654079,2,1
39,30-11-2022,Steel,17565.77448,83.98656645,Coal,1174.374894,409.6447018,2,1
39,31-12-2022,Steel,19751.90186,75.82453143,Coal,2402.393044,585.949601,2,1
39,31-01-2023,Steel,13441.71841,68.01868458,Coal,1055.225201,475.3540138,2,1
39,28-02-2023,Steel,19872.52158,99.36208315,Coal,1621.195619,442.164146,2,1
39,31-03-2023,Steel,15654.07781,66.13019849,Coal,1923.86784,547.6889946,2,1
39,30-04-2023,Steel,12206.83837,63.03031208,Coal,1563.14807,428.8908937,2,1
39,31-05-2023,Steel,11334.28407,62.02253296,Coal,1268.165335,493.8912344,2,1
39,30-06-2023,Steel,19510.11618,96.55530289,Coal,2662.148972,569.8956267,2,1
39,31-07-2023,Steel,10730.36957,79.92309379,Coal,1180.743043,586.7236303,2,1
39,31-08-2023,Steel,19111.62939,75.56632511,Coal,2399.861314,507.0964948,2,1
39,30-09-2023,Steel,13679.76093,77.35893472,Coal,1193.988647,553.7730743,2,1
39,31-10-2023,Steel,13887.3842,89.72042334,Coal,1887.704466,514.4806561,2,1
39,30-11-2023,Steel,14433.26372,71.67723847,Coal,1033.032978,629.3514507,2,1
39,31-12-2023,Steel,8877.220336,65.86317698,Coal,786.4879204,609.2482287,2,1
40,31-01-2019,Steel,12083.13588,98.88329698,Gas,931.3376178,461.1809142,17,0
40,28-02-2019,Steel,6253.981049,97.18387267,Gas,637.9747187,606.5463735,17,0
40,31-03-2019,Steel,17318.97048,82.08806985,Gas,1221.849532,400.8148003,17,0
40,30-04-2019,Steel,5838.061101,61.80080598,Gas,384.0815218,712.2593613,17,0
40,31-05-2019,Steel,13769.22656,80.7661422,Gas,1053.639951,527.1609058,17,0
40,30-06-2019,Steel,19035.71819,96.8691662,Gas,2509.488331,620.2354812,17,0
40,31-07-2019,Steel,12306.1463,88.67221425,Gas,1515.581836,582.0553795,17,0
40,31-08-2019,Steel,19458.38784,85.71145685,Gas,1481.023564,566.3566172,17,0
40,30-09-2019,Steel,7010.289436,64.88481917,Gas,669.1166223,644.4909029,17,0
40,31-10-2019,Steel,13348.93044,92.46315778,Gas,1795.117701,474.492937,17,0
40,30-11-2019,Steel,19077.35514,76.17012666,Gas,1290.138281,691.7868625,17,0
40,31-12-2019,Steel,8581.982698,64.69069462,Gas,479.0667663,477.4762371,17,0
40,31-01-2020,Steel,5548.590014,97.70891233,Gas,339.8873081,608.9415633,17,0
40,29-02-2020,Steel,15557.82868,63.2171648,Gas,2261.025585,462.5202846,17,0
40,31-03-2020,Steel,9605.645198,80.66523893,Gas,1177.025915,555.9981473,17,0
40,30-04-2020,Steel,13671.09182,89.1525879,Gas,1641.745334,484.2409094,17,0
40,31-05-2020,Steel,18099.98372,76.83131256,Gas,1534.926572,469.7277105,17,0
40,30-06-2020,Steel,7545.90084,70.96777853,Gas,1106.84513,685.419283,17,0
40,31-07-2020,Steel,12265.32052,78.52485434,Gas,1253.992469,562.524937,17,0
40,31-08-2020,Steel,7159.168623,70.28944035,Gas,960.0656835,612.2427247,17,0
40,30-09-2020,Steel,8749.966209,84.06346057,Gas,542.5222497,602.9851941,17,0
40,31-10-2020,Steel,14404.98343,82.76974015,Gas,1207.998099,403.5702651,17,0
40,30-11-2020,Steel,10829.18498,66.34801213,Gas,889.735255,637.8944828,17,0
40,31-12-2020,Steel,5329.650393,96.27649035,Gas,419.507972,409.1215357,17,0
40,31-01-2021,Steel,9007.358009,82.99728709,Gas,548.2557734,615.9376337,17,0
40,28-02-2021,Steel,9894.890975,76.47474584,Gas,1280.109796,603.384492,17,0
40,31-03-2021,Steel,17564.19103,71.33572813,Gas,1325.665521,574.8600506,17,0
40,30-04-2021,Steel,6740.819282,62.65752377,Gas,414.7477747,680.151928,17,0
40,31-05-2021,Steel,9999.662265,75.05757347,Gas,559.4095349,450.5334163,17,0
40,30-06-2021,Steel,5118.90168,70.33850026,Gas,311.7803715,611.9711528,17,0
40,31-07-2021,Steel,8684.913504,98.76449105,Gas,737.3680278,698.3537957,17,0
40,31-08-2021,Steel,11184.81817,83.78353249,Gas,1510.501393,481.3451343,17,0
40,30-09-2021,Steel,18852.70862,94.86624714,Gas,1088.88363,673.559397,17,0
40,31-10-2021,Steel,19778.70676,66.45611448,Gas,2098.326801,578.9276251,17,0
40,30-11-2021,Steel,15234.41636,80.15200511,Gas,2166.915507,573.1707642,17,0
40,31-12-2021,Steel,12730.89457,70.44434963,Gas,957.7738743,665.4493598,17,0
40,31-01-2022,Steel,6614.203422,79.22461917,Gas,585.1150937,592.4940111,17,0
40,28-02-2022,Steel,6816.927756,77.63231895,Gas,545.1575995,499.843429,17,0
40,31-03-2022,Steel,16816.25651,75.53846566,Gas,1135.561209,599.5449636,17,0
40,30-04-2022,Steel,5475.332743,78.50901507,Gas,670.2194769,496.3771896,17,0
40,31-05-2022,Steel,6024.616666,87.75706731,Gas,783.2319204,681.6334852,17,0
40,30-06-2022,Steel,15500.68212,98.26741971,Gas,1029.464462,440.8746502,17,0
40,31-07-2022,Steel,11699.11023,96.73404156,Gas,1688.975728,713.3826853,17,0
40,31-08-2022,Steel,9813.55501,95.02817321,Gas,878.2133188,498.6467998,17,0
40,30-09-2022,Steel,7907.571915,71.57933875,Gas,1096.373751,444.0751787,17,0
40,31-10-2022,Steel,7665.420333,90.4498081,Gas,967.3845528,718.6841302,17,0
40,30-11-2022,Steel,16230.52383,61.91060837,Gas,2272.334957,696.9466815,17,0
40,31-12-2022,Steel,5925.036989,78.45844516,Gas,377.7857929,607.1829803,17,0
40,31-01-2023,Steel,18930.97124,80.80116334,Gas,1537.488777,694.6386096,17,0
40,28-02-2023,Steel,10834.79881,82.53171469,Gas,1207.879572,648.3851095,17,0
40,31-03-2023,Steel,16002.34937,93.74479938,Gas,2089.615045,404.673377,17,0
40,30-04-2023,Steel,16462.5654,77.53093065,Gas,1608.194455,607.3356379,17,0
40,31-05-2023,Steel,6281.807272,89.49224648,Gas,698.4511173,700.266186,17,0
40,30-06-2023,Steel,17154.33845,97.27403121,Gas,1519.990493,577.5527175,17,0
40,31-07-2023,Steel,13267.5518,96.31386638,Gas,1386.456445,433.3676797,17,0
40,31-08-2023,Steel,9568.699968,98.87113317,Gas,1399.763252,643.3236335,17,0
40,30-09-2023,Steel,5278.171944,66.09096031,Gas,715.8270991,700.7495272,17,0
40,31-10-2023,Steel,9052.224106,86.43891732,Gas,661.1328627,599.2838765,17,0
40,30-11-2023,Steel,12218.00144,70.81139753,Gas,1514.886112,657.6714513,17,0
40,31-12-2023,Steel,6900.926027,84.47432001,Gas,757.5423077,447.0700964,17,0
41,31-01-2019,Cement,6078.453748,97.83186398,Gas,566.9628046,518.6759447,14,0
41,28-02-2019,Cement,10724.19958,76.95093212,Gas,1504.331238,676.9463931,14,0
41,31-03-2019,Cement,12637.3972,86.2037078,Gas,643.9420834,583.2907417,14,0
41,30-04-2019,Cement,9846.926254,96.02063738,Gas,1166.373731,519.5214342,14,0
41,31-05-2019,Cement,11280.36013,90.26474473,Gas,1610.77623,557.2658641,14,0
41,30-06-2019,Cement,8183.284033,95.3601684,Gas,935.8540279,592.2107054,14,0
41,31-07-2019,Cement,19600.08899,99.07909283,Gas,1479.163122,453.5155612,14,0
41,31-08-2019,Cement,8137.901025,70.10551381,Gas,774.9677007,420.1348331,14,0
41,30-09-2019,Cement,11756.23758,84.81510745,Gas,1062.87853,447.5213213,14,0
41,31-10-2019,Cement,11354.84969,90.31357268,Gas,1700.96551,590.5418285,14,0
41,30-11-2019,Cement,13070.22216,88.95467315,Gas,1279.985074,419.8297795,14,0
41,31-12-2019,Cement,6798.667587,91.95501212,Gas,406.326219,504.2320128,14,0
41,31-01-2020,Cement,19319.3927,80.34595446,Gas,1946.496932,437.5198155,14,0
41,29-02-2020,Cement,11209.97979,92.43889724,Gas,854.2722626,692.5107636,14,0
41,31-03-2020,Cement,7446.550841,73.49918072,Gas,587.7414644,592.3527195,14,0
41,30-04-2020,Cement,17366.42546,90.34334047,Gas,1098.631398,434.4885998,14,0
41,31-05-2020,Cement,8400.000418,70.04372628,Gas,843.4301451,523.4953717,14,0
41,30-06-2020,Cement,18922.35954,81.47727317,Gas,2042.300745,595.3928091,14,0
41,31-07-2020,Cement,12560.59112,75.97558819,Gas,1035.775096,663.2336547,14,0
41,31-08-2020,Cement,17222.41492,90.28772892,Gas,2192.848172,493.2139113,14,0
41,30-09-2020,Cement,13177.50872,83.77831618,Gas,858.1580792,531.833986,14,0
41,31-10-2020,Cement,10793.18505,89.64811359,Gas,630.0511047,503.1086255,14,0
41,30-11-2020,Cement,7419.776102,79.46487628,Gas,440.2850617,651.3962013,14,0
41,31-12-2020,Cement,10842.27338,66.65497935,Gas,824.8598697,610.5685387,14,0
41,31-01-2021,Cement,13754.86989,90.21184611,Gas,1586.4845,433.330763,14,0
41,28-02-2021,Cement,19301.68508,66.63334078,Gas,1854.126867,637.7748463,14,0
41,31-03-2021,Cement,7269.406935,75.70125659,Gas,523.808501,558.1290316,14,0
41,30-04-2021,Cement,5885.652518,99.4622922,Gas,863.8411133,493.6318445,14,0
41,31-05-2021,Cement,6840.268071,86.88109583,Gas,917.7868726,458.7965966,14,0
41,30-06-2021,Cement,14514.31979,72.68568662,Gas,1230.490343,479.7166078,14,0
41,31-07-2021,Cement,15552.09158,95.22381971,Gas,894.2712109,542.6904753,14,0
41,31-08-2021,Cement,8484.367646,89.63564963,Gas,1008.471319,437.6886778,14,0
41,30-09-2021,Cement,10306.96495,75.17519958,Gas,594.9388069,660.5384469,14,0
41,31-10-2021,Cement,10121.09306,67.82370684,Gas,751.7856716,616.0315802,14,0
41,30-11-2021,Cement,6324.031557,90.6014786,Gas,451.4247892,570.4618751,14,0
41,31-12-2021,Cement,15433.33794,77.49124549,Gas,2292.85732,402.1336144,14,0
41,31-01-2022,Cement,19207.70975,93.29761579,Gas,1164.398435,718.0932648,14,0
41,28-02-2022,Cement,12223.9753,62.04198848,Gas,1715.874623,565.445199,14,0
41,31-03-2022,Cement,9205.625099,63.07291933,Gas,1034.27932,424.0982884,14,0
41,30-04-2022,Cement,8188.086993,94.66125325,Gas,669.8659851,414.1965576,14,0
41,31-05-2022,Cement,11586.66791,83.80429513,Gas,958.9970988,558.794879,14,0
41,30-06-2022,Cement,16899.1163,85.59845254,Gas,2052.610407,429.5936248,14,0
41,31-07-2022,Cement,18467.92259,84.72367676,Gas,2379.796133,592.2188094,14,0
41,31-08-2022,Cement,7637.381233,68.83804687,Gas,445.8320887,544.7347629,14,0
41,30-09-2022,Cement,7345.219546,70.9922347,Gas,742.1928781,681.965899,14,0
41,31-10-2022,Cement,9523.541489,95.61132961,Gas,877.7934711,579.7787707,14,0
41,30-11-2022,Cement,19668.55062,71.13758853,Gas,2849.30885,449.9917228,14,0
41,31-12-2022,Cement,5542.457846,96.87847949,Gas,485.5682068,533.3277346,14,0
41,31-01-2023,Cement,16580.50801,71.47224342,Gas,1192.571903,543.2156911,14,0
41,28-02-2023,Cement,12150.73692,70.28458338,Gas,1752.391635,653.0699786,14,0
41,31-03-2023,Cement,13664.6275,94.65864589,Gas,1747.112574,705.0357769,14,0
41,30-04-2023,Cement,7831.310049,92.23139968,Gas,1151.312473,595.7258479,14,0
41,31-05-2023,Cement,17742.99859,78.38496415,Gas,2046.600767,580.8459541,14,0
41,30-06-2023,Cement,17090.37498,93.33850667,Gas,1908.846526,679.1002964,14,0
41,31-07-2023,Cement,7870.740181,94.82395971,Gas,508.6470263,669.1758191,14,0
41,31-08-2023,Cement,12864.1374,95.59167296,Gas,783.8387162,486.2876184,14,0
41,30-09-2023,Cement,10544.09585,70.92079686,Gas,570.1654858,496.1860396,14,0
41,31-10-2023,Cement,11427.35203,69.42303894,Gas,1156.446308,627.4319872,14,0
41,30-11-2023,Cement,7634.341496,94.18734288,Gas,920.5338516,463.3913757,14,0
41,31-12-2023,Cement,13388.96342,64.17899269,Gas,1769.545059,472.7338723,14,0
42,31-01-2019,Textile,15091.59022,88.34478445,Diesel,1902.808142,686.3585593,12,0
42,28-02-2019,Textile,17790.09746,89.16539727,Diesel,2142.569903,489.4755235,12,0
42,31-03-2019,Textile,18222.48347,60.91547605,Diesel,1584.537829,699.2983072,12,0
42,30-04-2019,Textile,13260.98219,88.38667798,Diesel,1827.73221,549.8175412,12,0
42,31-05-2019,Textile,8270.189719,64.07194963,Diesel,836.8756037,631.1872483,12,0
42,30-06-2019,Textile,7629.650221,62.48524741,Diesel,924.6103393,631.2261859,12,0
42,31-07-2019,Textile,19654.23418,77.3166994,Diesel,2556.157507,678.7895223,12,0
42,31-08-2019,Textile,14685.44119,62.17635311,Diesel,2047.918404,504.7090602,12,0
42,30-09-2019,Textile,13844.79236,87.51298112,Diesel,1843.466668,463.3579223,12,0
42,31-10-2019,Textile,19900.29235,88.66441499,Diesel,2444.947991,691.0516805,12,0
42,30-11-2019,Textile,11651.181,77.26537095,Diesel,1483.3379,701.6294035,12,0
42,31-12-2019,Textile,12586.16076,75.64221108,Diesel,1433.916252,564.6083712,12,0
42,31-01-2020,Textile,18739.46364,70.72174408,Diesel,1915.066403,478.4232072,12,0
42,29-02-2020,Textile,17063.968,89.52408857,Diesel,2204.125386,605.1059146,12,0
42,31-03-2020,Textile,15706.10222,94.97511621,Diesel,1586.266563,474.8340825,12,0
42,30-04-2020,Textile,5962.27171,95.44925514,Diesel,817.3328161,712.2912513,12,0
42,31-05-2020,Textile,18077.08912,90.42400813,Diesel,947.224237,523.3656445,12,0
42,30-06-2020,Textile,16366.96197,62.30301956,Diesel,928.1498846,576.3831184,12,0
42,31-07-2020,Textile,19139.47661,81.9777396,Diesel,1503.546101,457.2166791,12,0
42,31-08-2020,Textile,11068.23518,89.25926986,Diesel,734.1924415,439.0585433,12,0
42,30-09-2020,Textile,18034.3868,69.98824594,Diesel,2236.62317,498.307869,12,0
42,31-10-2020,Textile,17719.5567,62.33634952,Diesel,1097.701363,501.4761355,12,0
42,30-11-2020,Textile,18330.65429,94.44971326,Diesel,2113.291929,560.2450012,12,0
42,31-12-2020,Textile,10621.62945,93.70968352,Diesel,1591.924731,687.7703383,12,0
42,31-01-2021,Textile,14068.67718,89.15276313,Diesel,775.2034493,488.1271455,12,0
42,28-02-2021,Textile,10419.65623,86.5064086,Diesel,597.9283295,491.6985424,12,0
42,31-03-2021,Textile,12622.5314,70.68410398,Diesel,760.6859089,655.7287831,12,0
42,30-04-2021,Textile,16234.22282,83.93564256,Diesel,935.1891773,532.5294979,12,0
42,31-05-2021,Textile,11873.62128,93.79041455,Diesel,1673.171368,605.3605383,12,0
42,30-06-2021,Textile,5934.137158,90.3908279,Diesel,573.9515937,591.7000043,12,0
42,31-07-2021,Textile,8083.672334,63.29345923,Diesel,770.6323263,562.5712292,12,0
42,31-08-2021,Textile,6664.269646,92.69137799,Diesel,527.172523,645.3970766,12,0
42,30-09-2021,Textile,6500.048231,78.85934097,Diesel,409.7078007,417.2267838,12,0
42,31-10-2021,Textile,16547.07975,80.40825366,Diesel,1825.627772,581.2387926,12,0
42,30-11-2021,Textile,6551.453992,84.95034972,Diesel,602.3613071,652.3848893,12,0
42,31-12-2021,Textile,8712.281222,76.77686708,Diesel,1240.728587,464.832186,12,0
42,31-01-2022,Textile,9767.403667,64.95408341,Diesel,1404.221175,527.925021,12,0
42,28-02-2022,Textile,13665.29513,76.33986997,Diesel,1014.921906,462.6884175,12,0
42,31-03-2022,Textile,13216.41935,72.48353363,Diesel,881.1004512,657.0610077,12,0
42,30-04-2022,Textile,19157.6581,76.79276978,Diesel,2458.566315,468.1251859,12,0
42,31-05-2022,Textile,6155.750186,65.33388021,Diesel,314.9867804,719.5815951,12,0
42,30-06-2022,Textile,6162.380536,96.61287842,Diesel,493.2060046,435.6426342,12,0
42,31-07-2022,Textile,10348.80907,61.76745447,Diesel,878.4710917,691.7042973,12,0
42,31-08-2022,Textile,9895.011023,90.47811031,Diesel,942.7703175,406.7588828,12,0
42,30-09-2022,Textile,10989.89885,89.24751794,Diesel,701.2799292,456.5648338,12,0
42,31-10-2022,Textile,19231.36501,94.43678313,Diesel,2795.100804,634.0370991,12,0
42,30-11-2022,Textile,7937.953285,86.02766207,Diesel,436.4274485,689.817363,12,0
42,31-12-2022,Textile,9652.795658,82.63867295,Diesel,933.1457014,620.6367749,12,0
42,31-01-2023,Textile,9624.161276,65.45448419,Diesel,846.5866299,541.2406935,12,0
42,28-02-2023,Textile,6341.161261,95.17119332,Diesel,695.2453247,550.5138356,12,0
42,31-03-2023,Textile,14535.53072,76.82647013,Diesel,1340.098113,583.8006277,12,0
42,30-04-2023,Textile,13447.12743,90.52000994,Diesel,1100.739175,519.5283984,12,0
42,31-05-2023,Textile,19903.69868,85.30692433,Diesel,1930.562176,499.450282,12,0
42,30-06-2023,Textile,15664.78339,84.2033384,Diesel,856.6966125,690.4358779,12,0
42,31-07-2023,Textile,9343.464699,76.82337087,Diesel,949.1202214,533.8320287,12,0
42,31-08-2023,Textile,15011.19598,74.73165021,Diesel,1373.948352,621.0824017,12,0
42,30-09-2023,Textile,9290.7517,71.98184803,Diesel,1011.530814,483.1645913,12,0
42,31-10-2023,Textile,13773.48669,83.93749534,Diesel,949.4113086,653.3960721,12,0
42,30-11-2023,Textile,7288.517469,60.85338421,Diesel,648.5817551,616.087229,12,0
42,31-12-2023,Textile,5773.264685,65.09200945,Diesel,344.2285276,414.8214205,12,0
43,31-01-2019,Steel,16340.8683,98.0445087,Gas,1516.501915,642.33923,12,1
43,28-02-2019,Steel,9772.259288,64.56450434,Gas,1121.074384,550.9346988,12,1
43,31-03-2019,Steel,18194.66013,69.00331534,Gas,1632.546633,510.5527023,12,1
43,30-04-2019,Steel,9572.154795,66.57101702,Gas,1159.89679,488.7982904,12,1
43,31-05-2019,Steel,17984.26967,92.54933962,Gas,1661.161266,551.443416,12,1
43,30-06-2019,Steel,9144.047248,72.53656429,Gas,870.2847648,665.2938184,12,1
43,31-07-2019,Steel,17339.30332,88.11658787,Gas,2557.914348,548.258102,12,1
43,31-08-2019,Steel,14053.29043,93.9081042,Gas,1257.037951,416.4580707,12,1
43,30-09-2019,Steel,8797.935177,82.55137184,Gas,796.5408306,510.5943362,12,1
43,31-10-2019,Steel,10116.50676,92.18896043,Gas,1472.765887,714.7468015,12,1
43,30-11-2019,Steel,8482.59478,80.77560944,Gas,983.2588164,716.003693,12,1
43,31-12-2019,Steel,8178.546857,95.70269588,Gas,1136.211496,523.8598983,12,1
43,31-01-2020,Steel,14232.21398,68.3248451,Gas,769.551428,444.4273271,12,1
43,29-02-2020,Steel,8624.651134,79.56747609,Gas,594.824082,590.0545918,12,1
43,31-03-2020,Steel,8760.244473,67.98109465,Gas,625.1741905,473.8464725,12,1
43,30-04-2020,Steel,14327.47803,79.99888953,Gas,1321.982128,503.9472438,12,1
43,31-05-2020,Steel,17947.01659,78.72957777,Gas,2022.350983,611.1693184,12,1
43,30-06-2020,Steel,17414.3346,88.2828783,Gas,1083.1304,603.1009832,12,1
43,31-07-2020,Steel,7848.737795,98.98490158,Gas,1087.313125,550.8075771,12,1
43,31-08-2020,Steel,14619.05078,87.02489261,Gas,1986.118781,620.9729994,12,1
43,30-09-2020,Steel,14844.15611,90.37997988,Gas,1357.733717,701.567466,12,1
43,31-10-2020,Steel,10157.35814,64.27321895,Gas,932.7687772,715.4433096,12,1
43,30-11-2020,Steel,7306.516249,79.49777364,Gas,924.1126456,605.8704529,12,1
43,31-12-2020,Steel,5418.270569,64.85477046,Gas,769.0969983,667.6503463,12,1
43,31-01-2021,Steel,9397.041489,89.58953803,Gas,601.4680155,648.8279045,12,1
43,28-02-2021,Steel,6047.775612,93.25197897,Gas,377.3685879,409.4934572,12,1
43,31-03-2021,Steel,6894.110729,96.86250346,Gas,835.7884348,507.6457597,12,1
43,30-04-2021,Steel,18896.92504,83.66573259,Gas,1564.826022,466.2907585,12,1
43,31-05-2021,Steel,6258.373677,72.57812362,Gas,316.2881845,501.2572171,12,1
43,30-06-2021,Steel,7428.80421,87.797025,Gas,914.3153284,656.4191682,12,1
43,31-07-2021,Steel,19381.92643,68.39541767,Gas,2439.348391,615.8950922,12,1
43,31-08-2021,Steel,17782.92745,85.98316405,Gas,1392.149112,487.8301931,12,1
43,30-09-2021,Steel,18036.76983,74.01883203,Gas,1653.279573,482.6983471,12,1
43,31-10-2021,Steel,18466.86569,64.85400102,Gas,2636.657566,677.2861398,12,1
43,30-11-2021,Steel,7852.61339,80.55861274,Gas,473.5744524,664.8733011,12,1
43,31-12-2021,Steel,17285.45183,86.46469799,Gas,1039.637312,686.5211114,12,1
43,31-01-2022,Steel,9146.245416,67.67917611,Gas,1095.059928,460.3389127,12,1
43,28-02-2022,Steel,8621.087998,65.71354868,Gas,973.5953396,689.1281445,12,1
43,31-03-2022,Steel,6828.614553,85.18201465,Gas,581.7918566,536.131837,12,1
43,30-04-2022,Steel,11999.55425,71.4111966,Gas,1491.122999,451.586928,12,1
43,31-05-2022,Steel,14058.55806,77.46317998,Gas,782.2471098,712.2021168,12,1
43,30-06-2022,Steel,17763.91169,69.40446351,Gas,1408.846468,575.5460868,12,1
43,31-07-2022,Steel,10025.64499,93.21239766,Gas,1176.712464,503.4972119,12,1
43,31-08-2022,Steel,10894.07172,72.90900972,Gas,971.1816375,556.0922585,12,1
43,30-09-2022,Steel,18107.97627,87.53477301,Gas,1269.258171,462.4069487,12,1
43,31-10-2022,Steel,14327.86545,98.07745979,Gas,2111.437297,489.2415011,12,1
43,30-11-2022,Steel,15491.34671,90.34598409,Gas,1504.359109,488.7246728,12,1
43,31-12-2022,Steel,19309.47698,80.27964112,Gas,2023.810963,689.0793309,12,1
43,31-01-2023,Steel,19656.19662,73.26054106,Gas,2877.058075,495.9563039,12,1
43,28-02-2023,Steel,17943.18317,74.10130304,Gas,1804.784195,519.1535011,12,1
43,31-03-2023,Steel,14538.48373,92.24213383,Gas,1799.641932,411.347045,12,1
43,30-04-2023,Steel,18574.39448,96.36560648,Gas,2051.129129,625.1167157,12,1
43,31-05-2023,Steel,6761.430018,92.49291119,Gas,719.5277056,561.1386476,12,1
43,30-06-2023,Steel,7416.477255,98.0268796,Gas,523.3543037,511.6646926,12,1
43,31-07-2023,Steel,5787.423519,88.4634114,Gas,411.0747325,654.2269484,12,1
43,31-08-2023,Steel,16817.01201,61.9486704,Gas,1336.097842,606.1671824,12,1
43,30-09-2023,Steel,9062.660672,65.97881837,Gas,743.1132369,559.7071013,12,1
43,31-10-2023,Steel,12199.16382,92.2366965,Gas,1419.475867,464.3203922,12,1
43,30-11-2023,Steel,9343.852766,82.92772386,Gas,1257.891134,699.08109,12,1
43,31-12-2023,Steel,6296.091945,65.44090894,Gas,572.7267788,571.6872069,12,1
44,31-01-2019,Textile,11258.52763,89.24082075,Gas,805.670605,715.5525898,18,1
44,28-02-2019,Textile,15879.13409,74.94580661,Gas,1745.43788,680.4314282,18,1
44,31-03-2019,Textile,17254.8181,80.61186778,Gas,2337.883933,651.2241625,18,1
44,30-04-2019,Textile,9513.997971,67.20187173,Gas,845.2204449,442.132768,18,1
44,31-05-2019,Textile,13261.02024,94.89069534,Gas,1233.982499,539.7805627,18,1
44,30-06-2019,Textile,11265.75069,64.53372636,Gas,635.5412733,712.8995127,18,1
44,31-07-2019,Textile,7326.232334,77.74026893,Gas,548.245813,534.7934428,18,1
44,31-08-2019,Textile,18583.69663,71.96571437,Gas,2470.631356,689.5794468,18,1
44,30-09-2019,Textile,10196.71233,61.42642015,Gas,848.7397073,518.6980474,18,1
44,31-10-2019,Textile,12823.93946,94.10993751,Gas,773.8363945,444.2046149,18,1
44,30-11-2019,Textile,7412.626024,90.4808585,Gas,371.0856164,540.4749324,18,1
44,31-12-2019,Textile,7137.829083,66.75567561,Gas,515.6167783,483.5936739,18,1
44,31-01-2020,Textile,7594.195907,78.29711919,Gas,729.6691489,644.873546,18,1
44,29-02-2020,Textile,6238.676324,91.51013335,Gas,826.6800436,492.8519906,18,1
44,31-03-2020,Textile,19442.49289,99.99888589,Gas,2528.898906,482.6187552,18,1
44,30-04-2020,Textile,6421.128134,77.77676063,Gas,959.7108395,703.3966544,18,1
44,31-05-2020,Textile,17753.91798,99.30025908,Gas,2073.224381,638.3573393,18,1
44,30-06-2020,Textile,17286.632,80.30932359,Gas,1057.769045,523.2965559,18,1
44,31-07-2020,Textile,14766.76817,99.67625431,Gas,2068.715559,480.9121919,18,1
44,31-08-2020,Textile,12872.03056,62.63349389,Gas,1139.42881,444.4353301,18,1
44,30-09-2020,Textile,15934.27969,76.73598239,Gas,1987.895915,658.9573814,18,1
44,31-10-2020,Textile,13445.24108,66.28457265,Gas,1787.613189,690.5343228,18,1
44,30-11-2020,Textile,12933.67599,83.01588374,Gas,1871.044868,527.8695087,18,1
44,31-12-2020,Textile,18999.91809,97.66786589,Gas,2077.430916,557.5031965,18,1
44,31-01-2021,Textile,6913.065145,98.79322559,Gas,511.1277506,543.2776581,18,1
44,28-02-2021,Textile,14739.60324,80.57358862,Gas,1731.95628,681.3760173,18,1
44,31-03-2021,Textile,11032.0168,74.16941373,Gas,1262.634281,458.4569222,18,1
44,30-04-2021,Textile,9642.786722,82.73302893,Gas,1379.741149,716.9166484,18,1
44,31-05-2021,Textile,15016.33161,81.30909051,Gas,972.4590545,626.9115776,18,1
44,30-06-2021,Textile,5601.239929,87.64124157,Gas,499.5737933,520.7544559,18,1
44,31-07-2021,Textile,7450.90086,89.9598794,Gas,804.6564429,547.5191003,18,1
44,31-08-2021,Textile,14169.76725,79.29047676,Gas,1579.139995,679.4313896,18,1
44,30-09-2021,Textile,5722.519525,83.96060329,Gas,631.118902,586.6526816,18,1
44,31-10-2021,Textile,12143.31138,82.84344733,Gas,1349.504583,423.6204419,18,1
44,30-11-2021,Textile,17379.46117,82.14821107,Gas,1016.963714,516.6013152,18,1
44,31-12-2021,Textile,6762.575565,93.54202158,Gas,870.8218635,547.9003409,18,1
44,31-01-2022,Textile,6541.558404,60.00374375,Gas,375.0055434,695.7173772,18,1
44,28-02-2022,Textile,17795.1122,66.75570488,Gas,2463.40587,544.573914,18,1
44,31-03-2022,Textile,18780.77258,98.0393928,Gas,1097.594145,538.6844339,18,1
44,30-04-2022,Textile,9849.937976,97.29458538,Gas,1228.927904,544.9048973,18,1
44,31-05-2022,Textile,14617.20454,71.72249077,Gas,1543.089348,687.7559686,18,1
44,30-06-2022,Textile,18995.25161,83.30241275,Gas,1383.934242,583.3196488,18,1
44,31-07-2022,Textile,17357.42343,79.94330226,Gas,1469.056419,561.5885599,18,1
44,31-08-2022,Textile,16645.20815,67.97907128,Gas,1259.357079,501.6411635,18,1
44,30-09-2022,Textile,9826.343754,94.07771441,Gas,513.9340816,600.1135514,18,1
44,31-10-2022,Textile,5417.844971,61.90046926,Gas,680.3609073,542.3756663,18,1
44,30-11-2022,Textile,17033.62647,92.1787501,Gas,1905.767771,585.462465,18,1
44,31-12-2022,Textile,13536.30143,71.7838607,Gas,1335.7327,422.0860938,18,1
44,31-01-2023,Textile,11866.21098,60.65438958,Gas,1356.763706,616.5641894,18,1
44,28-02-2023,Textile,9128.20291,71.27472864,Gas,756.3554976,507.5347789,18,1
44,31-03-2023,Textile,11616.30459,91.13773099,Gas,1060.9736,502.0281839,18,1
44,30-04-2023,Textile,18048.95238,96.37330178,Gas,1460.948436,460.0277428,18,1
44,31-05-2023,Textile,13546.12367,64.64802509,Gas,1326.504372,630.3838198,18,1
44,30-06-2023,Textile,13763.58935,90.62517294,Gas,2063.571742,528.59134,18,1
44,31-07-2023,Textile,11282.04479,63.8363753,Gas,1609.396941,670.0079513,18,1
44,31-08-2023,Textile,15397.36338,99.83792466,Gas,1762.584832,488.4735691,18,1
44,30-09-2023,Textile,9338.03453,86.46381765,Gas,1359.409238,447.6455044,18,1
44,31-10-2023,Textile,8735.1942,76.90306003,Gas,577.7262943,685.3557375,18,1
44,30-11-2023,Textile,7067.60971,73.5956799,Gas,495.4259642,407.6606293,18,1
44,31-12-2023,Textile,7199.651617,66.01450484,Gas,879.0686425,611.6631196,18,1
45,31-01-2019,Steel,17233.14202,82.48418209,Gas,2461.076804,456.9960699,2,0
45,28-02-2019,Steel,18092.0929,61.62182482,Gas,2456.344758,408.8485619,2,0
45,31-03-2019,Steel,6300.781588,72.33336604,Gas,404.7284492,429.6579274,2,0
45,30-04-2019,Steel,5255.228505,69.49263036,Gas,560.7936237,425.2791911,2,0
45,31-05-2019,Steel,15769.71655,81.58017596,Gas,2229.824423,548.5397888,2,0
45,30-06-2019,Steel,8245.8051,95.36419235,Gas,792.143669,440.6570315,2,0
45,31-07-2019,Steel,15594.95881,76.62243773,Gas,2239.436948,634.3184997,2,0
45,31-08-2019,Steel,17914.19515,95.51862077,Gas,1178.524227,628.8975364,2,0
45,30-09-2019,Steel,12788.92062,91.79498146,Gas,1519.133725,418.2633476,2,0
45,31-10-2019,Steel,16839.96582,64.16330836,Gas,1185.249766,412.191839,2,0
45,30-11-2019,Steel,6153.533775,65.25775472,Gas,468.1934239,625.1758313,2,0
45,31-12-2019,Steel,19842.99836,71.71707439,Gas,2217.652154,622.0747725,2,0
45,31-01-2020,Steel,15487.27142,88.3546813,Gas,2317.245763,622.5907219,2,0
45,29-02-2020,Steel,18456.36141,75.28076856,Gas,1500.668424,692.1490269,2,0
45,31-03-2020,Steel,8671.419316,63.76527721,Gas,1100.994532,532.5606698,2,0
45,30-04-2020,Steel,11727.9562,85.04232569,Gas,1536.049245,514.1660513,2,0
45,31-05-2020,Steel,15872.3213,74.43009668,Gas,979.4004878,629.9046726,2,0
45,30-06-2020,Steel,6200.925766,75.98036311,Gas,776.0037051,546.7776892,2,0
45,31-07-2020,Steel,5616.082423,60.46058586,Gas,627.9187838,428.313382,2,0
45,31-08-2020,Steel,13383.39352,74.37466404,Gas,1807.512007,417.0150745,2,0
45,30-09-2020,Steel,18771.00588,93.28785077,Gas,2184.349274,541.1442184,2,0
45,31-10-2020,Steel,12242.00787,86.75130898,Gas,748.843212,443.4923363,2,0
45,30-11-2020,Steel,12801.34768,93.45157536,Gas,1409.875518,588.9949906,2,0
45,31-12-2020,Steel,5722.713082,96.64886392,Gas,552.9300857,708.5575061,2,0
45,31-01-2021,Steel,14620.14083,62.33711609,Gas,1854.63565,649.6646606,2,0
45,28-02-2021,Steel,18968.67045,84.68588724,Gas,1776.006058,580.6287744,2,0
45,31-03-2021,Steel,10439.43763,90.80504804,Gas,1505.117866,675.3640377,2,0
45,30-04-2021,Steel,7364.058206,87.18689068,Gas,1041.95182,445.7557455,2,0
45,31-05-2021,Steel,18484.11387,70.91546433,Gas,1332.021217,421.9266561,2,0
45,30-06-2021,Steel,13858.5693,98.17678085,Gas,1106.7954,519.1493392,2,0
45,31-07-2021,Steel,10092.70637,78.80433745,Gas,1184.016831,483.8650735,2,0
45,31-08-2021,Steel,6972.210941,69.127839,Gas,819.964881,463.1150037,2,0
45,30-09-2021,Steel,16491.0999,63.86229136,Gas,1214.67568,511.6695007,2,0
45,31-10-2021,Steel,12148.30373,72.39054114,Gas,983.7568967,456.3611541,2,0
45,30-11-2021,Steel,12498.41179,95.027436,Gas,1291.418425,542.3427903,2,0
45,31-12-2021,Steel,14444.29174,97.39002725,Gas,1466.492974,718.8343877,2,0
45,31-01-2022,Steel,9404.057944,63.33547384,Gas,1045.181862,543.4926317,2,0
45,28-02-2022,Steel,12213.94204,97.15589218,Gas,1529.449036,416.8761268,2,0
45,31-03-2022,Steel,19183.74346,60.80012864,Gas,1813.468263,651.6669509,2,0
45,30-04-2022,Steel,7068.916048,95.07915936,Gas,1004.701292,708.5491867,2,0
45,31-05-2022,Steel,13259.83768,95.18427918,Gas,1316.808822,512.2973084,2,0
45,30-06-2022,Steel,15427.6962,83.28752898,Gas,2270.895214,532.9008028,2,0
45,31-07-2022,Steel,12344.17647,86.00543908,Gas,863.2149481,495.1458129,2,0
45,31-08-2022,Steel,11331.01279,98.2526,Gas,1069.556538,559.5337448,2,0
45,30-09-2022,Steel,17306.6744,70.49849641,Gas,1926.966131,576.8858737,2,0
45,31-10-2022,Steel,14098.21608,73.23170459,Gas,2010.290133,486.4196035,2,0
45,30-11-2022,Steel,5998.464347,94.63746492,Gas,424.142209,710.8313553,2,0
45,31-12-2022,Steel,9399.051824,63.68493659,Gas,684.4824705,577.1586495,2,0
45,31-01-2023,Steel,8037.197651,65.05224685,Gas,1080.040549,647.953391,2,0
45,28-02-2023,Steel,15604.11491,90.79153996,Gas,1597.39638,469.5577677,2,0
45,31-03-2023,Steel,5915.541029,63.59339514,Gas,590.021679,695.1156733,2,0
45,30-04-2023,Steel,6324.457545,83.58467079,Gas,920.9751678,668.0357867,2,0
45,31-05-2023,Steel,10910.66735,62.92185328,Gas,757.0749103,472.1820449,2,0
45,30-06-2023,Steel,15311.27286,72.71631963,Gas,1540.093608,509.1621667,2,0
45,31-07-2023,Steel,9179.870602,64.52052526,Gas,882.2974531,400.6157366,2,0
45,31-08-2023,Steel,17618.08998,65.73020818,Gas,1646.940547,481.0016652,2,0
45,30-09-2023,Steel,8823.513681,75.25468803,Gas,866.1157349,454.342421,2,0
45,31-10-2023,Steel,12635.91032,62.12816807,Gas,1859.488169,418.6140185,2,0
45,30-11-2023,Steel,9565.981695,84.52661432,Gas,1012.025363,536.7578694,2,0
45,31-12-2023,Steel,18781.84989,77.03584649,Gas,2579.973232,533.6843469,2,0
46,31-01-2019,Textile,18668.39051,62.5364273,Gas,2716.268227,416.3769469,15,1
46,28-02-2019,Textile,8358.352329,78.34083879,Gas,488.9082616,718.5602014,15,1
46,31-03-2019,Textile,16263.57993,69.35073445,Gas,1211.135062,606.0627964,15,1
46,30-04-2019,Textile,15720.51306,95.95377368,Gas,1066.26255,592.8513365,15,1
46,31-05-2019,Textile,14622.39952,72.62586451,Gas,1427.764825,667.5208666,15,1
46,30-06-2019,Textile,6267.421094,85.06381298,Gas,470.0896699,624.5293098,15,1
46,31-07-2019,Textile,17943.37734,90.1043229,Gas,2660.196452,417.2223991,15,1
46,31-08-2019,Textile,8782.980875,94.34849074,Gas,623.214095,690.214576,15,1
46,30-09-2019,Textile,6580.946087,74.52140199,Gas,502.7626539,572.2363719,15,1
46,31-10-2019,Textile,6884.367761,69.94852699,Gas,995.5614181,646.9785752,15,1
46,30-11-2019,Textile,11665.78532,88.23150932,Gas,1171.810626,435.7117138,15,1
46,31-12-2019,Textile,8156.737586,89.72938134,Gas,890.9885756,687.4556628,15,1
46,31-01-2020,Textile,9682.059707,81.4294753,Gas,725.7144845,622.6767933,15,1
46,29-02-2020,Textile,14840.67605,87.6540583,Gas,1380.175324,423.7861756,15,1
46,31-03-2020,Textile,19035.47311,68.35873656,Gas,1234.331276,571.2538573,15,1
46,30-04-2020,Textile,14654.30286,85.85652511,Gas,1010.112266,616.6419028,15,1
46,31-05-2020,Textile,19375.50339,61.09970632,Gas,972.7511033,503.468982,15,1
46,30-06-2020,Textile,17346.72083,71.27591416,Gas,925.3409718,551.3239726,15,1
46,31-07-2020,Textile,11180.00275,81.95657813,Gas,902.5451062,544.0705899,15,1
46,31-08-2020,Textile,12753.71614,97.26621495,Gas,1135.971715,696.4479609,15,1
46,30-09-2020,Textile,18670.27254,95.69839559,Gas,2524.85024,519.9953001,15,1
46,31-10-2020,Textile,7676.32734,69.89066203,Gas,449.6635214,681.3547671,15,1
46,30-11-2020,Textile,14499.54559,90.57339251,Gas,1694.490378,520.7533534,15,1
46,31-12-2020,Textile,10015.87391,96.9159988,Gas,1338.274678,619.8213137,15,1
46,31-01-2021,Textile,6586.046463,89.68317649,Gas,555.8746045,408.7740529,15,1
46,28-02-2021,Textile,17316.24362,69.56814925,Gas,2114.045054,697.3731141,15,1
46,31-03-2021,Textile,18213.77039,66.61767966,Gas,1140.774894,498.457141,15,1
46,30-04-2021,Textile,8428.009137,75.29876967,Gas,423.2579494,493.159566,15,1
46,31-05-2021,Textile,18655.95684,75.22254854,Gas,1331.350012,432.7143544,15,1
46,30-06-2021,Textile,15162.34363,85.3627928,Gas,1607.295376,489.4770009,15,1
46,31-07-2021,Textile,13381.33234,71.7554293,Gas,889.7092952,598.162927,15,1
46,31-08-2021,Textile,5037.266996,92.51378959,Gas,666.7007707,691.7189654,15,1
46,30-09-2021,Textile,10555.16303,88.96693182,Gas,954.6660157,709.6917399,15,1
46,31-10-2021,Textile,11941.56598,96.22117995,Gas,816.3031768,458.3011591,15,1
46,30-11-2021,Textile,9798.289523,72.64009474,Gas,1468.049402,472.3337145,15,1
46,31-12-2021,Textile,13848.90303,82.78869573,Gas,1956.604935,494.3695621,15,1
46,31-01-2022,Textile,5036.206316,61.96117945,Gas,395.3427095,670.849307,15,1
46,28-02-2022,Textile,18502.62899,62.99808276,Gas,2631.648132,408.8906608,15,1
46,31-03-2022,Textile,18033.76355,79.6922495,Gas,1415.519208,647.0847616,15,1
46,30-04-2022,Textile,7050.097075,72.0986217,Gas,732.272789,588.6647695,15,1
46,31-05-2022,Textile,18269.10022,94.72094884,Gas,1982.225888,718.6227862,15,1
46,30-06-2022,Textile,10917.28276,61.43163928,Gas,1595.517659,616.2459335,15,1
46,31-07-2022,Textile,17678.1768,98.59947294,Gas,1884.191167,614.6185607,15,1
46,31-08-2022,Textile,17034.55759,80.28568781,Gas,2474.024843,664.3936889,15,1
46,30-09-2022,Textile,12504.1171,71.1448059,Gas,1016.704802,412.7567871,15,1
46,31-10-2022,Textile,10849.38415,78.56515605,Gas,1412.491597,714.567777,15,1
46,30-11-2022,Textile,14570.78163,71.12574436,Gas,1914.798693,599.7678242,15,1
46,31-12-2022,Textile,8407.229064,92.36921567,Gas,933.1374142,439.5711931,15,1
46,31-01-2023,Textile,19667.99792,78.92114241,Gas,1295.295036,712.6328548,15,1
46,28-02-2023,Textile,8824.834428,69.56493986,Gas,1138.161779,449.1127178,15,1
46,31-03-2023,Textile,7834.43693,92.13231989,Gas,547.2626939,401.7517504,15,1
46,30-04-2023,Textile,19350.7736,65.31778044,Gas,2541.766414,608.1362651,15,1
46,31-05-2023,Textile,15658.73005,97.04961047,Gas,1978.491047,461.336594,15,1
46,30-06-2023,Textile,14570.34315,91.27021121,Gas,800.7109179,580.3922265,15,1
46,31-07-2023,Textile,18406.76059,81.30444768,Gas,1545.750842,544.3276582,15,1
46,31-08-2023,Textile,17170.31227,72.11504525,Gas,1737.444152,438.7007955,15,1
46,30-09-2023,Textile,14239.38044,79.10805979,Gas,965.3195256,707.8451126,15,1
46,31-10-2023,Textile,13378.05213,96.49612495,Gas,968.3673374,684.3796249,15,1
46,30-11-2023,Textile,16500.74786,93.78183805,Gas,1290.566418,408.1879844,15,1
46,31-12-2023,Textile,17346.50562,66.83720198,Gas,946.0956153,462.867676,15,1
47,31-01-2019,Textile,11188.15588,90.96892231,Diesel,1238.832713,579.0263062,2,0
47,28-02-2019,Textile,15875.09657,98.42980131,Diesel,918.5539548,490.0130253,2,0
47,31-03-2019,Textile,5646.091787,60.46238361,Diesel,551.6771326,675.8398358,2,0
47,30-04-2019,Textile,10701.02828,73.09106243,Diesel,633.9234717,410.0576504,2,0
47,31-05-2019,Textile,6349.844479,76.68227221,Diesel,322.8077845,430.2038124,2,0
47,30-06-2019,Textile,19169.15324,77.36728763,Diesel,1340.174774,571.5657086,2,0
47,31-07-2019,Textile,14457.97207,78.43473086,Diesel,1595.96895,616.4376273,2,0
47,31-08-2019,Textile,9319.146944,88.17425176,Diesel,1030.516743,546.1377459,2,0
47,30-09-2019,Textile,5069.512789,78.10193323,Diesel,341.0569931,606.4334856,2,0
47,31-10-2019,Textile,5369.877553,94.09101278,Diesel,294.4566082,471.7953599,2,0
47,30-11-2019,Textile,13769.55377,76.34510165,Diesel,1262.674368,447.4638265,2,0
47,31-12-2019,Textile,16960.7621,89.97721997,Diesel,985.4442687,623.1429146,2,0
47,31-01-2020,Textile,6186.432378,71.45199595,Diesel,599.7765845,665.7536353,2,0
47,29-02-2020,Textile,17604.91397,60.3549316,Diesel,892.8279979,446.8182746,2,0
47,31-03-2020,Textile,6835.265505,61.75235053,Diesel,508.038051,420.6887455,2,0
47,30-04-2020,Textile,12855.15458,65.05272765,Diesel,1597.598285,506.447929,2,0
47,31-05-2020,Textile,9714.092179,74.49191622,Diesel,1272.335037,573.0825609,2,0
47,30-06-2020,Textile,9142.913984,69.09473735,Diesel,686.2541913,633.8017946,2,0
47,31-07-2020,Textile,8669.036833,67.09187024,Diesel,848.6669317,441.8390085,2,0
47,31-08-2020,Textile,11915.85793,81.46260225,Diesel,1232.991758,465.1595724,2,0
47,30-09-2020,Textile,18276.66997,90.86205527,Diesel,1904.465481,400.8200914,2,0
47,31-10-2020,Textile,10493.19198,80.74361136,Diesel,1024.73283,466.7777353,2,0
47,30-11-2020,Textile,16399.3193,66.95146007,Diesel,1859.183326,403.0351264,2,0
47,31-12-2020,Textile,17075.76205,75.43763549,Diesel,2019.354953,434.4960451,2,0
47,31-01-2021,Textile,14316.90006,73.35190575,Diesel,1420.139757,542.1053729,2,0
47,28-02-2021,Textile,16035.68915,69.53770247,Diesel,1308.50113,492.7073471,2,0
47,31-03-2021,Textile,10684.35006,64.69999844,Diesel,945.0196776,432.7429511,2,0
47,30-04-2021,Textile,10638.26211,87.49936555,Diesel,1078.834183,446.4952799,2,0
47,31-05-2021,Textile,10937.21688,95.46100253,Diesel,1477.217041,650.2729605,2,0
47,30-06-2021,Textile,5361.944998,73.93637429,Diesel,524.4145871,606.2955403,2,0
47,31-07-2021,Textile,18513.77419,99.67990646,Diesel,1955.655153,702.265692,2,0
47,31-08-2021,Textile,12723.57942,73.17796277,Diesel,642.4344191,413.016996,2,0
47,30-09-2021,Textile,11019.49048,76.84707716,Diesel,728.2473738,430.9102661,2,0
47,31-10-2021,Textile,6582.950942,83.6892534,Diesel,760.5154034,642.5440705,2,0
47,30-11-2021,Textile,9199.344256,82.40451382,Diesel,864.5787167,445.429505,2,0
47,31-12-2021,Textile,14928.18917,80.3264588,Diesel,935.7459736,573.5012903,2,0
47,31-01-2022,Textile,5588.580349,70.7902582,Diesel,643.8036064,663.4826282,2,0
47,28-02-2022,Textile,5423.205295,78.67787027,Diesel,450.4083169,656.722217,2,0
47,31-03-2022,Textile,10111.21807,92.07133945,Diesel,782.5899017,415.2063892,2,0
47,30-04-2022,Textile,15759.8771,72.95219818,Diesel,1522.164035,453.2032579,2,0
47,31-05-2022,Textile,14001.24209,95.78499475,Diesel,1591.86634,402.412887,2,0
47,30-06-2022,Textile,9542.443413,72.82903353,Diesel,1184.244542,633.3314813,2,0
47,31-07-2022,Textile,15580.54418,73.62777563,Diesel,2289.783809,716.2492052,2,0
47,31-08-2022,Textile,14252.12452,83.66612641,Diesel,1292.825487,603.634784,2,0
47,30-09-2022,Textile,12116.67737,89.9164111,Diesel,1096.525179,713.6805031,2,0
47,31-10-2022,Textile,12977.91084,71.15067201,Diesel,1777.854447,699.8842409,2,0
47,30-11-2022,Textile,5081.720416,77.21905265,Diesel,633.0249794,569.131586,2,0
47,31-12-2022,Textile,13967.04295,96.97184387,Diesel,1411.30407,489.4852413,2,0
47,31-01-2023,Textile,12801.02582,80.42116079,Diesel,1680.3495,406.9028494,2,0
47,28-02-2023,Textile,19804.54183,82.03571442,Diesel,1048.606135,557.3526284,2,0
47,31-03-2023,Textile,19620.07957,65.97278796,Diesel,2621.727253,515.1366417,2,0
47,30-04-2023,Textile,17240.54376,79.07841465,Diesel,991.3801562,460.6052745,2,0
47,31-05-2023,Textile,14318.38527,82.50189542,Diesel,2042.185828,511.5704219,2,0
47,30-06-2023,Textile,6367.702888,68.31844528,Diesel,726.0198836,471.4184183,2,0
47,31-07-2023,Textile,9788.342656,95.9810211,Diesel,1138.718266,466.8092576,2,0
47,31-08-2023,Textile,18856.29206,92.67763694,Diesel,1304.174439,442.3484839,2,0
47,30-09-2023,Textile,11269.05872,95.77873909,Diesel,680.6628816,555.0557701,2,0
47,31-10-2023,Textile,18139.13109,97.37975104,Diesel,1069.278834,683.2912378,2,0
47,30-11-2023,Textile,13668.84756,74.97247665,Diesel,1478.254198,480.8339004,2,0
47,31-12-2023,Textile,8665.049756,81.32543248,Diesel,675.2398872,501.0804099,2,0
48,31-01-2019,Pharma,5262.401313,81.05138234,Coal,403.6635837,717.3090341,2,0
48,28-02-2019,Pharma,15055.30437,84.82613565,Coal,1567.9751,455.898909,2,0
48,31-03-2019,Pharma,13932.51198,70.34564336,Coal,1684.827101,550.3306165,2,0
48,30-04-2019,Pharma,6848.538394,85.65749868,Coal,703.9307109,632.3166143,2,0
48,31-05-2019,Pharma,11606.15966,85.6117139,Coal,765.7064841,458.6578125,2,0
48,30-06-2019,Pharma,19309.29745,66.46386519,Coal,2435.71911,509.2570084,2,0
48,31-07-2019,Pharma,19858.42074,96.07152916,Coal,1384.992482,516.2245921,2,0
48,31-08-2019,Pharma,18003.64292,73.9561576,Coal,1437.190829,599.4603415,2,0
48,30-09-2019,Pharma,5552.34414,82.37033352,Coal,604.0144047,525.6988031,2,0
48,31-10-2019,Pharma,14506.92797,66.99460089,Coal,1832.048324,460.7924679,2,0
48,30-11-2019,Pharma,7875.725623,77.82893754,Coal,773.1588412,700.5199116,2,0
48,31-12-2019,Pharma,7894.31901,61.98563686,Coal,1086.164937,592.0407511,2,0
48,31-01-2020,Pharma,10920.64139,79.74361542,Coal,1308.594217,509.5427058,2,0
48,29-02-2020,Pharma,19750.67453,92.64236916,Coal,2862.32085,467.9570343,2,0
48,31-03-2020,Pharma,12520.00089,72.13760696,Coal,731.5784531,575.1917457,2,0
48,30-04-2020,Pharma,12641.6172,74.29138273,Coal,807.5549564,582.532922,2,0
48,31-05-2020,Pharma,16434.24769,82.6651266,Coal,1836.857623,622.7873447,2,0
48,30-06-2020,Pharma,18286.58587,91.61784347,Coal,1982.198068,714.7947618,2,0
48,31-07-2020,Pharma,8622.336663,94.68965956,Coal,647.4770766,612.1139696,2,0
48,31-08-2020,Pharma,16706.50185,76.64304561,Coal,1400.997637,423.567764,2,0
48,30-09-2020,Pharma,11372.3024,84.11975976,Coal,1271.521753,642.8107576,2,0
48,31-10-2020,Pharma,19995.0846,94.7718695,Coal,2865.510812,599.5332816,2,0
48,30-11-2020,Pharma,12384.73274,74.40996987,Coal,1190.610793,531.4709405,2,0
48,31-12-2020,Pharma,6459.677408,65.62380703,Coal,832.8333162,473.3114341,2,0
48,31-01-2021,Pharma,11212.30743,90.09451747,Coal,1203.935074,641.3099687,2,0
48,28-02-2021,Pharma,10824.1397,62.29104923,Coal,1322.157052,512.923677,2,0
48,31-03-2021,Pharma,17951.13191,78.50085028,Coal,1756.442401,600.7912522,2,0
48,30-04-2021,Pharma,11472.05476,74.15555827,Coal,763.1552479,435.8815097,2,0
48,31-05-2021,Pharma,19314.48275,92.15283423,Coal,1205.357719,574.5254278,2,0
48,30-06-2021,Pharma,17985.31879,94.6216233,Coal,1967.678982,485.7229777,2,0
48,31-07-2021,Pharma,18451.71921,85.12202618,Coal,2706.421956,633.5817392,2,0
48,31-08-2021,Pharma,7630.084791,71.30845479,Coal,569.2925943,584.3713315,2,0
48,30-09-2021,Pharma,12327.70044,91.41581892,Coal,1841.993942,635.4195134,2,0
48,31-10-2021,Pharma,15783.67721,81.52817338,Coal,1931.36116,607.3293325,2,0
48,30-11-2021,Pharma,13978.68338,95.47809756,Coal,1444.430891,573.1090447,2,0
48,31-12-2021,Pharma,15448.18433,70.78603736,Coal,1034.936991,684.6054647,2,0
48,31-01-2022,Pharma,12434.45019,72.71490356,Coal,915.7389752,437.4489279,2,0
48,28-02-2022,Pharma,19225.41498,75.74884746,Coal,1649.784525,451.9698049,2,0
48,31-03-2022,Pharma,6830.930839,72.55290331,Coal,421.8200975,633.5393593,2,0
48,30-04-2022,Pharma,14836.99032,97.72650884,Coal,757.8033861,486.5398164,2,0
48,31-05-2022,Pharma,15989.86875,91.64567478,Coal,1571.850081,711.9337252,2,0
48,30-06-2022,Pharma,5010.575178,98.36420368,Coal,337.9569879,479.5621364,2,0
48,31-07-2022,Pharma,9287.252616,79.30605926,Coal,1120.878172,717.7719793,2,0
48,31-08-2022,Pharma,14076.81678,94.35514253,Coal,1501.507899,646.9575561,2,0
48,30-09-2022,Pharma,17959.63475,74.31166753,Coal,1243.183386,569.4947921,2,0
48,31-10-2022,Pharma,7342.9054,70.77285281,Coal,583.0370324,497.691628,2,0
48,30-11-2022,Pharma,13995.28182,70.12536144,Coal,1420.830324,472.7634572,2,0
48,31-12-2022,Pharma,14223.04797,84.47895002,Coal,711.9476006,537.3005659,2,0
48,31-01-2023,Pharma,19578.59539,98.21595446,Coal,1194.064592,567.2816117,2,0
48,28-02-2023,Pharma,6122.726111,80.35971799,Coal,543.3498801,570.4093756,2,0
48,31-03-2023,Pharma,12263.95494,92.32900797,Coal,658.5459929,445.2861621,2,0
48,30-04-2023,Pharma,9692.162513,89.19351968,Coal,1223.865675,476.0059362,2,0
48,31-05-2023,Pharma,10037.49514,98.88485238,Coal,1030.940019,624.2547912,2,0
48,30-06-2023,Pharma,5644.252465,60.55822126,Coal,557.660067,530.9543537,2,0
48,31-07-2023,Pharma,6363.105138,87.68592901,Coal,866.1848911,704.1203264,2,0
48,31-08-2023,Pharma,12004.26287,80.82091891,Coal,1785.729109,680.6085068,2,0
48,30-09-2023,Pharma,9407.534581,98.01459778,Coal,1161.583524,641.7918461,2,0
48,31-10-2023,Pharma,5294.361556,97.60079519,Coal,776.4048966,497.4892315,2,0
48,30-11-2023,Pharma,16475.70128,84.9591301,Coal,902.3756487,400.2327888,2,0
48,31-12-2023,Pharma,17650.93607,71.85057614,Coal,2530.904688,470.1048447,2,0
49,31-01-2019,Steel,7571.31283,88.42838649,Gas,684.1890401,703.8631346,6,1
49,28-02-2019,Steel,5313.325908,71.10555201,Gas,659.5010744,517.1168955,6,1
49,31-03-2019,Steel,8195.165286,78.04726175,Gas,1166.699978,525.7278516,6,1
49,30-04-2019,Steel,5131.424648,90.2791295,Gas,693.5810134,473.3125285,6,1
49,31-05-2019,Steel,6635.494811,65.7305149,Gas,759.755117,690.9878138,6,1
49,30-06-2019,Steel,17924.91533,80.36652015,Gas,927.2527506,421.887649,6,1
49,31-07-2019,Steel,16008.24703,74.28192358,Gas,1060.532212,491.5571268,6,1
49,31-08-2019,Steel,15524.49438,89.52001726,Gas,2264.777418,713.6485366,6,1
49,30-09-2019,Steel,15015.14739,76.00555221,Gas,2118.962712,416.2241957,6,1
49,31-10-2019,Steel,6097.957159,79.25015916,Gas,640.4250927,597.6616751,6,1
49,30-11-2019,Steel,7431.039886,61.83860319,Gas,643.413322,651.7965279,6,1
49,31-12-2019,Steel,15684.65185,80.90720341,Gas,938.6459841,512.875772,6,1
49,31-01-2020,Steel,6987.140728,85.30300968,Gas,785.7917288,450.1190854,6,1
49,29-02-2020,Steel,18325.74065,77.42110237,Gas,2013.705641,480.9720433,6,1
49,31-03-2020,Steel,9183.781938,77.63351564,Gas,1202.699,665.2771543,6,1
49,30-04-2020,Steel,5839.569903,67.98489024,Gas,643.9832937,643.680658,6,1
49,31-05-2020,Steel,17047.01535,79.83718324,Gas,2191.61036,645.03468,6,1
49,30-06-2020,Steel,15485.53776,81.12958178,Gas,964.5630859,661.0909186,6,1
49,31-07-2020,Steel,19789.10405,66.94078794,Gas,1673.27894,453.842326,6,1
49,31-08-2020,Steel,19645.38209,85.13326427,Gas,1286.254205,669.8061082,6,1
49,30-09-2020,Steel,10507.57357,94.81613709,Gas,704.4324287,522.0722534,6,1
49,31-10-2020,Steel,6413.462446,62.42914356,Gas,394.0761068,648.6328112,6,1
49,30-11-2020,Steel,19941.96464,86.1435642,Gas,2399.988805,500.3589855,6,1
49,31-12-2020,Steel,13852.86369,78.86619791,Gas,1524.122874,685.0646103,6,1
49,31-01-2021,Steel,8546.54518,90.57033871,Gas,757.6398604,614.2084474,6,1
49,28-02-2021,Steel,9798.299521,73.49126111,Gas,1390.066236,541.3099912,6,1
49,31-03-2021,Steel,7291.337719,90.15654045,Gas,521.4711746,503.8113587,6,1
49,30-04-2021,Steel,8738.966593,65.96661543,Gas,437.8259326,564.7810467,6,1
49,31-05-2021,Steel,5014.687005,74.53026935,Gas,555.051059,647.5829685,6,1
49,30-06-2021,Steel,13843.57911,67.20598576,Gas,1368.462777,447.6447734,6,1
49,31-07-2021,Steel,14988.39812,69.91698731,Gas,904.9607291,657.0187227,6,1
49,31-08-2021,Steel,11396.64905,94.28805219,Gas,1146.422931,535.9081998,6,1
49,30-09-2021,Steel,17048.92991,87.44477379,Gas,2023.64394,695.080838,6,1
49,31-10-2021,Steel,15010.54908,68.05384421,Gas,937.4054955,435.6974955,6,1
49,30-11-2021,Steel,14173.8579,93.98136613,Gas,836.5137484,453.7655958,6,1
49,31-12-2021,Steel,13948.92129,77.37468825,Gas,1315.682613,644.0032077,6,1
49,31-01-2022,Steel,11384.89592,88.21454683,Gas,1201.450752,678.5406229,6,1
49,28-02-2022,Steel,19672.92306,86.8581026,Gas,2870.708992,634.257508,6,1
49,31-03-2022,Steel,8289.07316,88.27270043,Gas,851.6176896,620.9727903,6,1
49,30-04-2022,Steel,12560.28085,80.12275026,Gas,1165.664303,617.8889008,6,1
49,31-05-2022,Steel,13988.91479,65.85119234,Gas,898.6638612,448.1481637,6,1
49,30-06-2022,Steel,16852.78427,68.95063351,Gas,1351.141338,671.6398274,6,1
49,31-07-2022,Steel,15238.25739,77.24154392,Gas,1669.807753,687.4729868,6,1
49,31-08-2022,Steel,15497.33883,85.94563167,Gas,1040.949792,635.7874416,6,1
49,30-09-2022,Steel,14035.03373,85.93563427,Gas,1119.07943,703.1673716,6,1
49,31-10-2022,Steel,16104.95017,85.82439575,Gas,807.1071001,651.4992899,6,1
49,30-11-2022,Steel,14840.39479,64.52109001,Gas,1958.667401,653.6531792,6,1
49,31-12-2022,Steel,14423.01182,84.89451032,Gas,1809.780135,457.9912914,6,1
49,31-01-2023,Steel,14001.04942,95.54104367,Gas,1078.120554,437.8255244,6,1
49,28-02-2023,Steel,19278.77409,78.67503774,Gas,1545.801421,703.7043193,6,1
49,31-03-2023,Steel,6563.008145,89.21366549,Gas,849.6743877,479.2475698,6,1
49,30-04-2023,Steel,12917.97595,73.80584916,Gas,1823.500144,424.9595405,6,1
49,31-05-2023,Steel,15758.91911,82.49008893,Gas,2265.649769,691.9818755,6,1
49,30-06-2023,Steel,12654.71328,71.08827072,Gas,977.9083093,709.2117209,6,1
49,31-07-2023,Steel,5692.876093,64.07148341,Gas,450.3125305,584.2038835,6,1
49,31-08-2023,Steel,16281.39647,78.18027483,Gas,2283.128557,629.5892738,6,1
49,30-09-2023,Steel,19074.17373,74.58666118,Gas,2698.097557,673.8210735,6,1
49,31-10-2023,Steel,18752.82201,86.11172558,Gas,1642.2722,598.2491148,6,1
49,30-11-2023,Steel,16783.90006,82.69591127,Gas,1369.194813,644.7216711,6,1
49,31-12-2023,Steel,14380.14667,82.79393236,Gas,1815.179575,477.1035334,6,1
50,31-01-2019,Chemical,16894.37234,63.01668495,Gas,1825.564781,510.1129154,9,0
50,28-02-2019,Chemical,14836.99564,79.76731479,Gas,1844.867689,469.8144782,9,0
50,31-03-2019,Chemical,11523.21466,60.81345228,Gas,1719.005107,592.0483049,9,0
50,30-04-2019,Chemical,15481.30344,81.25582572,Gas,981.9888736,552.6372936,9,0
50,31-05-2019,Chemical,9872.614897,73.84509069,Gas,1051.347126,449.4770188,9,0
50,30-06-2019,Chemical,14126.51353,68.27042595,Gas,1128.280233,434.4024904,9,0
50,31-07-2019,Chemical,5444.616631,83.39641483,Gas,484.820021,566.8153436,9,0
50,31-08-2019,Chemical,13137.3099,85.1816271,Gas,1921.647699,429.4276969,9,0
50,30-09-2019,Chemical,13894.34888,83.63302272,Gas,1984.186774,454.9515628,9,0
50,31-10-2019,Chemical,6525.329023,90.36685609,Gas,518.8032472,458.1325037,9,0
50,30-11-2019,Chemical,12656.89075,82.31456524,Gas,741.7823345,711.114837,9,0
50,31-12-2019,Chemical,15009.0975,70.4219126,Gas,803.3302892,612.9130094,9,0
50,31-01-2020,Chemical,15936.67516,71.78976275,Gas,1167.740158,562.9221974,9,0
50,29-02-2020,Chemical,17290.69322,78.84702852,Gas,1920.734074,601.5059685,9,0
50,31-03-2020,Chemical,18149.24917,72.26928241,Gas,2416.555452,545.4446571,9,0
50,30-04-2020,Chemical,8336.331992,69.46223994,Gas,973.5066396,645.5122311,9,0
50,31-05-2020,Chemical,19538.53461,87.15970787,Gas,2485.628347,675.1596042,9,0
50,30-06-2020,Chemical,8258.315827,92.52801313,Gas,414.2416928,408.2829024,9,0
50,31-07-2020,Chemical,12618.91899,98.00185903,Gas,1662.84677,440.6352028,9,0
50,31-08-2020,Chemical,10607.24216,86.48175656,Gas,1075.877079,411.339765,9,0
50,30-09-2020,Chemical,9389.255838,97.10065534,Gas,971.0465323,620.4139544,9,0
50,31-10-2020,Chemical,12905.62629,89.61183894,Gas,1414.405838,493.6201248,9,0
50,30-11-2020,Chemical,11751.44597,65.06379622,Gas,933.9795159,422.7898728,9,0
50,31-12-2020,Chemical,13502.908,96.73604776,Gas,1217.043713,561.5332945,9,0
50,31-01-2021,Chemical,12517.56692,99.47162959,Gas,844.5760819,471.8013141,9,0
50,28-02-2021,Chemical,7207.771049,92.83687491,Gas,683.8515405,583.3460989,9,0
50,31-03-2021,Chemical,14967.29057,81.9919467,Gas,1132.620216,693.7660099,9,0
50,30-04-2021,Chemical,10521.50307,96.96688195,Gas,1457.90504,604.047584,9,0
50,31-05-2021,Chemical,8426.580413,87.800512,Gas,849.7261317,570.8183282,9,0
50,30-06-2021,Chemical,6610.464431,65.30612679,Gas,597.6571847,566.5306149,9,0
50,31-07-2021,Chemical,14174.22045,63.56216325,Gas,2027.829059,446.1443982,9,0
50,31-08-2021,Chemical,13983.10507,77.42601846,Gas,1932.631287,463.0385437,9,0
50,30-09-2021,Chemical,14036.52926,84.64178729,Gas,1441.408146,544.7557463,9,0
50,31-10-2021,Chemical,12815.16368,94.46826842,Gas,1726.505726,558.245454,9,0
50,30-11-2021,Chemical,14332.0739,89.33633218,Gas,812.8356198,432.8096047,9,0
50,31-12-2021,Chemical,18204.68295,86.44913598,Gas,2494.54837,526.5250247,9,0
50,31-01-2022,Chemical,14339.54295,80.41606062,Gas,2061.191857,441.9591706,9,0
50,28-02-2022,Chemical,19817.31609,94.76274069,Gas,1154.22049,703.1451404,9,0
50,31-03-2022,Chemical,16909.77725,77.58952688,Gas,1174.919966,651.975197,9,0
50,30-04-2022,Chemical,7559.440306,97.42699935,Gas,412.3115184,550.433803,9,0
50,31-05-2022,Chemical,16700.14831,85.96250688,Gas,1447.719804,404.6015946,9,0
50,30-06-2022,Chemical,13761.48309,62.01578095,Gas,961.137301,464.6218945,9,0
50,31-07-2022,Chemical,13307.63697,64.43061963,Gas,1190.466579,683.8515306,9,0
50,31-08-2022,Chemical,6730.679144,68.32501201,Gas,721.6725069,478.4293497,9,0
50,30-09-2022,Chemical,13814.15806,71.79600574,Gas,734.08183,699.7589285,9,0
50,31-10-2022,Chemical,6920.860326,88.2545891,Gas,523.1618343,611.5503358,9,0
50,30-11-2022,Chemical,13813.54928,71.91533453,Gas,1183.743324,496.2443433,9,0
50,31-12-2022,Chemical,17844.91992,66.89146954,Gas,1727.777488,681.0430374,9,0
50,31-01-2023,Chemical,17175.95301,62.78268653,Gas,1501.266517,534.3773428,9,0
50,28-02-2023,Chemical,19441.22705,69.53717082,Gas,2397.966847,651.1637691,9,0
50,31-03-2023,Chemical,15320.35629,69.35117835,Gas,1287.314681,415.1775875,9,0
50,30-04-2023,Chemical,16111.71501,72.30086481,Gas,1966.870255,462.7075465,9,0
50,31-05-2023,Chemical,12646.63325,90.72261062,Gas,1058.117529,404.2190699,9,0
50,30-06-2023,Chemical,18762.46997,83.28823599,Gas,1269.299439,578.2262373,9,0
50,31-07-2023,Chemical,6362.724846,77.07179807,Gas,810.0556887,662.7480162,9,0
50,31-08-2023,Chemical,18511.1022,68.97137378,Gas,2318.912717,432.9227346,9,0
50,30-09-2023,Chemical,17799.82931,72.25151661,Gas,1525.833213,670.8395551,9,0
50,31-10-2023,Chemical,6477.444597,89.98113614,Gas,714.4026641,601.6265202,9,0
50,30-11-2023,Chemical,10577.55067,88.99916249,Gas,1010.872254,548.8389224,9,0
50,31-12-2023,Chemical,6751.469169,99.6683929,Gas,985.8352856,621.2136509,9,0
51,31-01-2019,Textile,5794.231968,88.6950207,Gas,370.8567567,603.9596507,4,1
51,28-02-2019,Textile,11663.45282,94.97168297,Gas,1244.188187,431.3662969,4,1
51,31-03-2019,Textile,9713.023361,60.93141746,Gas,1287.875691,452.0619339,4,1
51,30-04-2019,Textile,14279.76346,62.20579042,Gas,1080.502213,604.5831003,4,1
51,31-05-2019,Textile,8735.634285,76.36799458,Gas,678.1077797,678.8319756,4,1
51,30-06-2019,Textile,19698.7544,62.71671144,Gas,2543.072043,551.4809918,4,1
51,31-07-2019,Textile,16054.29284,95.14310832,Gas,2386.403997,531.2189644,4,1
51,31-08-2019,Textile,14230.17045,76.46832664,Gas,965.8470179,609.0708141,4,1
51,30-09-2019,Textile,15400.25817,96.37066371,Gas,2229.706905,659.2633448,4,1
51,31-10-2019,Textile,19805.80531,94.74187581,Gas,2799.076243,646.2241266,4,1
51,30-11-2019,Textile,17783.93043,72.70855534,Gas,2376.056359,467.7608604,4,1
51,31-12-2019,Textile,6341.219803,89.86072911,Gas,325.0256001,633.9517776,4,1
51,31-01-2020,Textile,6704.401172,81.11592323,Gas,885.4598836,641.7750248,4,1
51,29-02-2020,Textile,19145.77954,67.82900932,Gas,1262.106499,576.7534302,4,1
51,31-03-2020,Textile,13412.90188,85.91835404,Gas,1531.211215,633.0701309,4,1
51,30-04-2020,Textile,12925.82211,69.48376413,Gas,861.4548309,534.6155212,4,1
51,31-05-2020,Textile,19057.46014,88.66227189,Gas,1795.173967,591.3551485,4,1
51,30-06-2020,Textile,13544.80493,70.33291886,Gas,1827.006508,645.7537613,4,1
51,31-07-2020,Textile,9703.114781,70.39475547,Gas,1004.506407,716.0833998,4,1
51,31-08-2020,Textile,7639.759987,97.63785601,Gas,575.5253114,503.4546379,4,1
51,30-09-2020,Textile,18926.74444,67.42953896,Gas,1466.31174,429.8427356,4,1
51,31-10-2020,Textile,13771.42703,88.92869533,Gas,1248.777121,473.8876367,4,1
51,30-11-2020,Textile,12951.87541,76.65072157,Gas,1344.815306,638.9809293,4,1
51,31-12-2020,Textile,13775.84699,92.20190624,Gas,1233.514748,587.8333597,4,1
51,31-01-2021,Textile,10965.57057,90.15262956,Gas,561.8395499,412.0664326,4,1
51,28-02-2021,Textile,8978.309845,93.93395861,Gas,1024.80155,700.7991645,4,1
51,31-03-2021,Textile,10326.49645,75.1873388,Gas,1117.79903,598.908499,4,1
51,30-04-2021,Textile,12687.38847,91.54130851,Gas,1231.303487,506.6158213,4,1
51,31-05-2021,Textile,5662.989012,66.53238567,Gas,523.4644064,441.9393596,4,1
51,30-06-2021,Textile,13065.65057,98.86041744,Gas,1560.235263,424.5549931,4,1
51,31-07-2021,Textile,19042.89609,71.24580968,Gas,1686.981261,538.0307193,4,1
51,31-08-2021,Textile,9034.580653,66.48281411,Gas,955.0405617,447.5189515,4,1
51,30-09-2021,Textile,11393.36903,99.77507599,Gas,711.4428635,571.7138692,4,1
51,31-10-2021,Textile,8149.182506,71.86945946,Gas,998.5678554,633.7366248,4,1
51,30-11-2021,Textile,16217.39989,97.02724028,Gas,1800.090183,625.1219394,4,1
51,31-12-2021,Textile,19150.48959,90.22156366,Gas,2675.528166,443.5903887,4,1
51,31-01-2022,Textile,14697.40228,68.83662746,Gas,1152.391249,613.0258428,4,1
51,28-02-2022,Textile,19657.06843,64.86521812,Gas,2225.971127,685.692699,4,1
51,31-03-2022,Textile,15158.09578,91.68364583,Gas,1177.438859,613.8366377,4,1
51,30-04-2022,Textile,18742.34862,75.57733164,Gas,2158.887545,678.85158,4,1
51,31-05-2022,Textile,13446.07671,88.00177485,Gas,1531.282769,436.9690943,4,1
51,30-06-2022,Textile,7141.89143,66.09916067,Gas,973.8900237,695.6879758,4,1
51,31-07-2022,Textile,15441.08935,63.54079389,Gas,2126.738365,572.485831,4,1
51,31-08-2022,Textile,7011.785213,74.27796462,Gas,406.8256107,582.7564267,4,1
51,30-09-2022,Textile,6828.492268,60.51225207,Gas,618.5969761,474.4214244,4,1
51,31-10-2022,Textile,6412.418333,98.42986683,Gas,453.8601477,699.6948322,4,1
51,30-11-2022,Textile,10024.86295,89.18060353,Gas,617.9871314,603.3749914,4,1
51,31-12-2022,Textile,14951.19984,75.15128782,Gas,2125.444934,488.3445231,4,1
51,31-01-2023,Textile,14524.86134,61.13480876,Gas,1085.833171,480.0686064,4,1
51,28-02-2023,Textile,16839.99193,68.65368398,Gas,2489.105623,709.5764317,4,1
51,31-03-2023,Textile,13398.52896,99.28848137,Gas,1034.845082,618.5259383,4,1
51,30-04-2023,Textile,10746.0026,91.22407871,Gas,1335.496157,654.1919363,4,1
51,31-05-2023,Textile,19215.34602,86.0686575,Gas,2259.180406,479.5420279,4,1
51,30-06-2023,Textile,11980.41467,84.13853215,Gas,1307.967072,531.9535875,4,1
51,31-07-2023,Textile,16296.98224,90.67433261,Gas,1676.855318,431.167982,4,1
51,31-08-2023,Textile,11034.9354,61.65493188,Gas,625.6831471,710.9034772,4,1
51,30-09-2023,Textile,15013.34738,73.38333687,Gas,1790.555351,589.0870424,4,1
51,31-10-2023,Textile,8738.687544,60.89155069,Gas,542.7888256,433.7062071,4,1
51,30-11-2023,Textile,8401.874877,95.14744618,Gas,734.3573369,538.1677875,4,1
51,31-12-2023,Textile,13192.36016,94.89403147,Gas,1420.96262,420.7800179,4,1
52,31-01-2019,Pharma,15597.82195,70.29008547,Diesel,1043.341737,583.6743453,4,1
52,28-02-2019,Pharma,17776.45778,62.67739233,Diesel,1628.812025,657.6686306,4,1
52,31-03-2019,Pharma,11328.50908,72.21012107,Diesel,1634.580848,696.2240053,4,1
52,30-04-2019,Pharma,7314.010463,81.81644436,Diesel,502.1926264,650.6813217,4,1
52,31-05-2019,Pharma,16290.13871,94.32614079,Diesel,1448.431481,585.3411032,4,1
52,30-06-2019,Pharma,12632.84734,67.1660241,Diesel,1885.788463,486.4233818,4,1
52,31-07-2019,Pharma,5582.93789,96.26054566,Diesel,409.1590601,686.0609284,4,1
52,31-08-2019,Pharma,9060.950255,89.45549123,Diesel,780.214204,421.5996865,4,1
52,30-09-2019,Pharma,10253.32664,88.93457164,Diesel,1506.943628,550.0117552,4,1
52,31-10-2019,Pharma,18118.19172,66.19708137,Diesel,2533.198676,600.9071458,4,1
52,30-11-2019,Pharma,13614.68809,67.00960078,Diesel,1644.035473,556.5212151,4,1
52,31-12-2019,Pharma,12435.08941,64.41354954,Diesel,1468.970717,688.1780066,4,1
52,31-01-2020,Pharma,17379.47458,78.42111041,Diesel,945.743955,608.4346506,4,1
52,29-02-2020,Pharma,8543.254447,72.11949621,Diesel,817.885134,639.0658902,4,1
52,31-03-2020,Pharma,7461.498438,96.00651438,Diesel,751.70076,706.5522815,4,1
52,30-04-2020,Pharma,12959.3422,86.05135378,Diesel,1320.811357,532.2511244,4,1
52,31-05-2020,Pharma,10341.26405,86.66023108,Diesel,1438.543748,423.7517334,4,1
52,30-06-2020,Pharma,11717.95556,81.85888371,Diesel,852.3414991,695.5519856,4,1
52,31-07-2020,Pharma,15269.80178,73.74138804,Diesel,1117.694111,509.6372874,4,1
52,31-08-2020,Pharma,17887.33767,95.297551,Diesel,1386.276162,442.7936784,4,1
52,30-09-2020,Pharma,16257.03117,89.06510463,Diesel,1083.91443,641.0152931,4,1
52,31-10-2020,Pharma,11224.29211,88.17837788,Diesel,890.8196131,442.2136792,4,1
52,30-11-2020,Pharma,9288.802525,92.14205169,Diesel,982.5956346,451.658667,4,1
52,31-12-2020,Pharma,19722.0348,65.10133946,Diesel,1940.307228,464.3984999,4,1
52,31-01-2021,Pharma,17040.2691,99.13986388,Diesel,1532.437832,539.317594,4,1
52,28-02-2021,Pharma,16244.08823,69.33083439,Diesel,2162.375645,509.351138,4,1
52,31-03-2021,Pharma,10423.00786,68.82360196,Diesel,602.6484965,667.8179086,4,1
52,30-04-2021,Pharma,11545.86391,81.83206647,Diesel,1366.622409,517.0507974,4,1
52,31-05-2021,Pharma,18176.80599,62.55378439,Diesel,1516.414112,564.6696867,4,1
52,30-06-2021,Pharma,11417.03487,70.93584608,Diesel,1283.802888,661.8261954,4,1
52,31-07-2021,Pharma,17607.66706,73.17198471,Diesel,934.7299353,444.6769696,4,1
52,31-08-2021,Pharma,11774.75998,97.66407758,Diesel,1448.775987,507.9746688,4,1
52,30-09-2021,Pharma,18607.93699,74.33682738,Diesel,2618.419248,664.1768396,4,1
52,31-10-2021,Pharma,18993.3109,94.79498587,Diesel,2350.576316,461.8646348,4,1
52,30-11-2021,Pharma,6453.642283,99.91681479,Diesel,719.8823726,528.2743639,4,1
52,31-12-2021,Pharma,19819.24422,91.42151665,Diesel,1627.687346,514.6989938,4,1
52,31-01-2022,Pharma,13164.42912,88.41186099,Diesel,782.6125511,510.8492745,4,1
52,28-02-2022,Pharma,17970.34981,84.41716863,Diesel,2664.641959,672.1446081,4,1
52,31-03-2022,Pharma,18069.31991,82.31931678,Diesel,1530.671294,477.7690126,4,1
52,30-04-2022,Pharma,13980.29957,94.97359101,Diesel,952.9767744,645.8310476,4,1
52,31-05-2022,Pharma,5829.832976,68.27468702,Diesel,527.4363438,488.7116155,4,1
52,30-06-2022,Pharma,9293.809259,74.24243459,Diesel,1128.521044,529.7489859,4,1
52,31-07-2022,Pharma,7699.213718,97.98065461,Diesel,1076.417237,679.9475443,4,1
52,31-08-2022,Pharma,11090.48096,86.2257766,Diesel,1391.623117,580.0596762,4,1
52,30-09-2022,Pharma,16987.44633,65.27452694,Diesel,866.9077895,646.1327244,4,1
52,31-10-2022,Pharma,7658.64166,87.65279315,Diesel,801.3874824,514.5108562,4,1
52,30-11-2022,Pharma,19950.01151,90.40467213,Diesel,1555.234776,643.9647463,4,1
52,31-12-2022,Pharma,6869.86953,74.74492106,Diesel,403.5584787,706.8291927,4,1
52,31-01-2023,Pharma,18607.58471,93.49712484,Diesel,2787.124289,560.9931209,4,1
52,28-02-2023,Pharma,17313.97058,71.57894077,Diesel,2316.171954,616.6140329,4,1
52,31-03-2023,Pharma,11326.62343,86.18931064,Diesel,937.8984218,670.3702278,4,1
52,30-04-2023,Pharma,15720.48324,99.3174054,Diesel,1072.145857,553.8555612,4,1
52,31-05-2023,Pharma,15638.71293,97.09765164,Diesel,1505.704317,709.6065024,4,1
52,30-06-2023,Pharma,6886.883272,82.20449485,Diesel,589.9705754,510.6521086,4,1
52,31-07-2023,Pharma,15438.63656,87.77336362,Diesel,1340.232445,631.8296059,4,1
52,31-08-2023,Pharma,6059.080789,86.77604846,Diesel,471.7976893,499.1921925,4,1
52,30-09-2023,Pharma,9195.854438,72.16704308,Diesel,1109.296536,456.0243143,4,1
52,31-10-2023,Pharma,7709.428032,86.46870125,Diesel,864.346757,672.6161145,4,1
52,30-11-2023,Pharma,14125.23751,72.5255554,Diesel,1568.817878,421.1829831,4,1
52,31-12-2023,Pharma,8382.899786,63.90768461,Diesel,784.7176302,608.2776705,4,1
53,31-01-2019,Chemical,8480.038757,73.6590622,Diesel,688.7527701,674.7242585,5,0
53,28-02-2019,Chemical,14088.84104,67.1536796,Diesel,745.7164573,423.8768778,5,0
53,31-03-2019,Chemical,19495.16161,89.34876859,Diesel,1645.397325,443.3273125,5,0
53,30-04-2019,Chemical,6866.610973,94.59187003,Diesel,772.8014255,449.6821904,5,0
53,31-05-2019,Chemical,6378.368649,81.63925898,Diesel,436.611822,532.3605441,5,0
53,30-06-2019,Chemical,10258.93383,64.31133248,Diesel,1095.165715,555.1683797,5,0
53,31-07-2019,Chemical,18160.32684,70.01139233,Diesel,1977.809797,517.918188,5,0
53,31-08-2019,Chemical,9198.86686,84.08065255,Diesel,491.8391276,433.9322756,5,0
53,30-09-2019,Chemical,9210.614065,63.10185616,Diesel,956.5330286,517.0894048,5,0
53,31-10-2019,Chemical,11324.30417,77.24156374,Diesel,1409.397058,651.7730785,5,0
53,30-11-2019,Chemical,12945.71875,61.2597536,Diesel,672.021201,700.4565445,5,0
53,31-12-2019,Chemical,16738.47001,79.41611496,Diesel,1009.088918,666.8741053,5,0
53,31-01-2020,Chemical,14120.40638,73.73528484,Diesel,1190.585577,606.3372267,5,0
53,29-02-2020,Chemical,12419.71651,81.70190084,Diesel,1656.519732,616.9261854,5,0
53,31-03-2020,Chemical,17391.38417,75.6155674,Diesel,1870.176796,576.5105512,5,0
53,30-04-2020,Chemical,12120.42604,93.89605835,Diesel,1139.10898,404.2286493,5,0
53,31-05-2020,Chemical,10093.63755,88.95005923,Diesel,743.2173284,470.3129469,5,0
53,30-06-2020,Chemical,18752.47629,84.59533619,Diesel,1497.935183,617.5370276,5,0
53,31-07-2020,Chemical,14782.04204,90.92577805,Diesel,2045.488303,675.4075121,5,0
53,31-08-2020,Chemical,18780.42661,92.24054792,Diesel,1780.763141,569.1523684,5,0
53,30-09-2020,Chemical,8534.198957,65.33081502,Diesel,1047.874295,582.6801384,5,0
53,31-10-2020,Chemical,13677.81749,87.91722667,Diesel,690.170061,540.678516,5,0
53,30-11-2020,Chemical,5533.419744,81.49947552,Diesel,472.7956311,622.3708545,5,0
53,31-12-2020,Chemical,6867.234921,80.07996998,Diesel,798.4623899,417.5780225,5,0
53,31-01-2021,Chemical,16656.75372,76.77327749,Diesel,1805.581237,573.3766417,5,0
53,28-02-2021,Chemical,15850.066,76.66982365,Diesel,1308.976206,693.3047033,5,0
53,31-03-2021,Chemical,18522.37806,80.46035307,Diesel,2404.109748,528.7347518,5,0
53,30-04-2021,Chemical,7313.486244,99.69904832,Diesel,560.7800291,465.2056831,5,0
53,31-05-2021,Chemical,16824.1252,62.72122112,Diesel,846.1385273,645.3945261,5,0
53,30-06-2021,Chemical,10548.79554,99.62132753,Diesel,947.302904,669.7142228,5,0
53,31-07-2021,Chemical,12524.61109,80.0792791,Diesel,1081.078064,627.3317953,5,0
53,31-08-2021,Chemical,7694.105394,71.81777062,Diesel,1056.474318,542.1458334,5,0
53,30-09-2021,Chemical,17791.97155,63.45939392,Diesel,2536.458897,696.874132,5,0
53,31-10-2021,Chemical,17184.48321,86.68159491,Diesel,1091.121241,690.1095093,5,0
53,30-11-2021,Chemical,12932.25847,66.92401123,Diesel,1215.25206,456.4920157,5,0
53,31-12-2021,Chemical,14030.71439,84.58333095,Diesel,2068.308813,561.951421,5,0
53,31-01-2022,Chemical,10202.83843,95.07549178,Diesel,1470.941098,683.7398058,5,0
53,28-02-2022,Chemical,5735.737134,90.22981515,Diesel,592.3851128,700.6107069,5,0
53,31-03-2022,Chemical,13538.73156,76.88724779,Diesel,1372.878691,682.9908044,5,0
53,30-04-2022,Chemical,16936.97383,83.89429325,Diesel,2149.289327,543.48185,5,0
53,31-05-2022,Chemical,7914.761354,83.75202664,Diesel,872.7600385,657.0983727,5,0
53,30-06-2022,Chemical,7326.455156,82.47273859,Diesel,677.5920412,527.1603212,5,0
53,31-07-2022,Chemical,6186.026007,73.76251337,Diesel,616.8921479,543.0186409,5,0
53,31-08-2022,Chemical,18506.41192,86.27616888,Diesel,2491.043833,719.5728014,5,0
53,30-09-2022,Chemical,11836.83316,65.76624442,Diesel,1154.710832,497.0717555,5,0
53,31-10-2022,Chemical,10005.35504,60.04276647,Diesel,929.6104205,596.1644999,5,0
53,30-11-2022,Chemical,15273.25856,79.83760776,Diesel,904.2327411,523.7422993,5,0
53,31-12-2022,Chemical,17525.17128,66.34482638,Diesel,1997.048689,405.7713257,5,0
53,31-01-2023,Chemical,14345.34964,72.1353988,Diesel,1342.855848,616.7262168,5,0
53,28-02-2023,Chemical,11436.24829,62.10167116,Diesel,1217.548555,400.6434134,5,0
53,31-03-2023,Chemical,14177.69463,70.89540409,Diesel,740.8051865,482.1449429,5,0
53,30-04-2023,Chemical,13171.85916,83.33608318,Diesel,1660.659021,611.7735777,5,0
53,31-05-2023,Chemical,14506.01076,61.32544826,Diesel,2130.481415,458.0585717,5,0
53,30-06-2023,Chemical,12131.73048,60.63779017,Diesel,619.7405746,635.3523199,5,0
53,31-07-2023,Chemical,13848.81077,86.40682593,Diesel,719.3985316,614.5646103,5,0
53,31-08-2023,Chemical,13950.30851,62.19322917,Diesel,1140.977741,571.0651251,5,0
53,30-09-2023,Chemical,5882.769275,73.39860086,Diesel,423.1853495,501.296273,5,0
53,31-10-2023,Chemical,10983.87469,88.72821896,Diesel,1296.504357,579.9482716,5,0
53,30-11-2023,Chemical,18269.68593,74.97911905,Diesel,2589.086226,715.7000096,5,0
53,31-12-2023,Chemical,16757.12458,77.01254093,Diesel,2070.566481,591.8582676,5,0
54,31-01-2019,Chemical,14449.59596,72.22861303,Gas,1871.748521,502.9594748,13,0
54,28-02-2019,Chemical,7868.39733,88.76832377,Gas,518.3252128,489.8040046,13,0
54,31-03-2019,Chemical,16956.54985,62.06243945,Gas,1556.39087,712.5943826,13,0
54,30-04-2019,Chemical,11197.56264,90.80137569,Gas,1552.831051,552.2121023,13,0
54,31-05-2019,Chemical,7059.833886,68.09613454,Gas,646.6541862,586.7826196,13,0
54,30-06-2019,Chemical,14444.46966,71.22782837,Gas,1960.933414,685.515881,13,0
54,31-07-2019,Chemical,17383.38641,72.10584053,Gas,1540.681927,711.7981026,13,0
54,31-08-2019,Chemical,9862.726286,63.57432018,Gas,793.1947039,715.9569355,13,0
54,30-09-2019,Chemical,19654.14369,85.27844152,Gas,2143.973845,521.644186,13,0
54,31-10-2019,Chemical,11788.02812,62.17627228,Gas,1628.445129,542.0239342,13,0
54,30-11-2019,Chemical,5016.919666,98.97656444,Gas,263.8785881,448.7573527,13,0
54,31-12-2019,Chemical,11247.4974,81.58576259,Gas,1465.875357,557.5149115,13,0
54,31-01-2020,Chemical,13494.69547,81.49345689,Gas,1397.167749,463.3235439,13,0
54,29-02-2020,Chemical,8590.318558,73.64530312,Gas,1204.051082,691.4559298,13,0
54,31-03-2020,Chemical,18596.96321,87.2604583,Gas,1100.684228,628.0953728,13,0
54,30-04-2020,Chemical,8275.945883,87.95523829,Gas,733.3304271,546.0241382,13,0
54,31-05-2020,Chemical,8009.991304,76.97623031,Gas,664.8341093,571.0410167,13,0
54,30-06-2020,Chemical,16190.05509,69.61688549,Gas,1596.593628,634.4935291,13,0
54,31-07-2020,Chemical,8082.691943,78.89343649,Gas,557.4270027,414.2756758,13,0
54,31-08-2020,Chemical,9873.411531,86.15870026,Gas,1262.310088,411.3500389,13,0
54,30-09-2020,Chemical,13598.34568,95.36156901,Gas,1290.079408,622.6608004,13,0
54,31-10-2020,Chemical,8322.651035,67.02213142,Gas,554.81277,482.4918458,13,0
54,30-11-2020,Chemical,9434.53186,67.70553363,Gas,1111.849228,483.7393533,13,0
54,31-12-2020,Chemical,7202.526671,87.54386289,Gas,715.1680461,406.0598649,13,0
54,31-01-2021,Chemical,7062.572637,85.33259271,Gas,892.4425437,678.4271606,13,0
54,28-02-2021,Chemical,5946.937938,70.77628202,Gas,847.0516827,409.9221836,13,0
54,31-03-2021,Chemical,13295.91101,69.02806823,Gas,1674.122826,613.7379815,13,0
54,30-04-2021,Chemical,8256.326492,81.16634692,Gas,1153.495121,440.0848232,13,0
54,31-05-2021,Chemical,5076.451712,80.98035374,Gas,489.2763373,700.9472619,13,0
54,30-06-2021,Chemical,16693.91776,95.42795854,Gas,1355.940478,630.1326257,13,0
54,31-07-2021,Chemical,9960.11796,81.90701408,Gas,902.3485187,549.1961114,13,0
54,31-08-2021,Chemical,11534.72173,98.98590372,Gas,752.5873093,706.2217697,13,0
54,30-09-2021,Chemical,13337.30723,61.28556253,Gas,1076.149806,430.8146497,13,0
54,31-10-2021,Chemical,8890.418926,99.88516984,Gas,842.2607143,485.7062424,13,0
54,30-11-2021,Chemical,10877.34493,92.33186611,Gas,1370.137711,688.3141452,13,0
54,31-12-2021,Chemical,12960.96163,66.77159173,Gas,1738.124557,430.0630588,13,0
54,31-01-2022,Chemical,15338.10507,62.95663916,Gas,1979.703748,629.7875263,13,0
54,28-02-2022,Chemical,9539.874949,89.45512427,Gas,733.2112764,422.6335302,13,0
54,31-03-2022,Chemical,5978.104453,69.89263985,Gas,415.0759406,519.7162021,13,0
54,30-04-2022,Chemical,8159.80105,87.17770406,Gas,997.6955854,576.8375678,13,0
54,31-05-2022,Chemical,11217.39585,77.81739741,Gas,1148.834358,553.0610793,13,0
54,30-06-2022,Chemical,16056.01185,65.86350702,Gas,841.1629672,404.5037268,13,0
54,31-07-2022,Chemical,17531.42804,97.36616104,Gas,2224.075551,657.4449418,13,0
54,31-08-2022,Chemical,13423.13945,81.06070647,Gas,1821.691927,675.7411424,13,0
54,30-09-2022,Chemical,14406.62744,82.82277243,Gas,1674.119627,609.151464,13,0
54,31-10-2022,Chemical,15964.9494,96.37889707,Gas,2258.637821,496.3576378,13,0
54,30-11-2022,Chemical,7949.578377,65.4498967,Gas,605.9020548,508.1243396,13,0
54,31-12-2022,Chemical,9495.897886,67.30775877,Gas,625.9705359,551.3407169,13,0
54,31-01-2023,Chemical,9506.282599,79.01940458,Gas,1383.917116,567.7108396,13,0
54,28-02-2023,Chemical,18857.65123,81.32915463,Gas,1931.240764,561.8742343,13,0
54,31-03-2023,Chemical,15656.25028,76.92959327,Gas,1062.450524,557.5881235,13,0
54,30-04-2023,Chemical,15749.35846,90.26977497,Gas,1005.26835,585.0068415,13,0
54,31-05-2023,Chemical,9660.67475,98.82024945,Gas,1020.448577,510.9609737,13,0
54,30-06-2023,Chemical,13610.82043,80.84190634,Gas,1820.681863,462.7734077,13,0
54,31-07-2023,Chemical,18431.54014,74.9343848,Gas,1747.519932,616.9324033,13,0
54,31-08-2023,Chemical,13690.68801,88.59568224,Gas,1924.030926,718.1325637,13,0
54,30-09-2023,Chemical,13126.68415,80.90176876,Gas,1946.786088,644.5201439,13,0
54,31-10-2023,Chemical,7089.521468,67.29662497,Gas,513.8924815,676.8651383,13,0
54,30-11-2023,Chemical,12639.80564,70.35306925,Gas,1760.879892,447.3085753,13,0
54,31-12-2023,Chemical,14549.406,77.69360301,Gas,1389.152129,670.2408409,13,0
55,31-01-2019,Chemical,13330.21918,79.14413275,Coal,1421.818477,603.2519131,14,0
55,28-02-2019,Chemical,16012.30406,71.50943351,Coal,1429.238334,456.5625753,14,0
55,31-03-2019,Chemical,10896.26148,68.80753727,Coal,1028.258751,702.979184,14,0
55,30-04-2019,Chemical,8597.708821,80.6209417,Coal,738.4799914,552.145953,14,0
55,31-05-2019,Chemical,8429.270638,73.24457506,Coal,507.1244153,715.1406182,14,0
55,30-06-2019,Chemical,8121.094665,74.54530642,Coal,904.2915707,563.8488114,14,0
55,31-07-2019,Chemical,19589.93618,77.83197928,Coal,2770.839187,516.5049688,14,0
55,31-08-2019,Chemical,13991.9036,67.31781613,Coal,1114.065762,717.242487,14,0
55,30-09-2019,Chemical,19499.15302,95.71243655,Coal,2896.163739,621.1606383,14,0
55,31-10-2019,Chemical,14426.99505,95.27752983,Coal,1508.040656,451.9001619,14,0
55,30-11-2019,Chemical,9900.785257,75.90966232,Coal,955.8703067,635.7651119,14,0
55,31-12-2019,Chemical,11653.87656,95.98713092,Coal,1478.229612,507.0963269,14,0
55,31-01-2020,Chemical,14417.96846,83.1608216,Coal,1616.754188,402.4749221,14,0
55,29-02-2020,Chemical,16920.78808,84.19231795,Coal,1186.811031,505.7305644,14,0
55,31-03-2020,Chemical,19788.42406,79.81988272,Coal,1208.032813,559.6168582,14,0
55,30-04-2020,Chemical,10733.07516,98.652963,Coal,1387.479702,642.4002767,14,0
55,31-05-2020,Chemical,12576.11529,96.19018729,Coal,1390.691152,467.9544281,14,0
55,30-06-2020,Chemical,17173.68513,79.09685232,Coal,2332.290817,549.8959867,14,0
55,31-07-2020,Chemical,6186.164426,66.37738313,Coal,913.3579106,597.6934085,14,0
55,31-08-2020,Chemical,17060.62767,80.27017418,Coal,1892.786761,595.2328368,14,0
55,30-09-2020,Chemical,13917.76618,87.50618149,Coal,1017.824424,454.4741672,14,0
55,31-10-2020,Chemical,19238.55219,75.56720044,Coal,968.3203676,406.3186046,14,0
55,30-11-2020,Chemical,15667.40539,73.72145137,Coal,1134.219226,706.7593013,14,0
55,31-12-2020,Chemical,14098.13914,68.99737061,Coal,721.6338876,631.5940571,14,0
55,31-01-2021,Chemical,13764.66706,70.6999623,Coal,1193.788179,594.5177355,14,0
55,28-02-2021,Chemical,12251.75542,98.32381134,Coal,1303.438544,553.1349404,14,0
55,31-03-2021,Chemical,19653.92272,91.99489606,Coal,1718.807656,698.3570955,14,0
55,30-04-2021,Chemical,7760.329916,82.06668803,Coal,550.889119,451.3379081,14,0
55,31-05-2021,Chemical,17702.02148,82.74736856,Coal,1052.985957,404.856029,14,0
55,30-06-2021,Chemical,18165.17376,81.43402711,Coal,1777.500304,647.3020072,14,0
55,31-07-2021,Chemical,12869.92161,84.19610653,Coal,1556.505543,633.2245452,14,0
55,31-08-2021,Chemical,11058.54671,94.63513118,Coal,802.4218013,718.9730237,14,0
55,30-09-2021,Chemical,13984.18744,74.38006565,Coal,761.5161422,601.2763289,14,0
55,31-10-2021,Chemical,17336.96455,77.10853965,Coal,1508.704599,702.4300884,14,0
55,30-11-2021,Chemical,14396.97575,78.51495397,Coal,1768.684545,677.0069926,14,0
55,31-12-2021,Chemical,12829.2533,71.98819121,Coal,1081.462314,496.3900427,14,0
55,31-01-2022,Chemical,13002.29842,69.17444025,Coal,1324.788515,627.8663559,14,0
55,28-02-2022,Chemical,18679.12157,75.48850944,Coal,1347.630377,536.9611003,14,0
55,31-03-2022,Chemical,6698.363427,83.66112887,Coal,1001.648714,682.5806467,14,0
55,30-04-2022,Chemical,13253.6293,91.98439753,Coal,1902.722613,582.7385723,14,0
55,31-05-2022,Chemical,12672.44648,96.59387502,Coal,1115.66128,591.1828304,14,0
55,30-06-2022,Chemical,11311.21554,63.27724411,Coal,823.1140589,645.440121,14,0
55,31-07-2022,Chemical,13318.12315,88.03045205,Coal,1181.422421,439.1332728,14,0
55,31-08-2022,Chemical,17314.74367,66.77294772,Coal,1757.47389,603.9293566,14,0
55,30-09-2022,Chemical,17317.16325,64.44139032,Coal,1742.508989,593.191065,14,0
55,31-10-2022,Chemical,16421.82997,77.78102556,Coal,1737.004916,624.5461069,14,0
55,30-11-2022,Chemical,7330.71437,92.65021255,Coal,1051.680272,552.9944493,14,0
55,31-12-2022,Chemical,10215.71048,62.01907578,Coal,1152.427154,580.2562951,14,0
55,31-01-2023,Chemical,16626.57621,66.13678789,Coal,1816.567823,535.1719351,14,0
55,28-02-2023,Chemical,16619.74058,84.04059468,Coal,2204.739499,484.8827853,14,0
55,31-03-2023,Chemical,16566.38111,72.9296264,Coal,1446.051843,565.0037851,14,0
55,30-04-2023,Chemical,19670.11383,87.1647969,Coal,2892.096239,492.1121499,14,0
55,31-05-2023,Chemical,19783.98106,77.03441499,Coal,1985.667972,578.7614627,14,0
55,30-06-2023,Chemical,5753.050823,67.05850363,Coal,309.6392701,422.0980034,14,0
55,31-07-2023,Chemical,8929.845749,71.33424483,Coal,502.3693679,572.8021073,14,0
55,31-08-2023,Chemical,5668.076498,75.49483449,Coal,516.8932683,673.5625291,14,0
55,30-09-2023,Chemical,6814.969651,93.57222435,Coal,682.5163593,503.7995062,14,0
55,31-10-2023,Chemical,7264.748802,69.62196599,Coal,494.1352852,601.9055536,14,0
55,30-11-2023,Chemical,10843.07197,64.40428794,Coal,759.2912003,432.9309888,14,0
55,31-12-2023,Chemical,11606.15635,73.83774513,Coal,1339.247966,404.1050979,14,0
56,31-01-2019,Textile,5947.570538,99.03929217,Coal,542.5636203,458.6157432,8,1
56,28-02-2019,Textile,15586.4135,83.32344417,Coal,2280.79816,539.4949315,8,1
56,31-03-2019,Textile,14881.5944,95.55972185,Coal,1220.731668,532.8697832,8,1
56,30-04-2019,Textile,16952.20751,97.85538342,Coal,2056.466705,685.6370558,8,1
56,31-05-2019,Textile,7833.927846,82.71425555,Coal,464.9195504,635.4456951,8,1
56,30-06-2019,Textile,7459.150247,78.59228479,Coal,855.2963377,441.6969815,8,1
56,31-07-2019,Textile,9663.860015,95.28215415,Coal,976.57119,664.0359182,8,1
56,31-08-2019,Textile,14558.77176,63.88819981,Coal,1767.462235,583.6283035,8,1
56,30-09-2019,Textile,15177.32199,67.62104861,Coal,810.0121083,654.1033435,8,1
56,31-10-2019,Textile,17137.78531,70.0938083,Coal,2299.015973,578.248045,8,1
56,30-11-2019,Textile,19030.88516,96.57246188,Coal,2197.417487,508.3490153,8,1
56,31-12-2019,Textile,13406.56578,77.66613739,Coal,1841.328725,408.6897142,8,1
56,31-01-2020,Textile,11848.02459,91.88649412,Coal,1125.108204,471.8446339,8,1
56,29-02-2020,Textile,9849.88314,85.47261602,Coal,692.0893478,642.4604524,8,1
56,31-03-2020,Textile,10795.80929,85.90361339,Coal,1528.376697,701.0481276,8,1
56,30-04-2020,Textile,17209.59768,93.42908952,Coal,1228.072399,534.8256364,8,1
56,31-05-2020,Textile,5756.560277,65.75523679,Coal,465.1326008,516.6029666,8,1
56,30-06-2020,Textile,10570.66055,61.61001124,Coal,1396.463924,602.9492608,8,1
56,31-07-2020,Textile,11219.8953,66.63250486,Coal,1580.926043,532.7716297,8,1
56,31-08-2020,Textile,8872.749698,62.22862079,Coal,661.095828,618.5651522,8,1
56,30-09-2020,Textile,9072.394179,68.92253844,Coal,505.0006672,425.7498489,8,1
56,31-10-2020,Textile,15421.69919,82.50463366,Coal,1891.250618,712.0384454,8,1
56,30-11-2020,Textile,11968.80136,95.89618866,Coal,1661.105003,610.5472523,8,1
56,31-12-2020,Textile,16006.77937,83.76953371,Coal,1946.935075,591.1948253,8,1
56,31-01-2021,Textile,13501.77601,66.51687122,Coal,1695.008644,491.0838679,8,1
56,28-02-2021,Textile,10929.25371,94.45976688,Coal,934.0515797,415.3536533,8,1
56,31-03-2021,Textile,18961.57277,85.08761121,Coal,1802.33865,446.1335939,8,1
56,30-04-2021,Textile,15330.24072,81.26503722,Coal,1946.397374,650.592155,8,1
56,31-05-2021,Textile,10127.4644,60.309007,Coal,934.995194,487.5142663,8,1
56,30-06-2021,Textile,15792.36467,86.74351561,Coal,2355.990839,512.6248642,8,1
56,31-07-2021,Textile,13718.81148,83.08847713,Coal,944.1722835,717.4181429,8,1
56,31-08-2021,Textile,17455.42639,96.51011233,Coal,1231.123244,545.9887391,8,1
56,30-09-2021,Textile,5059.835,65.77922434,Coal,523.2194351,460.297066,8,1
56,31-10-2021,Textile,8063.472583,62.99754088,Coal,697.8030809,626.882216,8,1
56,30-11-2021,Textile,15164.82108,69.68962731,Coal,2113.588777,443.678295,8,1
56,31-12-2021,Textile,8926.366359,87.56896526,Coal,1163.498988,671.3878547,8,1
56,31-01-2022,Textile,14926.47055,86.94352604,Coal,1946.99253,601.4607214,8,1
56,28-02-2022,Textile,12458.74762,60.98933453,Coal,1798.24115,573.6982974,8,1
56,31-03-2022,Textile,9267.624287,75.64249783,Coal,565.057117,662.4751253,8,1
56,30-04-2022,Textile,6606.404515,96.12855709,Coal,727.4538261,588.4335858,8,1
56,31-05-2022,Textile,6044.222201,76.78034478,Coal,703.3525952,401.590047,8,1
56,30-06-2022,Textile,6764.913216,88.16940672,Coal,960.1411105,427.2084059,8,1
56,31-07-2022,Textile,6257.74296,94.68030434,Coal,875.9747192,504.171671,8,1
56,31-08-2022,Textile,11449.36592,92.45877276,Coal,660.9353393,658.7876331,8,1
56,30-09-2022,Textile,5642.694077,73.99581307,Coal,615.6635358,509.6051375,8,1
56,31-10-2022,Textile,6532.972239,84.97432478,Coal,968.5909982,668.4365047,8,1
56,30-11-2022,Textile,14624.83482,98.45511786,Coal,1835.447415,566.3689667,8,1
56,31-12-2022,Textile,16587.47646,86.43300544,Coal,2329.560817,688.7627879,8,1
56,31-01-2023,Textile,11272.55067,97.63247011,Coal,948.4512618,671.3971234,8,1
56,28-02-2023,Textile,8462.847738,70.98885514,Coal,685.3973834,648.6417474,8,1
56,31-03-2023,Textile,18038.10741,78.75325258,Coal,2109.144307,658.5115725,8,1
56,30-04-2023,Textile,17159.06982,73.20027007,Coal,1649.285798,458.7049369,8,1
56,31-05-2023,Textile,11412.96678,85.42678305,Coal,1060.105817,690.4653402,8,1
56,30-06-2023,Textile,18864.21556,60.09868775,Coal,2459.512455,673.5535156,8,1
56,31-07-2023,Textile,8036.218111,88.87745541,Coal,847.9330442,570.5707005,8,1
56,31-08-2023,Textile,18563.98138,61.76171745,Coal,1729.845723,642.1228472,8,1
56,30-09-2023,Textile,15004.41431,66.7629027,Coal,1242.489209,629.1689612,8,1
56,31-10-2023,Textile,9790.725741,83.04894622,Coal,640.4279967,603.3734366,8,1
56,30-11-2023,Textile,11957.33979,65.73618667,Coal,643.7776496,704.3572399,8,1
56,31-12-2023,Textile,14254.68739,61.85700487,Coal,1430.858862,568.5991144,8,1
57,31-01-2019,Steel,10038.30219,99.72594573,Diesel,1271.649097,466.1682234,13,0
57,28-02-2019,Steel,8016.864422,90.13466249,Diesel,1102.74267,633.2249763,13,0
57,31-03-2019,Steel,13036.31773,88.58146116,Diesel,1243.197223,698.3389989,13,0
57,30-04-2019,Steel,7249.596508,74.69801777,Diesel,416.8324726,493.0940543,13,0
57,31-05-2019,Steel,6328.624038,86.21774188,Diesel,681.7805594,405.0456015,13,0
57,30-06-2019,Steel,8170.195992,66.31460904,Diesel,870.3430945,501.9173027,13,0
57,31-07-2019,Steel,17006.46211,75.54501006,Diesel,1731.677346,598.3621262,13,0
57,31-08-2019,Steel,15168.88123,75.87636488,Diesel,965.255325,492.408088,13,0
57,30-09-2019,Steel,18348.54854,83.4870461,Diesel,2287.203492,630.8169452,13,0
57,31-10-2019,Steel,9836.921051,67.03539574,Diesel,875.8759363,579.082909,13,0
57,30-11-2019,Steel,14280.30657,62.13797581,Diesel,1510.782048,576.1758087,13,0
57,31-12-2019,Steel,18205.5578,90.58141284,Diesel,2004.563892,623.5328844,13,0
57,31-01-2020,Steel,9717.345796,97.11006096,Diesel,1454.510971,575.7641281,13,0
57,29-02-2020,Steel,17805.1345,77.84692056,Diesel,1843.364982,708.7434559,13,0
57,31-03-2020,Steel,15724.79718,84.82327152,Diesel,1655.857971,710.1633368,13,0
57,30-04-2020,Steel,18299.77618,90.46799779,Diesel,2046.659236,415.171832,13,0
57,31-05-2020,Steel,14803.47804,82.21523965,Diesel,1499.563363,682.2888169,13,0
57,30-06-2020,Steel,5625.806898,84.44684545,Diesel,457.6488618,405.1077537,13,0
57,31-07-2020,Steel,7758.791218,83.36233258,Diesel,435.8822777,452.1308011,13,0
57,31-08-2020,Steel,6244.729714,98.63985706,Diesel,698.0316435,608.4867139,13,0
57,30-09-2020,Steel,14697.67155,97.89090677,Diesel,944.2477975,505.7057691,13,0
57,31-10-2020,Steel,19159.52603,98.65841349,Diesel,964.5319344,454.5753283,13,0
57,30-11-2020,Steel,5893.939099,98.30307955,Diesel,317.7845487,612.4467355,13,0
57,31-12-2020,Steel,18024.96613,97.78036223,Diesel,1237.692529,688.0029005,13,0
57,31-01-2021,Steel,5648.663237,90.48793081,Diesel,441.5011038,588.407421,13,0
57,28-02-2021,Steel,14369.5421,73.65108999,Diesel,750.9661632,686.6494551,13,0
57,31-03-2021,Steel,13222.7969,91.06365634,Diesel,707.2366517,413.2864115,13,0
57,30-04-2021,Steel,11783.34882,66.44789693,Diesel,1177.688853,416.2594427,13,0
57,31-05-2021,Steel,13476.91952,80.91585919,Diesel,1794.225027,527.5351114,13,0
57,30-06-2021,Steel,11748.82615,71.77822775,Diesel,1501.405076,430.924587,13,0
57,31-07-2021,Steel,13878.04956,92.27034236,Diesel,1175.890984,525.4125582,13,0
57,31-08-2021,Steel,5171.341707,71.22465827,Diesel,347.2083245,482.5441365,13,0
57,30-09-2021,Steel,16718.86554,73.28896126,Diesel,1686.583406,406.4590293,13,0
57,31-10-2021,Steel,15517.19122,93.66459213,Diesel,1593.40416,703.4161968,13,0
57,30-11-2021,Steel,12261.56061,97.87955478,Diesel,1091.626776,471.9234568,13,0
57,31-12-2021,Steel,12589.37825,64.57421909,Diesel,1699.649735,636.0261221,13,0
57,31-01-2022,Steel,18138.14417,76.51009375,Diesel,2669.796534,530.7565037,13,0
57,28-02-2022,Steel,19304.70659,72.85289777,Diesel,1037.134996,444.1796543,13,0
57,31-03-2022,Steel,5511.83577,70.27955271,Diesel,783.4530623,405.7680746,13,0
57,30-04-2022,Steel,11137.30138,65.66025557,Diesel,1325.074216,659.1813466,13,0
57,31-05-2022,Steel,12276.7351,92.80945287,Diesel,1763.337796,638.2217957,13,0
57,30-06-2022,Steel,15592.48555,71.028542,Diesel,1591.461825,404.3325921,13,0
57,31-07-2022,Steel,13752.14729,61.79276042,Diesel,2014.325614,516.0763999,13,0
57,31-08-2022,Steel,18921.20002,88.79018877,Diesel,2622.498256,422.2542983,13,0
57,30-09-2022,Steel,10501.31901,80.27452295,Diesel,1017.643942,561.2236887,13,0
57,31-10-2022,Steel,11366.57972,62.72834925,Diesel,692.6787865,470.706894,13,0
57,30-11-2022,Steel,10463.8183,61.08730995,Diesel,790.8922586,535.4881745,13,0
57,31-12-2022,Steel,17354.69763,76.40268552,Diesel,2262.275134,410.2639664,13,0
57,31-01-2023,Steel,19633.47776,76.24578026,Diesel,2905.72956,478.6899679,13,0
57,28-02-2023,Steel,8482.34321,92.40133626,Diesel,469.2133907,411.0612359,13,0
57,31-03-2023,Steel,17283.33542,85.57612784,Diesel,2266.387334,649.8632348,13,0
57,30-04-2023,Steel,14573.61636,76.18959826,Diesel,891.4062346,640.564364,13,0
57,31-05-2023,Steel,7858.294663,89.29500881,Diesel,887.6207795,709.5797283,13,0
57,30-06-2023,Steel,12778.07875,67.32809845,Diesel,1885.49992,672.3536419,13,0
57,31-07-2023,Steel,14858.76857,61.02704076,Diesel,2057.937132,560.0679159,13,0
57,31-08-2023,Steel,17601.21636,81.7343255,Diesel,2496.466313,636.7873462,13,0
57,30-09-2023,Steel,18456.67555,95.79721605,Diesel,1375.83466,473.9740256,13,0
57,31-10-2023,Steel,8719.464045,75.85518242,Diesel,1272.28276,535.4118701,13,0
57,30-11-2023,Steel,14683.31587,88.91532386,Diesel,1977.702156,640.4488111,13,0
57,31-12-2023,Steel,15118.0787,68.86761473,Diesel,1164.867436,562.8801752,13,0
58,31-01-2019,Cement,17165.4217,95.45903301,Diesel,2023.856783,538.0629838,10,1
58,28-02-2019,Cement,13879.13941,65.45333467,Diesel,1540.095833,494.3760404,10,1
58,31-03-2019,Cement,8447.091335,75.30137499,Diesel,839.1429927,429.8238319,10,1
58,30-04-2019,Cement,19240.80684,60.20105491,Diesel,977.4758947,472.5530362,10,1
58,31-05-2019,Cement,7641.984514,93.45196765,Diesel,1002.174597,718.9960551,10,1
58,30-06-2019,Cement,19122.00182,64.47063763,Diesel,2760.204497,583.2302546,10,1
58,31-07-2019,Cement,8694.771986,60.26579586,Diesel,1197.081035,501.4848223,10,1
58,31-08-2019,Cement,9961.473965,85.68194626,Diesel,1168.54369,617.3382463,10,1
58,30-09-2019,Cement,18643.74536,90.1799893,Diesel,1827.621874,610.9142124,10,1
58,31-10-2019,Cement,8691.783606,83.42463993,Diesel,1284.337368,711.7350682,10,1
58,30-11-2019,Cement,8425.167412,72.69042548,Diesel,1072.664265,554.9567504,10,1
58,31-12-2019,Cement,9369.158795,66.03926095,Diesel,740.1642443,703.6635293,10,1
58,31-01-2020,Cement,13329.8116,94.05855201,Diesel,703.6691397,596.412705,10,1
58,29-02-2020,Cement,11353.83161,76.98389582,Diesel,694.8879541,654.8617933,10,1
58,31-03-2020,Cement,11182.34231,84.92247748,Diesel,1416.181164,645.9440733,10,1
58,30-04-2020,Cement,11675.61473,99.53060759,Diesel,943.352693,501.0503093,10,1
58,31-05-2020,Cement,9506.894501,73.4941881,Diesel,1025.472827,487.9910262,10,1
58,30-06-2020,Cement,19408.78863,84.23375649,Diesel,2397.509556,665.5026335,10,1
58,31-07-2020,Cement,13297.42865,85.19486062,Diesel,1430.743368,444.0691013,10,1
58,31-08-2020,Cement,17826.89409,61.34322346,Diesel,1753.487029,417.7527692,10,1
58,30-09-2020,Cement,11199.24991,97.88790811,Diesel,829.8538695,476.9731306,10,1
58,31-10-2020,Cement,9140.041586,67.36192511,Diesel,1204.666178,620.0790082,10,1
58,30-11-2020,Cement,7354.140898,76.39137575,Diesel,481.679644,703.8972368,10,1
58,31-12-2020,Cement,14121.90101,69.84424663,Diesel,978.3708739,539.9717678,10,1
58,31-01-2021,Cement,7644.653743,80.86711304,Diesel,907.5303515,407.1809694,10,1
58,28-02-2021,Cement,8046.555045,82.7283534,Diesel,627.5609138,693.4810165,10,1
58,31-03-2021,Cement,6300.016059,74.92153034,Diesel,374.5567782,691.8223541,10,1
58,30-04-2021,Cement,19753.30192,76.40578717,Diesel,1633.909245,411.5860063,10,1
58,31-05-2021,Cement,11188.68436,89.49255179,Diesel,562.8216349,703.0036677,10,1
58,30-06-2021,Cement,5424.591338,84.77629916,Diesel,456.7370809,590.7285584,10,1
58,31-07-2021,Cement,6035.204709,97.01780224,Diesel,363.1660031,661.5492353,10,1
58,31-08-2021,Cement,11704.12752,67.57527348,Diesel,615.5039481,402.6334183,10,1
58,30-09-2021,Cement,8449.763045,68.61357549,Diesel,1219.990516,542.3367769,10,1
58,31-10-2021,Cement,10227.5939,61.79954089,Diesel,846.7432261,611.0593078,10,1
58,30-11-2021,Cement,8741.300006,91.49845221,Diesel,856.0921492,434.9753309,10,1
58,31-12-2021,Cement,15522.19058,73.76146452,Diesel,2176.920148,588.4915935,10,1
58,31-01-2022,Cement,14496.56006,61.88414061,Diesel,1002.590305,415.4871284,10,1
58,28-02-2022,Cement,10509.30068,69.60245598,Diesel,898.0247058,579.8096505,10,1
58,31-03-2022,Cement,9941.338308,95.65545697,Diesel,640.0384333,653.0662616,10,1
58,30-04-2022,Cement,17126.23455,94.78794052,Diesel,1548.677019,625.1407926,10,1
58,31-05-2022,Cement,17978.79591,79.00862635,Diesel,1020.743704,576.7057311,10,1
58,30-06-2022,Cement,16114.65601,79.7999628,Diesel,1311.016643,460.8307409,10,1
58,31-07-2022,Cement,7800.725585,60.44641222,Diesel,722.3689171,568.6234794,10,1
58,31-08-2022,Cement,7412.470153,67.1806603,Diesel,860.8714455,522.319075,10,1
58,30-09-2022,Cement,16938.69415,86.92053218,Diesel,1914.037903,697.6757909,10,1
58,31-10-2022,Cement,12752.41248,82.57848383,Diesel,1532.877663,572.671217,10,1
58,30-11-2022,Cement,6716.505489,87.27520241,Diesel,417.15193,547.8446791,10,1
58,31-12-2022,Cement,7372.008215,96.81330659,Diesel,615.8581266,503.4333666,10,1
58,31-01-2023,Cement,16095.80031,77.82288668,Diesel,2247.415701,691.9811484,10,1
58,28-02-2023,Cement,16443.45297,96.07499443,Diesel,1450.521359,417.4307883,10,1
58,31-03-2023,Cement,8797.352802,99.24460919,Diesel,794.5676886,617.7474155,10,1
58,30-04-2023,Cement,18575.10881,95.74442187,Diesel,2156.008524,626.9823076,10,1
58,31-05-2023,Cement,14098.78984,69.95206851,Diesel,1740.852225,714.5065162,10,1
58,30-06-2023,Cement,11634.72537,80.35311405,Diesel,584.9036018,426.2744259,10,1
58,31-07-2023,Cement,11160.0645,73.77148728,Diesel,587.9865259,513.7176674,10,1
58,31-08-2023,Cement,9225.772932,91.8578954,Diesel,1264.637709,560.3525441,10,1
58,30-09-2023,Cement,8253.641177,74.23462282,Diesel,497.41296,558.8801243,10,1
58,31-10-2023,Cement,7346.653095,84.14937021,Diesel,765.2821876,544.81767,10,1
58,30-11-2023,Cement,15569.80333,62.16793543,Diesel,1000.969193,542.6491334,10,1
58,31-12-2023,Cement,16392.17228,99.32100194,Diesel,2377.122537,421.5379974,10,1
59,31-01-2019,Cement,14644.30622,75.65549355,Gas,1338.964026,431.5301657,5,0
59,28-02-2019,Cement,15110.81745,79.38241313,Gas,993.7265326,703.5418354,5,0
59,31-03-2019,Cement,17011.35415,62.53708835,Gas,2545.125848,675.7014916,5,0
59,30-04-2019,Cement,18617.14695,90.86771239,Gas,1549.798842,663.5845698,5,0
59,31-05-2019,Cement,19411.40387,62.83399626,Gas,2454.43147,508.0507185,5,0
59,30-06-2019,Cement,16661.01213,74.88599036,Gas,1985.56489,420.8750039,5,0
59,31-07-2019,Cement,17774.37929,74.0627032,Gas,1499.845496,692.3626695,5,0
59,31-08-2019,Cement,13233.38289,98.17106882,Gas,1717.891177,622.2124943,5,0
59,30-09-2019,Cement,15284.59848,99.25087507,Gas,976.9911908,655.6584345,5,0
59,31-10-2019,Cement,17593.83194,99.34632209,Gas,1553.636688,444.1950908,5,0
59,30-11-2019,Cement,16862.50962,70.10134751,Gas,2065.188929,639.7399162,5,0
59,31-12-2019,Cement,7551.921049,83.38891436,Gas,486.4593355,580.2171675,5,0
59,31-01-2020,Cement,5258.32039,79.05356375,Gas,685.3088965,654.6768338,5,0
59,29-02-2020,Cement,18257.68066,66.73744102,Gas,1588.486375,628.56136,5,0
59,31-03-2020,Cement,13931.19249,74.16944297,Gas,1351.902609,603.5681783,5,0
59,30-04-2020,Cement,12348.91057,90.50477683,Gas,1621.447373,509.8700754,5,0
59,31-05-2020,Cement,11399.95008,79.27200798,Gas,1051.437183,430.8690816,5,0
59,30-06-2020,Cement,7236.321072,78.0714495,Gas,822.4372355,702.4814767,5,0
59,31-07-2020,Cement,9988.263969,97.62232665,Gas,670.9189846,698.1708604,5,0
59,31-08-2020,Cement,14969.29172,93.20941144,Gas,1325.542072,400.690829,5,0
59,30-09-2020,Cement,10630.81392,86.21361604,Gas,1347.102628,559.9160606,5,0
59,31-10-2020,Cement,7877.510059,79.98539658,Gas,721.5832785,615.6062148,5,0
59,30-11-2020,Cement,17362.73694,68.73960533,Gas,1884.467792,638.6953051,5,0
59,31-12-2020,Cement,17484.58133,62.73190948,Gas,1390.226438,678.681324,5,0
59,31-01-2021,Cement,9788.558167,74.11704094,Gas,536.3494468,419.7932857,5,0
59,28-02-2021,Cement,13505.7564,63.82239775,Gas,1243.507912,564.4701991,5,0
59,31-03-2021,Cement,12827.11324,92.04848524,Gas,1736.512868,526.8306596,5,0
59,30-04-2021,Cement,8621.900669,74.42742142,Gas,791.871148,435.5341987,5,0
59,31-05-2021,Cement,7232.871531,93.4328598,Gas,1045.452979,682.0096073,5,0
59,30-06-2021,Cement,8896.666685,71.18684581,Gas,1303.347979,649.7527458,5,0
59,31-07-2021,Cement,6477.29139,70.91658588,Gas,586.9646653,693.7909404,5,0
59,31-08-2021,Cement,5167.465026,93.00712123,Gas,406.6230178,506.485598,5,0
59,30-09-2021,Cement,18741.93702,83.00163053,Gas,1626.403235,509.8087853,5,0
59,31-10-2021,Cement,19991.82619,72.48824433,Gas,2436.307121,454.7520781,5,0
59,30-11-2021,Cement,9046.667093,80.88904138,Gas,822.7357045,408.7892562,5,0
59,31-12-2021,Cement,12100.0994,81.27387105,Gas,651.2798522,688.0708199,5,0
59,31-01-2022,Cement,8078.48748,79.20061103,Gas,660.386636,525.2876308,5,0
59,28-02-2022,Cement,18219.27219,85.47857062,Gas,1340.515641,435.4428665,5,0
59,31-03-2022,Cement,11151.07134,86.16263045,Gas,1473.468783,573.3266313,5,0
59,30-04-2022,Cement,15679.50652,66.4514214,Gas,2348.710639,434.4009917,5,0
59,31-05-2022,Cement,8302.696319,89.52323125,Gas,716.3540784,626.482525,5,0
59,30-06-2022,Cement,14405.07402,76.49474903,Gas,1284.929047,667.7573845,5,0
59,31-07-2022,Cement,13077.67885,86.78787182,Gas,1855.178364,636.5744429,5,0
59,31-08-2022,Cement,6257.909561,99.28209398,Gas,366.7419997,450.6991514,5,0
59,30-09-2022,Cement,16233.75083,68.26762917,Gas,2336.711813,494.4323929,5,0
59,31-10-2022,Cement,10459.45861,65.87176742,Gas,1048.38164,411.3319124,5,0
59,30-11-2022,Cement,9420.511481,62.76760555,Gas,1348.445827,593.7317606,5,0
59,31-12-2022,Cement,7061.267703,68.78468886,Gas,393.6269321,644.7127851,5,0
59,31-01-2023,Cement,6732.844981,97.21890256,Gas,527.8768676,653.5377792,5,0
59,28-02-2023,Cement,18397.44712,96.41355464,Gas,1421.491183,514.6791269,5,0
59,31-03-2023,Cement,19395.04863,77.30716667,Gas,971.7987888,559.7838377,5,0
59,30-04-2023,Cement,16111.05419,67.52807302,Gas,1740.300289,570.4464535,5,0
59,31-05-2023,Cement,11198.2755,83.62330727,Gas,1305.98657,574.3393429,5,0
59,30-06-2023,Cement,16944.04632,87.68616378,Gas,2419.663325,407.6045574,5,0
59,31-07-2023,Cement,11665.22346,75.12387755,Gas,599.0847822,694.3126254,5,0
59,31-08-2023,Cement,19783.74149,63.40919993,Gas,1521.493472,674.1765352,5,0
59,30-09-2023,Cement,9094.978729,73.75907331,Gas,1315.247978,469.0527189,5,0
59,31-10-2023,Cement,15649.94802,60.16103934,Gas,1228.095246,405.5993265,5,0
59,30-11-2023,Cement,6525.230042,62.20931375,Gas,854.9347041,486.5956301,5,0
59,31-12-2023,Cement,13615.33764,96.41914208,Gas,1102.047828,603.7204509,5,0
60,31-01-2019,Steel,13396.37019,93.1534644,Diesel,1318.407007,553.1158851,2,1
60,28-02-2019,Steel,19745.70756,93.85296789,Diesel,1027.82021,535.1207757,2,1
60,31-03-2019,Steel,14184.10824,82.56602452,Diesel,1158.75029,688.1861424,2,1
60,30-04-2019,Steel,17184.5382,78.00305552,Diesel,1530.710921,537.5625515,2,1
60,31-05-2019,Steel,5965.996338,70.28466361,Diesel,440.1116359,647.29791,2,1
60,30-06-2019,Steel,19571.83512,95.33658182,Diesel,2080.830968,578.4895599,2,1
60,31-07-2019,Steel,19014.28617,92.35350957,Diesel,2329.363162,665.5743373,2,1
60,31-08-2019,Steel,16323.21853,86.38385445,Diesel,1468.605222,422.7289601,2,1
60,30-09-2019,Steel,12937.1236,64.88478777,Diesel,1333.085434,584.7805971,2,1
60,31-10-2019,Steel,5122.535041,61.88919988,Diesel,613.9615792,598.1836008,2,1
60,30-11-2019,Steel,11485.1665,84.30837324,Diesel,686.4035002,711.0389619,2,1
60,31-12-2019,Steel,16387.84533,91.99014229,Diesel,1976.714601,401.4523592,2,1
60,31-01-2020,Steel,8984.112896,62.57758019,Diesel,941.618421,489.2967674,2,1
60,29-02-2020,Steel,11601.35836,93.81030762,Diesel,1536.223691,503.8509503,2,1
60,31-03-2020,Steel,17116.01634,96.52099521,Diesel,1736.149523,667.3382453,2,1
60,30-04-2020,Steel,10449.30088,92.91932004,Diesel,1290.786461,687.022,2,1
60,31-05-2020,Steel,19834.04198,79.24008719,Diesel,1963.598133,616.9019008,2,1
60,30-06-2020,Steel,18528.32642,63.62253308,Diesel,2724.48658,409.228139,2,1
60,31-07-2020,Steel,9846.26125,90.86981171,Diesel,1399.797945,529.3492114,2,1
60,31-08-2020,Steel,9742.63557,64.95163042,Diesel,1264.343036,644.0011778,2,1
60,30-09-2020,Steel,7950.736032,79.07831812,Diesel,529.3397403,642.5700162,2,1
60,31-10-2020,Steel,6138.32688,86.36522557,Diesel,800.423853,666.2220767,2,1
60,30-11-2020,Steel,7115.959246,99.22446556,Diesel,481.5153368,554.0664822,2,1
60,31-12-2020,Steel,13288.87955,66.89322293,Diesel,1632.332474,589.0627691,2,1
60,31-01-2021,Steel,10218.61162,67.96872943,Diesel,1147.493743,611.6730089,2,1
60,28-02-2021,Steel,11110.43792,80.91333573,Diesel,1379.4222,681.9526,2,1
60,31-03-2021,Steel,15051.94905,95.3638102,Diesel,1792.753515,618.6347645,2,1
60,30-04-2021,Steel,7409.812833,65.93578894,Diesel,757.0340039,615.7395478,2,1
60,31-05-2021,Steel,11536.07052,95.03880569,Diesel,1126.339658,563.8257321,2,1
60,30-06-2021,Steel,10494.98616,77.63868747,Diesel,1349.895414,493.8615885,2,1
60,31-07-2021,Steel,7947.150384,96.11363032,Diesel,1169.493741,485.4331983,2,1
60,31-08-2021,Steel,15210.48669,98.48521305,Diesel,1402.457915,535.5945548,2,1
60,30-09-2021,Steel,13679.50147,72.6160916,Diesel,897.0026301,515.1704107,2,1
60,31-10-2021,Steel,13997.01533,72.75668751,Diesel,1864.691361,592.0020825,2,1
60,30-11-2021,Steel,12949.35566,69.03127676,Diesel,1544.76507,673.0617175,2,1
60,31-12-2021,Steel,11800.87239,63.19462914,Diesel,1199.772335,677.0331583,2,1
60,31-01-2022,Steel,17476.9265,60.49247142,Diesel,1085.474528,563.9409014,2,1
60,28-02-2022,Steel,19059.69034,77.15305577,Diesel,1570.135245,515.9712561,2,1
60,31-03-2022,Steel,8910.623347,99.46987048,Diesel,910.0667575,405.8584583,2,1
60,30-04-2022,Steel,11869.91198,62.48038477,Diesel,1224.784309,615.2451135,2,1
60,31-05-2022,Steel,15754.75686,67.83957559,Diesel,2279.340591,510.3765317,2,1
60,30-06-2022,Steel,11267.39321,73.36610919,Diesel,1114.82923,500.4138366,2,1
60,31-07-2022,Steel,13894.09661,96.8370782,Diesel,1444.768727,475.7103547,2,1
60,31-08-2022,Steel,10690.59004,62.54542967,Diesel,593.9224457,674.788687,2,1
60,30-09-2022,Steel,18607.73681,60.56054903,Diesel,992.0183077,465.8032985,2,1
60,31-10-2022,Steel,11198.81486,72.12430771,Diesel,1046.370823,587.8800197,2,1
60,30-11-2022,Steel,6779.246734,85.69321158,Diesel,563.669949,460.1337583,2,1
60,31-12-2022,Steel,10839.87603,67.12246028,Diesel,1166.973537,667.0294757,2,1
60,31-01-2023,Steel,6479.540326,92.3886584,Diesel,678.3209199,461.1138427,2,1
60,28-02-2023,Steel,7994.049504,95.32639912,Diesel,403.8549784,481.8390555,2,1
60,31-03-2023,Steel,19553.49034,85.62407461,Diesel,1164.759769,709.2110165,2,1
60,30-04-2023,Steel,8988.219721,80.31090996,Diesel,1031.4669,443.3085923,2,1
60,31-05-2023,Steel,12826.27108,95.69488663,Diesel,1917.996915,651.4878578,2,1
60,30-06-2023,Steel,5039.556271,72.70403436,Diesel,295.9671836,618.0461544,2,1
60,31-07-2023,Steel,16890.89273,67.19038346,Diesel,1904.351155,442.341199,2,1
60,31-08-2023,Steel,13814.99816,80.19815073,Diesel,1587.831733,459.9747289,2,1
60,30-09-2023,Steel,8591.486992,94.51512847,Diesel,1002.713023,602.1458524,2,1
60,31-10-2023,Steel,16589.73807,80.46855018,Diesel,2175.099418,688.6455923,2,1
60,30-11-2023,Steel,5464.501764,65.32907492,Diesel,504.0810803,468.4587094,2,1
60,31-12-2023,Steel,5829.694744,72.8070692,Diesel,601.5855273,419.3947646,2,1
61,31-01-2019,Pharma,11646.05347,65.97442852,Gas,1526.350962,596.5114377,7,0
61,28-02-2019,Pharma,7194.954957,95.09196721,Gas,484.3976099,541.1318674,7,0
61,31-03-2019,Pharma,13780.5799,74.25869106,Gas,1098.25555,531.6473538,7,0
61,30-04-2019,Pharma,13406.95888,77.55924529,Gas,1638.319986,656.2009879,7,0
61,31-05-2019,Pharma,12197.97695,75.75586057,Gas,1245.41616,462.7460426,7,0
61,30-06-2019,Pharma,10123.38678,83.53851697,Gas,1344.023696,473.287375,7,0
61,31-07-2019,Pharma,16261.93302,87.3040311,Gas,1870.67822,408.8221707,7,0
61,31-08-2019,Pharma,13349.83117,91.53347793,Gas,1137.787948,706.2298912,7,0
61,30-09-2019,Pharma,18670.36336,71.82914953,Gas,2119.764011,443.824614,7,0
61,31-10-2019,Pharma,9337.807984,68.50552324,Gas,870.7217562,474.6603325,7,0
61,30-11-2019,Pharma,19678.63329,61.20555115,Gas,2234.148535,477.9646881,7,0
61,31-12-2019,Pharma,16711.56269,95.930036,Gas,2390.332449,652.5415168,7,0
61,31-01-2020,Pharma,6014.766969,67.82175828,Gas,545.5303914,597.7171766,7,0
61,29-02-2020,Pharma,10439.68822,78.80645088,Gas,930.5916385,612.9595383,7,0
61,31-03-2020,Pharma,10574.20189,96.74092146,Gas,669.9201095,682.8543107,7,0
61,30-04-2020,Pharma,19976.25091,97.33665724,Gas,1597.799123,526.8685735,7,0
61,31-05-2020,Pharma,15092.23846,94.94364419,Gas,1687.696366,636.7142663,7,0
61,30-06-2020,Pharma,11890.69106,96.35893632,Gas,1402.811425,633.2508122,7,0
61,31-07-2020,Pharma,9419.159512,90.80443128,Gas,894.6251249,469.6219497,7,0
61,31-08-2020,Pharma,7542.703393,87.19394813,Gas,401.5968169,563.3262695,7,0
61,30-09-2020,Pharma,7234.942579,75.78221701,Gas,581.9350032,531.2499005,7,0
61,31-10-2020,Pharma,7383.420999,65.65911858,Gas,719.242076,455.4686239,7,0
61,30-11-2020,Pharma,18635.25876,79.11624703,Gas,1368.900143,714.1066703,7,0
61,31-12-2020,Pharma,9720.065613,94.47376552,Gas,693.3417148,652.0655306,7,0
61,31-01-2021,Pharma,18883.69933,64.75843415,Gas,2533.842528,458.9654748,7,0
61,28-02-2021,Pharma,17723.11733,75.69536622,Gas,2088.02038,702.9140217,7,0
61,31-03-2021,Pharma,14976.23719,61.04671322,Gas,2091.940259,585.9804114,7,0
61,30-04-2021,Pharma,10379.37242,73.17336194,Gas,1110.776201,525.2188493,7,0
61,31-05-2021,Pharma,10703.95609,78.44755602,Gas,1503.654225,690.677173,7,0
61,30-06-2021,Pharma,15395.81408,71.72611404,Gas,1835.025984,624.673388,7,0
61,31-07-2021,Pharma,8612.407817,72.75136253,Gas,742.9771263,668.3248046,7,0
61,31-08-2021,Pharma,16677.49368,64.81964552,Gas,1947.005005,431.7988461,7,0
61,30-09-2021,Pharma,17942.05877,62.16630761,Gas,2511.441528,608.9528269,7,0
61,31-10-2021,Pharma,16686.8854,93.27752233,Gas,1982.649752,511.6911676,7,0
61,30-11-2021,Pharma,17601.77376,83.47782224,Gas,2073.993194,593.2709687,7,0
61,31-12-2021,Pharma,9999.737256,76.77295098,Gas,656.8314627,510.7497049,7,0
61,31-01-2022,Pharma,6460.275546,94.06460278,Gas,885.368135,485.2675896,7,0
61,28-02-2022,Pharma,17531.73814,71.13093297,Gas,1424.663038,571.8355373,7,0
61,31-03-2022,Pharma,11437.61448,62.25940588,Gas,1460.293434,428.8118664,7,0
61,30-04-2022,Pharma,19571.20492,93.46445618,Gas,1590.199141,578.1128696,7,0
61,31-05-2022,Pharma,14730.20408,66.1898896,Gas,1099.840857,520.7914206,7,0
61,30-06-2022,Pharma,15665.29846,64.95835974,Gas,1341.65172,681.4094484,7,0
61,31-07-2022,Pharma,6828.94699,77.17010451,Gas,468.029766,655.8219912,7,0
61,31-08-2022,Pharma,11997.11306,68.50669354,Gas,1185.281862,647.0477944,7,0
61,30-09-2022,Pharma,18493.38526,62.042048,Gas,1123.096871,619.3949166,7,0
61,31-10-2022,Pharma,19558.14065,93.51510682,Gas,1383.945751,473.7780647,7,0
61,30-11-2022,Pharma,9195.49054,71.28491549,Gas,888.1482192,705.0103573,7,0
61,31-12-2022,Pharma,16962.22499,87.45795044,Gas,1620.33753,666.7917447,7,0
61,31-01-2023,Pharma,13883.88702,88.43180457,Gas,977.7896865,570.0434948,7,0
61,28-02-2023,Pharma,17941.18432,70.62392746,Gas,1953.201629,411.112547,7,0
61,31-03-2023,Pharma,8674.701729,74.64621464,Gas,711.1125988,430.447021,7,0
61,30-04-2023,Pharma,6399.939782,99.26416588,Gas,602.3289484,538.6851296,7,0
61,31-05-2023,Pharma,14666.361,70.57765876,Gas,875.8695381,573.8419539,7,0
61,30-06-2023,Pharma,9845.342928,63.13486404,Gas,1263.904157,532.9073826,7,0
61,31-07-2023,Pharma,8192.936598,82.17793412,Gas,1008.377962,481.1287624,7,0
61,31-08-2023,Pharma,5527.965394,62.73333284,Gas,386.521075,630.681929,7,0
61,30-09-2023,Pharma,9276.190888,80.2445664,Gas,802.2991283,412.2418242,7,0
61,31-10-2023,Pharma,16110.55821,65.4309353,Gas,1273.537101,500.9739341,7,0
61,30-11-2023,Pharma,6887.102255,73.98236298,Gas,739.0409414,479.2282965,7,0
61,31-12-2023,Pharma,7358.789447,72.69710532,Gas,1060.513698,422.7659209,7,0
62,31-01-2019,Chemical,11471.14002,99.64174123,Diesel,576.8521586,536.340637,7,1
62,28-02-2019,Chemical,10491.60341,62.54439507,Diesel,1328.666802,582.6451411,7,1
62,31-03-2019,Chemical,11488.30957,95.9484556,Diesel,614.1463786,600.2116121,7,1
62,30-04-2019,Chemical,15587.37846,93.28952325,Diesel,1386.447338,526.9602889,7,1
62,31-05-2019,Chemical,19367.50295,85.27208947,Diesel,1544.5814,601.0966491,7,1
62,30-06-2019,Chemical,6400.089308,65.73674105,Diesel,930.610012,581.4362571,7,1
62,31-07-2019,Chemical,9728.246257,69.74462188,Diesel,1457.511822,672.1350124,7,1
62,31-08-2019,Chemical,16070.37668,94.39264681,Diesel,957.6513651,584.4752536,7,1
62,30-09-2019,Chemical,14357.83057,74.06329801,Diesel,1034.016938,620.1202184,7,1
62,31-10-2019,Chemical,19533.49857,72.65576621,Diesel,1084.396133,703.8744136,7,1
62,30-11-2019,Chemical,10530.9614,89.29542728,Diesel,1216.920606,676.0342741,7,1
62,31-12-2019,Chemical,16188.17093,74.38737499,Diesel,2416.091857,713.3045792,7,1
62,31-01-2020,Chemical,18995.30481,62.49844958,Diesel,1302.401064,599.8475031,7,1
62,29-02-2020,Chemical,17290.2037,97.47456403,Diesel,2579.034573,674.2278904,7,1
62,31-03-2020,Chemical,7750.269044,71.8381962,Diesel,776.9021088,661.1999275,7,1
62,30-04-2020,Chemical,14757.23092,83.01895021,Diesel,1536.513798,433.053758,7,1
62,31-05-2020,Chemical,18342.06752,68.5752387,Diesel,1536.249001,582.8681494,7,1
62,30-06-2020,Chemical,5055.963722,82.28269742,Diesel,602.6413221,525.2211784,7,1
62,31-07-2020,Chemical,11296.72993,73.70118431,Diesel,906.2888637,633.952453,7,1
62,31-08-2020,Chemical,14882.60306,85.88244807,Diesel,972.0755541,691.5885805,7,1
62,30-09-2020,Chemical,8912.946783,77.39206651,Diesel,1052.967461,642.5139549,7,1
62,31-10-2020,Chemical,13014.60512,71.41236646,Diesel,1849.224506,405.5586887,7,1
62,30-11-2020,Chemical,16868.97624,84.72366894,Diesel,1447.290847,672.7276574,7,1
62,31-12-2020,Chemical,13783.64288,62.85446546,Diesel,957.2521873,475.9088054,7,1
62,31-01-2021,Chemical,9053.450752,76.13944962,Diesel,547.9968637,577.7141357,7,1
62,28-02-2021,Chemical,17714.24735,97.19854032,Diesel,2546.861004,578.6137724,7,1
62,31-03-2021,Chemical,12093.9243,96.7864558,Diesel,1075.154635,417.8782537,7,1
62,30-04-2021,Chemical,12033.91422,98.31582917,Diesel,1500.146042,479.7789993,7,1
62,31-05-2021,Chemical,6504.140693,96.80425746,Diesel,891.3003426,691.1648057,7,1
62,30-06-2021,Chemical,16516.10669,70.48370992,Diesel,2378.374699,444.0856336,7,1
62,31-07-2021,Chemical,12496.41857,93.81098852,Diesel,1228.118692,410.211815,7,1
62,31-08-2021,Chemical,13574.28862,79.74598941,Diesel,1632.355969,459.3988894,7,1
62,30-09-2021,Chemical,16918.32505,88.59232345,Diesel,1128.646779,488.6038951,7,1
62,31-10-2021,Chemical,18307.07294,83.28595735,Diesel,1295.436226,428.5132922,7,1
62,30-11-2021,Chemical,15251.98955,64.07273971,Diesel,1399.978454,610.8607623,7,1
62,31-12-2021,Chemical,11249.80399,84.49142316,Diesel,1593.320758,696.7445194,7,1
62,31-01-2022,Chemical,8022.306249,86.44306912,Diesel,913.7507367,542.6836427,7,1
62,28-02-2022,Chemical,18261.03256,72.78591489,Diesel,1551.75446,485.176724,7,1
62,31-03-2022,Chemical,6660.98827,67.37367251,Diesel,782.7784378,580.1813413,7,1
62,30-04-2022,Chemical,5128.175779,60.70617262,Diesel,623.6152821,682.5987912,7,1
62,31-05-2022,Chemical,12680.47576,73.47801405,Diesel,1845.30586,658.1878246,7,1
62,30-06-2022,Chemical,5392.365327,72.87559545,Diesel,372.7457698,525.0086166,7,1
62,31-07-2022,Chemical,12661.93379,79.70719853,Diesel,928.8074007,551.9976544,7,1
62,31-08-2022,Chemical,13941.82168,85.11056491,Diesel,1747.503462,583.0965424,7,1
62,30-09-2022,Chemical,8166.128453,98.80416214,Diesel,578.9801667,428.3248855,7,1
62,31-10-2022,Chemical,18163.52191,91.07018975,Diesel,2682.807219,406.4040442,7,1
62,30-11-2022,Chemical,18142.07871,96.80999017,Diesel,1761.884553,647.6933755,7,1
62,31-12-2022,Chemical,12002.5626,64.0758882,Diesel,1193.072727,447.8419182,7,1
62,31-01-2023,Chemical,8972.492616,60.93792717,Diesel,566.3419208,700.2738395,7,1
62,28-02-2023,Chemical,19823.44815,67.24200207,Diesel,2431.189276,551.4198966,7,1
62,31-03-2023,Chemical,9440.758057,87.87590559,Diesel,1153.21038,541.5674709,7,1
62,30-04-2023,Chemical,5285.446349,83.63725015,Diesel,538.0541229,590.0827647,7,1
62,31-05-2023,Chemical,9797.134106,99.19436804,Diesel,1362.313703,515.8054687,7,1
62,30-06-2023,Chemical,8034.696292,89.06665591,Diesel,583.1605892,428.2068215,7,1
62,31-07-2023,Chemical,17095.72745,79.1614394,Diesel,1442.180364,420.590199,7,1
62,31-08-2023,Chemical,17572.40629,91.31914268,Diesel,2066.030345,597.882791,7,1
62,30-09-2023,Chemical,18882.99448,63.44876058,Diesel,2072.289865,584.1692721,7,1
62,31-10-2023,Chemical,8112.763945,69.70069903,Diesel,1205.826015,518.062211,7,1
62,30-11-2023,Chemical,11032.01803,97.31696395,Diesel,1390.307714,492.1609979,7,1
62,31-12-2023,Chemical,10995.51508,75.0863711,Diesel,783.7960508,700.4141735,7,1
63,31-01-2019,Cement,14453.67633,91.55300352,Diesel,1078.629192,709.4865715,18,0
63,28-02-2019,Cement,16792.78369,89.58553794,Diesel,1145.704962,642.2184665,18,0
63,31-03-2019,Cement,11732.96192,96.58046892,Diesel,1104.754017,623.3433183,18,0
63,30-04-2019,Cement,10370.05663,95.51488814,Diesel,589.9618473,669.2909706,18,0
63,31-05-2019,Cement,7723.832246,60.87220025,Diesel,1068.856139,623.3054776,18,0
63,30-06-2019,Cement,9720.611393,94.12640742,Diesel,1137.110908,620.3030543,18,0
63,31-07-2019,Cement,15459.83517,71.00129245,Diesel,1293.673375,692.6135505,18,0
63,31-08-2019,Cement,17854.29646,96.54275859,Diesel,2258.524002,654.8405618,18,0
63,30-09-2019,Cement,14413.22627,60.06487372,Diesel,897.4440264,469.4467596,18,0
63,31-10-2019,Cement,15103.99088,62.61469717,Diesel,1728.178968,559.3968881,18,0
63,30-11-2019,Cement,18322.39648,64.40666126,Diesel,2324.027884,433.1136911,18,0
63,31-12-2019,Cement,15011.27883,97.29623309,Diesel,1681.736399,517.415508,18,0
63,31-01-2020,Cement,16770.27445,80.83290989,Diesel,1259.965221,610.1345087,18,0
63,29-02-2020,Cement,17779.21524,83.66971005,Diesel,1000.759117,546.2539424,18,0
63,31-03-2020,Cement,9459.498782,64.20468042,Diesel,568.1286337,577.8904127,18,0
63,30-04-2020,Cement,18948.69341,84.47052669,Diesel,1649.774548,508.4730041,18,0
63,31-05-2020,Cement,9103.553202,99.3596021,Diesel,625.6763485,448.2103123,18,0
63,30-06-2020,Cement,19943.00592,73.76429247,Diesel,2117.800191,676.1476231,18,0
63,31-07-2020,Cement,13418.78261,70.30566019,Diesel,1108.077909,654.9985359,18,0
63,31-08-2020,Cement,7665.808745,88.07223287,Diesel,569.5240074,581.0047285,18,0
63,30-09-2020,Cement,12641.59967,89.58729838,Diesel,910.2403605,431.8177026,18,0
63,31-10-2020,Cement,12187.85569,84.51467798,Diesel,1267.754452,456.8016298,18,0
63,30-11-2020,Cement,19710.40999,87.65677898,Diesel,1210.593819,639.3974887,18,0
63,31-12-2020,Cement,16162.7265,67.72649756,Diesel,2295.69781,613.7703138,18,0
63,31-01-2021,Cement,5571.082037,62.90853369,Diesel,290.4994876,568.7182237,18,0
63,28-02-2021,Cement,15170.48028,86.64310517,Diesel,1384.727331,709.1130819,18,0
63,31-03-2021,Cement,7549.466302,75.48921627,Diesel,825.8144319,588.8133921,18,0
63,30-04-2021,Cement,7738.323475,84.25930136,Diesel,450.5396173,701.1635964,18,0
63,31-05-2021,Cement,16315.9136,62.70292957,Diesel,2430.988053,674.7518784,18,0
63,30-06-2021,Cement,19148.94633,95.69030786,Diesel,2568.287144,526.0392884,18,0
63,31-07-2021,Cement,10872.5363,62.46761428,Diesel,790.0444248,555.926991,18,0
63,31-08-2021,Cement,17656.63879,97.78452229,Diesel,1846.972137,415.7752306,18,0
63,30-09-2021,Cement,12698.90832,64.94660631,Diesel,1343.41637,594.3524721,18,0
63,31-10-2021,Cement,19781.35613,84.31952745,Diesel,2601.184606,557.8436178,18,0
63,30-11-2021,Cement,5716.071797,66.9571487,Diesel,532.1063145,509.4634635,18,0
63,31-12-2021,Cement,17390.72237,68.48701161,Diesel,2554.027484,459.2773484,18,0
63,31-01-2022,Cement,17191.76888,77.53977566,Diesel,1487.633416,505.152861,18,0
63,28-02-2022,Cement,6757.103527,60.41099908,Diesel,982.835709,500.2718496,18,0
63,31-03-2022,Cement,19731.90665,62.21617164,Diesel,1916.036397,491.3513801,18,0
63,30-04-2022,Cement,17262.51404,90.48413819,Diesel,1977.932747,407.8671169,18,0
63,31-05-2022,Cement,18445.09723,81.9790904,Diesel,1806.364301,569.3362441,18,0
63,30-06-2022,Cement,16481.02076,86.24332986,Diesel,2144.11601,560.0076702,18,0
63,31-07-2022,Cement,13889.96529,96.28249484,Diesel,1919.986633,629.9467132,18,0
63,31-08-2022,Cement,5080.08086,98.44906848,Diesel,340.7130678,534.2458403,18,0
63,30-09-2022,Cement,9466.26816,81.41578583,Diesel,755.1010085,521.239205,18,0
63,31-10-2022,Cement,14068.4625,63.34632468,Diesel,1036.10745,512.4105354,18,0
63,30-11-2022,Cement,7482.8806,88.98925086,Diesel,377.4545758,567.3777584,18,0
63,31-12-2022,Cement,12724.37453,99.69405996,Diesel,827.6726843,604.0588244,18,0
63,31-01-2023,Cement,16389.77354,77.97363545,Diesel,1281.943001,673.3763139,18,0
63,28-02-2023,Cement,14512.55002,97.0727516,Diesel,1720.86074,445.2023106,18,0
63,31-03-2023,Cement,12952.89844,81.04473374,Diesel,1900.782731,485.8422395,18,0
63,30-04-2023,Cement,11623.09532,70.1868626,Diesel,1293.996528,459.1912857,18,0
63,31-05-2023,Cement,12453.11442,61.13069981,Diesel,1274.592812,616.7887283,18,0
63,30-06-2023,Cement,12552.06726,90.42570833,Diesel,955.6799879,512.7603502,18,0
63,31-07-2023,Cement,11746.46662,73.35527274,Diesel,1620.60078,579.0762351,18,0
63,31-08-2023,Cement,7973.531158,67.71881234,Diesel,754.8943367,466.9054433,18,0
63,30-09-2023,Cement,10305.35974,85.95212302,Diesel,705.5278048,502.8017331,18,0
63,31-10-2023,Cement,10643.01731,95.01339659,Diesel,614.4380416,644.2089518,18,0
63,30-11-2023,Cement,19621.62236,81.78465906,Diesel,2087.970722,688.5083189,18,0
63,31-12-2023,Cement,13710.31559,76.17828429,Diesel,1968.273132,494.6114824,18,0
64,31-01-2019,Steel,16298.10931,82.62634481,Diesel,834.128879,467.5583646,16,1
64,28-02-2019,Steel,18541.12665,65.77787734,Diesel,1460.864603,705.8986438,16,1
64,31-03-2019,Steel,12028.94689,82.42406443,Diesel,1333.733065,486.6255,16,1
64,30-04-2019,Steel,10716.06884,95.45620394,Diesel,1094.107553,711.6439586,16,1
64,31-05-2019,Steel,15370.47565,92.35044438,Diesel,1160.654644,612.8076717,16,1
64,30-06-2019,Steel,16074.47607,98.54699839,Diesel,2051.131813,549.121501,16,1
64,31-07-2019,Steel,7203.777022,73.81580698,Diesel,1076.858504,680.3013864,16,1
64,31-08-2019,Steel,15382.29641,99.2081619,Diesel,2016.165542,532.4965126,16,1
64,30-09-2019,Steel,10787.04033,93.439751,Diesel,849.6343504,404.3871065,16,1
64,31-10-2019,Steel,14813.26141,80.13110562,Diesel,926.3028584,400.7185636,16,1
64,30-11-2019,Steel,18691.43731,62.08009784,Diesel,2533.324309,611.4165106,16,1
64,31-12-2019,Steel,14368.27619,87.04987847,Diesel,1006.39734,479.8086087,16,1
64,31-01-2020,Steel,18527.01013,61.94701921,Diesel,1405.305175,470.1669096,16,1
64,29-02-2020,Steel,11640.70264,80.34327315,Diesel,1118.855991,560.5490087,16,1
64,31-03-2020,Steel,7400.454139,61.5807012,Diesel,936.8527956,454.6896296,16,1
64,30-04-2020,Steel,13104.43205,87.54395359,Diesel,857.7591105,569.8289581,16,1
64,31-05-2020,Steel,7339.146613,70.50552688,Diesel,502.5322802,425.8998501,16,1
64,30-06-2020,Steel,17068.7333,67.71825356,Diesel,1491.660557,425.472574,16,1
64,31-07-2020,Steel,14268.42452,91.15629252,Diesel,1515.155823,649.2727515,16,1
64,31-08-2020,Steel,12680.46494,64.57340995,Diesel,1639.447677,496.679662,16,1
64,30-09-2020,Steel,17130.56054,82.56698881,Diesel,2122.753655,468.1064613,16,1
64,31-10-2020,Steel,18955.8471,76.80573084,Diesel,1144.554736,509.8637377,16,1
64,30-11-2020,Steel,12557.02359,95.42611579,Diesel,1264.741531,613.8835465,16,1
64,31-12-2020,Steel,11745.29536,77.8887225,Diesel,1068.820834,516.2302705,16,1
64,31-01-2021,Steel,12644.26901,66.29463928,Diesel,658.4899899,504.6675008,16,1
64,28-02-2021,Steel,7161.400658,71.71559714,Diesel,851.4758034,711.9302625,16,1
64,31-03-2021,Steel,7556.209786,60.97132649,Diesel,469.8343764,474.4224784,16,1
64,30-04-2021,Steel,19672.81951,97.66527815,Diesel,2456.604904,440.3937954,16,1
64,31-05-2021,Steel,7342.536916,83.9549455,Diesel,592.9881984,483.9919964,16,1
64,30-06-2021,Steel,11332.192,97.28411397,Diesel,907.3879825,520.2484129,16,1
64,31-07-2021,Steel,17232.11476,64.03649464,Diesel,1030.203519,463.6198869,16,1
64,31-08-2021,Steel,14621.69222,78.46004994,Diesel,1515.600284,465.2856188,16,1
64,30-09-2021,Steel,12114.07248,97.16019781,Diesel,1502.8149,648.923956,16,1
64,31-10-2021,Steel,14914.79677,99.85643363,Diesel,913.5209856,718.1381794,16,1
64,30-11-2021,Steel,7439.466438,67.79080188,Diesel,579.4588594,450.6004062,16,1
64,31-12-2021,Steel,6056.687986,96.23953549,Diesel,524.8429231,457.8199467,16,1
64,31-01-2022,Steel,19596.45451,92.18251336,Diesel,1597.815772,437.9838047,16,1
64,28-02-2022,Steel,7438.91289,72.78792678,Diesel,576.6779345,579.1219922,16,1
64,31-03-2022,Steel,14569.46225,63.82561523,Diesel,1697.325707,456.7376787,16,1
64,30-04-2022,Steel,16657.853,68.78780994,Diesel,1183.34713,593.9437647,16,1
64,31-05-2022,Steel,11225.5407,76.99698328,Diesel,1682.51077,525.1247885,16,1
64,30-06-2022,Steel,7974.826268,72.69800092,Diesel,852.8063606,519.7356914,16,1
64,31-07-2022,Steel,7951.568307,82.6698539,Diesel,959.4432947,636.4285684,16,1
64,31-08-2022,Steel,19284.92551,91.92683274,Diesel,1818.66281,501.2321278,16,1
64,30-09-2022,Steel,15014.36692,77.23228592,Diesel,1171.619748,508.3377223,16,1
64,31-10-2022,Steel,14811.98104,68.05926867,Diesel,1778.984614,686.1501839,16,1
64,30-11-2022,Steel,10757.1464,78.68553351,Diesel,1180.691505,441.8239613,16,1
64,31-12-2022,Steel,15235.95562,87.05849165,Diesel,1071.148936,675.5651733,16,1
64,31-01-2023,Steel,6069.333082,77.01758024,Diesel,430.624231,465.3426861,16,1
64,28-02-2023,Steel,14982.14271,77.89897633,Diesel,1439.718628,668.5145985,16,1
64,31-03-2023,Steel,7419.648707,80.4047312,Diesel,406.1122481,668.7991468,16,1
64,30-04-2023,Steel,15550.34994,66.8629445,Diesel,2256.132771,490.7765403,16,1
64,31-05-2023,Steel,14399.0132,80.2135572,Diesel,1307.707342,518.97769,16,1
64,30-06-2023,Steel,15920.06436,63.6285765,Diesel,1068.198019,414.8956471,16,1
64,31-07-2023,Steel,18803.92009,97.24238543,Diesel,1942.542954,474.8322533,16,1
64,31-08-2023,Steel,15148.0765,71.74344324,Diesel,2032.203139,715.7867834,16,1
64,30-09-2023,Steel,8429.190277,85.28354934,Diesel,1084.120364,528.5620432,16,1
64,31-10-2023,Steel,16306.32166,84.18946254,Diesel,2407.511816,513.1397672,16,1
64,30-11-2023,Steel,8137.557175,97.47793956,Diesel,859.8781869,452.4429031,16,1
64,31-12-2023,Steel,17282.28444,65.64815324,Diesel,2092.440228,663.7164278,16,1
65,31-01-2019,Cement,9342.027407,84.48663157,Diesel,1381.047783,555.6059342,1,1
65,28-02-2019,Cement,14547.3245,98.3804671,Diesel,1670.593439,706.0457624,1,1
65,31-03-2019,Cement,17710.78732,78.91581343,Diesel,1988.074099,669.1385157,1,1
65,30-04-2019,Cement,6120.647089,93.7319023,Diesel,378.1730624,606.0022874,1,1
65,31-05-2019,Cement,17973.9571,75.0115647,Diesel,2041.43631,559.0691985,1,1
65,30-06-2019,Cement,16785.51285,90.34723866,Diesel,1200.326546,640.4559585,1,1
65,31-07-2019,Cement,17230.67542,92.49648652,Diesel,2299.218401,538.9619139,1,1
65,31-08-2019,Cement,17970.50281,66.25817272,Diesel,1119.76764,431.065326,1,1
65,30-09-2019,Cement,7413.114111,60.20406617,Diesel,768.3034165,559.2434666,1,1
65,31-10-2019,Cement,6017.866843,91.00279964,Diesel,867.3741389,672.5900666,1,1
65,30-11-2019,Cement,12121.97307,70.69607731,Diesel,1375.815957,444.2534711,1,1
65,31-12-2019,Cement,5630.662428,95.39824115,Diesel,343.8023319,583.0439802,1,1
65,31-01-2020,Cement,14027.04496,64.91394544,Diesel,1636.085502,684.2625853,1,1
65,29-02-2020,Cement,13454.13168,65.07057442,Diesel,1360.315501,460.4740221,1,1
65,31-03-2020,Cement,13195.59833,96.90271934,Diesel,1951.81508,509.9011652,1,1
65,30-04-2020,Cement,14185.3054,90.13763779,Diesel,1761.951436,607.1021418,1,1
65,31-05-2020,Cement,17626.45382,69.04688195,Diesel,1520.259773,558.7739668,1,1
65,30-06-2020,Cement,18061.52777,69.77667604,Diesel,1470.14681,684.2942533,1,1
65,31-07-2020,Cement,8884.6643,83.66102636,Diesel,1170.906312,572.3382453,1,1
65,31-08-2020,Cement,6129.509573,67.84258529,Diesel,789.1969538,696.7865617,1,1
65,30-09-2020,Cement,7260.537892,67.36081933,Diesel,691.3430307,679.9714701,1,1
65,31-10-2020,Cement,11557.94221,99.29132183,Diesel,684.4069006,503.579636,1,1
65,30-11-2020,Cement,17230.47069,87.79937361,Diesel,1809.301893,694.6615962,1,1
65,31-12-2020,Cement,7471.349638,78.37788728,Diesel,1105.087554,604.9371668,1,1
65,31-01-2021,Cement,19490.42827,87.83274243,Diesel,1308.127362,711.6263022,1,1
65,28-02-2021,Cement,8930.958415,77.7627431,Diesel,1207.124158,536.4990055,1,1
65,31-03-2021,Cement,13115.88082,94.61684382,Diesel,774.0384971,450.3579993,1,1
65,30-04-2021,Cement,8801.609314,66.65182304,Diesel,635.7656409,581.7563135,1,1
65,31-05-2021,Cement,19962.85216,69.87012272,Diesel,1448.20365,667.5488836,1,1
65,30-06-2021,Cement,8085.088749,96.4455346,Diesel,1010.15627,412.4069885,1,1
65,31-07-2021,Cement,18812.70503,97.32154211,Diesel,1567.517916,431.7778684,1,1
65,31-08-2021,Cement,13639.05576,77.16447572,Diesel,1070.112008,569.6222623,1,1
65,30-09-2021,Cement,7736.441227,82.78453635,Diesel,893.8726674,507.4990922,1,1
65,31-10-2021,Cement,6161.153056,68.80790949,Diesel,367.3685352,555.760889,1,1
65,30-11-2021,Cement,17332.0321,97.28533148,Diesel,1992.659617,428.1718946,1,1
65,31-12-2021,Cement,10935.13932,95.95200883,Diesel,1576.611689,462.6288804,1,1
65,31-01-2022,Cement,8096.201305,77.05316781,Diesel,487.1144035,430.7100447,1,1
65,28-02-2022,Cement,16525.98053,96.40434552,Diesel,901.8661362,675.1680195,1,1
65,31-03-2022,Cement,17140.11074,67.47368379,Diesel,2367.947075,508.532483,1,1
65,30-04-2022,Cement,6996.833677,88.84862757,Diesel,891.5722604,636.5437079,1,1
65,31-05-2022,Cement,9289.392422,90.91896507,Diesel,1326.977397,494.4244088,1,1
65,30-06-2022,Cement,15613.31236,81.00862276,Diesel,948.4657695,443.8588855,1,1
65,31-07-2022,Cement,19868.21805,79.62083841,Diesel,2155.690041,572.9392106,1,1
65,31-08-2022,Cement,11566.12298,67.84770086,Diesel,1365.544061,661.0169797,1,1
65,30-09-2022,Cement,12420.10712,81.17993612,Diesel,658.5317981,629.4602335,1,1
65,31-10-2022,Cement,8639.609478,67.50887683,Diesel,607.0697447,699.0399293,1,1
65,30-11-2022,Cement,16082.92496,98.3668142,Diesel,1036.380459,474.3799449,1,1
65,31-12-2022,Cement,9228.521011,64.80317263,Diesel,1383.117583,534.0397969,1,1
65,31-01-2023,Cement,11081.44335,73.69201701,Diesel,1211.940386,639.4775862,1,1
65,28-02-2023,Cement,11912.70711,61.30523112,Diesel,862.2732618,651.2593689,1,1
65,31-03-2023,Cement,8008.57529,74.73063639,Diesel,722.6744459,421.1981914,1,1
65,30-04-2023,Cement,12867.42902,70.42787634,Diesel,1403.300091,611.8638143,1,1
65,31-05-2023,Cement,16809.96626,70.7667733,Diesel,888.0306977,629.0698265,1,1
65,30-06-2023,Cement,18558.60515,98.44371378,Diesel,2611.927947,461.5893755,1,1
65,31-07-2023,Cement,19720.98915,68.51118255,Diesel,2385.671882,640.4723831,1,1
65,31-08-2023,Cement,5353.88819,98.89795336,Diesel,596.4938306,656.0154858,1,1
65,30-09-2023,Cement,19841.6493,61.62805571,Diesel,1097.243587,461.0310665,1,1
65,31-10-2023,Cement,19228.40386,96.88309204,Diesel,1449.266128,551.3234975,1,1
65,30-11-2023,Cement,17225.43086,97.57019873,Diesel,2485.311703,447.0409311,1,1
65,31-12-2023,Cement,13899.24128,60.30506572,Diesel,1868.797379,486.7877021,1,1
66,31-01-2019,Textile,10304.95809,69.68754712,Gas,1006.294127,619.9461279,17,1
66,28-02-2019,Textile,11289.10533,98.77321259,Gas,857.381313,568.0384682,17,1
66,31-03-2019,Textile,9296.586971,61.7370196,Gas,1197.786397,684.5729461,17,1
66,30-04-2019,Textile,18038.08774,96.77855849,Gas,1593.861778,541.9896036,17,1
66,31-05-2019,Textile,7263.366675,87.49242578,Gas,1005.207325,496.0674837,17,1
66,30-06-2019,Textile,14767.38194,75.69612778,Gas,769.2994311,653.513728,17,1
66,31-07-2019,Textile,7213.481842,96.69483166,Gas,662.7673808,584.5274008,17,1
66,31-08-2019,Textile,15584.99136,86.31956651,Gas,1891.978883,569.6135228,17,1
66,30-09-2019,Textile,6565.063756,90.6295832,Gas,817.7310786,662.3079614,17,1
66,31-10-2019,Textile,10551.29004,93.44908601,Gas,1454.515645,692.0939016,17,1
66,30-11-2019,Textile,7320.880353,75.0662074,Gas,1011.494524,404.9941048,17,1
66,31-12-2019,Textile,12198.95062,94.40972537,Gas,1616.082872,446.7980517,17,1
66,31-01-2020,Textile,18930.50236,63.10706203,Gas,2117.529414,471.4917999,17,1
66,29-02-2020,Textile,13061.38341,61.36865661,Gas,1308.815916,542.4868396,17,1
66,31-03-2020,Textile,13531.69874,73.28028147,Gas,1208.120547,439.8197918,17,1
66,30-04-2020,Textile,14871.37683,93.64388526,Gas,1807.411014,593.9803974,17,1
66,31-05-2020,Textile,7723.426447,76.9134654,Gas,793.3403422,500.4370425,17,1
66,30-06-2020,Textile,12919.55383,64.76524538,Gas,996.148084,626.8357653,17,1
66,31-07-2020,Textile,9560.383048,88.05921258,Gas,613.6566786,612.9856861,17,1
66,31-08-2020,Textile,17941.23643,92.15889477,Gas,1065.86875,514.0904988,17,1
66,30-09-2020,Textile,8155.890059,82.4425322,Gas,845.7121669,677.7916357,17,1
66,31-10-2020,Textile,17850.64595,79.66568021,Gas,2339.733591,648.2862794,17,1
66,30-11-2020,Textile,6693.760868,96.54313468,Gas,575.7801893,402.0669777,17,1
66,31-12-2020,Textile,10553.454,70.41396103,Gas,939.7382112,566.3674272,17,1
66,31-01-2021,Textile,16279.6105,66.44654857,Gas,1561.158271,642.0167042,17,1
66,28-02-2021,Textile,15671.46057,98.59940442,Gas,1305.767195,638.2007872,17,1
66,31-03-2021,Textile,16283.72686,79.31981777,Gas,1472.680166,457.7755587,17,1
66,30-04-2021,Textile,14760.69846,63.54083846,Gas,1274.62154,584.2921869,17,1
66,31-05-2021,Textile,13310.46209,66.87742512,Gas,1766.512671,545.0525039,17,1
66,30-06-2021,Textile,8970.975964,78.8013717,Gas,712.0933677,421.0070874,17,1
66,31-07-2021,Textile,7905.181469,86.54386261,Gas,578.6834922,620.0110999,17,1
66,31-08-2021,Textile,6298.754489,94.7295418,Gas,395.7897143,540.2571688,17,1
66,30-09-2021,Textile,17458.86846,86.01646446,Gas,982.8337035,501.7754104,17,1
66,31-10-2021,Textile,18832.99988,82.98458186,Gas,1434.975828,406.3891055,17,1
66,30-11-2021,Textile,16534.171,62.46479239,Gas,2017.444824,566.0676129,17,1
66,31-12-2021,Textile,13904.3363,60.90173369,Gas,1754.458898,666.1505673,17,1
66,31-01-2022,Textile,18220.4108,79.97465072,Gas,2373.186714,695.6225104,17,1
66,28-02-2022,Textile,7470.296528,65.32239132,Gas,785.0673931,433.7365451,17,1
66,31-03-2022,Textile,10640.89592,65.33643562,Gas,1531.511262,553.9716478,17,1
66,30-04-2022,Textile,14497.4806,85.4616535,Gas,846.8080398,406.9402011,17,1
66,31-05-2022,Textile,18714.48347,99.04018514,Gas,2225.501507,542.1055095,17,1
66,30-06-2022,Textile,7110.66111,95.96258029,Gas,446.4169331,637.4008789,17,1
66,31-07-2022,Textile,11744.17602,70.39154221,Gas,1425.254965,574.3004246,17,1
66,31-08-2022,Textile,17916.79841,66.30027048,Gas,1958.987763,630.5170993,17,1
66,30-09-2022,Textile,16970.68757,99.34388742,Gas,2252.473051,527.4270908,17,1
66,31-10-2022,Textile,11469.13431,96.301137,Gas,1062.951218,646.515355,17,1
66,30-11-2022,Textile,6528.850669,71.79026793,Gas,385.6859396,454.2512025,17,1
66,31-12-2022,Textile,5947.189095,64.84236775,Gas,453.2897494,667.7294725,17,1
66,31-01-2023,Textile,6710.895125,65.85895069,Gas,818.552292,707.5334494,17,1
66,28-02-2023,Textile,9292.622987,76.44260813,Gas,976.2596114,576.8106494,17,1
66,31-03-2023,Textile,14955.75352,76.51760192,Gas,1323.280005,573.6084746,17,1
66,30-04-2023,Textile,16847.99254,66.38908321,Gas,2392.292811,582.9075973,17,1
66,31-05-2023,Textile,8787.728362,84.08347753,Gas,501.2102138,632.3588004,17,1
66,30-06-2023,Textile,13281.52373,98.57706074,Gas,837.183734,679.3010327,17,1
66,31-07-2023,Textile,11493.35008,71.95994586,Gas,1202.213481,444.6998121,17,1
66,31-08-2023,Textile,13784.40085,85.56598727,Gas,1574.463568,439.529316,17,1
66,30-09-2023,Textile,13127.67485,62.570007,Gas,1217.149763,538.4425963,17,1
66,31-10-2023,Textile,9781.630942,69.63517909,Gas,1462.222391,719.6293463,17,1
66,30-11-2023,Textile,7643.690802,96.3213962,Gas,426.7556633,519.9478999,17,1
66,31-12-2023,Textile,7345.574634,64.50309718,Gas,591.922656,484.9206418,17,1
67,31-01-2019,Steel,19866.93928,95.76835908,Diesel,2405.694232,617.010385,3,0
67,28-02-2019,Steel,15290.85246,99.84910173,Diesel,1417.746608,528.0579366,3,0
67,31-03-2019,Steel,13179.72915,81.30516864,Diesel,1048.225937,401.6276864,3,0
67,30-04-2019,Steel,10035.99345,85.74364268,Diesel,1066.500675,608.6615409,3,0
67,31-05-2019,Steel,19215.37182,76.53415763,Diesel,1824.447234,575.0291798,3,0
67,30-06-2019,Steel,5832.044102,72.90663098,Diesel,599.5971284,624.739806,3,0
67,31-07-2019,Steel,14754.53255,92.48032548,Diesel,1894.556684,526.5195443,3,0
67,31-08-2019,Steel,17776.98284,69.47896752,Diesel,2451.360758,435.2043707,3,0
67,30-09-2019,Steel,19510.07604,76.96846589,Diesel,2564.453275,423.6180633,3,0
67,31-10-2019,Steel,7382.521262,76.45241838,Diesel,877.5434775,547.169458,3,0
67,30-11-2019,Steel,19456.28081,98.76594723,Diesel,2768.312637,661.1235801,3,0
67,31-12-2019,Steel,7099.21256,94.2814172,Diesel,590.1227664,631.6674734,3,0
67,31-01-2020,Steel,16337.15745,78.53506282,Diesel,1808.609747,690.4069444,3,0
67,29-02-2020,Steel,17682.66708,97.56441983,Diesel,1686.796527,647.1584091,3,0
67,31-03-2020,Steel,5859.043411,98.07149278,Diesel,789.3307831,710.5927859,3,0
67,30-04-2020,Steel,14729.37132,78.30687834,Diesel,1136.13554,418.2709141,3,0
67,31-05-2020,Steel,19556.95446,93.27504868,Diesel,1501.2203,434.6300701,3,0
67,30-06-2020,Steel,17906.15541,72.73897469,Diesel,2531.39094,687.5386655,3,0
67,31-07-2020,Steel,13144.91033,94.83903726,Diesel,1764.726993,464.9105092,3,0
67,31-08-2020,Steel,5630.666522,70.29178453,Diesel,380.2412832,697.8059713,3,0
67,30-09-2020,Steel,13047.02512,84.67723729,Diesel,1461.128835,419.1042312,3,0
67,31-10-2020,Steel,13178.23637,80.17535865,Diesel,1707.868523,709.7782165,3,0
67,30-11-2020,Steel,10513.53034,69.90747393,Diesel,571.7517147,633.2769022,3,0
67,31-12-2020,Steel,14230.25509,71.67536078,Diesel,1936.588823,703.8419092,3,0
67,31-01-2021,Steel,10036.99981,86.00987242,Diesel,1147.856144,627.6155445,3,0
67,28-02-2021,Steel,9375.949757,98.91637642,Diesel,1019.592578,666.1998784,3,0
67,31-03-2021,Steel,13924.81864,93.8479534,Diesel,1192.410792,559.0937441,3,0
67,30-04-2021,Steel,9948.538365,67.6605649,Diesel,1266.997823,467.0676285,3,0
67,31-05-2021,Steel,6036.143024,67.71103809,Diesel,829.1146546,550.7914171,3,0
67,30-06-2021,Steel,19357.76959,91.51256008,Diesel,2296.660069,641.3912222,3,0
67,31-07-2021,Steel,18969.89489,97.24136704,Diesel,1025.173886,561.8131362,3,0
67,31-08-2021,Steel,16990.54521,94.29552145,Diesel,2266.301476,575.1695467,3,0
67,30-09-2021,Steel,14877.58707,85.45982635,Diesel,1611.980548,632.3705013,3,0
67,31-10-2021,Steel,17375.17875,78.95342315,Diesel,1741.303521,536.7645392,3,0
67,30-11-2021,Steel,7934.728157,62.13319595,Diesel,817.6498364,444.8569586,3,0
67,31-12-2021,Steel,13636.49301,79.88622106,Diesel,980.5055049,574.3116906,3,0
67,31-01-2022,Steel,9611.306322,93.27849411,Diesel,557.0104323,617.9199682,3,0
67,28-02-2022,Steel,8657.630382,74.38727573,Diesel,938.0374288,439.7060806,3,0
67,31-03-2022,Steel,13453.41966,86.98824,Diesel,804.6103412,705.9766747,3,0
67,30-04-2022,Steel,10147.04702,62.27119897,Diesel,848.6999855,520.5535552,3,0
67,31-05-2022,Steel,14806.48994,75.76289024,Diesel,806.1780952,536.8888095,3,0
67,30-06-2022,Steel,13765.80942,75.6953164,Diesel,849.1806616,451.5822002,3,0
67,31-07-2022,Steel,7705.875551,96.26811142,Diesel,728.4916065,536.7281742,3,0
67,31-08-2022,Steel,11427.52153,82.63679687,Diesel,1196.720326,453.8047572,3,0
67,30-09-2022,Steel,11210.50215,99.0908558,Diesel,1607.719182,612.9180085,3,0
67,31-10-2022,Steel,10028.36225,66.64574818,Diesel,1354.325405,715.198327,3,0
67,30-11-2022,Steel,13463.5063,64.00709329,Diesel,1228.526907,715.4290154,3,0
67,31-12-2022,Steel,13554.31553,64.09166891,Diesel,1777.153842,657.6533301,3,0
67,31-01-2023,Steel,9095.155898,95.93934965,Diesel,1013.733679,560.8471611,3,0
67,28-02-2023,Steel,7753.973557,60.45594021,Diesel,539.7783661,431.4778778,3,0
67,31-03-2023,Steel,14174.61019,63.90485151,Diesel,1422.213774,547.7268789,3,0
67,30-04-2023,Steel,17248.19193,68.50368794,Diesel,1365.673252,611.3992448,3,0
67,31-05-2023,Steel,11186.88249,62.53231587,Diesel,1295.163252,556.5946494,3,0
67,30-06-2023,Steel,7161.497626,72.78871698,Diesel,675.8230587,540.5647786,3,0
67,31-07-2023,Steel,18632.73374,93.58456159,Diesel,1861.451784,407.5206797,3,0
67,31-08-2023,Steel,14353.16253,97.69262451,Diesel,2085.005993,592.1358938,3,0
67,30-09-2023,Steel,11389.42046,88.09443266,Diesel,686.5964001,526.472267,3,0
67,31-10-2023,Steel,9595.291425,84.55530396,Diesel,965.906273,603.4415439,3,0
67,30-11-2023,Steel,8237.683613,92.34660877,Diesel,1143.256386,401.7987581,3,0
67,31-12-2023,Steel,5399.165926,88.2883357,Diesel,381.9548511,631.2559001,3,0
68,31-01-2019,Textile,19117.82584,97.50844789,Coal,1354.293195,651.438512,10,1
68,28-02-2019,Textile,13595.17153,68.14407002,Coal,1427.576291,517.0474544,10,1
68,31-03-2019,Textile,10055.38034,85.55454842,Coal,582.594911,424.8767778,10,1
68,30-04-2019,Textile,9028.854735,98.2370794,Coal,1237.518577,594.2578931,10,1
68,31-05-2019,Textile,6779.015813,89.01834954,Coal,362.1377082,568.8137587,10,1
68,30-06-2019,Textile,11630.97277,83.54494657,Coal,1679.345648,447.0475877,10,1
68,31-07-2019,Textile,14923.4705,95.81464736,Coal,922.7720642,631.2840997,10,1
68,31-08-2019,Textile,11723.13601,89.92545851,Coal,911.7937167,455.0398588,10,1
68,30-09-2019,Textile,5896.237538,99.35704334,Coal,755.8482142,534.2506665,10,1
68,31-10-2019,Textile,14667.09046,65.63087466,Coal,1048.280566,655.464372,10,1
68,30-11-2019,Textile,19938.07389,72.54124003,Coal,2886.523786,551.824515,10,1
68,31-12-2019,Textile,7931.068029,75.37755359,Coal,897.1899559,412.3843672,10,1
68,31-01-2020,Textile,5490.547017,99.95669927,Coal,344.536705,648.0441394,10,1
68,29-02-2020,Textile,8201.596706,68.96928663,Coal,1046.551635,493.118267,10,1
68,31-03-2020,Textile,8785.800106,74.82708405,Coal,739.9182358,496.1143283,10,1
68,30-04-2020,Textile,18004.12739,65.7015255,Coal,1455.545985,697.1963934,10,1
68,31-05-2020,Textile,5232.827685,96.26729696,Coal,631.5916962,414.3350017,10,1
68,30-06-2020,Textile,15488.74172,63.78615023,Coal,862.2270243,561.9816952,10,1
68,31-07-2020,Textile,10494.78768,76.0818979,Coal,530.3280747,408.3677905,10,1
68,31-08-2020,Textile,17504.05275,93.25535263,Coal,935.1892687,513.8247424,10,1
68,30-09-2020,Textile,9337.217134,93.64923359,Coal,926.4124786,589.3091035,10,1
68,31-10-2020,Textile,10375.58664,82.44915717,Coal,1261.449502,487.4493081,10,1
68,30-11-2020,Textile,15150.41351,84.55028666,Coal,1723.846279,453.0297351,10,1
68,31-12-2020,Textile,18804.68794,93.49523652,Coal,2566.922954,400.8658319,10,1
68,31-01-2021,Textile,16989.61818,83.20273693,Coal,1427.291732,610.3195514,10,1
68,28-02-2021,Textile,17553.81319,84.22629869,Coal,2299.915014,714.5237763,10,1
68,31-03-2021,Textile,10386.22008,92.62891007,Coal,1339.936214,701.0560127,10,1
68,30-04-2021,Textile,11284.04995,92.88838486,Coal,1362.935345,692.6485243,10,1
68,31-05-2021,Textile,13181.98574,64.22796813,Coal,1648.546377,497.4933153,10,1
68,30-06-2021,Textile,14948.16003,99.58592836,Coal,1911.198404,691.4447996,10,1
68,31-07-2021,Textile,6635.125622,69.82229563,Coal,360.0862772,591.5726514,10,1
68,31-08-2021,Textile,13222.35243,97.34046369,Coal,1683.204911,637.8046357,10,1
68,30-09-2021,Textile,9612.888598,60.39245918,Coal,506.903599,592.2744071,10,1
68,31-10-2021,Textile,11678.12934,68.94286939,Coal,1095.522994,551.6034836,10,1
68,30-11-2021,Textile,18713.16189,82.14111708,Coal,1692.762842,582.9409516,10,1
68,31-12-2021,Textile,8126.520034,96.07214801,Coal,495.2749087,634.6990339,10,1
68,31-01-2022,Textile,16968.686,66.31882598,Coal,1412.91849,427.8382871,10,1
68,28-02-2022,Textile,7460.88366,80.35160764,Coal,912.60608,576.2545068,10,1
68,31-03-2022,Textile,19456.47727,76.00491783,Coal,2357.414355,605.2632859,10,1
68,30-04-2022,Textile,11355.2125,90.52151615,Coal,796.7027419,486.4286644,10,1
68,31-05-2022,Textile,10844.22095,70.26050245,Coal,958.9923613,441.854805,10,1
68,30-06-2022,Textile,9883.590186,80.92472528,Coal,1009.861666,607.6388412,10,1
68,31-07-2022,Textile,19764.92704,97.36426091,Coal,1016.360248,449.4468397,10,1
68,31-08-2022,Textile,9462.205802,75.30108637,Coal,826.453098,493.9819721,10,1
68,30-09-2022,Textile,6991.989562,76.33736952,Coal,502.3212644,445.9116341,10,1
68,31-10-2022,Textile,9824.461293,67.99650585,Coal,776.957866,628.6070722,10,1
68,30-11-2022,Textile,17969.19237,83.72343534,Coal,1285.563502,496.4038815,10,1
68,31-12-2022,Textile,12364.80107,91.23052218,Coal,1434.797221,401.7323704,10,1
68,31-01-2023,Textile,18688.08202,87.49642727,Coal,2134.475062,589.5362838,10,1
68,28-02-2023,Textile,13516.35055,78.72419552,Coal,867.6636767,406.6927466,10,1
68,31-03-2023,Textile,5343.087543,80.17607465,Coal,314.259965,427.389739,10,1
68,30-04-2023,Textile,19568.6649,81.31077941,Coal,1976.488725,599.3533949,10,1
68,31-05-2023,Textile,8495.160405,78.82065142,Coal,1104.857996,662.9914876,10,1
68,30-06-2023,Textile,11367.25956,96.30110863,Coal,1202.279867,602.203519,10,1
68,31-07-2023,Textile,8192.182341,60.62954746,Coal,996.5847086,694.275389,10,1
68,31-08-2023,Textile,7899.858012,64.92230527,Coal,770.9925503,646.7368622,10,1
68,30-09-2023,Textile,11538.08422,95.99181045,Coal,721.484195,412.1725052,10,1
68,31-10-2023,Textile,7987.302609,79.2266995,Coal,893.817119,598.1587486,10,1
68,30-11-2023,Textile,14112.25258,76.47616419,Coal,1771.306263,412.2272387,10,1
68,31-12-2023,Textile,7607.247795,95.12636689,Coal,1008.749821,641.8159778,10,1
69,31-01-2019,Chemical,15505.28944,69.13713836,Diesel,1527.105065,684.0258922,12,0
69,28-02-2019,Chemical,18072.17129,87.34243597,Diesel,1060.512903,717.2300676,12,0
69,31-03-2019,Chemical,19344.68013,60.2093882,Diesel,2635.677708,700.1643437,12,0
69,30-04-2019,Chemical,6979.44219,88.90234426,Diesel,565.0485425,717.3393475,12,0
69,31-05-2019,Chemical,13354.0396,62.1731152,Diesel,1361.906843,613.6357571,12,0
69,30-06-2019,Chemical,14555.53484,72.02069936,Diesel,1667.364464,408.6651051,12,0
69,31-07-2019,Chemical,12989.23396,75.89442819,Diesel,1513.612623,645.2719126,12,0
69,31-08-2019,Chemical,19922.53167,98.9596346,Diesel,1167.854615,453.9593158,12,0
69,30-09-2019,Chemical,11626.59836,67.19493207,Diesel,1598.642786,470.9123904,12,0
69,31-10-2019,Chemical,14214.84276,84.61434358,Diesel,769.1599969,687.7634,12,0
69,30-11-2019,Chemical,16244.98014,63.41831037,Diesel,2034.110161,485.3805276,12,0
69,31-12-2019,Chemical,5164.532511,64.05682098,Diesel,407.6986161,535.7175519,12,0
69,31-01-2020,Chemical,5200.901719,86.21709219,Diesel,634.3063371,715.4997095,12,0
69,29-02-2020,Chemical,14596.60258,87.78023328,Diesel,1634.536443,511.3232911,12,0
69,31-03-2020,Chemical,19023.27295,64.96540628,Diesel,1225.639409,701.7193923,12,0
69,30-04-2020,Chemical,12453.02231,91.00035735,Diesel,1672.56004,461.5647434,12,0
69,31-05-2020,Chemical,5947.878442,61.47591505,Diesel,674.5266387,583.2987457,12,0
69,30-06-2020,Chemical,19706.74829,89.09754035,Diesel,2598.01273,500.5512054,12,0
69,31-07-2020,Chemical,17751.14363,84.99075204,Diesel,1147.21502,501.9304692,12,0
69,31-08-2020,Chemical,9865.474995,99.6959073,Diesel,939.3243377,691.6342474,12,0
69,30-09-2020,Chemical,17396.09703,64.6682289,Diesel,986.1025712,529.9046213,12,0
69,31-10-2020,Chemical,9495.74231,96.86747585,Diesel,906.6464515,446.4480267,12,0
69,30-11-2020,Chemical,7584.303409,80.19998907,Diesel,593.580617,668.1148838,12,0
69,31-12-2020,Chemical,7677.653064,92.46395442,Diesel,884.8469756,510.9825841,12,0
69,31-01-2021,Chemical,19245.28292,87.90914659,Diesel,2181.101032,506.8976857,12,0
69,28-02-2021,Chemical,14919.75024,75.31196302,Diesel,750.153223,432.2398532,12,0
69,31-03-2021,Chemical,9889.936054,61.47322018,Diesel,1324.726654,641.8016724,12,0
69,30-04-2021,Chemical,8327.644161,61.37078612,Diesel,1112.065455,473.8009679,12,0
69,31-05-2021,Chemical,17780.48559,81.49053032,Diesel,2263.924369,591.5676814,12,0
69,30-06-2021,Chemical,15588.2739,86.31663839,Diesel,1556.673672,580.4252606,12,0
69,31-07-2021,Chemical,15310.57608,81.19145426,Diesel,1721.374354,621.9896764,12,0
69,31-08-2021,Chemical,14396.53446,98.21536288,Diesel,1881.049279,432.3562012,12,0
69,30-09-2021,Chemical,16582.51844,85.03934065,Diesel,1212.757356,591.3724426,12,0
69,31-10-2021,Chemical,5480.866682,79.31945757,Diesel,545.5837892,519.0461493,12,0
69,30-11-2021,Chemical,12064.04288,74.39856557,Diesel,1125.160762,632.1762293,12,0
69,31-12-2021,Chemical,9298.824375,93.84270072,Diesel,827.1798016,514.7844105,12,0
69,31-01-2022,Chemical,7789.34157,69.78504563,Diesel,816.7800475,623.0350604,12,0
69,28-02-2022,Chemical,16130.73299,77.57429377,Diesel,2170.1669,419.6703371,12,0
69,31-03-2022,Chemical,5263.716692,69.5379227,Diesel,692.4194792,587.5888176,12,0
69,30-04-2022,Chemical,14141.55344,96.57529192,Diesel,739.3458872,717.0924329,12,0
69,31-05-2022,Chemical,11204.95568,95.09931317,Diesel,970.6985137,622.6016124,12,0
69,30-06-2022,Chemical,19160.58671,99.63745277,Diesel,1716.243384,509.7521933,12,0
69,31-07-2022,Chemical,10736.62163,76.7014398,Diesel,1444.957351,443.8134467,12,0
69,31-08-2022,Chemical,11717.3893,95.94027434,Diesel,1410.343733,562.4274565,12,0
69,30-09-2022,Chemical,12898.78035,93.55843331,Diesel,878.8243413,448.3505662,12,0
69,31-10-2022,Chemical,12571.6538,72.77629716,Diesel,1334.208093,532.8460815,12,0
69,30-11-2022,Chemical,8165.154036,73.86916499,Diesel,703.6790973,492.5356909,12,0
69,31-12-2022,Chemical,10662.39098,69.05023549,Diesel,1043.016179,449.1796129,12,0
69,31-01-2023,Chemical,6910.786352,92.47658956,Diesel,436.9515948,631.4085139,12,0
69,28-02-2023,Chemical,18046.98544,73.80525986,Diesel,1030.602592,692.749644,12,0
69,31-03-2023,Chemical,8186.603845,68.30386002,Diesel,939.1692874,429.6728019,12,0
69,30-04-2023,Chemical,12790.82571,66.16713243,Diesel,1888.007537,524.1158765,12,0
69,31-05-2023,Chemical,16026.1863,77.42122167,Diesel,1450.681737,654.9225436,12,0
69,30-06-2023,Chemical,8467.012175,78.98721422,Diesel,607.1391917,647.3663015,12,0
69,31-07-2023,Chemical,7210.165848,68.48685099,Diesel,457.6906152,530.4071258,12,0
69,31-08-2023,Chemical,19056.53865,60.02832824,Diesel,1318.914534,634.8794907,12,0
69,30-09-2023,Chemical,8046.665039,68.20752088,Diesel,435.9329805,695.1000749,12,0
69,31-10-2023,Chemical,5059.321225,71.31333225,Diesel,522.0301049,545.8822176,12,0
69,30-11-2023,Chemical,6716.917939,75.02397232,Diesel,442.6298289,675.4694718,12,0
69,31-12-2023,Chemical,13163.88652,85.44522741,Diesel,678.8707014,444.743168,12,0
70,31-01-2019,Cement,13486.45325,73.54323904,Diesel,956.148284,719.5525493,5,1
70,28-02-2019,Cement,10403.95868,99.37274672,Diesel,1003.895895,513.7110371,5,1
70,31-03-2019,Cement,16782.10284,84.61645982,Diesel,1736.647833,543.3128166,5,1
70,30-04-2019,Cement,10814.32436,75.45161175,Diesel,1399.626425,402.2339646,5,1
70,31-05-2019,Cement,8395.896575,75.51591782,Diesel,1095.708647,410.1026538,5,1
70,30-06-2019,Cement,18529.05149,68.95827813,Diesel,1323.383597,578.6355206,5,1
70,31-07-2019,Cement,10894.38893,96.54574915,Diesel,1591.868812,636.7494973,5,1
70,31-08-2019,Cement,19136.85825,65.07767112,Diesel,2127.713579,587.3368308,5,1
70,30-09-2019,Cement,11697.9846,92.56706682,Diesel,1455.588041,428.3690233,5,1
70,31-10-2019,Cement,13708.75001,92.01526059,Diesel,722.3698264,701.6294965,5,1
70,30-11-2019,Cement,17616.90902,70.17256167,Diesel,1887.578023,408.0109643,5,1
70,31-12-2019,Cement,14889.61668,87.88683943,Diesel,1144.008729,608.5100376,5,1
70,31-01-2020,Cement,5944.26649,68.56444174,Diesel,623.2830866,567.5430436,5,1
70,29-02-2020,Cement,5447.712935,75.41675934,Diesel,421.2502801,477.7520672,5,1
70,31-03-2020,Cement,9499.000296,63.29690975,Diesel,595.7994362,666.9107992,5,1
70,30-04-2020,Cement,17564.14915,62.03984668,Diesel,1818.380525,611.3029255,5,1
70,31-05-2020,Cement,9149.993978,74.8575248,Diesel,965.0715307,451.8160841,5,1
70,30-06-2020,Cement,16017.22192,87.92014163,Diesel,879.9500211,599.0952408,5,1
70,31-07-2020,Cement,6754.974915,67.44412976,Diesel,708.1066746,441.4477801,5,1
70,31-08-2020,Cement,6283.127047,64.56371222,Diesel,334.1265841,520.3438764,5,1
70,30-09-2020,Cement,17353.66791,84.82001842,Diesel,1785.301811,630.9049615,5,1
70,31-10-2020,Cement,6108.855274,84.71648337,Diesel,385.140685,677.8979451,5,1
70,30-11-2020,Cement,7856.987418,98.02571122,Diesel,1042.328996,515.0045634,5,1
70,31-12-2020,Cement,19376.91294,70.42106793,Diesel,2360.266436,641.6919311,5,1
70,31-01-2021,Cement,10921.18622,79.12460009,Diesel,1280.053262,609.2710516,5,1
70,28-02-2021,Cement,9425.851295,86.38419226,Diesel,912.4681679,481.6183022,5,1
70,31-03-2021,Cement,11212.73243,78.34132435,Diesel,1332.676084,677.742902,5,1
70,30-04-2021,Cement,19761.99087,90.66171366,Diesel,2499.136131,683.3000001,5,1
70,31-05-2021,Cement,11280.73594,77.03985669,Diesel,630.9693181,645.0622954,5,1
70,30-06-2021,Cement,9344.237577,75.51178459,Diesel,756.2282948,427.2285164,5,1
70,31-07-2021,Cement,12278.05824,89.6677772,Diesel,1796.080234,670.0427804,5,1
70,31-08-2021,Cement,10659.79303,86.55356354,Diesel,900.0664928,627.4851697,5,1
70,30-09-2021,Cement,5027.185902,87.40415731,Diesel,578.363704,714.6119082,5,1
70,31-10-2021,Cement,19100.14157,66.96462344,Diesel,1935.886815,402.2251064,5,1
70,30-11-2021,Cement,8826.140309,68.21025325,Diesel,854.2374493,708.0254662,5,1
70,31-12-2021,Cement,5115.850247,64.47069379,Diesel,499.6861944,452.2439134,5,1
70,31-01-2022,Cement,13991.99734,99.02685211,Diesel,723.9450097,615.4027487,5,1
70,28-02-2022,Cement,12778.84472,65.43132208,Diesel,1587.82831,496.0012901,5,1
70,31-03-2022,Cement,15841.02704,78.60419646,Diesel,1658.618985,718.095502,5,1
70,30-04-2022,Cement,7372.764293,84.36845242,Diesel,650.0623483,684.7764952,5,1
70,31-05-2022,Cement,17373.03924,74.40606469,Diesel,902.3199312,414.9403181,5,1
70,30-06-2022,Cement,13343.1653,70.33534195,Diesel,1682.68592,660.5436418,5,1
70,31-07-2022,Cement,8099.253205,70.01262321,Diesel,485.4303596,422.3136802,5,1
70,31-08-2022,Cement,14433.83335,86.55550229,Diesel,1569.446122,632.0641411,5,1
70,30-09-2022,Cement,5448.932034,92.54032139,Diesel,404.1774668,555.830147,5,1
70,31-10-2022,Cement,14328.26751,86.41653023,Diesel,838.7153862,662.1565366,5,1
70,30-11-2022,Cement,9849.816287,98.2671356,Diesel,967.5326651,582.3384332,5,1
70,31-12-2022,Cement,11709.24156,75.14045036,Diesel,1480.753182,501.7264882,5,1
70,31-01-2023,Cement,6088.074799,92.77398522,Diesel,339.8830789,545.2336879,5,1
70,28-02-2023,Cement,13007.99896,73.81011064,Diesel,1157.699088,475.3550338,5,1
70,31-03-2023,Cement,19867.59343,81.18956752,Diesel,2058.227365,450.7162224,5,1
70,30-04-2023,Cement,9237.016436,77.3752469,Diesel,1216.914375,453.7096723,5,1
70,31-05-2023,Cement,14675.36897,84.34101535,Diesel,1432.875238,680.2449954,5,1
70,30-06-2023,Cement,13426.6163,90.22162893,Diesel,1785.316669,629.8403114,5,1
70,31-07-2023,Cement,5505.061423,77.76183987,Diesel,623.7655983,493.2044888,5,1
70,31-08-2023,Cement,14869.74448,65.16591101,Diesel,1135.15082,414.4627705,5,1
70,30-09-2023,Cement,8972.614971,87.16902088,Diesel,1078.077884,678.5024674,5,1
70,31-10-2023,Cement,17232.13897,76.65474898,Diesel,1480.978678,473.8059491,5,1
70,30-11-2023,Cement,14117.60036,97.65402893,Diesel,1008.230008,674.3356679,5,1
70,31-12-2023,Cement,12135.89627,66.02413448,Diesel,1052.330819,629.733291,5,1
71,31-01-2019,Steel,13453.54037,81.56496594,Diesel,1918.854343,655.7121853,15,1
71,28-02-2019,Steel,19960.72121,78.56650305,Diesel,2518.813959,660.4151277,15,1
71,31-03-2019,Steel,12575.42613,98.15327196,Diesel,1301.431723,453.5582151,15,1
71,30-04-2019,Steel,16411.51997,76.05139912,Diesel,2344.760498,688.2570258,15,1
71,31-05-2019,Steel,16788.50145,61.40809991,Diesel,2291.623964,456.569259,15,1
71,30-06-2019,Steel,14090.32207,92.67128635,Diesel,1263.627111,637.9489714,15,1
71,31-07-2019,Steel,14741.42097,69.12843829,Diesel,2062.137692,464.0891596,15,1
71,31-08-2019,Steel,8556.215675,81.10852327,Diesel,1101.368471,419.2683028,15,1
71,30-09-2019,Steel,18860.21033,90.56058691,Diesel,962.4150781,611.0226357,15,1
71,31-10-2019,Steel,8142.181915,63.70714245,Diesel,595.7790093,643.6784766,15,1
71,30-11-2019,Steel,15945.86983,80.54040734,Diesel,931.5737041,439.7848992,15,1
71,31-12-2019,Steel,19028.77052,69.77642,Diesel,2445.575322,717.1704769,15,1
71,31-01-2020,Steel,14060.21029,82.14404608,Diesel,968.8473098,484.3026799,15,1
71,29-02-2020,Steel,10560.26869,63.24124438,Diesel,1443.723249,490.037089,15,1
71,31-03-2020,Steel,8305.405701,77.56146453,Diesel,684.5334569,498.4670426,15,1
71,30-04-2020,Steel,11539.39423,82.3560146,Diesel,633.7229001,588.2902947,15,1
71,31-05-2020,Steel,13000.60323,64.2174817,Diesel,810.2620078,462.1383973,15,1
71,30-06-2020,Steel,18197.33805,89.80779231,Diesel,1789.146642,511.2844879,15,1
71,31-07-2020,Steel,19329.61199,82.59659296,Diesel,1569.617396,403.7323776,15,1
71,31-08-2020,Steel,13874.56289,99.58872327,Diesel,1739.129711,686.4125788,15,1
71,30-09-2020,Steel,8958.195584,79.87072557,Diesel,790.2069609,514.9491803,15,1
71,31-10-2020,Steel,17587.51105,62.52523461,Diesel,1078.431667,401.6329607,15,1
71,30-11-2020,Steel,8167.455201,60.38639999,Diesel,646.5046436,422.4922444,15,1
71,31-12-2020,Steel,19578.41598,83.11797732,Diesel,2300.124305,546.9080767,15,1
71,31-01-2021,Steel,10625.79382,77.60527497,Diesel,587.7488446,550.4113154,15,1
71,28-02-2021,Steel,9546.391666,86.13859862,Diesel,634.4521288,608.7912691,15,1
71,31-03-2021,Steel,10250.59647,81.34821243,Diesel,570.9194186,403.4529753,15,1
71,30-04-2021,Steel,18797.70121,96.25772897,Diesel,2167.637815,601.1118441,15,1
71,31-05-2021,Steel,13466.7947,89.95153942,Diesel,1981.486241,598.881131,15,1
71,30-06-2021,Steel,19834.60344,99.99500397,Diesel,1949.290783,651.1442271,15,1
71,31-07-2021,Steel,14619.86524,70.65410985,Diesel,2087.188765,536.2799847,15,1
71,31-08-2021,Steel,11333.49657,66.76233264,Diesel,837.6688746,627.7080685,15,1
71,30-09-2021,Steel,9783.68966,75.11899805,Diesel,864.8038009,440.106374,15,1
71,31-10-2021,Steel,8061.133009,70.07105922,Diesel,676.9684753,548.9180724,15,1
71,30-11-2021,Steel,19624.76072,89.65039365,Diesel,2671.873657,518.8736078,15,1
71,31-12-2021,Steel,9901.903782,88.24951034,Diesel,987.5028351,519.4147126,15,1
71,31-01-2022,Steel,19880.70685,77.31359751,Diesel,2775.73588,443.2229706,15,1
71,28-02-2022,Steel,10545.42914,71.0159503,Diesel,1336.215613,650.4441913,15,1
71,31-03-2022,Steel,11879.77569,63.11712077,Diesel,881.0416,483.190856,15,1
71,30-04-2022,Steel,11739.46553,64.51505314,Diesel,943.2842607,422.6939932,15,1
71,31-05-2022,Steel,12215.3092,87.8037354,Diesel,1524.529354,574.1151545,15,1
71,30-06-2022,Steel,16993.30711,82.64719321,Diesel,1370.599541,474.6994349,15,1
71,31-07-2022,Steel,11289.06511,97.44731253,Diesel,635.2543294,440.1001682,15,1
71,31-08-2022,Steel,11730.16901,65.64765128,Diesel,1540.078223,426.8420632,15,1
71,30-09-2022,Steel,5475.008461,96.02883145,Diesel,474.1763575,549.1715037,15,1
71,31-10-2022,Steel,9889.419617,70.05199387,Diesel,1083.341602,573.2838314,15,1
71,30-11-2022,Steel,17823.2451,65.8550735,Diesel,1377.402537,710.7489633,15,1
71,31-12-2022,Steel,17854.71414,83.43328702,Diesel,1943.1444,580.1204367,15,1
71,31-01-2023,Steel,5793.123435,68.66629843,Diesel,526.691933,517.4821399,15,1
71,28-02-2023,Steel,14602.14567,67.17707375,Diesel,1695.729138,488.3538931,15,1
71,31-03-2023,Steel,9408.228829,77.77799258,Diesel,603.7006698,491.9442277,15,1
71,30-04-2023,Steel,5013.088367,71.13549882,Diesel,341.7090583,424.4947919,15,1
71,31-05-2023,Steel,5759.675082,85.04326921,Diesel,706.9835406,546.5144129,15,1
71,30-06-2023,Steel,16054.24009,97.49626509,Diesel,1362.700382,665.7635939,15,1
71,31-07-2023,Steel,13584.90852,61.26399736,Diesel,2029.554281,436.7593018,15,1
71,31-08-2023,Steel,16585.14068,74.05761049,Diesel,1053.108528,679.7758018,15,1
71,30-09-2023,Steel,7985.938169,72.03653394,Diesel,451.1278363,424.8967555,15,1
71,31-10-2023,Steel,8089.120917,63.56010353,Diesel,722.3220923,421.434264,15,1
71,30-11-2023,Steel,5506.479265,62.97900969,Diesel,349.1381353,608.2397657,15,1
71,31-12-2023,Steel,16585.7635,72.83665829,Diesel,1074.904717,667.0996636,15,1
72,31-01-2019,Chemical,17687.95186,67.57856527,Diesel,1110.877268,664.4738343,3,1
72,28-02-2019,Chemical,7231.66694,91.78988448,Diesel,839.6508508,711.6231275,3,1
72,31-03-2019,Chemical,19205.74514,65.83600444,Diesel,2873.407816,492.4607175,3,1
72,30-04-2019,Chemical,10108.89477,93.45650136,Diesel,789.7422823,493.0690193,3,1
72,31-05-2019,Chemical,12267.75466,69.6258782,Diesel,1362.770616,405.0948985,3,1
72,30-06-2019,Chemical,11517.54609,91.35091158,Diesel,765.0840536,560.2740535,3,1
72,31-07-2019,Chemical,12247.67578,75.05156421,Diesel,950.1184984,544.1602548,3,1
72,31-08-2019,Chemical,15279.24851,85.99840182,Diesel,1440.08826,646.1821186,3,1
72,30-09-2019,Chemical,17064.88772,75.64515924,Diesel,1676.070126,549.9059642,3,1
72,31-10-2019,Chemical,15082.72949,84.74202563,Diesel,1282.075844,676.1098635,3,1
72,30-11-2019,Chemical,14496.05163,96.38336172,Diesel,1927.783932,417.2516679,3,1
72,31-12-2019,Chemical,18703.53741,84.87345964,Diesel,2572.476955,618.2566601,3,1
72,31-01-2020,Chemical,7819.506499,87.3792253,Diesel,408.9146701,530.914872,3,1
72,29-02-2020,Chemical,12281.5446,69.63986494,Diesel,1618.282015,551.7212448,3,1
72,31-03-2020,Chemical,15509.8679,68.51435291,Diesel,2225.827905,717.3050107,3,1
72,30-04-2020,Chemical,12594.86609,88.60431452,Diesel,701.7800295,666.3005975,3,1
72,31-05-2020,Chemical,15604.48206,87.23278862,Diesel,1204.540255,547.5399676,3,1
72,30-06-2020,Chemical,5809.009808,67.8242562,Diesel,508.3116442,503.6928311,3,1
72,31-07-2020,Chemical,6810.902704,81.29638521,Diesel,882.1538577,430.5939683,3,1
72,31-08-2020,Chemical,17434.20249,94.41912998,Diesel,1630.115273,552.8247836,3,1
72,30-09-2020,Chemical,7127.57667,71.41423288,Diesel,579.5566852,622.3534971,3,1
72,31-10-2020,Chemical,17352.68672,66.30317612,Diesel,1130.40895,658.8541721,3,1
72,30-11-2020,Chemical,8905.997073,63.90686643,Diesel,594.4040405,633.6273113,3,1
72,31-12-2020,Chemical,5537.109467,99.47590685,Diesel,797.6554803,582.5335357,3,1
72,31-01-2021,Chemical,18552.23894,79.85505071,Diesel,1871.540889,625.3688734,3,1
72,28-02-2021,Chemical,9393.816055,88.4933344,Diesel,846.2786048,547.8939176,3,1
72,31-03-2021,Chemical,11043.69347,90.74803963,Diesel,1387.681774,548.1972954,3,1
72,30-04-2021,Chemical,14591.00274,90.37148364,Diesel,1896.083882,488.4809735,3,1
72,31-05-2021,Chemical,5352.953686,82.72716443,Diesel,636.9371225,443.1514423,3,1
72,30-06-2021,Chemical,19903.35964,66.93042548,Diesel,1606.487412,685.3926467,3,1
72,31-07-2021,Chemical,15819.90319,97.5288848,Diesel,812.4832672,557.0221161,3,1
72,31-08-2021,Chemical,11137.55693,98.50862936,Diesel,1029.123073,580.3822234,3,1
72,30-09-2021,Chemical,12693.13403,70.99654863,Diesel,1579.551819,580.1459538,3,1
72,31-10-2021,Chemical,9768.530234,78.97186129,Diesel,1463.933574,491.9644084,3,1
72,30-11-2021,Chemical,17681.97217,99.39558668,Diesel,943.9520615,607.4875127,3,1
72,31-12-2021,Chemical,11912.66741,80.05290911,Diesel,917.1100928,505.3373208,3,1
72,31-01-2022,Chemical,8461.914512,85.20180049,Diesel,1201.674329,516.7770895,3,1
72,28-02-2022,Chemical,16827.61145,86.47648935,Diesel,1155.57428,522.0853522,3,1
72,31-03-2022,Chemical,16666.43478,76.44489724,Diesel,1552.821312,506.4304125,3,1
72,30-04-2022,Chemical,8928.532756,74.15545596,Diesel,693.0723199,596.1028872,3,1
72,31-05-2022,Chemical,7105.642501,91.13639627,Diesel,947.6717712,689.0880806,3,1
72,30-06-2022,Chemical,15548.07205,97.00092424,Diesel,1548.359372,593.9893201,3,1
72,31-07-2022,Chemical,6775.825938,60.42316128,Diesel,680.3006516,491.5155821,3,1
72,31-08-2022,Chemical,14758.47678,61.4259732,Diesel,1842.705458,452.2546694,3,1
72,30-09-2022,Chemical,15315.30769,80.43594202,Diesel,1117.588762,640.9928714,3,1
72,31-10-2022,Chemical,5845.385346,91.94576119,Diesel,728.6774584,630.8898757,3,1
72,30-11-2022,Chemical,17686.54458,86.40116101,Diesel,2202.047082,666.1063678,3,1
72,31-12-2022,Chemical,17227.28893,95.98068545,Diesel,1655.199198,700.573103,3,1
72,31-01-2023,Chemical,7274.605614,94.7316371,Diesel,386.9456102,608.5166679,3,1
72,28-02-2023,Chemical,16944.85862,83.00728141,Diesel,1700.379345,651.1750318,3,1
72,31-03-2023,Chemical,6648.693357,70.46110363,Diesel,730.2642164,591.2461857,3,1
72,30-04-2023,Chemical,5878.126602,69.88388492,Diesel,384.3612093,493.0154595,3,1
72,31-05-2023,Chemical,6760.510246,95.56094568,Diesel,631.7648711,704.795097,3,1
72,30-06-2023,Chemical,6459.732345,71.60001655,Diesel,644.8198337,571.2694625,3,1
72,31-07-2023,Chemical,7703.182575,76.86753032,Diesel,448.6150468,663.6331375,3,1
72,31-08-2023,Chemical,15933.87168,89.48322995,Diesel,2199.523558,433.1986509,3,1
72,30-09-2023,Chemical,6001.211729,85.10410349,Diesel,701.2310153,496.1638405,3,1
72,31-10-2023,Chemical,17085.27412,91.88050873,Diesel,1863.000771,638.7661529,3,1
72,30-11-2023,Chemical,14343.58379,91.70208528,Diesel,1475.716261,643.6376798,3,1
72,31-12-2023,Chemical,17084.73693,98.48829778,Diesel,862.9017768,567.5808932,3,1
73,31-01-2019,Textile,15920.8624,92.84557531,Coal,1055.888645,718.1084525,16,1
73,28-02-2019,Textile,6941.240098,91.82836102,Coal,610.3709443,597.8044528,16,1
73,31-03-2019,Textile,5280.560258,85.37448549,Coal,580.0600273,551.0526681,16,1
73,30-04-2019,Textile,17116.80301,64.9005741,Coal,1118.264298,509.9240782,16,1
73,31-05-2019,Textile,7186.440278,90.83913279,Coal,797.6026697,582.1692566,16,1
73,30-06-2019,Textile,11038.16592,72.08569944,Coal,1561.489036,419.6676163,16,1
73,31-07-2019,Textile,16383.43221,70.61095176,Coal,904.1521825,407.0904218,16,1
73,31-08-2019,Textile,10108.79215,91.04905928,Coal,551.200136,502.4629234,16,1
73,30-09-2019,Textile,14825.61089,64.5602386,Coal,2182.919065,560.401257,16,1
73,31-10-2019,Textile,18414.99393,74.94047722,Coal,2031.769793,687.4054782,16,1
73,30-11-2019,Textile,10918.41866,61.8643055,Coal,1623.668364,651.6707155,16,1
73,31-12-2019,Textile,8990.157006,75.31856771,Coal,946.6515988,672.1475765,16,1
73,31-01-2020,Textile,15821.21702,95.18656808,Coal,1694.452237,618.4250844,16,1
73,29-02-2020,Textile,14447.0239,93.71146709,Coal,771.6189559,571.3479268,16,1
73,31-03-2020,Textile,19582.24808,75.02758597,Coal,1362.616612,536.5237508,16,1
73,30-04-2020,Textile,12840.58441,77.29921561,Coal,1806.102049,684.4896287,16,1
73,31-05-2020,Textile,17337.52873,79.57781699,Coal,2372.998092,647.5456738,16,1
73,30-06-2020,Textile,17361.79903,93.57719949,Coal,1911.581248,449.6742356,16,1
73,31-07-2020,Textile,10925.80583,81.69017523,Coal,844.1196438,675.6198033,16,1
73,31-08-2020,Textile,14373.86197,89.40496051,Coal,1250.270539,436.2024878,16,1
73,30-09-2020,Textile,8995.18635,93.62982493,Coal,1160.210394,716.8950565,16,1
73,31-10-2020,Textile,14980.87718,99.80450706,Coal,1448.653341,505.4788825,16,1
73,30-11-2020,Textile,6151.582009,98.77411769,Coal,488.1506613,419.4215185,16,1
73,31-12-2020,Textile,12043.94081,77.16663692,Coal,1761.245078,452.8023855,16,1
73,31-01-2021,Textile,9593.423789,73.43804202,Coal,1184.760895,418.8415584,16,1
73,28-02-2021,Textile,10680.45029,70.7233617,Coal,770.6301541,703.9497797,16,1
73,31-03-2021,Textile,18264.72982,90.13632619,Coal,1080.630876,448.0604004,16,1
73,30-04-2021,Textile,13420.18216,76.35969691,Coal,1978.112243,695.2820323,16,1
73,31-05-2021,Textile,10781.80793,98.70031969,Coal,745.4590715,589.1542539,16,1
73,30-06-2021,Textile,7577.620291,98.14579685,Coal,633.1256491,639.1954715,16,1
73,31-07-2021,Textile,13803.95293,88.60397868,Coal,1115.532604,524.6850858,16,1
73,31-08-2021,Textile,12053.85174,77.42567402,Coal,1701.533476,716.7592223,16,1
73,30-09-2021,Textile,5837.618261,81.37589101,Coal,631.9083712,693.8451015,16,1
73,31-10-2021,Textile,9714.267871,94.93034448,Coal,1198.661035,498.2494914,16,1
73,30-11-2021,Textile,6071.756749,99.5643429,Coal,841.7942972,499.9527861,16,1
73,31-12-2021,Textile,9579.192748,63.6466557,Coal,567.9196597,635.6035443,16,1
73,31-01-2022,Textile,18716.92014,96.51731364,Coal,2369.824111,696.0815126,16,1
73,28-02-2022,Textile,15902.11559,92.54880359,Coal,2177.321591,542.3209011,16,1
73,31-03-2022,Textile,13917.2239,95.9104556,Coal,1285.551865,583.9573248,16,1
73,30-04-2022,Textile,14686.59732,64.91194586,Coal,2059.81835,650.6713514,16,1
73,31-05-2022,Textile,6196.263406,93.29644597,Coal,417.8618407,603.1462645,16,1
73,30-06-2022,Textile,14775.07461,91.52896572,Coal,886.1146641,707.3739733,16,1
73,31-07-2022,Textile,19046.3495,93.64821979,Coal,1982.407014,671.7276032,16,1
73,31-08-2022,Textile,5390.455203,80.60312437,Coal,805.7108722,506.5026006,16,1
73,30-09-2022,Textile,6312.001545,99.49716241,Coal,563.0097071,452.6062727,16,1
73,31-10-2022,Textile,6394.02719,78.51023708,Coal,360.902984,438.9475128,16,1
73,30-11-2022,Textile,7610.795715,93.38394964,Coal,997.6509826,476.4022435,16,1
73,31-12-2022,Textile,15243.16466,99.39667797,Coal,2130.012663,660.3832901,16,1
73,31-01-2023,Textile,13679.49471,82.02890665,Coal,939.3672473,698.7131445,16,1
73,28-02-2023,Textile,10018.06373,86.22991648,Coal,831.2383511,615.9225055,16,1
73,31-03-2023,Textile,8391.32234,67.16973775,Coal,451.9497584,661.6259307,16,1
73,30-04-2023,Textile,6679.327212,80.64406211,Coal,829.1425703,640.5030543,16,1
73,31-05-2023,Textile,7704.333208,69.76817365,Coal,762.5270915,672.9296406,16,1
73,30-06-2023,Textile,13533.5918,84.94402839,Coal,1919.558851,402.1409263,16,1
73,31-07-2023,Textile,8328.462567,78.33381171,Coal,479.70625,608.9797063,16,1
73,31-08-2023,Textile,17602.27436,67.50377574,Coal,1856.389887,634.8404336,16,1
73,30-09-2023,Textile,5573.944884,94.17401183,Coal,814.5535118,475.6028033,16,1
73,31-10-2023,Textile,6748.575996,61.02131671,Coal,346.214631,455.7832275,16,1
73,30-11-2023,Textile,10108.87112,81.03078433,Coal,1394.193656,434.9485322,16,1
73,31-12-2023,Textile,8781.754093,74.62326794,Coal,731.1539975,486.0687145,16,1
74,31-01-2019,Cement,10581.54868,67.53421612,Diesel,1004.251999,530.7289957,7,0
74,28-02-2019,Cement,6339.632526,75.37848196,Diesel,390.3344741,527.3842506,7,0
74,31-03-2019,Cement,18887.12008,88.60555366,Diesel,1065.207702,585.608749,7,0
74,30-04-2019,Cement,15211.14372,64.52977997,Diesel,1650.616349,448.5275081,7,0
74,31-05-2019,Cement,8752.408548,80.55476313,Diesel,534.4685153,523.7656259,7,0
74,30-06-2019,Cement,8378.7345,65.16975718,Diesel,1097.684419,620.8292001,7,0
74,31-07-2019,Cement,7807.234593,73.94852557,Diesel,507.8383291,544.5543998,7,0
74,31-08-2019,Cement,7016.488114,69.58253745,Diesel,822.2758929,711.5700344,7,0
74,30-09-2019,Cement,13025.16012,88.1529456,Diesel,1842.236,540.0807924,7,0
74,31-10-2019,Cement,19712.31874,64.39713801,Diesel,1363.359003,660.7874066,7,0
74,30-11-2019,Cement,9753.269043,87.95194665,Diesel,985.0240522,673.1937403,7,0
74,31-12-2019,Cement,9368.782967,70.6338772,Diesel,917.2278473,681.2789863,7,0
74,31-01-2020,Cement,10793.67118,86.28540143,Diesel,1020.745381,648.0071169,7,0
74,29-02-2020,Cement,15077.15052,63.5569039,Diesel,1490.427111,662.261229,7,0
74,31-03-2020,Cement,18938.86126,62.1135264,Diesel,2368.380559,456.8028244,7,0
74,30-04-2020,Cement,11865.83327,81.81077194,Diesel,961.3346762,480.7257188,7,0
74,31-05-2020,Cement,8710.33084,86.36427024,Diesel,888.7171978,596.2722528,7,0
74,30-06-2020,Cement,5989.456868,85.38796104,Diesel,821.7948524,665.6111497,7,0
74,31-07-2020,Cement,17272.36052,78.44376462,Diesel,1634.579075,641.6893117,7,0
74,31-08-2020,Cement,19147.53668,64.11801809,Diesel,1307.911451,616.7290696,7,0
74,30-09-2020,Cement,11999.71604,63.35095994,Diesel,1515.845212,611.5278231,7,0
74,31-10-2020,Cement,9585.335795,87.56693183,Diesel,621.9994246,402.268652,7,0
74,30-11-2020,Cement,6533.497869,96.2150531,Diesel,576.5954558,622.6312375,7,0
74,31-12-2020,Cement,11104.58702,66.95420333,Diesel,1371.53168,703.4436877,7,0
74,31-01-2021,Cement,11389.72267,62.88992318,Diesel,1587.977881,506.942919,7,0
74,28-02-2021,Cement,15079.41342,65.83605479,Diesel,1537.285376,556.3693857,7,0
74,31-03-2021,Cement,12806.06154,77.13355405,Diesel,795.7882816,513.2614695,7,0
74,30-04-2021,Cement,9403.879787,95.12437401,Diesel,1099.304646,591.7887128,7,0
74,31-05-2021,Cement,5826.146761,85.30390972,Diesel,446.2622786,613.9047399,7,0
74,30-06-2021,Cement,18537.97001,93.53698341,Diesel,1556.153845,448.5536631,7,0
74,31-07-2021,Cement,18767.24753,96.32160778,Diesel,2493.555015,519.7676145,7,0
74,31-08-2021,Cement,12734.51706,89.08034364,Diesel,1299.39123,551.215438,7,0
74,30-09-2021,Cement,9678.453008,67.59816906,Diesel,764.1270276,574.0934343,7,0
74,31-10-2021,Cement,17332.90197,70.88672974,Diesel,1113.079393,576.3826338,7,0
74,30-11-2021,Cement,17299.18714,61.0639771,Diesel,1865.37284,472.1151998,7,0
74,31-12-2021,Cement,17443.32896,61.53978434,Diesel,2077.10792,445.218871,7,0
74,31-01-2022,Cement,7938.990529,75.81366919,Diesel,547.0529299,689.3771212,7,0
74,28-02-2022,Cement,8443.844256,61.04559427,Diesel,639.8647445,618.4236705,7,0
74,31-03-2022,Cement,11318.87419,84.9516274,Diesel,1065.030631,588.473175,7,0
74,30-04-2022,Cement,15253.51744,88.43116899,Diesel,1718.019149,508.9816796,7,0
74,31-05-2022,Cement,11055.24395,62.0852341,Diesel,918.982405,512.7832025,7,0
74,30-06-2022,Cement,17437.86839,61.3496779,Diesel,1512.655656,705.4500374,7,0
74,31-07-2022,Cement,17139.54332,96.31524865,Diesel,1230.900579,712.1170466,7,0
74,31-08-2022,Cement,7426.795534,91.72496415,Diesel,543.8279654,516.6947382,7,0
74,30-09-2022,Cement,12299.57405,84.68727964,Diesel,1077.475456,457.083294,7,0
74,31-10-2022,Cement,8247.519023,95.4351959,Diesel,1002.948997,620.4548022,7,0
74,30-11-2022,Cement,14141.26544,64.62565484,Diesel,1388.869411,548.3079608,7,0
74,31-12-2022,Cement,6729.615142,95.68819884,Diesel,692.9775646,422.4171155,7,0
74,31-01-2023,Cement,14610.66583,86.65680012,Diesel,761.812879,540.2333327,7,0
74,28-02-2023,Cement,5536.145989,90.65025757,Diesel,504.8682016,661.246042,7,0
74,31-03-2023,Cement,13301.83041,75.70033944,Diesel,1418.300632,478.7077983,7,0
74,30-04-2023,Cement,9703.737828,90.84952463,Diesel,855.8459276,512.0423143,7,0
74,31-05-2023,Cement,5533.998695,76.55824067,Diesel,506.1993127,626.1941447,7,0
74,30-06-2023,Cement,10683.03472,82.83532673,Diesel,571.1532021,658.3211088,7,0
74,31-07-2023,Cement,10975.80798,93.70899191,Diesel,809.4147541,430.9302389,7,0
74,31-08-2023,Cement,14864.9356,86.3418124,Diesel,1692.945154,681.0734423,7,0
74,30-09-2023,Cement,15341.24548,69.64983555,Diesel,1491.385813,644.661361,7,0
74,31-10-2023,Cement,7346.991102,63.20462588,Diesel,662.3225058,710.3644241,7,0
74,30-11-2023,Cement,19036.40672,63.97812944,Diesel,2147.353222,629.3209681,7,0
74,31-12-2023,Cement,13282.86516,64.88541857,Diesel,722.9495062,656.7633787,7,0
75,31-01-2019,Steel,9785.728305,93.59964245,Diesel,827.0341729,602.298247,5,0
75,28-02-2019,Steel,9404.542519,88.4335967,Diesel,545.9106649,683.9506296,5,0
75,31-03-2019,Steel,13503.66797,93.82230792,Diesel,1618.611135,568.8010481,5,0
75,30-04-2019,Steel,10654.54078,88.48517207,Diesel,1154.598574,427.7726123,5,0
75,31-05-2019,Steel,10857.70453,96.88590555,Diesel,1504.893767,639.3826852,5,0
75,30-06-2019,Steel,5520.382775,76.70521201,Diesel,384.2681405,431.9723729,5,0
75,31-07-2019,Steel,19541.15666,98.68178518,Diesel,1604.861311,648.3891917,5,0
75,31-08-2019,Steel,7619.314714,65.50369983,Diesel,528.5119858,600.6197013,5,0
75,30-09-2019,Steel,15455.06374,84.44574368,Diesel,1662.374859,458.4213267,5,0
75,31-10-2019,Steel,18475.42514,78.92996701,Diesel,1077.039607,625.4230297,5,0
75,30-11-2019,Steel,18748.40824,87.95348421,Diesel,2450.73202,494.7244844,5,0
75,31-12-2019,Steel,14459.27356,95.05476295,Diesel,957.6550962,554.734722,5,0
75,31-01-2020,Steel,10672.6244,63.76550131,Diesel,967.8892443,451.4813622,5,0
75,29-02-2020,Steel,17160.87792,68.84819732,Diesel,2083.914483,523.3333371,5,0
75,31-03-2020,Steel,16233.34723,81.27138545,Diesel,2401.561772,462.3100049,5,0
75,30-04-2020,Steel,6418.065644,87.24676683,Diesel,404.9510845,634.4363814,5,0
75,31-05-2020,Steel,18363.19199,88.83929671,Diesel,2587.884488,539.9905238,5,0
75,30-06-2020,Steel,7703.34911,89.76991953,Diesel,660.9284944,481.5968196,5,0
75,31-07-2020,Steel,11609.79923,66.67926284,Diesel,1632.138409,607.2554579,5,0
75,31-08-2020,Steel,14315.60499,92.47701492,Diesel,1826.336843,583.70944,5,0
75,30-09-2020,Steel,5079.584957,76.68496371,Diesel,423.4538705,707.5939416,5,0
75,31-10-2020,Steel,9724.376061,62.94431299,Diesel,1376.072253,568.3532841,5,0
75,30-11-2020,Steel,9234.095525,95.93982814,Diesel,1369.45893,425.9397444,5,0
75,31-12-2020,Steel,5737.615107,71.43606109,Diesel,767.7602598,567.795421,5,0
75,31-01-2021,Steel,11665.88459,89.18619074,Diesel,1207.234155,404.3997918,5,0
75,28-02-2021,Steel,7265.927575,68.90484527,Diesel,584.6849724,479.9099792,5,0
75,31-03-2021,Steel,7207.247771,96.04106806,Diesel,845.1496469,694.7282915,5,0
75,30-04-2021,Steel,8783.570117,77.20072996,Diesel,676.8994962,468.558909,5,0
75,31-05-2021,Steel,15011.18496,86.07121293,Diesel,1987.617335,627.6286673,5,0
75,30-06-2021,Steel,9710.134321,75.51609513,Diesel,1298.351792,663.5322518,5,0
75,31-07-2021,Steel,14321.86991,62.90159349,Diesel,913.441903,576.6685378,5,0
75,31-08-2021,Steel,5664.856131,99.36834191,Diesel,560.6637023,512.1734243,5,0
75,30-09-2021,Steel,9149.457064,80.38647473,Diesel,812.1868799,472.2961887,5,0
75,31-10-2021,Steel,14252.45019,92.22259222,Diesel,1369.643854,429.6355426,5,0
75,30-11-2021,Steel,14291.4758,86.30046896,Diesel,1993.503822,661.1919564,5,0
75,31-12-2021,Steel,6414.087933,69.78346632,Diesel,947.9894002,547.800121,5,0
75,31-01-2022,Steel,11450.22899,66.65487192,Diesel,1012.741982,690.1840558,5,0
75,28-02-2022,Steel,8903.874891,88.61562765,Diesel,468.3822549,404.196314,5,0
75,31-03-2022,Steel,16190.19599,86.14692384,Diesel,1170.540476,560.2899333,5,0
75,30-04-2022,Steel,18866.115,69.99413883,Diesel,2155.280515,623.6973663,5,0
75,31-05-2022,Steel,19754.59093,70.95318082,Diesel,1620.267159,479.3231641,5,0
75,30-06-2022,Steel,16928.8565,92.36178381,Diesel,1469.611653,622.5696188,5,0
75,31-07-2022,Steel,19128.64572,78.25863548,Diesel,1752.117026,572.973076,5,0
75,31-08-2022,Steel,11557.43111,90.62796612,Diesel,858.7721748,689.0064205,5,0
75,30-09-2022,Steel,13083.65184,78.32936635,Diesel,763.9461316,635.9918204,5,0
75,31-10-2022,Steel,8055.609025,93.10304183,Diesel,1014.592949,469.5923744,5,0
75,30-11-2022,Steel,10583.74333,62.52494464,Diesel,986.9945722,593.234902,5,0
75,31-12-2022,Steel,14979.11965,83.36852656,Diesel,1848.290158,718.0297617,5,0
75,31-01-2023,Steel,13271.80928,79.60682764,Diesel,1750.160296,455.5201472,5,0
75,28-02-2023,Steel,12420.80246,62.06151143,Diesel,1376.318981,536.7037389,5,0
75,31-03-2023,Steel,5194.053129,78.16063904,Diesel,705.9737337,431.1055967,5,0
75,30-04-2023,Steel,7009.086778,66.31861833,Diesel,702.2904444,700.7173739,5,0
75,31-05-2023,Steel,10094.93472,69.08005587,Diesel,1161.138162,719.2082663,5,0
75,30-06-2023,Steel,5651.883323,87.68380353,Diesel,394.4182744,713.1386997,5,0
75,31-07-2023,Steel,18250.49169,98.7362367,Diesel,2525.693436,711.1062001,5,0
75,31-08-2023,Steel,10998.64189,89.97843492,Diesel,1015.682033,491.717521,5,0
75,30-09-2023,Steel,17881.96818,63.26784275,Diesel,2072.071906,623.1008599,5,0
75,31-10-2023,Steel,9651.732183,98.7735411,Diesel,1369.647159,601.6116192,5,0
75,30-11-2023,Steel,6555.571223,91.08347825,Diesel,752.2532876,715.1856969,5,0
75,31-12-2023,Steel,9205.867514,70.51067765,Diesel,1061.791402,695.8681267,5,0
76,31-01-2019,Chemical,14288.4138,94.72414853,Gas,776.88273,493.022137,12,0
76,28-02-2019,Chemical,13631.23943,64.19343124,Gas,1971.709726,423.0351794,12,0
76,31-03-2019,Chemical,15833.26575,77.41109091,Gas,2125.24878,569.3266625,12,0
76,30-04-2019,Chemical,11428.0684,98.52310852,Gas,1462.746763,531.8131988,12,0
76,31-05-2019,Chemical,12677.16924,67.05988659,Gas,1331.918954,666.2739623,12,0
76,30-06-2019,Chemical,6651.685286,88.5145314,Gas,383.5609498,417.8643067,12,0
76,31-07-2019,Chemical,9121.098711,75.18551643,Gas,1305.09519,548.555771,12,0
76,31-08-2019,Chemical,14318.49109,75.95323423,Gas,1744.875145,549.0725762,12,0
76,30-09-2019,Chemical,15656.33597,93.65379752,Gas,1171.724066,623.3595712,12,0
76,31-10-2019,Chemical,9380.031544,98.98003113,Gas,850.9358256,581.431019,12,0
76,30-11-2019,Chemical,8102.776196,87.91626273,Gas,570.9766975,624.8720768,12,0
76,31-12-2019,Chemical,10757.24012,70.61118396,Gas,599.105467,701.3041153,12,0
76,31-01-2020,Chemical,15153.36138,62.61500209,Gas,1250.209432,680.2032453,12,0
76,29-02-2020,Chemical,11221.72852,89.67736404,Gas,1017.776282,653.4732927,12,0
76,31-03-2020,Chemical,15952.49654,66.21648547,Gas,2373.841763,542.6322358,12,0
76,30-04-2020,Chemical,15222.98167,82.10822651,Gas,1514.850708,573.0900972,12,0
76,31-05-2020,Chemical,5563.663975,83.39127982,Gas,768.7061431,573.7001487,12,0
76,30-06-2020,Chemical,12232.05696,95.20978639,Gas,1369.481452,635.9893372,12,0
76,31-07-2020,Chemical,14923.52341,95.98591296,Gas,797.6539006,613.894102,12,0
76,31-08-2020,Chemical,11760.71459,72.83344306,Gas,1582.556895,566.6488381,12,0
76,30-09-2020,Chemical,15942.54144,85.81176231,Gas,2279.5794,504.9587703,12,0
76,31-10-2020,Chemical,18405.72535,75.31060904,Gas,993.3211688,662.0199187,12,0
76,30-11-2020,Chemical,17132.65357,60.49981615,Gas,1982.877421,549.1035552,12,0
76,31-12-2020,Chemical,16924.99031,87.93284686,Gas,2039.515277,704.554819,12,0
76,31-01-2021,Chemical,18672.82967,65.29502564,Gas,1088.61691,419.1471291,12,0
76,28-02-2021,Chemical,12962.886,87.41769272,Gas,1280.004716,622.2506452,12,0
76,31-03-2021,Chemical,9853.558253,76.09331633,Gas,1107.706907,710.050335,12,0
76,30-04-2021,Chemical,8027.242906,97.92238809,Gas,1169.365541,580.4705667,12,0
76,31-05-2021,Chemical,12449.64809,81.66815381,Gas,1666.244374,438.9928592,12,0
76,30-06-2021,Chemical,6723.750273,90.21508049,Gas,889.7125849,488.3742032,12,0
76,31-07-2021,Chemical,5324.638764,66.18280416,Gas,576.1997375,615.168132,12,0
76,31-08-2021,Chemical,10587.87406,85.19749179,Gas,1011.768728,568.631426,12,0
76,30-09-2021,Chemical,7388.393561,91.57213302,Gas,785.9275129,689.9038334,12,0
76,31-10-2021,Chemical,5122.130554,70.57090965,Gas,366.3571491,619.1869596,12,0
76,30-11-2021,Chemical,12553.60014,99.04019604,Gas,1814.75139,469.950734,12,0
76,31-12-2021,Chemical,16846.48121,64.98287951,Gas,1563.49063,717.0588832,12,0
76,31-01-2022,Chemical,10799.9776,84.62162991,Gas,1612.884272,426.3872903,12,0
76,28-02-2022,Chemical,5183.594978,70.16168402,Gas,640.398203,693.2650813,12,0
76,31-03-2022,Chemical,10408.52486,89.31139047,Gas,973.9158722,420.2155923,12,0
76,30-04-2022,Chemical,11653.51968,63.96478608,Gas,1638.171541,665.3853179,12,0
76,31-05-2022,Chemical,15004.20499,78.16474941,Gas,1283.45668,436.1132168,12,0
76,30-06-2022,Chemical,5801.43559,86.49703554,Gas,723.396831,441.8623729,12,0
76,31-07-2022,Chemical,16239.38681,94.4989001,Gas,1022.970424,565.9892492,12,0
76,31-08-2022,Chemical,7529.911423,89.95938104,Gas,440.9932978,621.1588448,12,0
76,30-09-2022,Chemical,6895.799084,85.68111957,Gas,674.4100182,407.433689,12,0
76,31-10-2022,Chemical,5678.408661,61.56539993,Gas,596.7385633,558.9781153,12,0
76,30-11-2022,Chemical,5141.901427,89.76249563,Gas,277.7375212,424.965683,12,0
76,31-12-2022,Chemical,5855.667591,99.86816306,Gas,629.467581,684.7796253,12,0
76,31-01-2023,Chemical,10789.15193,91.72394866,Gas,840.6097769,445.7653509,12,0
76,28-02-2023,Chemical,8712.914849,86.23309468,Gas,1096.948226,487.7473744,12,0
76,31-03-2023,Chemical,16690.66499,97.65110856,Gas,1079.3406,677.6196546,12,0
76,30-04-2023,Chemical,14112.80534,81.99508237,Gas,1116.549207,542.7851136,12,0
76,31-05-2023,Chemical,9184.407207,71.92907597,Gas,799.6947981,502.6122058,12,0
76,30-06-2023,Chemical,9570.272485,88.89622721,Gas,535.0066932,635.6008189,12,0
76,31-07-2023,Chemical,14447.18202,60.3152944,Gas,1940.253601,688.863267,12,0
76,31-08-2023,Chemical,5606.79391,98.24990629,Gas,781.6297733,515.9599815,12,0
76,30-09-2023,Chemical,6983.398555,86.36637162,Gas,392.5308616,455.824551,12,0
76,31-10-2023,Chemical,19595.79426,62.66241332,Gas,2335.183074,570.6461709,12,0
76,30-11-2023,Chemical,11619.43063,86.23873909,Gas,598.7087918,616.6877285,12,0
76,31-12-2023,Chemical,14495.81154,81.1233575,Gas,1113.933341,659.9122006,12,0
77,31-01-2019,Textile,11276.7778,78.4694962,Diesel,864.1749946,448.1033499,6,1
77,28-02-2019,Textile,15198.01127,69.06582551,Diesel,1331.221974,450.9855969,6,1
77,31-03-2019,Textile,17480.21899,88.64297573,Diesel,934.3510628,434.0146452,6,1
77,30-04-2019,Textile,11656.96607,70.29165789,Diesel,638.5054174,522.3897873,6,1
77,31-05-2019,Textile,15336.75947,82.53004362,Diesel,1767.179051,468.9731059,6,1
77,30-06-2019,Textile,7540.297077,88.70234787,Diesel,588.0410077,434.3021056,6,1
77,31-07-2019,Textile,6644.592951,71.10533228,Diesel,442.0726304,627.8242507,6,1
77,31-08-2019,Textile,5826.498128,80.93070018,Diesel,564.3462141,471.50797,6,1
77,30-09-2019,Textile,9831.891339,74.19971182,Diesel,1289.139874,515.472629,6,1
77,31-10-2019,Textile,5128.413462,97.97210103,Diesel,651.6782456,718.6846511,6,1
77,30-11-2019,Textile,18662.44164,62.66868264,Diesel,1515.617067,601.3368102,6,1
77,31-12-2019,Textile,17075.7634,69.611781,Diesel,2229.470179,700.2118533,6,1
77,31-01-2020,Textile,15482.45722,83.33738333,Diesel,1829.126314,539.5040034,6,1
77,29-02-2020,Textile,5298.399279,89.01687333,Diesel,344.0989838,715.0583669,6,1
77,31-03-2020,Textile,10611.2852,98.05065452,Diesel,947.0169108,540.0601697,6,1
77,30-04-2020,Textile,8401.596296,65.11693294,Diesel,1154.169168,682.4624909,6,1
77,31-05-2020,Textile,7989.705778,70.90235606,Diesel,1120.071913,663.9675586,6,1
77,30-06-2020,Textile,8315.143332,88.31338402,Diesel,754.0744552,684.3362268,6,1
77,31-07-2020,Textile,7335.20682,87.92919284,Diesel,773.1285407,553.0001423,6,1
77,31-08-2020,Textile,16672.38511,95.16976931,Diesel,1394.192206,455.2174164,6,1
77,30-09-2020,Textile,15696.16423,70.74576717,Diesel,1049.659028,424.0899934,6,1
77,31-10-2020,Textile,8180.310369,63.13312224,Diesel,602.840554,421.7947447,6,1
77,30-11-2020,Textile,7249.588509,92.00878042,Diesel,636.8971599,596.2428312,6,1
77,31-12-2020,Textile,9690.795223,95.58225407,Diesel,1029.099011,690.3243287,6,1
77,31-01-2021,Textile,9196.567411,72.10091591,Diesel,714.8924612,536.1074601,6,1
77,28-02-2021,Textile,7931.943691,61.86629492,Diesel,479.2124026,580.7417946,6,1
77,31-03-2021,Textile,16054.12541,63.11160498,Diesel,2276.291243,553.0248154,6,1
77,30-04-2021,Textile,9455.472515,97.04074707,Diesel,886.0140271,702.2836678,6,1
77,31-05-2021,Textile,7745.739937,68.69723542,Diesel,983.5919637,553.0804267,6,1
77,30-06-2021,Textile,9576.099153,63.29670687,Diesel,1122.220898,484.1608797,6,1
77,31-07-2021,Textile,12209.81844,69.40564887,Diesel,810.4836791,512.0824858,6,1
77,31-08-2021,Textile,11159.29182,67.71133705,Diesel,1432.11337,665.2589342,6,1
77,30-09-2021,Textile,14342.85927,97.78711191,Diesel,1217.68253,511.237357,6,1
77,31-10-2021,Textile,5430.206607,91.32830017,Diesel,632.7847117,674.7989747,6,1
77,30-11-2021,Textile,9167.020077,68.64623878,Diesel,1031.747987,701.0489528,6,1
77,31-12-2021,Textile,13115.38012,98.64885145,Diesel,823.1597314,525.1357069,6,1
77,31-01-2022,Textile,13425.35219,93.87698566,Diesel,1395.556004,691.6582788,6,1
77,28-02-2022,Textile,14068.9785,99.58862066,Diesel,785.3454789,525.4002878,6,1
77,31-03-2022,Textile,16342.57106,78.93012905,Diesel,2287.771498,627.4340811,6,1
77,30-04-2022,Textile,15585.5497,95.20379938,Diesel,1485.649142,645.0814414,6,1
77,31-05-2022,Textile,16753.63324,81.07569,Diesel,1281.2283,651.9623492,6,1
77,30-06-2022,Textile,19770.69419,85.02331284,Diesel,1094.036012,470.7621178,6,1
77,31-07-2022,Textile,8208.6011,72.06624932,Diesel,973.4282956,459.0143084,6,1
77,31-08-2022,Textile,16467.81182,78.32248749,Diesel,1304.071906,557.7726402,6,1
77,30-09-2022,Textile,6576.012315,97.14477188,Diesel,730.6943376,496.4024032,6,1
77,31-10-2022,Textile,19758.55244,90.26585523,Diesel,2454.384891,581.7266504,6,1
77,30-11-2022,Textile,13629.952,89.45015165,Diesel,977.8931899,561.0747163,6,1
77,31-12-2022,Textile,18266.34641,79.0081671,Diesel,2555.034776,423.8389744,6,1
77,31-01-2023,Textile,11168.30667,86.96200371,Diesel,865.2273168,443.9887844,6,1
77,28-02-2023,Textile,13247.64437,63.11036712,Diesel,1691.530453,591.4263088,6,1
77,31-03-2023,Textile,15895.39098,76.9626682,Diesel,1727.904819,560.3515558,6,1
77,30-04-2023,Textile,13775.40091,98.32754815,Diesel,1947.764523,405.0362649,6,1
77,31-05-2023,Textile,5973.086293,89.21470495,Diesel,788.484502,443.1486099,6,1
77,30-06-2023,Textile,15479.51491,95.48258795,Diesel,2202.154249,544.9679282,6,1
77,31-07-2023,Textile,5703.44388,98.61445526,Diesel,790.6649168,493.6030899,6,1
77,31-08-2023,Textile,8004.022136,96.93333954,Diesel,581.5279469,673.6530227,6,1
77,30-09-2023,Textile,17311.16721,72.71770033,Diesel,1785.655843,563.9582846,6,1
77,31-10-2023,Textile,16601.96708,70.53903872,Diesel,1854.101197,607.0065091,6,1
77,30-11-2023,Textile,8840.648561,76.86841556,Diesel,1189.816561,620.0183736,6,1
77,31-12-2023,Textile,17024.82377,99.50149235,Diesel,2196.179986,443.1472294,6,1
78,31-01-2019,Steel,15841.1085,81.86577393,Gas,1638.314831,606.8972611,1,1
78,28-02-2019,Steel,11457.50173,81.49513404,Gas,1713.079982,404.6335058,1,1
78,31-03-2019,Steel,6315.624965,75.46113762,Gas,652.7900536,609.7172014,1,1
78,30-04-2019,Steel,8085.052363,62.93879343,Gas,639.0954106,649.3488717,1,1
78,31-05-2019,Steel,15867.91537,85.18634863,Gas,1263.45896,416.9138833,1,1
78,30-06-2019,Steel,13845.56764,68.53328375,Gas,798.2746138,654.7577095,1,1
78,31-07-2019,Steel,8659.562796,65.13323879,Gas,1083.864973,710.7604065,1,1
78,31-08-2019,Steel,12385.92599,91.88820346,Gas,1557.345136,579.8105291,1,1
78,30-09-2019,Steel,13110.76345,88.60614814,Gas,1426.176713,620.1778401,1,1
78,31-10-2019,Steel,16179.10007,66.77438418,Gas,1468.641569,574.4004994,1,1
78,30-11-2019,Steel,7592.25334,72.39666222,Gas,544.4516875,464.4566457,1,1
78,31-12-2019,Steel,19408.97345,66.87600577,Gas,1184.427912,595.372748,1,1
78,31-01-2020,Steel,8441.581682,65.52683917,Gas,793.6652536,600.956669,1,1
78,29-02-2020,Steel,5091.766245,77.50933086,Gas,338.0604644,689.803471,1,1
78,31-03-2020,Steel,7880.626546,66.43247713,Gas,935.0743563,426.1545984,1,1
78,30-04-2020,Steel,8390.84956,76.20938208,Gas,860.5807573,503.7149855,1,1
78,31-05-2020,Steel,11528.24772,63.63591244,Gas,1608.243933,437.9916389,1,1
78,30-06-2020,Steel,12036.0214,68.54593926,Gas,838.2933005,592.2049426,1,1
78,31-07-2020,Steel,12890.8832,66.15522279,Gas,1428.215135,513.2458463,1,1
78,31-08-2020,Steel,12146.18611,69.89339469,Gas,1074.177431,404.3206925,1,1
78,30-09-2020,Steel,11135.34336,77.19464445,Gas,1489.564254,403.3632657,1,1
78,31-10-2020,Steel,6121.689624,82.99031208,Gas,594.2352279,463.5967867,1,1
78,30-11-2020,Steel,16219.51041,69.75896442,Gas,1195.805218,521.7983795,1,1
78,31-12-2020,Steel,5586.644852,86.22045102,Gas,621.6905238,602.4426979,1,1
78,31-01-2021,Steel,16385.43358,62.18775719,Gas,1705.385818,607.5590982,1,1
78,28-02-2021,Steel,6822.674446,71.06621989,Gas,370.8192791,419.9622417,1,1
78,31-03-2021,Steel,14588.82756,81.51935479,Gas,1830.97069,448.9554708,1,1
78,30-04-2021,Steel,13911.39309,62.42593787,Gas,1778.449879,654.3859744,1,1
78,31-05-2021,Steel,14106.85088,66.27402293,Gas,904.3854781,422.7517452,1,1
78,30-06-2021,Steel,5844.759986,65.63739753,Gas,752.2812446,510.0451964,1,1
78,31-07-2021,Steel,6541.435348,85.77248386,Gas,472.9350479,401.3321825,1,1
78,31-08-2021,Steel,7679.323748,62.78931774,Gas,845.7514402,433.2164265,1,1
78,30-09-2021,Steel,13887.88471,71.57925756,Gas,1093.65139,427.6360667,1,1
78,31-10-2021,Steel,8483.824787,92.71710108,Gas,757.2025977,628.5340169,1,1
78,30-11-2021,Steel,12876.82376,87.311994,Gas,865.658871,661.0925685,1,1
78,31-12-2021,Steel,13492.48309,67.52133124,Gas,1199.810314,454.0575628,1,1
78,31-01-2022,Steel,9124.718478,74.39316126,Gas,1342.425522,401.6647837,1,1
78,28-02-2022,Steel,5621.209276,99.63836085,Gas,806.8040822,709.1730965,1,1
78,31-03-2022,Steel,15616.40856,87.53709446,Gas,1916.782271,671.8961087,1,1
78,30-04-2022,Steel,14905.63548,68.14154937,Gas,821.9343396,705.1785623,1,1
78,31-05-2022,Steel,6698.466385,72.08933278,Gas,830.3376398,458.8501295,1,1
78,30-06-2022,Steel,5453.732816,62.34911665,Gas,303.4622422,410.0766848,1,1
78,31-07-2022,Steel,19531.65473,68.55969617,Gas,2916.517714,533.9194105,1,1
78,31-08-2022,Steel,19095.55149,64.23195721,Gas,2569.408747,551.7531744,1,1
78,30-09-2022,Steel,14237.70188,69.36337036,Gas,966.9504988,511.0402765,1,1
78,31-10-2022,Steel,12584.62033,88.59438405,Gas,1390.366087,437.5473224,1,1
78,30-11-2022,Steel,13126.64253,79.00680587,Gas,1510.450183,468.4479711,1,1
78,31-12-2022,Steel,18976.14851,65.48318172,Gas,1952.70919,595.5080445,1,1
78,31-01-2023,Steel,14686.04169,74.30243909,Gas,1397.870881,533.9619021,1,1
78,28-02-2023,Steel,19826.80002,60.1927073,Gas,2648.487859,426.9666995,1,1
78,31-03-2023,Steel,8209.257976,92.70728535,Gas,1153.440051,434.0377936,1,1
78,30-04-2023,Steel,18209.7381,87.39266799,Gas,2141.247139,631.5372414,1,1
78,31-05-2023,Steel,11732.94845,66.50165819,Gas,1385.753735,601.6430456,1,1
78,30-06-2023,Steel,16318.15812,68.51159499,Gas,1667.140325,503.2410445,1,1
78,31-07-2023,Steel,8456.82331,89.23372127,Gas,866.6749894,539.9379074,1,1
78,31-08-2023,Steel,17873.65742,62.07866652,Gas,1866.416028,491.335457,1,1
78,30-09-2023,Steel,7916.425449,87.37645302,Gas,1018.204905,530.1097435,1,1
78,31-10-2023,Steel,11608.29075,87.93031684,Gas,1556.651109,651.1695188,1,1
78,30-11-2023,Steel,6803.032879,88.1611854,Gas,734.6228015,580.3436485,1,1
78,31-12-2023,Steel,9395.214947,64.1112742,Gas,963.214808,510.197641,1,1
79,31-01-2019,Steel,10114.12317,88.28348683,Gas,635.6476008,503.8800318,14,1
79,28-02-2019,Steel,19699.23539,65.7200677,Gas,1688.113343,488.2562472,14,1
79,31-03-2019,Steel,13932.11762,82.30185932,Gas,1844.638616,563.2268396,14,1
79,30-04-2019,Steel,9414.622249,93.42712717,Gas,1280.51445,562.9186203,14,1
79,31-05-2019,Steel,18796.97149,82.45178766,Gas,1132.218588,448.8795172,14,1
79,30-06-2019,Steel,14909.99735,86.10772061,Gas,746.7360426,678.7999282,14,1
79,31-07-2019,Steel,10277.07818,63.50867982,Gas,618.9867295,460.3237165,14,1
79,31-08-2019,Steel,8567.016058,97.02738032,Gas,1195.887145,417.9508691,14,1
79,30-09-2019,Steel,13048.02589,82.71604193,Gas,1924.545843,517.165499,14,1
79,31-10-2019,Steel,13823.73162,62.91405233,Gas,1353.384146,527.6910668,14,1
79,30-11-2019,Steel,5886.194766,86.35135644,Gas,596.7762497,661.2864705,14,1
79,31-12-2019,Steel,19868.50883,75.26130802,Gas,2467.559367,494.4763897,14,1
79,31-01-2020,Steel,5630.571484,68.91744555,Gas,550.7740522,492.5470536,14,1
79,29-02-2020,Steel,19280.3489,64.05043587,Gas,1356.700536,693.7496368,14,1
79,31-03-2020,Steel,13542.11718,69.97093632,Gas,762.3604528,579.6298726,14,1
79,30-04-2020,Steel,10928.63452,93.22471628,Gas,1168.578409,534.1761808,14,1
79,31-05-2020,Steel,13815.66296,97.31622237,Gas,1883.265287,577.5996196,14,1
79,30-06-2020,Steel,11372.36198,91.50044213,Gas,978.1038301,481.7015542,14,1
79,31-07-2020,Steel,15130.98808,67.86068404,Gas,1084.080313,485.5329679,14,1
79,31-08-2020,Steel,6965.420098,66.53189954,Gas,850.8289767,410.7235573,14,1
79,30-09-2020,Steel,19069.1675,86.84451314,Gas,1970.716833,433.2660417,14,1
79,31-10-2020,Steel,6511.837512,88.1725393,Gas,965.4013432,556.0377028,14,1
79,30-11-2020,Steel,12352.71165,81.87088759,Gas,1445.436539,614.3735645,14,1
79,31-12-2020,Steel,13623.57397,64.80953251,Gas,823.046622,485.085161,14,1
79,31-01-2021,Steel,18378.14965,70.50623157,Gas,2654.320623,665.0887776,14,1
79,28-02-2021,Steel,18937.82779,77.50990223,Gas,2481.030817,401.2383754,14,1
79,31-03-2021,Steel,17383.65186,88.41938415,Gas,1379.135743,667.8122769,14,1
79,30-04-2021,Steel,19236.76571,64.19490743,Gas,1349.915797,484.9114504,14,1
79,31-05-2021,Steel,10764.16978,67.58996856,Gas,693.6545234,694.2975566,14,1
79,30-06-2021,Steel,11105.9035,96.15347311,Gas,1601.446303,526.7423403,14,1
79,31-07-2021,Steel,11819.08293,63.4307549,Gas,1009.840084,658.7622739,14,1
79,31-08-2021,Steel,6190.59578,75.90829262,Gas,538.0962291,695.5075244,14,1
79,30-09-2021,Steel,10832.70499,76.11656583,Gas,619.7730192,444.8142664,14,1
79,31-10-2021,Steel,11921.31975,76.91142659,Gas,1557.955168,520.4180935,14,1
79,30-11-2021,Steel,8531.891771,64.42050419,Gas,774.9149702,416.6395002,14,1
79,31-12-2021,Steel,8000.941161,72.33733729,Gas,582.4069442,482.5087669,14,1
79,31-01-2022,Steel,18716.11459,64.03025598,Gas,1363.289624,656.5270691,14,1
79,28-02-2022,Steel,8708.159862,87.06345489,Gas,1011.062409,535.1479963,14,1
79,31-03-2022,Steel,16305.9811,93.27197149,Gas,1951.328598,499.7527363,14,1
79,30-04-2022,Steel,13139.92934,68.83040416,Gas,1811.584509,600.8894092,14,1
79,31-05-2022,Steel,18474.81646,69.7427701,Gas,1843.149594,585.0284686,14,1
79,30-06-2022,Steel,8610.363851,63.96698243,Gas,849.8728794,708.7461979,14,1
79,31-07-2022,Steel,5388.649352,85.71280531,Gas,410.8263775,642.4032473,14,1
79,31-08-2022,Steel,12755.8261,63.9486927,Gas,1643.032249,701.1382862,14,1
79,30-09-2022,Steel,12906.25373,84.55759414,Gas,1736.385748,597.0757047,14,1
79,31-10-2022,Steel,16711.22619,90.65228932,Gas,1513.367464,660.5258631,14,1
79,30-11-2022,Steel,19257.23842,68.5490096,Gas,1478.367653,520.7188979,14,1
79,31-12-2022,Steel,8891.45593,99.14035735,Gas,809.6400379,579.7669492,14,1
79,31-01-2023,Steel,5120.905558,97.1809496,Gas,504.2034989,715.2610841,14,1
79,28-02-2023,Steel,11016.48601,60.18365753,Gas,1092.23829,676.8968692,14,1
79,31-03-2023,Steel,7746.707607,63.19927678,Gas,801.2199529,616.618958,14,1
79,30-04-2023,Steel,11958.76678,79.08144274,Gas,1728.456019,634.4921596,14,1
79,31-05-2023,Steel,7817.109487,90.76918775,Gas,767.4052445,682.7479989,14,1
79,30-06-2023,Steel,11874.30699,81.02316613,Gas,1513.091414,658.598833,14,1
79,31-07-2023,Steel,11109.42689,84.81862133,Gas,1391.180477,540.2378355,14,1
79,31-08-2023,Steel,13114.69351,67.78406315,Gas,691.2750951,422.8065527,14,1
79,30-09-2023,Steel,17865.89053,99.58161929,Gas,1623.502055,574.5857195,14,1
79,31-10-2023,Steel,8772.459331,73.50296479,Gas,621.5876862,401.0597511,14,1
79,30-11-2023,Steel,10779.03409,82.86374749,Gas,712.7018134,425.1113017,14,1
79,31-12-2023,Steel,17984.49396,85.11109268,Gas,2548.250171,547.1463348,14,1
80,31-01-2019,Chemical,10564.35087,70.75176142,Diesel,1072.052458,400.7486818,8,0
80,28-02-2019,Chemical,19168.38762,81.36915201,Diesel,2023.917207,574.1629586,8,0
80,31-03-2019,Chemical,6594.878734,84.91782844,Diesel,852.7425777,707.9838544,8,0
80,30-04-2019,Chemical,17955.7065,60.67729792,Diesel,1050.040008,465.8812283,8,0
80,31-05-2019,Chemical,5486.239726,65.39803412,Diesel,524.5693916,684.4158506,8,0
80,30-06-2019,Chemical,17946.59932,97.89825191,Diesel,1114.980647,475.4685852,8,0
80,31-07-2019,Chemical,18921.95582,73.98654381,Diesel,1282.82447,586.285798,8,0
80,31-08-2019,Chemical,12451.32173,68.03458188,Diesel,1531.755589,694.6544379,8,0
80,30-09-2019,Chemical,14581.03717,89.76571219,Diesel,1673.608749,626.3003772,8,0
80,31-10-2019,Chemical,9444.964255,69.0649716,Diesel,728.8232568,705.7092134,8,0
80,30-11-2019,Chemical,15347.90323,97.68681931,Diesel,2123.953807,433.5718332,8,0
80,31-12-2019,Chemical,10727.1254,81.7048506,Diesel,1281.631023,468.3240551,8,0
80,31-01-2020,Chemical,7977.786348,80.4883767,Diesel,527.2490675,454.7638834,8,0
80,29-02-2020,Chemical,11570.23327,86.5958846,Diesel,1351.409431,585.1140043,8,0
80,31-03-2020,Chemical,5523.00446,68.41473398,Diesel,496.8527846,439.3824165,8,0
80,30-04-2020,Chemical,12048.88152,68.96802666,Diesel,1163.226239,402.9445394,8,0
80,31-05-2020,Chemical,15879.92767,88.88562691,Diesel,1969.606123,406.5030448,8,0
80,30-06-2020,Chemical,11098.27779,73.18101037,Diesel,754.4697646,419.2457872,8,0
80,31-07-2020,Chemical,12067.73947,98.16330218,Diesel,1074.287917,627.0872428,8,0
80,31-08-2020,Chemical,5275.492634,66.65992254,Diesel,513.8511903,610.7776849,8,0
80,30-09-2020,Chemical,17695.65815,73.30460729,Diesel,1855.924327,508.1488896,8,0
80,31-10-2020,Chemical,12921.45537,81.58791183,Diesel,1763.571416,469.9692988,8,0
80,30-11-2020,Chemical,10933.17114,98.65774421,Diesel,627.1664926,564.6862515,8,0
80,31-12-2020,Chemical,13515.96288,61.80486099,Diesel,1440.3553,552.1233398,8,0
80,31-01-2021,Chemical,19993.16736,88.12019482,Diesel,2942.886793,593.917464,8,0
80,28-02-2021,Chemical,19334.71624,80.60458711,Diesel,985.1545555,552.3446023,8,0
80,31-03-2021,Chemical,14575.98318,96.35593849,Diesel,2045.202789,498.2989796,8,0
80,30-04-2021,Chemical,13700.84402,66.78606019,Diesel,1968.313547,505.2619543,8,0
80,31-05-2021,Chemical,13747.95733,79.81219568,Diesel,1713.78955,476.883796,8,0
80,30-06-2021,Chemical,6594.349719,94.47311891,Diesel,789.771077,594.3494795,8,0
80,31-07-2021,Chemical,11382.77727,91.44977994,Diesel,616.0457946,651.3566109,8,0
80,31-08-2021,Chemical,8623.781266,87.32084964,Diesel,1236.345673,467.9742894,8,0
80,30-09-2021,Chemical,6662.388516,86.59795247,Diesel,746.4591919,477.1067722,8,0
80,31-10-2021,Chemical,14279.01468,91.24188571,Diesel,842.2426696,406.8191672,8,0
80,30-11-2021,Chemical,19469.5848,61.86992215,Diesel,2850.912358,558.640242,8,0
80,31-12-2021,Chemical,13658.07799,93.77662907,Diesel,696.7509023,459.6719093,8,0
80,31-01-2022,Chemical,14560.39989,78.31936472,Diesel,1720.430587,653.1845307,8,0
80,28-02-2022,Chemical,11531.68129,72.89323427,Diesel,642.4276299,569.1233087,8,0
80,31-03-2022,Chemical,12430.86245,75.49655486,Diesel,844.1773141,637.4040893,8,0
80,30-04-2022,Chemical,7886.128262,67.76478949,Diesel,747.0906674,708.5704022,8,0
80,31-05-2022,Chemical,5336.056131,66.59267017,Diesel,756.0804251,469.5462025,8,0
80,30-06-2022,Chemical,15575.17271,77.9899269,Diesel,1688.140064,459.627298,8,0
80,31-07-2022,Chemical,13993.64429,63.15054582,Diesel,1346.452372,402.188095,8,0
80,31-08-2022,Chemical,18904.50513,73.22464746,Diesel,1074.359904,679.6835339,8,0
80,30-09-2022,Chemical,14590.19419,69.63569272,Diesel,973.3599839,592.7249276,8,0
80,31-10-2022,Chemical,11043.19938,97.30234208,Diesel,1457.059492,716.3731397,8,0
80,30-11-2022,Chemical,10721.01234,70.78069265,Diesel,1141.672964,654.2947534,8,0
80,31-12-2022,Chemical,12239.54681,87.41735299,Diesel,1340.738057,492.8427653,8,0
80,31-01-2023,Chemical,18046.50484,99.88027083,Diesel,1268.852133,610.3751405,8,0
80,28-02-2023,Chemical,16390.21246,61.57591003,Diesel,1366.711492,437.8209974,8,0
80,31-03-2023,Chemical,9720.027696,74.90549718,Diesel,1083.02669,479.1602666,8,0
80,30-04-2023,Chemical,9948.009116,96.04623525,Diesel,1272.974874,646.3031367,8,0
80,31-05-2023,Chemical,7024.243569,75.20229603,Diesel,676.4159847,475.1674254,8,0
80,30-06-2023,Chemical,5844.255145,65.03374971,Diesel,603.6844126,405.051907,8,0
80,31-07-2023,Chemical,10944.3555,87.86474814,Diesel,1086.99867,646.0421033,8,0
80,31-08-2023,Chemical,7156.077044,68.26777692,Diesel,633.7905847,718.5494514,8,0
80,30-09-2023,Chemical,8418.541878,98.21215388,Diesel,1054.28709,624.3358071,8,0
80,31-10-2023,Chemical,12364.76039,91.68468459,Diesel,1097.385649,706.2743268,8,0
80,30-11-2023,Chemical,9191.900445,77.26097436,Diesel,505.3556212,433.8067238,8,0
80,31-12-2023,Chemical,8235.896596,97.25727606,Diesel,527.9016833,644.6863777,8,0
81,31-01-2019,Chemical,19787.3012,61.87427804,Gas,1069.331699,674.7691516,15,1
81,28-02-2019,Chemical,8722.95935,73.08649414,Gas,1046.866722,467.7315901,15,1
81,31-03-2019,Chemical,17318.33167,91.42061675,Gas,1051.620683,509.6408806,15,1
81,30-04-2019,Chemical,17541.66882,87.59231723,Gas,1525.911343,703.7246267,15,1
81,31-05-2019,Chemical,18216.8703,92.05426743,Gas,2728.213998,632.2562493,15,1
81,30-06-2019,Chemical,18221.35341,75.10626234,Gas,1591.889621,443.258413,15,1
81,31-07-2019,Chemical,11198.57226,99.68005532,Gas,581.674319,413.8538802,15,1
81,31-08-2019,Chemical,19661.89613,87.53961448,Gas,2851.29758,535.5269532,15,1
81,30-09-2019,Chemical,14086.55862,96.59489241,Gas,1869.979316,584.3124388,15,1
81,31-10-2019,Chemical,11323.60818,80.18541466,Gas,817.7602175,683.1794665,15,1
81,30-11-2019,Chemical,13115.65815,74.68026659,Gas,1035.681006,491.1872248,15,1
81,31-12-2019,Chemical,7004.591661,84.24208772,Gas,646.2783204,609.1745016,15,1
81,31-01-2020,Chemical,8152.95036,87.13040256,Gas,1135.640865,459.419639,15,1
81,29-02-2020,Chemical,15135.52493,61.05797158,Gas,1926.140011,464.9631299,15,1
81,31-03-2020,Chemical,14839.52683,68.69091385,Gas,1054.440246,640.7683031,15,1
81,30-04-2020,Chemical,10552.79886,87.78744674,Gas,1207.068144,631.9025673,15,1
81,31-05-2020,Chemical,19901.95477,65.65091672,Gas,1449.599904,606.3830281,15,1
81,30-06-2020,Chemical,16145.60934,64.04481346,Gas,1081.035328,709.9391444,15,1
81,31-07-2020,Chemical,13116.93671,60.64091395,Gas,1158.360409,578.8056842,15,1
81,31-08-2020,Chemical,17772.39388,73.18423262,Gas,2487.574809,544.218677,15,1
81,30-09-2020,Chemical,6257.931824,98.56664724,Gas,585.5740901,680.2415307,15,1
81,31-10-2020,Chemical,9213.543478,93.2570249,Gas,1167.300863,499.4707737,15,1
81,30-11-2020,Chemical,10353.46633,68.37336135,Gas,891.0082984,565.8172639,15,1
81,31-12-2020,Chemical,13837.07292,86.64598933,Gas,838.7541033,618.3775844,15,1
81,31-01-2021,Chemical,15160.8747,72.10253719,Gas,2126.879798,454.6411903,15,1
81,28-02-2021,Chemical,7835.69369,79.14593624,Gas,857.5412546,574.1043693,15,1
81,31-03-2021,Chemical,8579.295519,91.71437922,Gas,1126.047752,552.7150961,15,1
81,30-04-2021,Chemical,16556.28855,87.35749401,Gas,2216.595302,594.4129596,15,1
81,31-05-2021,Chemical,14420.57662,60.01778537,Gas,2076.20192,485.67353,15,1
81,30-06-2021,Chemical,10892.39743,99.14748058,Gas,941.4476541,454.331463,15,1
81,31-07-2021,Chemical,9377.527873,68.5381053,Gas,1005.186415,531.8591426,15,1
81,31-08-2021,Chemical,15996.7025,86.83748087,Gas,898.5752862,447.9068307,15,1
81,30-09-2021,Chemical,12067.49172,72.25173892,Gas,1162.36186,525.8206958,15,1
81,31-10-2021,Chemical,9472.6073,91.49261989,Gas,861.5725972,409.6272852,15,1
81,30-11-2021,Chemical,9777.378751,87.09026761,Gas,1178.229389,688.4654155,15,1
81,31-12-2021,Chemical,10480.79903,88.10473494,Gas,1228.031952,716.2710268,15,1
81,31-01-2022,Chemical,17503.58841,67.78244186,Gas,1190.755297,411.7845697,15,1
81,28-02-2022,Chemical,13237.85286,98.65734043,Gas,1505.451246,580.6046594,15,1
81,31-03-2022,Chemical,19896.62544,91.31164298,Gas,1573.916515,710.8781155,15,1
81,30-04-2022,Chemical,6958.52173,74.49636028,Gas,987.6813502,409.7388472,15,1
81,31-05-2022,Chemical,18761.48312,71.32448964,Gas,1346.692354,515.4250861,15,1
81,30-06-2022,Chemical,8606.320964,96.80707183,Gas,497.8732979,585.5708025,15,1
81,31-07-2022,Chemical,11731.08999,79.93509903,Gas,1045.131736,462.8120803,15,1
81,31-08-2022,Chemical,11079.56582,72.03802509,Gas,760.9849875,712.9189413,15,1
81,30-09-2022,Chemical,6801.715626,72.13955624,Gas,940.332208,438.8875918,15,1
81,31-10-2022,Chemical,16800.49117,70.3301979,Gas,1886.709688,497.6056096,15,1
81,30-11-2022,Chemical,11737.93958,94.17328447,Gas,922.217748,577.1921992,15,1
81,31-12-2022,Chemical,14482.01173,79.87837812,Gas,1668.317019,594.870815,15,1
81,31-01-2023,Chemical,11600.48796,72.10093965,Gas,734.4826597,495.3794687,15,1
81,28-02-2023,Chemical,12759.68172,87.44800483,Gas,1628.231813,439.8509515,15,1
81,31-03-2023,Chemical,12099.91891,82.695503,Gas,1655.402984,483.2376427,15,1
81,30-04-2023,Chemical,14914.53657,63.16766411,Gas,1394.19101,456.444316,15,1
81,31-05-2023,Chemical,17381.63869,84.0878292,Gas,1500.94464,407.9551205,15,1
81,30-06-2023,Chemical,15648.2091,89.26696765,Gas,2049.188054,571.3645291,15,1
81,31-07-2023,Chemical,19463.54697,74.6615569,Gas,1640.516973,432.9443698,15,1
81,31-08-2023,Chemical,17080.59892,61.59201118,Gas,2192.496061,560.952187,15,1
81,30-09-2023,Chemical,14106.96002,87.29130298,Gas,1494.72612,426.3038914,15,1
81,31-10-2023,Chemical,8703.701992,60.65302919,Gas,1199.333331,466.0283222,15,1
81,30-11-2023,Chemical,14564.74887,75.17105292,Gas,1453.265168,696.085972,15,1
81,31-12-2023,Chemical,18470.30855,64.26478604,Gas,1799.235541,511.1839641,15,1
82,31-01-2019,Chemical,13342.35404,95.90355913,Coal,1954.575128,634.8608472,5,1
82,28-02-2019,Chemical,16813.51606,83.4119293,Coal,1855.569696,457.2518696,5,1
82,31-03-2019,Chemical,17202.45193,68.14151752,Coal,1237.302954,608.646223,5,1
82,30-04-2019,Chemical,16261.11142,89.97623913,Coal,2119.622181,430.7090488,5,1
82,31-05-2019,Chemical,9693.327028,68.39595185,Coal,1063.062824,407.5609562,5,1
82,30-06-2019,Chemical,6687.052095,93.20664856,Coal,895.6227888,420.388242,5,1
82,31-07-2019,Chemical,7492.955838,90.02503952,Coal,847.4878673,631.6340551,5,1
82,31-08-2019,Chemical,17945.04139,86.1379928,Coal,2128.391359,455.4357116,5,1
82,30-09-2019,Chemical,12671.65118,91.42524332,Coal,1280.669871,491.381696,5,1
82,31-10-2019,Chemical,18870.82519,74.74195399,Coal,1262.520118,664.078123,5,1
82,30-11-2019,Chemical,14751.81972,94.40942152,Coal,1910.90527,618.9132085,5,1
82,31-12-2019,Chemical,13296.94303,84.22152254,Coal,1716.199641,423.4901399,5,1
82,31-01-2020,Chemical,11207.52896,81.5760908,Coal,848.3055057,621.2974146,5,1
82,29-02-2020,Chemical,8188.827836,72.30848783,Coal,1094.969577,587.8073871,5,1
82,31-03-2020,Chemical,13689.14678,80.77063436,Coal,1960.035202,441.5066105,5,1
82,30-04-2020,Chemical,11396.8514,65.37977033,Coal,606.5224189,543.9149997,5,1
82,31-05-2020,Chemical,15359.4774,99.2342567,Coal,1437.589927,467.9723532,5,1
82,30-06-2020,Chemical,8922.458279,92.36717711,Coal,601.7088997,676.0061091,5,1
82,31-07-2020,Chemical,14893.52071,77.12394373,Coal,820.2959121,637.4887912,5,1
82,31-08-2020,Chemical,14902.59204,96.36704308,Coal,1279.912174,484.7516535,5,1
82,30-09-2020,Chemical,5387.817671,72.32418668,Coal,633.1035713,649.7308898,5,1
82,31-10-2020,Chemical,8362.171983,64.12634829,Coal,461.5703441,662.6567627,5,1
82,30-11-2020,Chemical,13056.97747,96.27247214,Coal,1870.858036,478.196449,5,1
82,31-12-2020,Chemical,19064.66855,89.14866947,Coal,1032.160432,544.1448901,5,1
82,31-01-2021,Chemical,15915.50656,78.37268459,Coal,1165.441101,610.5549055,5,1
82,28-02-2021,Chemical,13923.93813,80.31568364,Coal,1816.70882,420.1097103,5,1
82,31-03-2021,Chemical,18304.09882,72.53783171,Coal,1559.936001,718.3251181,5,1
82,30-04-2021,Chemical,15153.7151,92.12195961,Coal,795.2609737,605.8438296,5,1
82,31-05-2021,Chemical,13719.74128,96.11791593,Coal,1957.800794,565.6254012,5,1
82,30-06-2021,Chemical,12145.24735,65.52638971,Coal,636.1571811,474.3296234,5,1
82,31-07-2021,Chemical,6562.49808,99.77353315,Coal,482.1566557,400.9931617,5,1
82,31-08-2021,Chemical,19053.46495,93.0552008,Coal,1370.012712,506.1673232,5,1
82,30-09-2021,Chemical,9193.732645,74.92475272,Coal,842.5438367,401.3889644,5,1
82,31-10-2021,Chemical,9076.751646,77.71307444,Coal,1182.855982,698.0608756,5,1
82,30-11-2021,Chemical,10545.39351,81.6202671,Coal,579.6717707,461.1735504,5,1
82,31-12-2021,Chemical,18448.29096,88.19002716,Coal,1759.815894,676.179179,5,1
82,31-01-2022,Chemical,15213.58652,77.4215359,Coal,1102.44043,610.9968625,5,1
82,28-02-2022,Chemical,13029.16351,90.55584643,Coal,975.6014448,527.6355428,5,1
82,31-03-2022,Chemical,16572.75841,99.43884863,Coal,1707.857725,630.0826704,5,1
82,30-04-2022,Chemical,9983.811679,69.95930455,Coal,1167.825512,626.4361103,5,1
82,31-05-2022,Chemical,19954.13635,82.93639451,Coal,1321.246587,479.5182229,5,1
82,30-06-2022,Chemical,8823.725831,70.04253407,Coal,854.1231817,447.5074628,5,1
82,31-07-2022,Chemical,6683.895806,96.0976,Coal,848.7939327,570.6169255,5,1
82,31-08-2022,Chemical,11616.82388,89.19914496,Coal,834.5254159,448.0583764,5,1
82,30-09-2022,Chemical,13221.24135,71.25827735,Coal,1199.728759,561.1035165,5,1
82,31-10-2022,Chemical,12104.38058,99.06604579,Coal,1378.068486,566.1037849,5,1
82,30-11-2022,Chemical,6437.979505,84.97896837,Coal,738.0482872,572.8475576,5,1
82,31-12-2022,Chemical,14772.26805,80.04558182,Coal,1108.020669,687.0717261,5,1
82,31-01-2023,Chemical,12809.68352,89.02761364,Coal,1028.755915,443.2660451,5,1
82,28-02-2023,Chemical,12589.2472,65.79815583,Coal,952.730591,620.8435856,5,1
82,31-03-2023,Chemical,9570.89321,70.22605015,Coal,628.8384102,481.0690673,5,1
82,30-04-2023,Chemical,18446.86137,73.43935106,Coal,2688.047503,533.9012139,5,1
82,31-05-2023,Chemical,17660.9828,69.70288901,Coal,1842.696936,595.9249807,5,1
82,30-06-2023,Chemical,10111.48203,92.78242819,Coal,845.6766282,690.3671814,5,1
82,31-07-2023,Chemical,11706.06365,90.47735089,Coal,858.3133873,563.3531721,5,1
82,31-08-2023,Chemical,8202.999115,71.90454963,Coal,906.0865154,591.6921132,5,1
82,30-09-2023,Chemical,11091.31861,92.8181424,Coal,1596.11316,567.9086983,5,1
82,31-10-2023,Chemical,10639.21844,90.27416894,Coal,1328.731504,648.3640011,5,1
82,30-11-2023,Chemical,11842.50876,85.33903259,Coal,779.6051132,547.0725349,5,1
82,31-12-2023,Chemical,15049.31377,65.95514365,Coal,2086.295431,519.3067166,5,1
83,31-01-2019,Chemical,5582.5159,79.37886866,Diesel,653.3668384,439.77202,10,1
83,28-02-2019,Chemical,6927.882497,95.25476157,Diesel,1001.963537,525.9394823,10,1
83,31-03-2019,Chemical,7527.55051,75.87329629,Diesel,471.3346755,676.251473,10,1
83,30-04-2019,Chemical,10652.91559,91.19231905,Diesel,1196.720171,675.8011142,10,1
83,31-05-2019,Chemical,8444.259457,74.49255551,Diesel,771.9564732,587.631198,10,1
83,30-06-2019,Chemical,9225.061994,78.68933183,Diesel,1371.374924,659.9639774,10,1
83,31-07-2019,Chemical,11750.43616,90.15648568,Diesel,1542.471054,637.2649366,10,1
83,31-08-2019,Chemical,15086.13732,80.64518279,Diesel,1129.973771,719.6047407,10,1
83,30-09-2019,Chemical,7432.6491,86.59140936,Diesel,723.7885769,668.4881803,10,1
83,31-10-2019,Chemical,8755.308786,87.30328695,Diesel,506.5463786,410.7752205,10,1
83,30-11-2019,Chemical,9007.624389,64.23954261,Diesel,897.0922212,646.553732,10,1
83,31-12-2019,Chemical,17803.40281,88.14010014,Diesel,1079.492166,524.0568428,10,1
83,31-01-2020,Chemical,18957.50191,87.98377644,Diesel,1070.906999,438.9161672,10,1
83,29-02-2020,Chemical,18615.22996,78.21851159,Diesel,1486.705783,486.205819,10,1
83,31-03-2020,Chemical,6522.845585,95.67142097,Diesel,456.2974727,517.32704,10,1
83,30-04-2020,Chemical,6260.829926,73.45635131,Diesel,746.0616412,659.7315707,10,1
83,31-05-2020,Chemical,11509.11716,82.66794027,Diesel,1491.465672,594.4615077,10,1
83,30-06-2020,Chemical,17918.45996,75.35203036,Diesel,2274.53,511.2919764,10,1
83,31-07-2020,Chemical,8791.777783,87.94016551,Diesel,1030.271349,644.3077409,10,1
83,31-08-2020,Chemical,15256.26408,85.79761646,Diesel,1409.623014,508.364404,10,1
83,30-09-2020,Chemical,10173.51782,84.5054641,Diesel,1226.732287,572.878946,10,1
83,31-10-2020,Chemical,6733.13032,67.10358514,Diesel,1003.411145,511.9381161,10,1
83,30-11-2020,Chemical,13165.65902,60.5272999,Diesel,1666.895469,613.4186821,10,1
83,31-12-2020,Chemical,8159.30881,74.53112486,Diesel,643.2715087,627.7535765,10,1
83,31-01-2021,Chemical,18962.40142,65.01632335,Diesel,2258.351374,437.544894,10,1
83,28-02-2021,Chemical,19353.39836,69.16942199,Diesel,1851.237427,631.347217,10,1
83,31-03-2021,Chemical,19536.16743,98.11321149,Diesel,2330.520652,450.5741262,10,1
83,30-04-2021,Chemical,12157.3867,80.92515318,Diesel,1817.956993,480.8413539,10,1
83,31-05-2021,Chemical,13649.44228,76.14200652,Diesel,1298.163481,538.084853,10,1
83,30-06-2021,Chemical,7680.065785,88.18345927,Diesel,927.2562023,692.7468548,10,1
83,31-07-2021,Chemical,15717.46513,85.43872671,Diesel,2184.971657,591.1482687,10,1
83,31-08-2021,Chemical,17666.86425,71.10589429,Diesel,2534.366397,660.8702409,10,1
83,30-09-2021,Chemical,8959.336126,66.69018927,Diesel,720.9970273,704.9057074,10,1
83,31-10-2021,Chemical,8734.327925,93.14722225,Diesel,831.8218664,498.5967543,10,1
83,30-11-2021,Chemical,11048.96667,87.1230029,Diesel,1577.702595,560.0063295,10,1
83,31-12-2021,Chemical,5306.495938,94.99249757,Diesel,730.187251,612.1958087,10,1
83,31-01-2022,Chemical,9637.413478,61.52794768,Diesel,494.6000434,513.0772596,10,1
83,28-02-2022,Chemical,12675.63071,90.07292582,Diesel,1016.492923,550.213909,10,1
83,31-03-2022,Chemical,16603.81545,81.15847319,Diesel,2258.663587,664.9537789,10,1
83,30-04-2022,Chemical,10585.56699,71.04302372,Diesel,612.3246197,610.1144499,10,1
83,31-05-2022,Chemical,5851.188832,95.77945008,Diesel,588.8595221,639.5971467,10,1
83,30-06-2022,Chemical,12273.32263,97.60211681,Diesel,1511.600106,428.8676807,10,1
83,31-07-2022,Chemical,6589.62064,94.81313163,Diesel,913.47793,519.2743113,10,1
83,31-08-2022,Chemical,17647.9473,93.98728056,Diesel,2081.365374,694.1763156,10,1
83,30-09-2022,Chemical,9230.653306,64.83501046,Diesel,604.4529509,480.1760043,10,1
83,31-10-2022,Chemical,5688.07321,66.19064129,Diesel,852.7628426,532.4359104,10,1
83,30-11-2022,Chemical,17960.65636,98.20657201,Diesel,991.0572708,718.9147355,10,1
83,31-12-2022,Chemical,9375.164137,72.72927409,Diesel,972.3294623,657.5390852,10,1
83,31-01-2023,Chemical,8469.458484,93.00857445,Diesel,645.2493824,585.9212785,10,1
83,28-02-2023,Chemical,19913.62228,77.51058193,Diesel,1369.097645,583.6602805,10,1
83,31-03-2023,Chemical,15593.91252,73.08794359,Diesel,1752.461534,400.757978,10,1
83,30-04-2023,Chemical,16689.91894,64.74552512,Diesel,2289.653803,464.5719353,10,1
83,31-05-2023,Chemical,9151.503015,98.55176848,Diesel,803.7719468,581.879419,10,1
83,30-06-2023,Chemical,14829.57088,82.10635933,Diesel,1990.315488,690.0935982,10,1
83,31-07-2023,Chemical,10013.16796,85.08882111,Diesel,809.382989,610.0619969,10,1
83,31-08-2023,Chemical,8585.938203,70.42146367,Diesel,672.534131,491.808588,10,1
83,30-09-2023,Chemical,12528.8627,86.95844012,Diesel,835.6042191,540.2198155,10,1
83,31-10-2023,Chemical,14927.68808,94.24967245,Diesel,984.8149943,682.9683215,10,1
83,30-11-2023,Chemical,11994.29452,67.94025902,Diesel,1707.471865,578.3730058,10,1
83,31-12-2023,Chemical,15638.50597,64.98767568,Diesel,1503.742045,481.264364,10,1
84,31-01-2019,Textile,13296.87129,89.61464717,Diesel,1586.256896,666.9694512,7,1
84,28-02-2019,Textile,14036.27307,74.3103874,Diesel,751.5417584,485.6676505,7,1
84,31-03-2019,Textile,10793.49059,98.65328945,Diesel,652.5917604,670.7621591,7,1
84,30-04-2019,Textile,6653.463002,60.2379915,Diesel,619.0660628,607.0759844,7,1
84,31-05-2019,Textile,9086.754985,79.78129297,Diesel,527.9071992,589.0933707,7,1
84,30-06-2019,Textile,14009.14716,71.0877815,Diesel,1382.479834,556.0883248,7,1
84,31-07-2019,Textile,13109.26651,70.88892817,Diesel,1129.674168,677.1059603,7,1
84,31-08-2019,Textile,5127.146914,95.66869893,Diesel,723.4143246,492.8211397,7,1
84,30-09-2019,Textile,13592.703,94.70509374,Diesel,1487.032338,637.6672249,7,1
84,31-10-2019,Textile,14643.22181,99.27145115,Diesel,1354.459597,558.630694,7,1
84,30-11-2019,Textile,9355.538449,68.21619854,Diesel,923.2048174,609.7092773,7,1
84,31-12-2019,Textile,18359.44064,83.41868919,Diesel,1396.922739,524.4708575,7,1
84,31-01-2020,Textile,18272.7464,79.30153263,Diesel,1863.68447,621.3075969,7,1
84,29-02-2020,Textile,18270.12995,68.33579027,Diesel,1401.277038,610.7926843,7,1
84,31-03-2020,Textile,6988.932499,71.47740648,Diesel,506.5629888,440.2737936,7,1
84,30-04-2020,Textile,14369.13603,66.45004661,Diesel,1253.142087,588.1888126,7,1
84,31-05-2020,Textile,10677.49294,70.46944797,Diesel,1215.012697,453.3628554,7,1
84,30-06-2020,Textile,7007.030821,74.75016749,Diesel,1013.20819,647.0214685,7,1
84,31-07-2020,Textile,16739.89147,99.14189502,Diesel,995.6579249,652.4446318,7,1
84,31-08-2020,Textile,15818.92005,89.39044185,Diesel,863.9324471,620.3932461,7,1
84,30-09-2020,Textile,8095.131381,60.74875903,Diesel,410.0537448,459.7192652,7,1
84,31-10-2020,Textile,7818.716283,72.00973822,Diesel,690.5292583,462.520503,7,1
84,30-11-2020,Textile,17183.84803,81.79132689,Diesel,916.455546,705.8747381,7,1
84,31-12-2020,Textile,15755.04421,82.43294531,Diesel,2027.453044,592.9234541,7,1
84,31-01-2021,Textile,16581.49872,71.43896936,Diesel,2309.148247,667.2415474,7,1
84,28-02-2021,Textile,13290.58689,74.47853592,Diesel,1612.723852,410.6510396,7,1
84,31-03-2021,Textile,13412.31573,73.30198387,Diesel,1190.822261,408.4453837,7,1
84,30-04-2021,Textile,13911.26781,78.71505967,Diesel,1688.979705,524.8716037,7,1
84,31-05-2021,Textile,8837.704023,79.65001933,Diesel,823.6528561,673.3506935,7,1
84,30-06-2021,Textile,17576.4383,79.08595975,Diesel,2332.337219,561.270107,7,1
84,31-07-2021,Textile,15750.304,82.49841165,Diesel,1216.135962,494.1601711,7,1
84,31-08-2021,Textile,18649.69212,62.5952544,Diesel,1002.852578,631.9653991,7,1
84,30-09-2021,Textile,5056.937147,73.40128956,Diesel,316.2892151,641.6305833,7,1
84,31-10-2021,Textile,6164.567303,75.06578647,Diesel,408.3612272,563.3140216,7,1
84,30-11-2021,Textile,7753.191519,61.13717999,Diesel,539.8080154,545.6461753,7,1
84,31-12-2021,Textile,14329.72835,91.17294627,Diesel,1379.231703,499.870336,7,1
84,31-01-2022,Textile,15122.71459,65.91460516,Diesel,2243.727681,573.4545521,7,1
84,28-02-2022,Textile,13933.70667,69.5429027,Diesel,700.0294535,446.4924457,7,1
84,31-03-2022,Textile,17037.87995,69.92992557,Diesel,1709.678046,471.5587282,7,1
84,30-04-2022,Textile,14821.8467,61.69627875,Diesel,825.114524,557.8104734,7,1
84,31-05-2022,Textile,11378.17802,75.10875557,Diesel,1055.356324,534.5107646,7,1
84,30-06-2022,Textile,19749.78858,92.91507744,Diesel,1709.370788,521.8331502,7,1
84,31-07-2022,Textile,14304.19981,89.87772431,Diesel,1802.758773,691.024085,7,1
84,31-08-2022,Textile,14592.05659,82.23878568,Diesel,1880.944716,676.2154778,7,1
84,30-09-2022,Textile,13675.11531,92.27854501,Diesel,1246.195022,614.7950641,7,1
84,31-10-2022,Textile,8152.12509,69.28169085,Diesel,1065.632283,417.0975909,7,1
84,30-11-2022,Textile,14560.38951,84.63361905,Diesel,1341.605759,458.6689243,7,1
84,31-12-2022,Textile,13896.54569,94.33422701,Diesel,1137.811829,446.6583662,7,1
84,31-01-2023,Textile,15710.6578,71.10894097,Diesel,1755.895751,479.5215394,7,1
84,28-02-2023,Textile,10427.65077,95.85661488,Diesel,883.1048333,438.4042187,7,1
84,31-03-2023,Textile,6410.185427,63.7857371,Diesel,950.2403567,573.2326826,7,1
84,30-04-2023,Textile,13306.00089,64.36505132,Diesel,1254.035792,710.5704818,7,1
84,31-05-2023,Textile,6301.445539,86.14308512,Diesel,531.3760481,432.0471826,7,1
84,30-06-2023,Textile,15984.12049,69.09904162,Diesel,1470.016439,483.1048913,7,1
84,31-07-2023,Textile,8738.807754,94.33066936,Diesel,655.3347639,482.4394444,7,1
84,31-08-2023,Textile,18034.12214,84.30017818,Diesel,2205.723549,404.4201317,7,1
84,30-09-2023,Textile,12781.09447,88.74025043,Diesel,1146.110877,642.8184522,7,1
84,31-10-2023,Textile,6248.227028,72.78707198,Diesel,378.3624908,554.1245976,7,1
84,30-11-2023,Textile,14294.48189,69.21700646,Diesel,1109.730156,655.8679285,7,1
84,31-12-2023,Textile,10655.47564,67.28815906,Diesel,615.0061591,434.5555616,7,1
85,31-01-2019,Chemical,16659.09683,67.28280538,Gas,2026.859215,452.0001538,16,1
85,28-02-2019,Chemical,8561.581604,82.68464919,Gas,765.0182618,677.8285092,16,1
85,31-03-2019,Chemical,9366.844107,79.50924284,Gas,668.1240865,564.0911053,16,1
85,30-04-2019,Chemical,19562.49737,61.90044655,Gas,1981.755048,483.7365205,16,1
85,31-05-2019,Chemical,9118.803876,81.11471216,Gas,1258.858467,434.4579421,16,1
85,30-06-2019,Chemical,14769.46509,81.22141511,Gas,1414.837157,607.8307443,16,1
85,31-07-2019,Chemical,7299.115816,93.01925524,Gas,391.0581661,670.9879923,16,1
85,31-08-2019,Chemical,13242.10204,94.79962382,Gas,676.4524111,682.2696952,16,1
85,30-09-2019,Chemical,13401.08884,90.10061866,Gas,1955.713327,496.1764751,16,1
85,31-10-2019,Chemical,15070.69842,88.5297358,Gas,1661.515235,417.6610526,16,1
85,30-11-2019,Chemical,13275.70247,86.76055584,Gas,1132.193703,453.0570888,16,1
85,31-12-2019,Chemical,13706.64852,90.77798858,Gas,756.4423359,504.9984879,16,1
85,31-01-2020,Chemical,12613.4966,78.13963207,Gas,704.1761238,426.8927333,16,1
85,29-02-2020,Chemical,9459.885081,79.46778267,Gas,853.8408998,514.7436515,16,1
85,31-03-2020,Chemical,14861.34657,96.39665985,Gas,1291.094378,665.2795948,16,1
85,30-04-2020,Chemical,9351.139797,85.00965671,Gas,519.007193,500.2919287,16,1
85,31-05-2020,Chemical,7100.955183,73.77610237,Gas,493.0689174,606.8399713,16,1
85,30-06-2020,Chemical,17451.16286,96.04763939,Gas,1403.076351,428.864546,16,1
85,31-07-2020,Chemical,17748.44068,93.38479718,Gas,1313.095693,539.1763852,16,1
85,31-08-2020,Chemical,12062.32594,60.50201342,Gas,1072.970203,589.7494129,16,1
85,30-09-2020,Chemical,7396.712783,60.24717002,Gas,917.237603,592.1474467,16,1
85,31-10-2020,Chemical,9294.267024,68.10637766,Gas,829.8573005,631.6729965,16,1
85,30-11-2020,Chemical,5508.012692,87.51548178,Gas,787.6877054,529.9797175,16,1
85,31-12-2020,Chemical,17813.46782,66.82209492,Gas,1605.206442,547.1538459,16,1
85,31-01-2021,Chemical,7794.537805,90.32612357,Gas,881.8426232,524.1099565,16,1
85,28-02-2021,Chemical,9158.58722,90.67093373,Gas,556.6041618,612.45042,16,1
85,31-03-2021,Chemical,12813.83785,61.43056682,Gas,1799.678059,648.6982291,16,1
85,30-04-2021,Chemical,7690.01381,62.9021557,Gas,867.3785496,543.6581574,16,1
85,31-05-2021,Chemical,19150.18516,66.04347623,Gas,1294.518238,405.3486836,16,1
85,30-06-2021,Chemical,6610.198627,90.22930158,Gas,641.8329185,466.2675758,16,1
85,31-07-2021,Chemical,14657.43267,80.37775194,Gas,934.5686405,519.2832632,16,1
85,31-08-2021,Chemical,12755.70169,92.60290571,Gas,1748.93026,489.0278012,16,1
85,30-09-2021,Chemical,12251.01084,79.45089598,Gas,681.3056436,671.1638937,16,1
85,31-10-2021,Chemical,16114.03575,89.76335738,Gas,1872.559896,554.690805,16,1
85,30-11-2021,Chemical,5766.175317,80.30232748,Gas,434.8348942,515.7075873,16,1
85,31-12-2021,Chemical,18265.56577,88.81772643,Gas,2326.075957,659.5008486,16,1
85,31-01-2022,Chemical,6807.821811,66.23280655,Gas,360.0994395,472.4286499,16,1
85,28-02-2022,Chemical,15113.86199,87.37311996,Gas,2256.619144,553.9478962,16,1
85,31-03-2022,Chemical,7956.904983,96.77449908,Gas,685.1934092,656.7656928,16,1
85,30-04-2022,Chemical,19688.57204,94.12211064,Gas,2459.299426,524.1954488,16,1
85,31-05-2022,Chemical,8849.983299,83.07339952,Gas,734.197252,673.7624642,16,1
85,30-06-2022,Chemical,12933.22058,82.04879518,Gas,1795.410139,477.2458341,16,1
85,31-07-2022,Chemical,17783.64918,62.25448444,Gas,1709.330997,456.9885202,16,1
85,31-08-2022,Chemical,14115.29913,79.21896399,Gas,1577.610514,503.1202694,16,1
85,30-09-2022,Chemical,15173.2847,64.65897516,Gas,1684.425294,410.2202925,16,1
85,31-10-2022,Chemical,17403.76355,92.46983585,Gas,1253.148692,518.7517254,16,1
85,30-11-2022,Chemical,18278.39977,63.720582,Gas,2730.991953,505.1777628,16,1
85,31-12-2022,Chemical,6859.451639,94.45267949,Gas,431.7443145,684.8252945,16,1
85,31-01-2023,Chemical,6901.418656,84.36398668,Gas,998.3475775,489.0287714,16,1
85,28-02-2023,Chemical,15348.24872,69.87798262,Gas,1168.477071,695.6268481,16,1
85,31-03-2023,Chemical,14874.30516,82.10530002,Gas,2052.6669,412.3664747,16,1
85,30-04-2023,Chemical,12348.14701,92.65073572,Gas,772.5934928,577.0172934,16,1
85,31-05-2023,Chemical,6398.057429,67.93402154,Gas,370.4460151,495.6886107,16,1
85,30-06-2023,Chemical,17077.7155,83.99774926,Gas,1728.426069,616.1183635,16,1
85,31-07-2023,Chemical,9574.613308,62.4558993,Gas,1005.60378,492.0625072,16,1
85,31-08-2023,Chemical,19260.46685,80.21710839,Gas,1328.507784,454.1552772,16,1
85,30-09-2023,Chemical,19278.09679,64.91910501,Gas,2704.1853,654.9550184,16,1
85,31-10-2023,Chemical,7732.230967,79.87504465,Gas,998.0184145,656.8458326,16,1
85,30-11-2023,Chemical,7632.710086,79.5278362,Gas,979.5881913,628.6288732,16,1
85,31-12-2023,Chemical,6392.937189,88.59360296,Gas,331.3760931,540.1671541,16,1
86,31-01-2019,Chemical,12026.97407,95.71756798,Gas,681.3532031,703.6138085,15,0
86,28-02-2019,Chemical,12626.99546,89.20794611,Gas,1297.49891,696.9442136,15,0
86,31-03-2019,Chemical,6130.382051,76.37389272,Gas,414.4133039,602.1792147,15,0
86,30-04-2019,Chemical,15727.66469,73.15723565,Gas,1926.265225,460.7567009,15,0
86,31-05-2019,Chemical,16527.81193,75.18241386,Gas,1726.493276,493.6774975,15,0
86,30-06-2019,Chemical,10511.40729,78.94353328,Gas,1252.78502,565.7818809,15,0
86,31-07-2019,Chemical,18384.6873,63.90652785,Gas,2413.374499,627.9821395,15,0
86,31-08-2019,Chemical,8324.84201,88.19654928,Gas,624.1989018,538.5035783,15,0
86,30-09-2019,Chemical,16637.85598,96.66871209,Gas,1006.499111,495.8814159,15,0
86,31-10-2019,Chemical,15946.8559,79.26886256,Gas,1631.941886,588.7756531,15,0
86,30-11-2019,Chemical,10397.66805,92.6462411,Gas,1181.232756,451.2655183,15,0
86,31-12-2019,Chemical,17479.93017,92.67824577,Gas,1800.456401,581.8858145,15,0
86,31-01-2020,Chemical,7667.919945,84.8489077,Gas,786.4092328,416.4332482,15,0
86,29-02-2020,Chemical,12439.63554,62.53721905,Gas,1040.919474,448.2612086,15,0
86,31-03-2020,Chemical,5400.742916,85.04340953,Gas,571.5767126,521.4058113,15,0
86,30-04-2020,Chemical,14089.85587,84.65757559,Gas,1908.657221,578.6451847,15,0
86,31-05-2020,Chemical,5818.421377,96.49431511,Gas,423.930083,551.4202106,15,0
86,30-06-2020,Chemical,13651.0336,85.46178223,Gas,1505.398614,719.4535321,15,0
86,31-07-2020,Chemical,10361.3796,86.69793168,Gas,1475.249109,681.451697,15,0
86,31-08-2020,Chemical,19545.76688,65.55074362,Gas,2665.179137,601.4023429,15,0
86,30-09-2020,Chemical,9578.982338,68.45964855,Gas,945.9233551,695.2958648,15,0
86,31-10-2020,Chemical,13933.60933,77.16376247,Gas,1628.346341,470.5681958,15,0
86,30-11-2020,Chemical,11777.59974,91.76292667,Gas,994.2864244,551.4782623,15,0
86,31-12-2020,Chemical,6717.608541,99.85865118,Gas,1005.672502,468.1340203,15,0
86,31-01-2021,Chemical,6198.775423,81.05185639,Gas,545.9911074,630.2437377,15,0
86,28-02-2021,Chemical,9324.211125,86.79429933,Gas,687.3110108,400.8031391,15,0
86,31-03-2021,Chemical,10426.89012,84.07302907,Gas,1463.179316,534.9600872,15,0
86,30-04-2021,Chemical,9554.270698,83.03473349,Gas,1169.844036,428.8285787,15,0
86,31-05-2021,Chemical,8977.410267,86.55053863,Gas,927.615521,657.3522305,15,0
86,30-06-2021,Chemical,14457.30379,92.78489782,Gas,1485.226195,417.2521092,15,0
86,31-07-2021,Chemical,8304.703619,80.8533279,Gas,1175.144974,485.0808789,15,0
86,31-08-2021,Chemical,19784.31397,70.49340993,Gas,2160.347116,624.6403429,15,0
86,30-09-2021,Chemical,19267.13381,99.38058891,Gas,2228.562053,445.1570145,15,0
86,31-10-2021,Chemical,16424.99669,98.86706577,Gas,962.5927551,618.7009936,15,0
86,30-11-2021,Chemical,9945.779788,98.60767113,Gas,1490.339668,400.5480476,15,0
86,31-12-2021,Chemical,9923.643787,64.17145228,Gas,909.8246945,632.7277304,15,0
86,31-01-2022,Chemical,14752.31785,64.27046608,Gas,1585.317128,695.8472293,15,0
86,28-02-2022,Chemical,16054.60905,79.73664013,Gas,928.8887269,453.5283431,15,0
86,31-03-2022,Chemical,16937.46738,97.64119433,Gas,2400.815415,464.2886096,15,0
86,30-04-2022,Chemical,12717.11596,80.54027821,Gas,933.9126299,400.9897417,15,0
86,31-05-2022,Chemical,17426.06772,73.01317965,Gas,1044.081535,672.1339028,15,0
86,30-06-2022,Chemical,13059.047,97.29018991,Gas,1298.887341,698.4691567,15,0
86,31-07-2022,Chemical,14327.85135,69.07652368,Gas,1673.317499,442.1443957,15,0
86,31-08-2022,Chemical,17269.08878,74.80175404,Gas,1937.768589,657.8702862,15,0
86,30-09-2022,Chemical,8301.843533,63.34890185,Gas,1129.757273,621.2202761,15,0
86,31-10-2022,Chemical,13365.81533,72.45119557,Gas,1843.252289,558.7664769,15,0
86,30-11-2022,Chemical,14914.00374,94.63983456,Gas,2154.235151,698.8567303,15,0
86,31-12-2022,Chemical,15217.42857,61.51128776,Gas,1347.166428,653.9834662,15,0
86,31-01-2023,Chemical,19850.72166,75.02848485,Gas,1070.065512,551.3453977,15,0
86,28-02-2023,Chemical,12964.45558,73.90348626,Gas,1185.818469,431.8038249,15,0
86,31-03-2023,Chemical,16659.26835,81.56159616,Gas,1492.375783,518.4358709,15,0
86,30-04-2023,Chemical,6456.187567,93.39101483,Gas,592.0816978,716.5199233,15,0
86,31-05-2023,Chemical,5866.927792,72.33677158,Gas,735.0034862,504.2499859,15,0
86,30-06-2023,Chemical,7342.126051,86.85719561,Gas,843.8707744,435.0776928,15,0
86,31-07-2023,Chemical,6107.787523,81.85876108,Gas,653.5666668,403.5249244,15,0
86,31-08-2023,Chemical,9483.862846,84.54390332,Gas,773.3477287,646.8043417,15,0
86,30-09-2023,Chemical,7535.497097,89.98559819,Gas,447.3691309,528.7837979,15,0
86,31-10-2023,Chemical,7486.529982,61.60027687,Gas,880.7971889,454.7059377,15,0
86,30-11-2023,Chemical,6312.834097,70.84724772,Gas,871.3155562,621.3873114,15,0
86,31-12-2023,Chemical,19831.96077,66.51747165,Gas,2054.816419,707.2564221,15,0
87,31-01-2019,Chemical,18713.93941,91.85060961,Gas,1999.605195,660.1681563,11,0
87,28-02-2019,Chemical,18164.74889,92.89636516,Gas,923.0053772,584.5199982,11,0
87,31-03-2019,Chemical,5954.175869,62.58518245,Gas,775.1024682,610.2776244,11,0
87,30-04-2019,Chemical,10345.5782,85.52813886,Gas,1162.246124,482.6284921,11,0
87,31-05-2019,Chemical,5742.122823,70.85084861,Gas,425.0861484,407.5221619,11,0
87,30-06-2019,Chemical,6901.226633,72.03904354,Gas,874.078055,478.0345727,11,0
87,31-07-2019,Chemical,13891.29726,79.17211025,Gas,1977.370887,601.2545279,11,0
87,31-08-2019,Chemical,14528.26522,90.77935333,Gas,1347.005079,663.1791981,11,0
87,30-09-2019,Chemical,18437.46997,78.23745378,Gas,1075.320222,702.4239559,11,0
87,31-10-2019,Chemical,16914.72604,64.23036443,Gas,1359.411324,526.9159541,11,0
87,30-11-2019,Chemical,11431.23983,90.88866839,Gas,922.1844906,698.0758469,11,0
87,31-12-2019,Chemical,7050.004884,78.49820206,Gas,567.7494085,470.1584283,11,0
87,31-01-2020,Chemical,10392.87625,74.96569642,Gas,1268.184711,452.0828881,11,0
87,29-02-2020,Chemical,14825.22838,99.08669363,Gas,1586.454434,574.1978323,11,0
87,31-03-2020,Chemical,17453.94418,95.92811948,Gas,1937.267716,525.949697,11,0
87,30-04-2020,Chemical,11532.76838,71.48717081,Gas,802.8500734,682.352849,11,0
87,31-05-2020,Chemical,12544.38216,74.45616597,Gas,1603.298232,659.7683976,11,0
87,30-06-2020,Chemical,8558.070627,71.69038064,Gas,1276.920346,654.2348386,11,0
87,31-07-2020,Chemical,19435.82464,82.24310949,Gas,1060.753438,482.5521586,11,0
87,31-08-2020,Chemical,8374.42384,70.28760934,Gas,951.4022678,645.4107497,11,0
87,30-09-2020,Chemical,19712.7482,85.99341308,Gas,2858.891819,671.2555017,11,0
87,31-10-2020,Chemical,18758.98857,68.9792676,Gas,1780.756649,529.5594205,11,0
87,30-11-2020,Chemical,6899.598535,62.10873396,Gas,951.8710144,672.1996816,11,0
87,31-12-2020,Chemical,18965.7684,62.46949121,Gas,1057.265844,529.1372135,11,0
87,31-01-2021,Chemical,5166.530995,87.70032321,Gas,320.2368578,699.7836486,11,0
87,28-02-2021,Chemical,7934.301948,77.16983354,Gas,798.3148461,587.4962868,11,0
87,31-03-2021,Chemical,16867.32158,90.86113153,Gas,864.7123881,448.5318012,11,0
87,30-04-2021,Chemical,14816.30461,84.86026199,Gas,1351.960796,699.0494403,11,0
87,31-05-2021,Chemical,6885.682665,96.02032915,Gas,523.5245499,508.4658846,11,0
87,30-06-2021,Chemical,15522.46796,73.49273624,Gas,1825.552265,481.389606,11,0
87,31-07-2021,Chemical,16992.56448,84.08564479,Gas,1890.509012,522.5322166,11,0
87,31-08-2021,Chemical,6496.721665,97.95642295,Gas,369.0126962,540.6109754,11,0
87,30-09-2021,Chemical,16965.26699,74.02955548,Gas,1967.667707,519.252377,11,0
87,31-10-2021,Chemical,18044.91663,64.88798346,Gas,2339.36484,623.2233844,11,0
87,30-11-2021,Chemical,16295.76655,65.4203051,Gas,990.5649475,605.18064,11,0
87,31-12-2021,Chemical,5541.780828,71.40073254,Gas,712.9031618,699.8126936,11,0
87,31-01-2022,Chemical,10771.84514,88.73413063,Gas,650.7575458,504.9357958,11,0
87,28-02-2022,Chemical,18478.84485,88.81478622,Gas,1226.868301,594.008009,11,0
87,31-03-2022,Chemical,16216.44001,89.60086118,Gas,2189.742975,464.7506344,11,0
87,30-04-2022,Chemical,16291.6262,74.31831094,Gas,828.1771428,414.0576582,11,0
87,31-05-2022,Chemical,5005.276526,68.98062921,Gas,501.2036333,622.2065934,11,0
87,30-06-2022,Chemical,13174.5016,80.32385862,Gas,1014.366208,450.2815063,11,0
87,31-07-2022,Chemical,19717.45824,94.18407502,Gas,1277.916928,465.2406846,11,0
87,31-08-2022,Chemical,14187.93953,78.5833276,Gas,1147.002981,524.347645,11,0
87,30-09-2022,Chemical,6168.119592,86.07756209,Gas,871.3889841,619.2843373,11,0
87,31-10-2022,Chemical,17441.69392,74.32036937,Gas,2002.773506,586.9072125,11,0
87,30-11-2022,Chemical,19891.40299,83.08814448,Gas,2808.55027,530.6294812,11,0
87,31-12-2022,Chemical,12270.21812,87.8610405,Gas,713.6303065,667.2329298,11,0
87,31-01-2023,Chemical,7873.607382,80.50381039,Gas,958.0617858,517.7586951,11,0
87,28-02-2023,Chemical,17448.73032,74.15458661,Gas,917.728436,572.0406191,11,0
87,31-03-2023,Chemical,18615.75546,72.28006804,Gas,1761.159212,420.7295236,11,0
87,30-04-2023,Chemical,14543.26735,83.18707892,Gas,1466.556527,646.3374586,11,0
87,31-05-2023,Chemical,6004.575519,73.15356824,Gas,882.9928383,527.4735298,11,0
87,30-06-2023,Chemical,17261.94744,97.86674897,Gas,1439.75927,466.338692,11,0
87,31-07-2023,Chemical,6263.069275,84.09406871,Gas,839.0482211,534.6270385,11,0
87,31-08-2023,Chemical,19349.4013,79.91282685,Gas,2873.654768,568.4658946,11,0
87,30-09-2023,Chemical,18644.81699,84.78718961,Gas,1457.31565,621.3537181,11,0
87,31-10-2023,Chemical,16459.05889,94.49116244,Gas,1066.493879,401.7788304,11,0
87,30-11-2023,Chemical,13067.52963,63.7929786,Gas,1197.690694,713.6886678,11,0
87,31-12-2023,Chemical,7099.515517,65.79889152,Gas,988.3231757,423.41345,11,0
88,31-01-2019,Cement,13513.59799,84.59659211,Diesel,934.2439004,694.4932215,11,0
88,28-02-2019,Cement,11812.78998,69.42974174,Diesel,845.9895482,694.2377877,11,0
88,31-03-2019,Cement,12679.50387,81.44033681,Diesel,1845.357842,678.20547,11,0
88,30-04-2019,Cement,7940.367413,98.66097742,Diesel,543.0132906,453.2877603,11,0
88,31-05-2019,Cement,17342.05911,88.40335502,Diesel,2544.788445,622.3543122,11,0
88,30-06-2019,Cement,5461.75574,99.71006613,Diesel,481.5410853,709.4954905,11,0
88,31-07-2019,Cement,8583.954575,84.4493087,Diesel,664.9743089,590.6719515,11,0
88,31-08-2019,Cement,5697.682047,68.14563178,Diesel,395.1416097,503.1733632,11,0
88,30-09-2019,Cement,15165.96478,69.10949904,Diesel,1711.113687,552.9968582,11,0
88,31-10-2019,Cement,7893.192501,92.55837217,Diesel,421.2366961,610.0377466,11,0
88,30-11-2019,Cement,5455.435811,75.96728573,Diesel,568.5155276,499.9213785,11,0
88,31-12-2019,Cement,18444.07882,65.03977415,Diesel,2723.325237,515.8277657,11,0
88,31-01-2020,Cement,5935.34832,89.02669599,Diesel,356.5130622,525.0062642,11,0
88,29-02-2020,Cement,5628.182856,81.12698315,Diesel,635.4870715,534.7160323,11,0
88,31-03-2020,Cement,10523.96677,77.10222303,Diesel,1419.055069,402.4227671,11,0
88,30-04-2020,Cement,14841.46596,97.43095883,Diesel,2182.19751,666.128265,11,0
88,31-05-2020,Cement,8318.306108,92.54790858,Diesel,859.5253339,494.8807095,11,0
88,30-06-2020,Cement,6397.130947,74.82642282,Diesel,610.5167354,445.8539703,11,0
88,31-07-2020,Cement,8322.785906,85.80070276,Diesel,1063.925415,579.5373626,11,0
88,31-08-2020,Cement,12033.45903,76.43423311,Diesel,654.7575653,678.0734592,11,0
88,30-09-2020,Cement,19962.54102,88.79728701,Diesel,2155.614386,458.6941671,11,0
88,31-10-2020,Cement,10539.12846,91.09557719,Diesel,1476.681177,640.4120282,11,0
88,30-11-2020,Cement,10955.88794,88.32767779,Diesel,631.2315194,492.8729149,11,0
88,31-12-2020,Cement,11891.32275,99.89331227,Diesel,756.9012592,674.3434237,11,0
88,31-01-2021,Cement,14246.85759,67.83136208,Diesel,1398.690542,420.1249299,11,0
88,28-02-2021,Cement,18402.95251,64.31272755,Diesel,1005.680508,511.1479794,11,0
88,31-03-2021,Cement,15789.25352,87.33178652,Diesel,2161.434093,507.0116412,11,0
88,30-04-2021,Cement,11581.02773,98.64155121,Diesel,669.0309545,465.6622342,11,0
88,31-05-2021,Cement,13252.96984,86.11529663,Diesel,1763.897415,623.4338713,11,0
88,30-06-2021,Cement,12397.89879,83.53632584,Diesel,980.0859673,623.333391,11,0
88,31-07-2021,Cement,18679.60054,93.99832739,Diesel,1994.785075,417.3990635,11,0
88,31-08-2021,Cement,13206.54037,69.58617991,Diesel,762.2913609,676.7669619,11,0
88,30-09-2021,Cement,9179.056771,80.06075037,Diesel,1014.717258,624.4938943,11,0
88,31-10-2021,Cement,19110.25387,64.68309783,Diesel,1700.82566,592.4561802,11,0
88,30-11-2021,Cement,18765.26195,62.78173136,Diesel,2758.077468,629.2715484,11,0
88,31-12-2021,Cement,8778.966911,65.79878873,Diesel,637.673879,484.0574467,11,0
88,31-01-2022,Cement,12827.21497,80.03588546,Diesel,783.291371,510.9190742,11,0
88,28-02-2022,Cement,17835.80903,94.37704753,Diesel,1304.417049,610.8371244,11,0
88,31-03-2022,Cement,17344.10859,98.45773475,Diesel,1776.331533,423.652001,11,0
88,30-04-2022,Cement,10467.11588,69.74248062,Diesel,603.6719638,411.2680634,11,0
88,31-05-2022,Cement,17130.37122,76.16954318,Diesel,2356.003794,647.9096261,11,0
88,30-06-2022,Cement,12026.50264,97.73396853,Diesel,1568.127554,709.6831319,11,0
88,31-07-2022,Cement,10931.39833,79.03737905,Diesel,1215.052495,530.7054131,11,0
88,31-08-2022,Cement,16062.72107,86.53313127,Diesel,1749.193924,624.4581379,11,0
88,30-09-2022,Cement,9423.173866,60.0745765,Diesel,529.8238988,550.5422039,11,0
88,31-10-2022,Cement,9079.176546,97.43389771,Diesel,792.2863204,417.997027,11,0
88,30-11-2022,Cement,6861.913776,86.68623782,Diesel,778.9109828,623.369746,11,0
88,31-12-2022,Cement,18654.5431,94.64470716,Diesel,1115.170832,454.9463563,11,0
88,31-01-2023,Cement,17421.96607,61.369842,Diesel,2147.090675,458.9661291,11,0
88,28-02-2023,Cement,15493.55505,76.1054079,Diesel,1834.384084,659.5936045,11,0
88,31-03-2023,Cement,8548.287186,70.04416816,Diesel,823.2331633,551.0118366,11,0
88,30-04-2023,Cement,10256.5932,66.49979056,Diesel,1346.036839,423.5267385,11,0
88,31-05-2023,Cement,7473.082065,90.39270391,Diesel,1027.335084,417.3990308,11,0
88,30-06-2023,Cement,11733.17644,89.47100684,Diesel,751.5153028,574.6066842,11,0
88,31-07-2023,Cement,13049.39361,83.50593286,Diesel,1039.797385,554.5535329,11,0
88,31-08-2023,Cement,8428.777259,70.4922736,Diesel,945.1732517,676.681402,11,0
88,30-09-2023,Cement,12307.35926,82.19234231,Diesel,748.0796526,587.1220848,11,0
88,31-10-2023,Cement,13308.48005,68.89424069,Diesel,1792.162755,714.6379206,11,0
88,30-11-2023,Cement,6026.268308,82.21187889,Diesel,728.4876062,688.8526372,11,0
88,31-12-2023,Cement,12276.54697,88.47161327,Diesel,878.9847746,696.2848168,11,0
89,31-01-2019,Cement,11505.83742,79.25387549,Coal,1333.643749,543.8997034,9,0
89,28-02-2019,Cement,8326.316296,74.34940576,Coal,799.0477138,620.3989268,9,0
89,31-03-2019,Cement,13221.57029,71.29819612,Coal,1946.120687,542.8358074,9,0
89,30-04-2019,Cement,16614.83536,94.54342553,Coal,1241.112083,588.7625629,9,0
89,31-05-2019,Cement,14538.2717,71.19580749,Coal,1966.399007,589.9298488,9,0
89,30-06-2019,Cement,5485.332316,70.6819716,Coal,325.7734619,531.2345606,9,0
89,31-07-2019,Cement,8160.081265,95.19391515,Coal,1080.172068,404.762497,9,0
89,31-08-2019,Cement,19833.77072,71.56613507,Coal,2875.343111,704.1351266,9,0
89,30-09-2019,Cement,6800.144585,85.75729757,Coal,867.4305797,569.9797839,9,0
89,31-10-2019,Cement,12602.28777,67.14539305,Coal,1310.845229,452.0671759,9,0
89,30-11-2019,Cement,11928.69081,81.60791233,Coal,1757.664434,553.9405144,9,0
89,31-12-2019,Cement,10926.00339,82.8448058,Coal,1082.526315,593.4860274,9,0
89,31-01-2020,Cement,16171.57411,79.19460946,Coal,1049.52287,463.1794466,9,0
89,29-02-2020,Cement,11114.41965,69.06729361,Coal,574.2886268,444.2285465,9,0
89,31-03-2020,Cement,11599.75382,67.89566113,Coal,1606.56076,601.8517634,9,0
89,30-04-2020,Cement,15091.12257,77.79550887,Coal,1130.888687,656.9811088,9,0
89,31-05-2020,Cement,7715.412553,92.27724505,Coal,1060.482682,562.9702328,9,0
89,30-06-2020,Cement,13458.55022,94.73476415,Coal,1015.456085,610.6910174,9,0
89,31-07-2020,Cement,5221.017667,86.2209442,Coal,444.3221821,444.9556758,9,0
89,31-08-2020,Cement,16810.28031,69.59823179,Coal,1610.820415,681.9405778,9,0
89,30-09-2020,Cement,13350.38159,99.85296033,Coal,1690.44427,581.4054253,9,0
89,31-10-2020,Cement,11861.03329,66.71116451,Coal,878.7196255,439.5209387,9,0
89,30-11-2020,Cement,13810.0974,94.08072562,Coal,1675.586428,588.1670763,9,0
89,31-12-2020,Cement,6800.478104,83.59996892,Coal,554.4112835,544.0606091,9,0
89,31-01-2021,Cement,15851.83837,88.31944079,Coal,1530.864488,687.998857,9,0
89,28-02-2021,Cement,12749.37996,70.90805387,Coal,1853.597305,706.579709,9,0
89,31-03-2021,Cement,15703.87611,76.15861059,Coal,1743.660866,445.888118,9,0
89,30-04-2021,Cement,10366.28019,73.36988723,Coal,1163.851862,618.7642197,9,0
89,31-05-2021,Cement,5397.675539,76.02786671,Coal,673.1585561,429.2824452,9,0
89,30-06-2021,Cement,13452.52466,89.51205066,Coal,882.8111446,569.225172,9,0
89,31-07-2021,Cement,13989.98934,81.35429922,Coal,1343.424588,552.0733535,9,0
89,31-08-2021,Cement,12969.54194,85.07261446,Coal,1579.032212,604.7336422,9,0
89,30-09-2021,Cement,7551.56302,90.11936098,Coal,662.2033955,607.7078678,9,0
89,31-10-2021,Cement,16961.77629,67.81654306,Coal,1193.594357,457.929728,9,0
89,30-11-2021,Cement,15022.55778,70.21206226,Coal,1398.368566,698.3043511,9,0
89,31-12-2021,Cement,7076.550672,91.81121356,Coal,590.1894923,437.4448874,9,0
89,31-01-2022,Cement,17398.51075,79.5994986,Coal,2567.849335,655.9263235,9,0
89,28-02-2022,Cement,7713.485099,76.52455445,Coal,937.5041213,492.346464,9,0
89,31-03-2022,Cement,13361.04186,89.27754433,Coal,978.2634712,507.1450475,9,0
89,30-04-2022,Cement,19825.64252,90.26346963,Coal,1231.458211,717.1670801,9,0
89,31-05-2022,Cement,15805.20483,73.77151515,Coal,1118.960156,707.5434237,9,0
89,30-06-2022,Cement,13757.23462,66.69954951,Coal,2022.013286,409.1821634,9,0
89,31-07-2022,Cement,12525.08911,76.12029781,Coal,1717.456723,705.0604548,9,0
89,31-08-2022,Cement,17196.00304,92.12701681,Coal,1829.792018,526.8521546,9,0
89,30-09-2022,Cement,16629.79191,95.96721586,Coal,2143.730693,626.0899916,9,0
89,31-10-2022,Cement,15819.59895,93.34658859,Coal,1436.601896,448.3704671,9,0
89,30-11-2022,Cement,15304.87467,70.65478422,Coal,1675.489814,488.3532868,9,0
89,31-12-2022,Cement,15565.58988,89.84256315,Coal,1256.471016,428.7762232,9,0
89,31-01-2023,Cement,18782.4892,89.26915003,Coal,1468.337398,542.8644119,9,0
89,28-02-2023,Cement,11917.1936,97.13391926,Coal,1332.492819,586.2623693,9,0
89,31-03-2023,Cement,9589.09668,71.76762611,Coal,908.0613411,597.6675108,9,0
89,30-04-2023,Cement,18706.42051,67.03987758,Coal,1352.495489,633.9528435,9,0
89,31-05-2023,Cement,16837.63341,93.85389816,Coal,1200.474194,452.8841741,9,0
89,30-06-2023,Cement,18190.77185,95.65563588,Coal,2210.445908,431.7679493,9,0
89,31-07-2023,Cement,6451.776808,94.4350423,Coal,445.655997,587.6394015,9,0
89,31-08-2023,Cement,13969.29786,72.31312751,Coal,1064.560236,454.0670114,9,0
89,30-09-2023,Cement,13670.02488,77.42278945,Coal,1569.181735,709.7419864,9,0
89,31-10-2023,Cement,17933.79154,82.11937588,Coal,2175.107499,651.0739903,9,0
89,30-11-2023,Cement,13475.16534,70.98335446,Coal,1614.236332,436.0834216,9,0
89,31-12-2023,Cement,8948.527299,74.73910633,Coal,1331.417595,415.3224561,9,0
90,31-01-2019,Cement,19981.25444,60.6618837,Coal,2939.955403,513.2525804,9,1
90,28-02-2019,Cement,19264.2374,88.39438483,Coal,1272.540678,699.9398438,9,1
90,31-03-2019,Cement,15424.20829,70.26707357,Coal,1509.285781,629.3992443,9,1
90,30-04-2019,Cement,12941.95833,84.54002933,Coal,665.3242929,561.0549395,9,1
90,31-05-2019,Cement,15866.80978,71.44525033,Coal,999.4131894,514.0286065,9,1
90,30-06-2019,Cement,13273.75669,98.64713919,Coal,1199.96486,415.4901298,9,1
90,31-07-2019,Cement,14855.4724,88.45390042,Coal,1253.004258,551.4979554,9,1
90,31-08-2019,Cement,9976.089246,79.95741753,Coal,843.7447257,493.7435891,9,1
90,30-09-2019,Cement,12928.68232,83.50120882,Coal,851.2638103,682.7141082,9,1
90,31-10-2019,Cement,11546.398,81.90092017,Coal,1283.384184,470.3442146,9,1
90,30-11-2019,Cement,8489.059309,85.51887619,Coal,619.9827109,597.173944,9,1
90,31-12-2019,Cement,12745.39028,81.7361549,Coal,1202.358638,401.1947995,9,1
90,31-01-2020,Cement,15828.134,99.9399026,Coal,2359.247472,598.1880008,9,1
90,29-02-2020,Cement,11242.86951,98.67328433,Coal,1370.672387,453.418173,9,1
90,31-03-2020,Cement,10059.36188,71.81342696,Coal,1254.618405,606.7142059,9,1
90,30-04-2020,Cement,12197.56848,78.08855866,Coal,630.1243324,439.7424818,9,1
90,31-05-2020,Cement,19293.94798,94.07669524,Coal,2666.037261,400.9115809,9,1
90,30-06-2020,Cement,7267.769633,77.7923342,Coal,1048.730505,606.2374247,9,1
90,31-07-2020,Cement,5511.070407,92.84975334,Coal,288.7927971,612.9503689,9,1
90,31-08-2020,Cement,16821.13519,88.2905604,Coal,1684.843269,414.090685,9,1
90,30-09-2020,Cement,15746.97645,65.96291549,Coal,1031.005963,574.5452922,9,1
90,31-10-2020,Cement,17157.46504,70.10046028,Coal,1243.24423,595.818205,9,1
90,30-11-2020,Cement,7313.242856,84.62518335,Coal,794.1789995,576.4022398,9,1
90,31-12-2020,Cement,18556.01876,91.34994127,Coal,1223.998851,453.6722787,9,1
90,31-01-2021,Cement,17640.12543,92.93477367,Coal,1360.558444,660.3639991,9,1
90,28-02-2021,Cement,18800.42591,92.98814759,Coal,1856.390832,545.2000205,9,1
90,31-03-2021,Cement,5972.253101,63.37379672,Coal,601.8208747,484.3714497,9,1
90,30-04-2021,Cement,8477.580705,77.6692082,Coal,761.2576694,633.7099207,9,1
90,31-05-2021,Cement,18588.14967,71.60546712,Coal,2134.236253,497.8708537,9,1
90,30-06-2021,Cement,13935.84584,65.21789521,Coal,1120.451952,529.8502997,9,1
90,31-07-2021,Cement,11205.46099,75.04671134,Coal,1515.582487,522.7941745,9,1
90,31-08-2021,Cement,19794.77918,87.80425534,Coal,1750.178447,640.4913898,9,1
90,30-09-2021,Cement,9876.841495,80.4464685,Coal,607.0540904,681.2947815,9,1
90,31-10-2021,Cement,7469.904227,75.41707345,Coal,1009.749819,714.5379438,9,1
90,30-11-2021,Cement,18652.59711,68.48433983,Coal,2600.34874,670.7628862,9,1
90,31-12-2021,Cement,13164.60512,97.42762178,Coal,1161.387172,609.5118029,9,1
90,31-01-2022,Cement,6748.687459,87.67010482,Coal,474.5462458,420.936237,9,1
90,28-02-2022,Cement,15597.60873,98.47623771,Coal,783.186307,652.4581988,9,1
90,31-03-2022,Cement,9446.160552,86.60889891,Coal,1263.514602,435.2908242,9,1
90,30-04-2022,Cement,7747.709802,79.05681221,Coal,873.6934013,622.9389638,9,1
90,31-05-2022,Cement,19784.16619,64.97158605,Coal,2885.433503,519.6855888,9,1
90,30-06-2022,Cement,15428.27894,99.83323015,Coal,1189.504646,603.3952407,9,1
90,31-07-2022,Cement,6491.47454,82.60736638,Coal,567.2292729,501.5485752,9,1
90,31-08-2022,Cement,12260.99017,85.69907172,Coal,783.4003657,528.836556,9,1
90,30-09-2022,Cement,15867.86527,82.63867371,Coal,2338.814305,677.4866323,9,1
90,31-10-2022,Cement,10885.51791,82.20329635,Coal,1585.370825,687.8848105,9,1
90,30-11-2022,Cement,6215.002387,91.43644451,Coal,796.3023933,435.2614806,9,1
90,31-12-2022,Cement,13774.1828,81.65749372,Coal,833.5571915,468.5733238,9,1
90,31-01-2023,Cement,5995.914117,97.0449047,Coal,388.591277,463.9290175,9,1
90,28-02-2023,Cement,8022.353709,86.11513356,Coal,666.7762692,509.167201,9,1
90,31-03-2023,Cement,6184.224591,63.75941009,Coal,639.0824013,640.2077163,9,1
90,30-04-2023,Cement,14065.24245,65.89230919,Coal,1989.610118,445.127362,9,1
90,31-05-2023,Cement,12494.89806,62.6166512,Coal,695.6011981,516.7458606,9,1
90,30-06-2023,Cement,11948.03076,95.1660923,Coal,818.6364371,691.4234517,9,1
90,31-07-2023,Cement,14457.45656,94.57184631,Coal,1478.053398,620.6830315,9,1
90,31-08-2023,Cement,19047.34103,66.36144415,Coal,1122.538334,452.139984,9,1
90,30-09-2023,Cement,10186.22357,82.68348599,Coal,1188.211035,473.7489291,9,1
90,31-10-2023,Cement,11015.13855,69.32713146,Coal,1445.484313,464.6797134,9,1
90,30-11-2023,Cement,8552.097205,60.89943381,Coal,1029.257083,597.2040606,9,1
90,31-12-2023,Cement,7453.009641,72.17738468,Coal,834.4424145,456.9696187,9,1
91,31-01-2019,Cement,18481.20028,70.61860014,Diesel,1118.60131,531.6136688,1,1
91,28-02-2019,Cement,14305.78923,91.07210072,Diesel,773.8428476,455.8363997,1,1
91,31-03-2019,Cement,17743.44857,68.98609363,Diesel,1085.405685,456.8216405,1,1
91,30-04-2019,Cement,8410.870929,60.50656948,Diesel,599.1553404,516.9075611,1,1
91,31-05-2019,Cement,12967.05498,77.87897386,Diesel,1897.57841,492.9056771,1,1
91,30-06-2019,Cement,16837.1129,80.63899747,Diesel,921.6448026,468.7584107,1,1
91,31-07-2019,Cement,13331.08349,80.49326622,Diesel,991.6693297,559.7939443,1,1
91,31-08-2019,Cement,16065.20641,69.55005134,Diesel,2141.67421,505.5737302,1,1
91,30-09-2019,Cement,6762.028839,96.82613324,Diesel,796.8798248,618.5234383,1,1
91,31-10-2019,Cement,15794.86931,79.85707943,Diesel,804.6201973,669.0017362,1,1
91,30-11-2019,Cement,19061.82524,87.41290548,Diesel,1500.830954,605.3929396,1,1
91,31-12-2019,Cement,16355.00224,85.65240278,Diesel,1992.036208,430.6525119,1,1
91,31-01-2020,Cement,15767.6638,70.51196513,Diesel,2040.247069,432.1663249,1,1
91,29-02-2020,Cement,5656.052288,65.90818604,Diesel,839.8254757,472.3110588,1,1
91,31-03-2020,Cement,15513.97102,74.620008,Diesel,800.1374465,450.5657856,1,1
91,30-04-2020,Cement,11030.98146,71.77686018,Diesel,769.8727651,575.7148308,1,1
91,31-05-2020,Cement,8608.501281,94.86271909,Diesel,1162.608964,534.3566964,1,1
91,30-06-2020,Cement,8065.562988,78.31510759,Diesel,606.4642617,471.648669,1,1
91,31-07-2020,Cement,18470.94383,65.48880232,Diesel,2473.302733,446.5849535,1,1
91,31-08-2020,Cement,12941.31254,91.65557438,Diesel,704.5713518,529.0645026,1,1
91,30-09-2020,Cement,5076.519003,82.76055862,Diesel,537.5139176,487.7756859,1,1
91,31-10-2020,Cement,17974.12423,86.38440504,Diesel,1579.213996,417.7554051,1,1
91,30-11-2020,Cement,5638.050798,99.59970436,Diesel,596.0616056,561.9422867,1,1
91,31-12-2020,Cement,14626.84059,68.27550227,Diesel,1696.823223,710.9452558,1,1
91,31-01-2021,Cement,7430.062934,82.92753328,Diesel,741.4019602,544.8027284,1,1
91,28-02-2021,Cement,14719.86862,99.46609764,Diesel,1310.978698,442.6497228,1,1
91,31-03-2021,Cement,8769.963828,98.24465501,Diesel,1184.134562,678.9570897,1,1
91,30-04-2021,Cement,19793.98606,60.33981321,Diesel,2072.006102,609.9156958,1,1
91,31-05-2021,Cement,13901.78467,75.226839,Diesel,1792.944734,504.2800562,1,1
91,30-06-2021,Cement,6655.056674,82.23366461,Diesel,977.2326719,406.5638408,1,1
91,31-07-2021,Cement,11987.70934,73.08899901,Diesel,752.5626403,552.8812609,1,1
91,31-08-2021,Cement,18302.03871,74.57911835,Diesel,1335.977787,462.6771174,1,1
91,30-09-2021,Cement,16996.86393,83.94404593,Diesel,2231.384734,502.5092834,1,1
91,31-10-2021,Cement,11047.66052,79.86134167,Diesel,597.6061685,615.7435399,1,1
91,30-11-2021,Cement,12082.82677,92.12039538,Diesel,1036.293045,415.0536228,1,1
91,31-12-2021,Cement,16775.04016,97.07093518,Diesel,1577.374152,496.4725731,1,1
91,31-01-2022,Cement,8097.580381,77.64170445,Diesel,627.0315191,588.9149651,1,1
91,28-02-2022,Cement,5791.894922,87.87943926,Diesel,831.5629661,649.9734641,1,1
91,31-03-2022,Cement,10884.28865,78.21005297,Diesel,869.0424282,712.5570843,1,1
91,30-04-2022,Cement,18990.39116,70.3593244,Diesel,1552.057202,690.6523849,1,1
91,31-05-2022,Cement,15411.08274,65.2027934,Diesel,1169.873173,535.4577661,1,1
91,30-06-2022,Cement,5655.948858,81.7258993,Diesel,607.2399572,553.2795333,1,1
91,31-07-2022,Cement,18033.68068,77.05845752,Diesel,2661.811599,647.5710575,1,1
91,31-08-2022,Cement,11074.54769,77.75188302,Diesel,745.7548725,682.6600123,1,1
91,30-09-2022,Cement,8973.539982,71.65666279,Diesel,815.563688,693.8493337,1,1
91,31-10-2022,Cement,10326.44489,94.60720599,Diesel,1324.202764,630.2771653,1,1
91,30-11-2022,Cement,8732.936931,67.15536146,Diesel,886.9181854,492.9838031,1,1
91,31-12-2022,Cement,9769.519987,79.85116799,Diesel,1311.22948,467.8453831,1,1
91,31-01-2023,Cement,8662.327613,67.82839929,Diesel,1289.902764,606.8325005,1,1
91,28-02-2023,Cement,6861.072239,89.68634519,Diesel,420.9240563,619.9212832,1,1
91,31-03-2023,Cement,10731.72403,82.48708698,Diesel,1594.522607,588.8453808,1,1
91,30-04-2023,Cement,13910.4186,84.35377038,Diesel,1571.615163,508.1200041,1,1
91,31-05-2023,Cement,18354.09289,91.6497189,Diesel,1681.192576,598.2222461,1,1
91,30-06-2023,Cement,11455.91082,73.99005948,Diesel,644.9549865,417.5902865,1,1
91,31-07-2023,Cement,5792.947174,66.0153726,Diesel,705.5540284,682.0667385,1,1
91,31-08-2023,Cement,5310.686405,99.48363317,Diesel,367.4203897,511.8139403,1,1
91,30-09-2023,Cement,5888.496641,90.91514648,Diesel,660.7612792,553.881351,1,1
91,31-10-2023,Cement,17220.19658,89.760842,Diesel,1849.315561,647.7952325,1,1
91,30-11-2023,Cement,8835.644916,87.03109159,Diesel,955.5761315,480.2438203,1,1
91,31-12-2023,Cement,7873.054503,66.20765667,Diesel,1008.931141,554.029083,1,1
92,31-01-2019,Chemical,13279.73415,62.10095914,Gas,1041.24195,473.5392199,18,0
92,28-02-2019,Chemical,7028.683204,92.84617214,Gas,777.4644016,574.8905444,18,0
92,31-03-2019,Chemical,17805.4376,65.01269625,Gas,1628.25566,717.6583318,18,0
92,30-04-2019,Chemical,18377.74422,74.51688091,Gas,1057.501083,571.6908749,18,0
92,31-05-2019,Chemical,15213.10289,80.35863953,Gas,1133.24579,603.8287995,18,0
92,30-06-2019,Chemical,13872.78424,78.89969606,Gas,1675.782489,423.2939779,18,0
92,31-07-2019,Chemical,7916.207152,60.69301816,Gas,636.1250999,536.9140641,18,0
92,31-08-2019,Chemical,5214.966148,95.83125957,Gas,301.7696956,450.1038194,18,0
92,30-09-2019,Chemical,14935.61219,85.54356293,Gas,839.0909796,556.64757,18,0
92,31-10-2019,Chemical,16055.41412,69.97412977,Gas,2085.782274,540.2337809,18,0
92,30-11-2019,Chemical,19666.5345,98.55351167,Gas,1837.876912,672.7060137,18,0
92,31-12-2019,Chemical,10121.9802,94.27422477,Gas,765.0571444,489.5886376,18,0
92,31-01-2020,Chemical,12458.89935,81.27794266,Gas,1657.098659,651.4732166,18,0
92,29-02-2020,Chemical,12324.00763,89.41607557,Gas,1103.913858,616.7116277,18,0
92,31-03-2020,Chemical,16311.63782,77.0312236,Gas,1876.097138,719.3546651,18,0
92,30-04-2020,Chemical,19663.44289,72.08964074,Gas,2387.366668,602.1271553,18,0
92,31-05-2020,Chemical,15085.18381,90.95829468,Gas,1210.858441,518.5567948,18,0
92,30-06-2020,Chemical,10821.37512,60.96927252,Gas,1498.266013,416.7331757,18,0
92,31-07-2020,Chemical,13353.50751,69.31515082,Gas,1440.270494,661.4865296,18,0
92,31-08-2020,Chemical,14247.23542,70.17092931,Gas,1163.634623,560.7762688,18,0
92,30-09-2020,Chemical,17977.86685,97.7027895,Gas,2102.445255,649.70486,18,0
92,31-10-2020,Chemical,7717.530778,61.32858962,Gas,505.284574,404.1787694,18,0
92,30-11-2020,Chemical,9968.31207,90.68008305,Gas,538.2200948,477.2540206,18,0
92,31-12-2020,Chemical,17552.49894,88.57570184,Gas,2168.032893,431.7204703,18,0
92,31-01-2021,Chemical,6520.15036,68.60528934,Gas,607.8153853,711.822459,18,0
92,28-02-2021,Chemical,6529.126506,87.87810399,Gas,739.0294397,448.8387835,18,0
92,31-03-2021,Chemical,6975.797591,87.14827575,Gas,591.9083709,444.3830708,18,0
92,30-04-2021,Chemical,9776.540954,63.68807571,Gas,489.4467815,566.3004869,18,0
92,31-05-2021,Chemical,10560.11557,62.51839336,Gas,1347.516916,592.8490637,18,0
92,30-06-2021,Chemical,12781.11709,88.92584465,Gas,1145.231076,546.1266339,18,0
92,31-07-2021,Chemical,14749.04259,80.20263035,Gas,1611.232454,453.5915855,18,0
92,31-08-2021,Chemical,17864.07819,64.65926093,Gas,1844.198727,636.6270776,18,0
92,30-09-2021,Chemical,7183.167055,90.66397358,Gas,725.5813266,451.8429431,18,0
92,31-10-2021,Chemical,7789.45696,97.06325062,Gas,1008.092179,474.7882686,18,0
92,30-11-2021,Chemical,8870.313062,69.33388356,Gas,978.8625485,414.1256652,18,0
92,31-12-2021,Chemical,17842.96227,90.44978185,Gas,1557.598016,712.8429201,18,0
92,31-01-2022,Chemical,6297.807366,63.33868682,Gas,390.2368035,488.5979429,18,0
92,28-02-2022,Chemical,14665.45145,61.33559379,Gas,1874.546,466.3017557,18,0
92,31-03-2022,Chemical,9623.926,97.20537148,Gas,815.1969419,442.7128498,18,0
92,30-04-2022,Chemical,16246.04087,92.40825045,Gas,2422.764987,711.9425248,18,0
92,31-05-2022,Chemical,12633.47168,83.97598788,Gas,1626.234348,699.531691,18,0
92,30-06-2022,Chemical,13034.6906,78.72939671,Gas,973.9697717,630.9328749,18,0
92,31-07-2022,Chemical,16526.48398,94.1298642,Gas,2144.181328,450.4978504,18,0
92,31-08-2022,Chemical,14713.26972,71.55159447,Gas,796.5423652,698.446871,18,0
92,30-09-2022,Chemical,11588.16647,98.99905911,Gas,1409.748877,507.8525196,18,0
92,31-10-2022,Chemical,6634.551893,96.39166332,Gas,886.6235525,698.6328586,18,0
92,30-11-2022,Chemical,8466.349207,86.87750752,Gas,820.2490823,559.0098872,18,0
92,31-12-2022,Chemical,16940.55928,92.60312922,Gas,2183.482231,638.1916322,18,0
92,31-01-2023,Chemical,11236.02394,73.61169812,Gas,992.5765458,630.1934314,18,0
92,28-02-2023,Chemical,19398.02021,99.53571718,Gas,2157.514198,564.6296098,18,0
92,31-03-2023,Chemical,11403.8006,93.45301301,Gas,832.8890288,627.6736395,18,0
92,30-04-2023,Chemical,6331.500965,80.25571767,Gas,581.1724722,431.6600697,18,0
92,31-05-2023,Chemical,9987.005014,84.4952768,Gas,578.6809727,627.2463396,18,0
92,30-06-2023,Chemical,8212.819191,93.26721325,Gas,778.5676398,623.2240925,18,0
92,31-07-2023,Chemical,19961.42351,67.63951872,Gas,2771.600125,493.4748674,18,0
92,31-08-2023,Chemical,14050.79273,92.85117927,Gas,946.544841,544.5228908,18,0
92,30-09-2023,Chemical,5884.598114,93.66622202,Gas,878.0865618,616.8380481,18,0
92,31-10-2023,Chemical,16752.46059,89.29664251,Gas,1990.609296,478.452857,18,0
92,30-11-2023,Chemical,16034.56751,60.60058565,Gas,842.7529308,412.1431862,18,0
92,31-12-2023,Chemical,16650.1817,99.94723778,Gas,1410.177491,676.6218604,18,0
93,31-01-2019,Steel,13352.65921,93.96479683,Diesel,984.2711923,407.4863794,9,0
93,28-02-2019,Steel,12565.10256,66.16282853,Diesel,703.8916002,474.8670483,9,0
93,31-03-2019,Steel,7801.684926,92.36501141,Diesel,1066.445248,432.7499571,9,0
93,30-04-2019,Steel,18259.73595,92.88658309,Diesel,2215.869764,696.3763236,9,0
93,31-05-2019,Steel,12246.12876,63.61351338,Diesel,1127.222465,476.6713784,9,0
93,30-06-2019,Steel,19155.87008,71.08353601,Diesel,1334.403993,598.5391218,9,0
93,31-07-2019,Steel,12835.56694,75.97016279,Diesel,1196.121085,480.839714,9,0
93,31-08-2019,Steel,10787.56929,60.57591373,Diesel,1101.527506,623.6772408,9,0
93,30-09-2019,Steel,19466.80291,63.86346981,Diesel,2746.201364,521.1894744,9,0
93,31-10-2019,Steel,14000.97617,68.37385512,Diesel,1740.188431,584.9764365,9,0
93,30-11-2019,Steel,9307.710107,69.24988826,Diesel,1324.517133,469.3269032,9,0
93,31-12-2019,Steel,7700.026505,82.09851025,Diesel,824.3594465,601.187361,9,0
93,31-01-2020,Steel,12931.34336,74.10088984,Diesel,1816.182584,566.6141798,9,0
93,29-02-2020,Steel,8489.510283,95.97715932,Diesel,546.2925062,536.3366065,9,0
93,31-03-2020,Steel,8241.86303,94.75346488,Diesel,1151.548399,426.1179902,9,0
93,30-04-2020,Steel,10852.93551,86.49055087,Diesel,1626.187554,471.3810923,9,0
93,31-05-2020,Steel,13567.38442,80.16520829,Diesel,988.0603514,609.3955259,9,0
93,30-06-2020,Steel,8300.549461,82.7563253,Diesel,1205.567189,691.2249673,9,0
93,31-07-2020,Steel,17161.50572,85.13497817,Diesel,2516.953587,665.0777466,9,0
93,31-08-2020,Steel,14085.44176,67.9048573,Diesel,1887.836618,584.4521475,9,0
93,30-09-2020,Steel,10708.08497,74.03182517,Diesel,592.1972298,700.2214749,9,0
93,31-10-2020,Steel,9536.600847,84.1288238,Diesel,1392.137433,402.2810561,9,0
93,30-11-2020,Steel,10547.17727,88.64756795,Diesel,1142.507303,507.3081409,9,0
93,31-12-2020,Steel,11462.8158,90.69642217,Diesel,590.1117759,677.0433514,9,0
93,31-01-2021,Steel,18358.07786,64.95698192,Diesel,2113.952843,696.5093177,9,0
93,28-02-2021,Steel,16790.369,69.80195272,Diesel,1283.866339,616.5251102,9,0
93,31-03-2021,Steel,6818.028924,74.17058754,Diesel,433.6603912,668.7113724,9,0
93,30-04-2021,Steel,9951.637725,82.37667722,Diesel,1238.586084,567.3805154,9,0
93,31-05-2021,Steel,17446.16404,79.66344603,Diesel,2597.9238,477.8746662,9,0
93,30-06-2021,Steel,10581.00259,63.31770032,Diesel,1016.32734,569.5439365,9,0
93,31-07-2021,Steel,8283.967559,64.5550656,Diesel,460.9098539,677.3540505,9,0
93,31-08-2021,Steel,12800.64249,93.04149935,Diesel,1450.89587,705.4683296,9,0
93,30-09-2021,Steel,9237.562336,98.62680202,Diesel,791.3130134,609.4498322,9,0
93,31-10-2021,Steel,17165.43424,65.06536786,Diesel,2467.512096,453.6120141,9,0
93,30-11-2021,Steel,10604.00526,72.77773651,Diesel,1263.641296,533.3376572,9,0
93,31-12-2021,Steel,12037.51724,97.66861404,Diesel,820.6956357,465.3891058,9,0
93,31-01-2022,Steel,5144.788295,96.71782289,Diesel,364.5207927,682.0903627,9,0
93,28-02-2022,Steel,6559.202853,75.14827055,Diesel,455.1296375,577.2111999,9,0
93,31-03-2022,Steel,5855.056669,71.58193219,Diesel,583.8155943,564.5925781,9,0
93,30-04-2022,Steel,9813.586843,68.952597,Diesel,646.683422,626.2662255,9,0
93,31-05-2022,Steel,17545.98451,75.67730943,Diesel,2572.08967,496.1525527,9,0
93,30-06-2022,Steel,19701.74465,87.05657057,Diesel,1551.21862,596.8854033,9,0
93,31-07-2022,Steel,13766.59222,88.5295823,Diesel,1563.977366,554.5863283,9,0
93,31-08-2022,Steel,16263.7548,75.67221218,Diesel,1577.862565,507.4026852,9,0
93,30-09-2022,Steel,9062.446374,64.43434546,Diesel,457.7352558,543.9374557,9,0
93,31-10-2022,Steel,11212.16503,93.80894516,Diesel,1200.891449,442.2608597,9,0
93,30-11-2022,Steel,10892.63035,65.27367002,Diesel,570.6382655,410.0167569,9,0
93,31-12-2022,Steel,9302.399084,75.07186091,Diesel,1389.085031,461.4353134,9,0
93,31-01-2023,Steel,9863.367823,99.97674724,Diesel,881.0099653,471.3506624,9,0
93,28-02-2023,Steel,8253.114001,79.25393266,Diesel,676.3411967,411.6677277,9,0
93,31-03-2023,Steel,15563.69546,65.21715408,Diesel,1950.116897,649.8184305,9,0
93,30-04-2023,Steel,10715.78575,66.9169583,Diesel,1059.590393,686.325085,9,0
93,31-05-2023,Steel,13653.62463,61.83551956,Diesel,1396.833282,667.0118873,9,0
93,30-06-2023,Steel,11575.93197,97.96143104,Diesel,823.3984854,543.2838646,9,0
93,31-07-2023,Steel,12237.24777,79.88169232,Diesel,1372.087098,514.6974454,9,0
93,31-08-2023,Steel,14366.63817,62.53291957,Diesel,1363.063659,496.2734886,9,0
93,30-09-2023,Steel,8244.812405,62.46251934,Diesel,1090.002505,619.0647417,9,0
93,31-10-2023,Steel,17533.3369,98.33397613,Diesel,1373.732685,400.0449691,9,0
93,30-11-2023,Steel,16142.2126,87.59635435,Diesel,1560.122054,718.5787716,9,0
93,31-12-2023,Steel,18066.34265,62.37847168,Diesel,1082.58483,703.372267,9,0
94,31-01-2019,Cement,5157.781416,70.65298556,Coal,457.8067783,425.0557307,1,0
94,28-02-2019,Cement,10181.90593,66.92797556,Coal,1109.2525,631.2012984,1,0
94,31-03-2019,Cement,15989.94052,79.08313247,Coal,1811.419031,563.8926895,1,0
94,30-04-2019,Cement,7941.265999,66.85171947,Coal,931.4546996,629.9162173,1,0
94,31-05-2019,Cement,16995.25755,91.64755629,Coal,2455.426287,666.1611265,1,0
94,30-06-2019,Cement,11278.59907,70.29905004,Coal,1002.838198,579.7117566,1,0
94,31-07-2019,Cement,8887.752589,80.89287493,Coal,543.5515709,649.3463266,1,0
94,31-08-2019,Cement,17978.10417,67.21314768,Coal,2158.52323,641.3820815,1,0
94,30-09-2019,Cement,14619.14403,61.95789576,Coal,2048.270886,638.1184433,1,0
94,31-10-2019,Cement,11295.112,79.44672787,Coal,1356.001221,516.8064462,1,0
94,30-11-2019,Cement,6754.626712,73.44890174,Coal,903.5386234,533.1059278,1,0
94,31-12-2019,Cement,7570.022032,76.82583719,Coal,472.7787708,668.0652455,1,0
94,31-01-2020,Cement,10295.33902,77.9281421,Coal,604.4551452,589.7694627,1,0
94,29-02-2020,Cement,10361.96138,71.39397387,Coal,798.5226511,561.336575,1,0
94,31-03-2020,Cement,11666.22075,75.9850402,Coal,1615.751772,459.0038542,1,0
94,30-04-2020,Cement,10441.22079,72.68390129,Coal,1215.715433,516.326312,1,0
94,31-05-2020,Cement,18684.58623,93.39778797,Coal,2470.318397,406.9534823,1,0
94,30-06-2020,Cement,18221.05905,81.2131143,Coal,2689.433521,438.3575234,1,0
94,31-07-2020,Cement,9481.982882,80.02421834,Coal,1214.693495,552.6613285,1,0
94,31-08-2020,Cement,8631.684382,88.18176537,Coal,1014.362711,499.9180851,1,0
94,30-09-2020,Cement,14467.5098,81.0287807,Coal,867.398658,604.4858834,1,0
94,31-10-2020,Cement,6556.837624,91.39160346,Coal,735.4704724,678.3902253,1,0
94,30-11-2020,Cement,17844.23651,85.79111241,Coal,2316.291029,556.105569,1,0
94,31-12-2020,Cement,7648.908232,79.53815047,Coal,1099.498529,688.0895952,1,0
94,31-01-2021,Cement,9884.157306,71.17815662,Coal,702.3335848,652.1481021,1,0
94,28-02-2021,Cement,7887.320784,86.48012318,Coal,455.1085963,678.2341485,1,0
94,31-03-2021,Cement,11824.40377,69.43092005,Coal,615.6333553,695.0003778,1,0
94,30-04-2021,Cement,11070.82391,71.96460105,Coal,802.8239499,419.4806354,1,0
94,31-05-2021,Cement,8521.06977,72.19414378,Coal,1032.657956,447.0328697,1,0
94,30-06-2021,Cement,9421.26,99.81853066,Coal,1320.016116,568.3468032,1,0
94,31-07-2021,Cement,9295.707144,98.858351,Coal,878.8342183,531.1151639,1,0
94,31-08-2021,Cement,12661.17098,87.61035768,Coal,1662.372027,547.9198922,1,0
94,30-09-2021,Cement,14408.91234,60.66505392,Coal,1973.69463,595.1373812,1,0
94,31-10-2021,Cement,7466.758201,86.70446512,Coal,759.2062227,564.4329484,1,0
94,30-11-2021,Cement,10982.04422,90.03529701,Coal,571.3214636,405.5554126,1,0
94,31-12-2021,Cement,16135.23291,98.94416973,Coal,2255.937699,418.900275,1,0
94,31-01-2022,Cement,6997.546491,94.39604611,Coal,883.6382857,671.8625561,1,0
94,28-02-2022,Cement,12098.68162,87.24080583,Coal,1179.243274,425.1717269,1,0
94,31-03-2022,Cement,16045.92692,98.57538578,Coal,1195.00707,676.3720869,1,0
94,30-04-2022,Cement,17133.83664,86.38393833,Coal,2249.482228,629.8779766,1,0
94,31-05-2022,Cement,13854.87672,68.73862496,Coal,1702.739771,602.7867051,1,0
94,30-06-2022,Cement,9827.610817,86.93533202,Coal,554.9143777,444.2399145,1,0
94,31-07-2022,Cement,6003.726559,71.4602609,Coal,584.4302927,553.1379219,1,0
94,31-08-2022,Cement,6155.657637,92.14038036,Coal,588.0669039,609.1814228,1,0
94,30-09-2022,Cement,15943.06697,85.99934104,Coal,1113.890116,656.8927793,1,0
94,31-10-2022,Cement,11628.14636,68.18084358,Coal,1472.75848,658.041349,1,0
94,30-11-2022,Cement,17111.46413,85.73932688,Coal,2009.805785,495.8472736,1,0
94,31-12-2022,Cement,13990.57977,69.2687701,Coal,1986.952963,485.9340386,1,0
94,31-01-2023,Cement,14541.60751,60.92533275,Coal,1479.053771,430.7266719,1,0
94,28-02-2023,Cement,14043.38246,67.84061774,Coal,1596.143741,475.5288917,1,0
94,31-03-2023,Cement,14301.0211,64.78645371,Coal,1315.730753,611.8272005,1,0
94,30-04-2023,Cement,8512.776182,81.26794322,Coal,1190.187928,636.1766345,1,0
94,31-05-2023,Cement,8353.158196,60.34916834,Coal,510.3071851,694.1817999,1,0
94,30-06-2023,Cement,16242.66278,63.39304722,Coal,1563.296325,525.8914329,1,0
94,31-07-2023,Cement,5177.03487,81.98705033,Coal,463.7905269,542.0873054,1,0
94,31-08-2023,Cement,16339.14416,61.44958863,Coal,1529.987991,701.8287547,1,0
94,30-09-2023,Cement,11286.09144,66.05142669,Coal,778.7062886,517.9904302,1,0
94,31-10-2023,Cement,7919.33697,83.31978039,Coal,969.4599994,690.9089586,1,0
94,30-11-2023,Cement,19086.53567,96.08488379,Coal,1903.427646,641.1592557,1,0
94,31-12-2023,Cement,6116.06428,99.8201952,Coal,682.9707311,446.7381126,1,0
95,31-01-2019,Steel,16841.81775,75.27284418,Gas,869.5645678,646.4689204,3,0
95,28-02-2019,Steel,7572.026531,96.11994171,Gas,1051.220988,684.2785291,3,0
95,31-03-2019,Steel,10393.29445,81.98183616,Gas,1134.541338,506.6535093,3,0
95,30-04-2019,Steel,12900.74327,72.37903975,Gas,1657.7631,464.1940085,3,0
95,31-05-2019,Steel,15112.40869,78.50362926,Gas,2074.567351,529.2882119,3,0
95,30-06-2019,Steel,17705.04402,64.84020708,Gas,2211.696411,576.614342,3,0
95,31-07-2019,Steel,5879.861791,75.36764851,Gas,731.6873905,654.981699,3,0
95,31-08-2019,Steel,7188.434289,94.63567283,Gas,705.7465903,480.6704123,3,0
95,30-09-2019,Steel,7626.655182,63.87014558,Gas,643.9254433,425.3496599,3,0
95,31-10-2019,Steel,5731.71359,81.11535987,Gas,674.5103475,609.8995568,3,0
95,30-11-2019,Steel,15545.06787,88.69850331,Gas,1658.747516,422.7028539,3,0
95,31-12-2019,Steel,11816.76851,73.48818534,Gas,798.2252552,400.3024324,3,0
95,31-01-2020,Steel,13897.67551,68.13376145,Gas,1566.696182,656.6666109,3,0
95,29-02-2020,Steel,9637.438454,97.19725188,Gas,783.5941094,610.9665673,3,0
95,31-03-2020,Steel,8976.803994,66.50466825,Gas,1302.567344,474.3803331,3,0
95,30-04-2020,Steel,12046.12818,71.05720272,Gas,984.6796099,613.5736155,3,0
95,31-05-2020,Steel,6960.522549,78.08313784,Gas,515.9757557,649.9120827,3,0
95,30-06-2020,Steel,5566.842778,67.1348164,Gas,387.077722,561.2143331,3,0
95,31-07-2020,Steel,12298.54527,75.80850059,Gas,1700.889443,584.4687578,3,0
95,31-08-2020,Steel,15251.33957,73.98003159,Gas,1539.714691,476.5716383,3,0
95,30-09-2020,Steel,7683.731708,96.59531002,Gas,1094.820161,671.014258,3,0
95,31-10-2020,Steel,9413.64626,84.88148187,Gas,809.6120348,657.1119171,3,0
95,30-11-2020,Steel,8977.794841,73.16159639,Gas,1112.319978,704.9749609,3,0
95,31-12-2020,Steel,17329.78753,93.72403805,Gas,2504.470501,485.7222429,3,0
95,31-01-2021,Steel,9195.351701,91.12124223,Gas,936.619447,503.3537026,3,0
95,28-02-2021,Steel,6389.3082,83.99493326,Gas,406.5273582,400.8799294,3,0
95,31-03-2021,Steel,19831.97826,86.08788202,Gas,1707.178198,464.5391072,3,0
95,30-04-2021,Steel,9353.905935,92.06349775,Gas,736.0566721,601.9383736,3,0
95,31-05-2021,Steel,8254.210466,96.39128443,Gas,613.8627841,611.846169,3,0
95,30-06-2021,Steel,14763.1955,76.34928493,Gas,969.5416143,687.8309898,3,0
95,31-07-2021,Steel,15897.26018,94.29661582,Gas,1020.007985,454.9273575,3,0
95,31-08-2021,Steel,5455.318179,70.33028875,Gas,409.4602756,570.4021639,3,0
95,30-09-2021,Steel,16024.7049,63.20510518,Gas,839.6216478,703.8870388,3,0
95,31-10-2021,Steel,10359.60394,64.59278016,Gas,1254.669791,607.4018772,3,0
95,30-11-2021,Steel,5643.305292,97.49306216,Gas,331.8142432,411.5683649,3,0
95,31-12-2021,Steel,7770.451858,94.04438194,Gas,524.9503455,644.557984,3,0
95,31-01-2022,Steel,19532.43065,98.37917085,Gas,1019.552267,498.3710125,3,0
95,28-02-2022,Steel,14899.08388,66.60305519,Gas,920.8998079,563.9638586,3,0
95,31-03-2022,Steel,17246.9409,97.43613783,Gas,1085.128081,613.6307322,3,0
95,30-04-2022,Steel,8960.773645,95.79436809,Gas,1321.974393,446.5524153,3,0
95,31-05-2022,Steel,6322.273318,72.36686431,Gas,926.8662377,539.0519921,3,0
95,30-06-2022,Steel,13168.74362,64.388682,Gas,1436.582109,674.6538422,3,0
95,31-07-2022,Steel,8882.975622,80.98124269,Gas,1181.303292,479.2578812,3,0
95,31-08-2022,Steel,12678.11024,92.27144604,Gas,1062.38932,499.5055484,3,0
95,30-09-2022,Steel,9362.461503,81.3515337,Gas,1367.59909,440.3735392,3,0
95,31-10-2022,Steel,15813.02676,71.67306746,Gas,1913.602782,594.7388225,3,0
95,30-11-2022,Steel,14908.50802,87.85980878,Gas,1385.512765,700.125936,3,0
95,31-12-2022,Steel,5396.19318,94.84018186,Gas,425.7997424,410.7911965,3,0
95,31-01-2023,Steel,14486.25053,96.03706766,Gas,852.3838022,687.7626296,3,0
95,28-02-2023,Steel,17909.79396,96.70754585,Gas,1333.32692,664.5772653,3,0
95,31-03-2023,Steel,16779.59563,95.59699539,Gas,2181.832072,519.6918003,3,0
95,30-04-2023,Steel,11429.79178,82.59815179,Gas,649.4951699,423.0808219,3,0
95,31-05-2023,Steel,15302.1468,64.52663166,Gas,2279.642352,620.6652472,3,0
95,30-06-2023,Steel,13950.86106,85.425716,Gas,808.3345725,638.9665603,3,0
95,31-07-2023,Steel,14383.69658,71.0387981,Gas,1053.412978,671.5779556,3,0
95,31-08-2023,Steel,15266.86901,63.2492103,Gas,1447.804464,476.0510542,3,0
95,30-09-2023,Steel,19759.56349,63.73827078,Gas,2834.736462,529.3269243,3,0
95,31-10-2023,Steel,7190.540324,98.46760453,Gas,733.6513693,504.2440686,3,0
95,30-11-2023,Steel,7480.480923,90.05375389,Gas,883.0356891,631.7192271,3,0
95,31-12-2023,Steel,10203.8484,94.7213109,Gas,1199.643905,414.0685062,3,0
96,31-01-2019,Textile,15026.61127,61.60183537,Diesel,2016.024589,535.1116677,13,1
96,28-02-2019,Textile,12371.70991,65.12314024,Diesel,1097.08392,447.9703639,13,1
96,31-03-2019,Textile,17304.56262,91.2250537,Diesel,1196.72165,543.7722287,13,1
96,30-04-2019,Textile,6215.748745,88.37625744,Diesel,726.0577488,421.5125941,13,1
96,31-05-2019,Textile,17420.81629,96.88081309,Diesel,1938.846324,672.90768,13,1
96,30-06-2019,Textile,12208.06399,83.0191094,Diesel,1136.789362,650.6841861,13,1
96,31-07-2019,Textile,17753.50955,78.22882465,Diesel,1529.404537,564.28607,13,1
96,31-08-2019,Textile,14210.83934,88.57015213,Diesel,1601.089176,454.2204957,13,1
96,30-09-2019,Textile,5135.372261,94.67854487,Diesel,286.606938,537.5564797,13,1
96,31-10-2019,Textile,18329.74422,86.94358057,Diesel,2521.595344,461.1013128,13,1
96,30-11-2019,Textile,9407.396469,64.63299242,Diesel,1341.360565,502.0788046,13,1
96,31-12-2019,Textile,8243.600676,87.53225005,Diesel,434.6604226,602.1646804,13,1
96,31-01-2020,Textile,15156.91706,94.68089793,Diesel,1691.224761,433.6110636,13,1
96,29-02-2020,Textile,19863.71784,96.14798417,Diesel,1433.984122,697.6038715,13,1
96,31-03-2020,Textile,14843.55908,61.72710813,Diesel,2170.692103,710.9388449,13,1
96,30-04-2020,Textile,18726.91595,77.08512299,Diesel,2542.413822,538.0724131,13,1
96,31-05-2020,Textile,15170.67479,64.83862475,Diesel,2169.017501,551.5096219,13,1
96,30-06-2020,Textile,7021.431825,82.49299732,Diesel,984.7865358,563.3064443,13,1
96,31-07-2020,Textile,15993.5496,87.07454452,Diesel,1003.858844,514.3993011,13,1
96,31-08-2020,Textile,10002.61514,78.19525689,Diesel,1074.016927,671.0624095,13,1
96,30-09-2020,Textile,14641.20209,62.06694064,Diesel,1935.795065,678.1688661,13,1
96,31-10-2020,Textile,5992.191219,72.79949319,Diesel,863.7722151,646.0791653,13,1
96,30-11-2020,Textile,18589.23229,78.99946118,Diesel,1552.836474,689.808703,13,1
96,31-12-2020,Textile,6970.834329,92.82533807,Diesel,977.8312833,641.4996906,13,1
96,31-01-2021,Textile,9670.306292,62.28644647,Diesel,1292.517098,491.8515817,13,1
96,28-02-2021,Textile,15111.80191,63.29391946,Diesel,1452.25181,538.1434839,13,1
96,31-03-2021,Textile,18059.95824,98.57616902,Diesel,2295.046959,552.5147183,13,1
96,30-04-2021,Textile,5496.850278,91.05204368,Diesel,409.6071153,668.5982619,13,1
96,31-05-2021,Textile,17084.93743,98.18898238,Diesel,2086.607647,444.4963068,13,1
96,30-06-2021,Textile,9962.285211,80.49233369,Diesel,1008.698883,674.7327166,13,1
96,31-07-2021,Textile,19057.34764,92.63111345,Diesel,1550.728115,636.9804974,13,1
96,31-08-2021,Textile,15637.96852,73.09332974,Diesel,1688.912746,476.7213163,13,1
96,30-09-2021,Textile,17538.13282,75.58477589,Diesel,1144.772394,561.1920639,13,1
96,31-10-2021,Textile,16889.6488,80.64302767,Diesel,2462.122415,576.8014065,13,1
96,30-11-2021,Textile,10580.63887,60.59992057,Diesel,1434.516072,476.9434409,13,1
96,31-12-2021,Textile,19270.60203,82.02881461,Diesel,2111.63371,644.1955446,13,1
96,31-01-2022,Textile,7260.03146,86.47724862,Diesel,780.8947875,616.2576699,13,1
96,28-02-2022,Textile,9619.660684,67.52538925,Diesel,973.9463072,476.7881185,13,1
96,31-03-2022,Textile,13539.35403,87.18058339,Diesel,1321.792975,598.3221594,13,1
96,30-04-2022,Textile,15910.61045,95.72716325,Diesel,1129.323467,647.526718,13,1
96,31-05-2022,Textile,8720.582171,98.5179362,Diesel,848.003296,431.4857647,13,1
96,30-06-2022,Textile,13625.64082,66.85367884,Diesel,1408.913765,648.552792,13,1
96,31-07-2022,Textile,10449.90002,68.42704442,Diesel,1169.815713,584.2417167,13,1
96,31-08-2022,Textile,18137.80077,73.41202953,Diesel,2343.929921,401.8278691,13,1
96,30-09-2022,Textile,11507.93746,76.10888824,Diesel,809.1597874,641.2123607,13,1
96,31-10-2022,Textile,13405.52009,92.28074866,Diesel,771.6028164,700.5841298,13,1
96,30-11-2022,Textile,14621.4141,65.96062905,Diesel,1717.974995,659.0906407,13,1
96,31-12-2022,Textile,16673.01009,60.19726949,Diesel,2354.379643,590.6436732,13,1
96,31-01-2023,Textile,6950.558342,64.99765289,Diesel,641.8905066,532.4453906,13,1
96,28-02-2023,Textile,7140.691729,96.34619154,Diesel,426.6954895,461.2439754,13,1
96,31-03-2023,Textile,19403.04227,94.78100579,Diesel,2043.406162,573.7498645,13,1
96,30-04-2023,Textile,16311.41126,88.49001343,Diesel,1357.88824,637.5316912,13,1
96,31-05-2023,Textile,17410.77733,63.0647259,Diesel,1228.145589,502.0547105,13,1
96,30-06-2023,Textile,7147.977305,67.61539467,Diesel,959.7085698,509.2074101,13,1
96,31-07-2023,Textile,16851.99212,96.68319146,Diesel,1842.542284,481.4538343,13,1
96,31-08-2023,Textile,13901.53628,93.86718446,Diesel,1694.987262,643.7277667,13,1
96,30-09-2023,Textile,6734.882634,87.03165894,Diesel,922.8395158,536.668107,13,1
96,31-10-2023,Textile,6153.182482,76.62645731,Diesel,520.9657856,592.9369142,13,1
96,30-11-2023,Textile,5606.752478,67.64029061,Diesel,616.4589784,539.0913686,13,1
96,31-12-2023,Textile,15543.62244,84.24844705,Diesel,1337.505097,705.1350032,13,1
97,31-01-2019,Textile,10617.1298,75.729948,Gas,701.8347747,445.4951067,14,0
97,28-02-2019,Textile,14395.06776,79.16925955,Gas,1847.572186,645.8189083,14,0
97,31-03-2019,Textile,19959.20393,99.22079676,Gas,1628.016315,665.4669885,14,0
97,30-04-2019,Textile,5364.463705,86.67355631,Gas,566.0424478,432.3283991,14,0
97,31-05-2019,Textile,18692.63949,75.46361676,Gas,2003.722557,702.2066331,14,0
97,30-06-2019,Textile,10557.35438,99.14018494,Gas,766.8343384,532.6468324,14,0
97,31-07-2019,Textile,18018.06605,90.45384741,Gas,2034.841292,461.6953147,14,0
97,31-08-2019,Textile,14888.54398,84.09315451,Gas,1427.301971,475.1796995,14,0
97,30-09-2019,Textile,14374.18499,68.97527148,Gas,1359.08023,650.321299,14,0
97,31-10-2019,Textile,6632.364083,65.40543342,Gas,909.9130083,467.2622359,14,0
97,30-11-2019,Textile,13010.206,83.92452092,Gas,895.814041,648.9617732,14,0
97,31-12-2019,Textile,12613.9089,74.91740349,Gas,1216.78314,655.5995931,14,0
97,31-01-2020,Textile,11242.09333,60.51760948,Gas,887.4853448,528.2290684,14,0
97,29-02-2020,Textile,5407.362357,69.14457664,Gas,629.594463,409.5807306,14,0
97,31-03-2020,Textile,11291.43267,97.17381806,Gas,1604.877421,441.4876096,14,0
97,30-04-2020,Textile,16822.1094,76.70430266,Gas,1029.278376,691.4026868,14,0
97,31-05-2020,Textile,19660.65436,68.86098628,Gas,1813.392638,426.7691887,14,0
97,30-06-2020,Textile,16361.82515,67.125843,Gas,1160.628344,442.8999223,14,0
97,31-07-2020,Textile,17786.61325,76.09972039,Gas,2659.454507,509.7326047,14,0
97,31-08-2020,Textile,15223.97011,90.11142563,Gas,1716.019924,512.044686,14,0
97,30-09-2020,Textile,18011.35481,89.98724913,Gas,1523.694575,415.4747631,14,0
97,31-10-2020,Textile,19347.77241,95.61732756,Gas,2123.25204,444.5922181,14,0
97,30-11-2020,Textile,8356.17029,93.70916929,Gas,537.4010829,448.7854088,14,0
97,31-12-2020,Textile,9886.954023,89.01049002,Gas,1431.562139,408.914277,14,0
97,31-01-2021,Textile,16662.34095,76.28473467,Gas,996.2577873,491.4322128,14,0
97,28-02-2021,Textile,17322.37981,82.55992063,Gas,1947.75062,547.9254934,14,0
97,31-03-2021,Textile,11644.34426,96.21346753,Gas,823.1364955,568.8505435,14,0
97,30-04-2021,Textile,6630.618753,78.24004952,Gas,443.9411379,537.9051643,14,0
97,31-05-2021,Textile,16974.47951,83.70300284,Gas,1817.88039,600.6003258,14,0
97,30-06-2021,Textile,8732.419171,77.61081365,Gas,831.0408428,564.2464866,14,0
97,31-07-2021,Textile,15357.07312,91.47321413,Gas,938.1392577,515.762422,14,0
97,31-08-2021,Textile,18322.39142,74.57021589,Gas,1728.326598,466.3612494,14,0
97,30-09-2021,Textile,12337.24884,94.77498902,Gas,1155.971319,655.0622123,14,0
97,31-10-2021,Textile,17776.76083,87.90987527,Gas,2028.094311,474.2699272,14,0
97,30-11-2021,Textile,18863.22858,98.24982673,Gas,1482.671357,691.0386494,14,0
97,31-12-2021,Textile,19648.89554,85.13570916,Gas,2109.964538,588.4313246,14,0
97,31-01-2022,Textile,5440.193402,73.42875577,Gas,465.1077056,478.2996725,14,0
97,28-02-2022,Textile,8586.409486,60.4706933,Gas,843.4804536,427.7097495,14,0
97,31-03-2022,Textile,8466.24145,64.39760711,Gas,1069.652053,425.0769902,14,0
97,30-04-2022,Textile,7088.134521,62.24958135,Gas,781.6476639,424.6691396,14,0
97,31-05-2022,Textile,18560.76014,64.58630585,Gas,1112.354233,630.4207464,14,0
97,30-06-2022,Textile,17855.98338,77.33567891,Gas,1668.840107,557.5945713,14,0
97,31-07-2022,Textile,10381.98439,98.54692534,Gas,759.6154375,656.656891,14,0
97,31-08-2022,Textile,18345.49782,95.75101511,Gas,1456.361253,663.9408821,14,0
97,30-09-2022,Textile,10139.04522,86.11454394,Gas,930.7633562,525.9720193,14,0
97,31-10-2022,Textile,9128.836648,61.16362906,Gas,542.5747175,575.9130262,14,0
97,30-11-2022,Textile,13887.77082,96.03484495,Gas,1173.813899,485.8850109,14,0
97,31-12-2022,Textile,9982.069727,72.16745978,Gas,908.6777893,665.9576426,14,0
97,31-01-2023,Textile,18495.40928,94.88405801,Gas,954.5697476,584.844996,14,0
97,28-02-2023,Textile,8909.085326,96.18901588,Gas,613.9563241,679.5813479,14,0
97,31-03-2023,Textile,14223.8774,76.6739336,Gas,820.5962483,595.0251132,14,0
97,30-04-2023,Textile,13819.92227,79.10973179,Gas,1116.375905,541.1009529,14,0
97,31-05-2023,Textile,13555.12882,94.28144341,Gas,1499.934069,422.5688175,14,0
97,30-06-2023,Textile,19893.07243,91.8144688,Gas,1119.772018,455.2326651,14,0
97,31-07-2023,Textile,6918.683092,62.34979756,Gas,778.9976342,481.1402654,14,0
97,31-08-2023,Textile,19684.7585,69.08434016,Gas,1777.637028,714.0955279,14,0
97,30-09-2023,Textile,7435.284308,67.07901924,Gas,865.5116793,699.8993655,14,0
97,31-10-2023,Textile,13964.40862,99.73169515,Gas,1924.321279,656.1694963,14,0
97,30-11-2023,Textile,9908.271356,90.16605064,Gas,1353.727614,472.784155,14,0
97,31-12-2023,Textile,10750.25514,98.00187094,Gas,611.5532798,645.4290364,14,0
98,31-01-2019,Pharma,16115.35296,95.87902804,Coal,944.9110572,691.785957,11,0
98,28-02-2019,Pharma,10075.52254,71.0343422,Coal,1249.62851,517.2311089,11,0
98,31-03-2019,Pharma,8537.154022,65.98395707,Coal,1017.451979,416.8224097,11,0
98,30-04-2019,Pharma,14233.66504,89.75709096,Coal,1686.126374,496.1634223,11,0
98,31-05-2019,Pharma,10540.02789,77.73695994,Coal,1469.963384,678.9016055,11,0
98,30-06-2019,Pharma,5532.943488,71.44136447,Coal,359.7684419,715.3878916,11,0
98,31-07-2019,Pharma,10874.24531,73.96995827,Coal,1016.249431,664.6561571,11,0
98,31-08-2019,Pharma,13904.78891,79.49482436,Coal,1981.726626,522.0234819,11,0
98,30-09-2019,Pharma,8887.608463,94.36275859,Coal,573.6588312,542.4340103,11,0
98,31-10-2019,Pharma,18216.78885,63.40512874,Coal,1288.750379,707.399956,11,0
98,30-11-2019,Pharma,18930.9582,65.4533997,Coal,1768.501274,412.324163,11,0
98,31-12-2019,Pharma,5182.282901,75.74625611,Coal,753.1634509,422.0384869,11,0
98,31-01-2020,Pharma,13229.57836,67.20196644,Coal,1394.457191,541.0772895,11,0
98,29-02-2020,Pharma,8846.597646,79.32003531,Coal,1146.562338,519.3759074,11,0
98,31-03-2020,Pharma,15837.86823,72.91864734,Coal,1675.211017,563.2826097,11,0
98,30-04-2020,Pharma,8318.082126,80.6315749,Coal,930.4819372,529.6220802,11,0
98,31-05-2020,Pharma,13806.95443,79.4985997,Coal,1107.523004,587.7234707,11,0
98,30-06-2020,Pharma,17503.12339,67.17149234,Coal,2371.543295,460.6549618,11,0
98,31-07-2020,Pharma,8505.290857,95.01541272,Coal,1192.353468,621.120189,11,0
98,31-08-2020,Pharma,17220.92664,73.49274751,Coal,1976.570048,430.171494,11,0
98,30-09-2020,Pharma,9792.397636,72.9556,Coal,745.4721277,712.438963,11,0
98,31-10-2020,Pharma,14194.75239,75.54673582,Coal,1935.397804,555.4695111,11,0
98,30-11-2020,Pharma,7912.840002,80.27851773,Coal,491.9907389,672.0840811,11,0
98,31-12-2020,Pharma,15963.29327,80.63345661,Coal,1217.878886,561.0942357,11,0
98,31-01-2021,Pharma,18938.15093,92.80621957,Coal,953.6017034,699.054231,11,0
98,28-02-2021,Pharma,7213.586923,83.03317717,Coal,619.3383675,587.3803137,11,0
98,31-03-2021,Pharma,16823.69029,71.84881117,Coal,1681.433756,610.4716623,11,0
98,30-04-2021,Pharma,8124.418078,62.48308125,Coal,746.5564063,699.5943832,11,0
98,31-05-2021,Pharma,16148.43697,61.15672265,Coal,2092.974263,579.8242645,11,0
98,30-06-2021,Pharma,16152.55901,96.01410558,Coal,1818.53994,441.1538386,11,0
98,31-07-2021,Pharma,19344.96532,85.7443773,Coal,1146.87338,635.648675,11,0
98,31-08-2021,Pharma,7340.929147,89.82904579,Coal,646.998274,436.8399932,11,0
98,30-09-2021,Pharma,9793.108856,83.07825167,Coal,1158.412868,606.2858543,11,0
98,31-10-2021,Pharma,7416.733957,81.31493,Coal,567.4061676,618.2930062,11,0
98,30-11-2021,Pharma,10972.3851,88.90888604,Coal,1513.26341,655.6224501,11,0
98,31-12-2021,Pharma,19407.00803,69.01448688,Coal,1672.616515,647.5933988,11,0
98,31-01-2022,Pharma,6121.758992,63.89503892,Coal,863.8925396,598.9744671,11,0
98,28-02-2022,Pharma,6485.575609,64.31937643,Coal,612.3457841,544.9980421,11,0
98,31-03-2022,Pharma,10600.89754,72.38147219,Coal,1304.887185,630.9364018,11,0
98,30-04-2022,Pharma,17661.5754,74.65085178,Coal,1618.296131,479.7562077,11,0
98,31-05-2022,Pharma,14794.1787,76.92913492,Coal,2003.254354,713.9019582,11,0
98,30-06-2022,Pharma,11140.46514,62.30855548,Coal,734.7285248,661.935451,11,0
98,31-07-2022,Pharma,11475.76379,68.32128648,Coal,1140.100375,525.375594,11,0
98,31-08-2022,Pharma,9781.432132,76.2642301,Coal,565.6376783,582.0003586,11,0
98,30-09-2022,Pharma,12970.28676,90.04502757,Coal,1830.014949,502.5329115,11,0
98,31-10-2022,Pharma,11053.53382,84.71146135,Coal,1615.503433,658.6054765,11,0
98,30-11-2022,Pharma,5027.974172,62.50439836,Coal,572.578145,579.8757336,11,0
98,31-12-2022,Pharma,17067.0104,69.22068396,Coal,2537.068254,516.3802625,11,0
98,31-01-2023,Pharma,7853.489896,85.48352102,Coal,451.3336285,566.1305177,11,0
98,28-02-2023,Pharma,10417.93987,93.75659521,Coal,551.3154807,613.180481,11,0
98,31-03-2023,Pharma,5237.533415,92.95893108,Coal,396.4248294,608.8716998,11,0
98,30-04-2023,Pharma,7375.641091,64.27137907,Coal,745.4412563,515.7912128,11,0
98,31-05-2023,Pharma,10359.13027,96.95516603,Coal,947.293318,676.4572901,11,0
98,30-06-2023,Pharma,13709.0301,69.47226691,Coal,994.0705398,517.5376618,11,0
98,31-07-2023,Pharma,9147.175589,61.70751342,Coal,1237.305355,621.3047883,11,0
98,31-08-2023,Pharma,12651.94744,80.11145143,Coal,1087.584892,687.7507371,11,0
98,30-09-2023,Pharma,17182.60095,90.84977486,Coal,2471.188272,508.9008936,11,0
98,31-10-2023,Pharma,8480.640484,80.97922245,Coal,1166.04675,674.8478913,11,0
98,30-11-2023,Pharma,13758.08785,94.72904601,Coal,1658.142368,432.048344,11,0
98,31-12-2023,Pharma,13474.56443,84.62526617,Coal,1928.183772,583.2836369,11,0
99,31-01-2019,Steel,13283.12836,75.82025381,Gas,910.8871831,712.8028635,18,0
99,28-02-2019,Steel,18816.62213,92.19478637,Gas,2710.669545,403.5568239,18,0
99,31-03-2019,Steel,8861.976858,77.32966961,Gas,1054.720237,416.2963392,18,0
99,30-04-2019,Steel,17763.25321,61.02154334,Gas,2313.810073,551.8736267,18,0
99,31-05-2019,Steel,13183.8039,76.08285986,Gas,1956.835768,408.964425,18,0
99,30-06-2019,Steel,14972.42504,90.18930911,Gas,2230.055853,546.9212655,18,0
99,31-07-2019,Steel,18970.20677,77.30241976,Gas,1170.986114,716.3570202,18,0
99,31-08-2019,Steel,13162.8481,61.8110696,Gas,1463.522672,493.6091393,18,0
99,30-09-2019,Steel,6479.751451,84.37722619,Gas,666.5639415,573.2564084,18,0
99,31-10-2019,Steel,6305.537909,86.33781466,Gas,638.2465797,501.2590542,18,0
99,30-11-2019,Steel,9530.315267,94.18619552,Gas,790.5408937,654.2584256,18,0
99,31-12-2019,Steel,13566.01808,83.81393918,Gas,1530.766812,486.86235,18,0
99,31-01-2020,Steel,12504.89975,98.85061111,Gas,1842.668589,553.0705894,18,0
99,29-02-2020,Steel,11368.39858,81.36118665,Gas,1465.813717,719.3965329,18,0
99,31-03-2020,Steel,13634.57502,64.58184252,Gas,1633.763696,542.4534682,18,0
99,30-04-2020,Steel,7284.599123,88.28571096,Gas,543.4771666,464.2661705,18,0
99,31-05-2020,Steel,7877.52761,90.22749582,Gas,1029.280058,668.3575041,18,0
99,30-06-2020,Steel,13577.37063,93.81798172,Gas,695.4075586,541.1065575,18,0
99,31-07-2020,Steel,19610.12423,81.92732338,Gas,1160.471757,707.5320459,18,0
99,31-08-2020,Steel,17609.65944,75.8518699,Gas,2417.733692,555.737979,18,0
99,30-09-2020,Steel,7043.970171,84.2258011,Gas,948.4218709,544.7116066,18,0
99,31-10-2020,Steel,15235.43116,88.61052351,Gas,1919.01357,648.8595024,18,0
99,30-11-2020,Steel,9375.4539,88.3139446,Gas,776.0571281,540.6698419,18,0
99,31-12-2020,Steel,10642.62808,94.57415947,Gas,540.3102087,502.8028733,18,0
99,31-01-2021,Steel,11211.84941,93.00649526,Gas,617.3708918,507.7026003,18,0
99,28-02-2021,Steel,15509.45177,67.38311671,Gas,1419.471274,683.4661275,18,0
99,31-03-2021,Steel,14666.85739,70.31616425,Gas,1309.14209,495.2383876,18,0
99,30-04-2021,Steel,5728.627394,81.09850905,Gas,554.9252406,697.6261708,18,0
99,31-05-2021,Steel,19997.94331,71.58061058,Gas,2970.068258,597.5615015,18,0
99,30-06-2021,Steel,11517.53331,62.45190939,Gas,1402.568775,600.0968053,18,0
99,31-07-2021,Steel,6955.886637,77.93225366,Gas,426.2180311,571.2148515,18,0
99,31-08-2021,Steel,11268.92389,86.46573161,Gas,919.0858199,520.624334,18,0
99,30-09-2021,Steel,9261.825135,81.9220505,Gas,1115.361599,446.789428,18,0
99,31-10-2021,Steel,7316.124429,75.09001428,Gas,521.5829197,548.4443473,18,0
99,30-11-2021,Steel,18654.95195,69.27017931,Gas,2416.616713,407.852591,18,0
99,31-12-2021,Steel,8337.955878,65.41263933,Gas,632.0025955,563.3564912,18,0
99,31-01-2022,Steel,5541.306058,82.66970088,Gas,548.0881447,704.8399794,18,0
99,28-02-2022,Steel,10051.51509,92.13643418,Gas,1222.99655,469.5646653,18,0
99,31-03-2022,Steel,13069.42919,63.74760006,Gas,1957.416869,609.2646693,18,0
99,30-04-2022,Steel,7872.235289,72.796979,Gas,790.5882412,688.2824216,18,0
99,31-05-2022,Steel,12849.12869,97.6743018,Gas,1443.114517,599.3760601,18,0
99,30-06-2022,Steel,14528.75621,96.05261446,Gas,1455.118327,665.3799714,18,0
99,31-07-2022,Steel,14001.66581,72.84812324,Gas,1241.157928,612.9993026,18,0
99,31-08-2022,Steel,13035.50495,62.27335403,Gas,1574.526699,589.8607592,18,0
99,30-09-2022,Steel,16028.7462,61.59206149,Gas,1074.526395,597.2314937,18,0
99,31-10-2022,Steel,7313.852577,62.76344533,Gas,682.0129461,562.0332467,18,0
99,30-11-2022,Steel,6155.058915,65.44773278,Gas,458.1468535,577.062884,18,0
99,31-12-2022,Steel,13416.27132,68.43602931,Gas,1801.080458,485.2305049,18,0
99,31-01-2023,Steel,8904.626651,65.93720337,Gas,1115.226214,572.4283128,18,0
99,28-02-2023,Steel,19833.76972,69.04457614,Gas,1298.840514,632.8624644,18,0
99,31-03-2023,Steel,17170.34993,89.64478699,Gas,1964.072684,606.4071178,18,0
99,30-04-2023,Steel,9469.502233,68.42286175,Gas,544.8741823,490.9001924,18,0
99,31-05-2023,Steel,10159.71479,94.38005428,Gas,1200.671677,615.2965435,18,0
99,30-06-2023,Steel,5265.173113,90.42604629,Gas,448.8233384,659.2354278,18,0
99,31-07-2023,Steel,10022.50437,68.28786887,Gas,1053.713169,412.9350843,18,0
99,31-08-2023,Steel,6635.566706,79.62207127,Gas,611.190163,422.1401302,18,0
99,30-09-2023,Steel,12007.18312,80.49357465,Gas,728.9418965,551.3517529,18,0
99,31-10-2023,Steel,9955.997763,67.02363276,Gas,1391.277753,579.0326222,18,0
99,30-11-2023,Steel,12693.28314,66.00932174,Gas,663.7777187,717.4905243,18,0
99,31-12-2023,Steel,17644.6727,84.46126115,Gas,901.2470206,593.0960677,18,0
100,31-01-2019,Steel,17983.58997,83.98092027,Diesel,1237.985965,591.6254982,9,1
100,28-02-2019,Steel,17658.79635,91.69219323,Diesel,2259.006636,615.8250903,9,1
100,31-03-2019,Steel,5949.945786,71.51164796,Diesel,639.4767453,466.0900341,9,1
100,30-04-2019,Steel,7023.766395,96.34630841,Diesel,604.0983052,468.2690965,9,1
100,31-05-2019,Steel,16175.43707,66.96452659,Diesel,2269.069395,443.4357883,9,1
100,30-06-2019,Steel,12005.63107,86.69896744,Diesel,1759.866765,404.5095996,9,1
100,31-07-2019,Steel,12747.7552,79.77102445,Diesel,1024.068055,424.216431,9,1
100,31-08-2019,Steel,9794.531491,61.38052506,Diesel,1390.5808,461.1963421,9,1
100,30-09-2019,Steel,13496.62457,97.20651748,Diesel,715.2995189,701.3773244,9,1
100,31-10-2019,Steel,8427.064337,68.66797453,Diesel,1107.22125,612.6150724,9,1
100,30-11-2019,Steel,16357.09381,86.17376258,Diesel,2275.358173,602.1148407,9,1
100,31-12-2019,Steel,10804.43809,61.99784042,Diesel,1232.653145,683.7405683,9,1
100,31-01-2020,Steel,8068.333782,98.90000724,Diesel,1069.840134,691.5568844,9,1
100,29-02-2020,Steel,17774.86182,62.51370767,Diesel,2533.249885,455.3871696,9,1
100,31-03-2020,Steel,12395.53726,82.24524622,Diesel,1440.209359,486.9416712,9,1
100,30-04-2020,Steel,15824.32415,60.1580063,Diesel,1875.853333,413.4486112,9,1
100,31-05-2020,Steel,18371.93506,75.91045047,Diesel,1221.409666,416.8305414,9,1
100,30-06-2020,Steel,10470.08631,77.64363965,Diesel,1030.449288,555.1705066,9,1
100,31-07-2020,Steel,7747.956663,64.36498568,Diesel,1065.17921,526.4937031,9,1
100,31-08-2020,Steel,17603.99908,84.01640196,Diesel,1881.504816,598.8565477,9,1
100,30-09-2020,Steel,6849.165137,92.59038804,Diesel,827.5243189,426.6026659,9,1
100,31-10-2020,Steel,19590.3352,85.39178008,Diesel,2834.500528,680.9608528,9,1
100,30-11-2020,Steel,18140.6708,63.75331363,Diesel,1345.370394,633.0634498,9,1
100,31-12-2020,Steel,12894.46881,67.76956189,Diesel,1801.48703,533.7309004,9,1
100,31-01-2021,Steel,6885.556202,62.32584993,Diesel,577.0616354,561.6862657,9,1
100,28-02-2021,Steel,6484.493633,96.6232074,Diesel,770.2336206,703.5030949,9,1
100,31-03-2021,Steel,16887.29791,86.34065843,Diesel,2259.047737,579.9968464,9,1
100,30-04-2021,Steel,7105.132738,70.78581084,Diesel,771.3390177,480.568028,9,1
100,31-05-2021,Steel,10737.12668,66.24203842,Diesel,644.289089,429.9708444,9,1
100,30-06-2021,Steel,14726.90222,68.63678692,Diesel,1559.758643,686.5223677,9,1
100,31-07-2021,Steel,10823.11745,69.40283586,Diesel,714.6908384,462.9332865,9,1
100,31-08-2021,Steel,10381.60792,73.16012165,Diesel,647.117773,504.7345047,9,1
100,30-09-2021,Steel,7409.354474,69.30990172,Diesel,886.4104584,673.2410805,9,1
100,31-10-2021,Steel,15371.02007,75.67445885,Diesel,935.2931786,401.3161693,9,1
100,30-11-2021,Steel,18234.98421,88.41595827,Diesel,1713.727204,706.3736855,9,1
100,31-12-2021,Steel,17000.85735,85.04627599,Diesel,1596.582571,634.3979874,9,1
100,31-01-2022,Steel,19256.66768,83.23823022,Diesel,2156.816011,690.6583893,9,1
100,28-02-2022,Steel,10849.27676,68.27482228,Diesel,576.834736,561.6512498,9,1
100,31-03-2022,Steel,19473.34463,84.69184044,Diesel,1010.543283,511.4168962,9,1
100,30-04-2022,Steel,16336.83983,93.53089304,Diesel,1484.797018,619.6045436,9,1
100,31-05-2022,Steel,9707.690784,64.35763702,Diesel,586.2598788,621.7337824,9,1
100,30-06-2022,Steel,19864.39659,65.61454024,Diesel,1736.762243,538.1458552,9,1
100,31-07-2022,Steel,16176.91348,90.1999164,Diesel,2010.276773,545.3058748,9,1
100,31-08-2022,Steel,16805.38407,79.48335028,Diesel,1928.059626,583.9604834,9,1
100,30-09-2022,Steel,6621.207067,93.13261372,Diesel,403.4438172,581.2181282,9,1
100,31-10-2022,Steel,14795.12137,92.07022745,Diesel,2079.118277,447.2422647,9,1
100,30-11-2022,Steel,15882.52696,71.13575862,Diesel,1868.463367,477.6349901,9,1
100,31-12-2022,Steel,17246.35895,68.75897086,Diesel,1111.860925,429.1603834,9,1
100,31-01-2023,Steel,16799.36994,67.70942138,Diesel,974.5077868,683.0898854,9,1
100,28-02-2023,Steel,5672.435538,81.0841618,Diesel,360.8472862,542.9592139,9,1
100,31-03-2023,Steel,11454.898,90.32793999,Diesel,836.1689172,544.243812,9,1
100,30-04-2023,Steel,14312.15825,69.23458647,Diesel,1256.861388,401.59874,9,1
100,31-05-2023,Steel,18070.37148,95.4019482,Diesel,2328.116313,520.2825931,9,1
100,30-06-2023,Steel,6524.5284,69.85608127,Diesel,733.6220466,549.6241252,9,1
100,31-07-2023,Steel,19947.25321,84.34976498,Diesel,2828.727366,703.5239431,9,1
100,31-08-2023,Steel,16929.40057,83.0588752,Diesel,1336.192858,583.3886577,9,1
100,30-09-2023,Steel,12459.28786,98.51177284,Diesel,1423.393701,592.2606806,9,1
100,31-10-2023,Steel,18525.07116,79.51977824,Diesel,1854.403738,417.3647948,9,1
100,30-11-2023,Steel,8230.258385,89.35522836,Diesel,1098.128291,555.5509304,9,1
100,31-12-2023,Steel,14875.05491,89.44134469,Diesel,1153.689298,494.2178258,9,1
