Date,Temperature,Humidity,Wind_Speed,Rainfall
2019-01-31,15.019469146025358,89.53269355747305,9.644741134788031,183.49594814648427
2019-02-28,16.62628982463199,86.93313223519999,14.518848463043831,242.51920443493833
2019-03-31,33.88403525794131,55.50935246947468,3.911183280154644,170.31009834599743
2019-04-30,18.523105624369066,78.13181884524238,2.0437090115167917,296.06608098015516
2019-05-31,36.25096444474498,56.9670404482922,2.3357416308657584,111.24547565947991
2019-06-30,15.63547816860238,36.473485619598264,1.4400085996142795,190.92312337913413
2019-07-31,30.60885120334483,47.73802115026284,2.4769196376237885,136.96037114487308
2019-08-31,27.768682564439143,55.04466018892674,4.109509346590223,35.95961020010484
2019-09-30,21.669525356882126,88.59689734995916,6.754518186455238,9.915219870164515
2019-10-31,30.838242769022365,62.14648104448551,2.2640567807617162,250.5907486767714
2019-11-30,24.93930052718806,61.0650810316488,12.727941482702592,202.70703511178422
2019-12-31,33.14889197175599,83.82661559715463,13.419209939711642,233.96266375728715
2020-01-31,22.634096508609836,59.136825215173594,7.277938001807462,298.3372387832462
2020-02-29,37.30116387942783,67.86831755983577,12.127358249583079,150.79112793155764
2020-03-31,37.087350556656475,74.86312643384483,14.343005858335346,99.2250914011541
2020-04-30,30.375180667479242,89.4032310062558,2.9611762133113366,155.49889570912103
2020-05-31,24.919595680347207,33.046111862363816,13.412640085309238,8.285031562111412
2020-06-30,28.05608150137011,76.19961318591665,4.021494384955805,186.86714274570008
2020-07-31,21.271513183666528,41.0600204598822,2.1322215326407674,128.49434248203232
2020-08-31,15.359837215743896,36.964358430414975,1.6440369883045385,12.218640695691041
2020-09-30,37.16700968245119,45.65361740050284,1.2142635640653865,280.0308924238449
2020-10-31,24.652565945019354,87.67143382943485,13.674908987384892,58.737340436788934
2020-11-30,32.32225896729848,50.900196267191845,14.113074125979901,11.755898002693876
2020-12-31,33.771776694787434,75.27257244508094,2.4437341637030565,270.76587200387
2021-01-31,27.06302374106606,59.5815394663083,2.1659817567336352,27.511244177544324
2021-02-28,17.926675410690148,38.57950092317015,11.661148844044611,185.46541899487832
2021-03-31,36.5784630497251,82.82159811830502,4.313592711549102,272.3081119045639
2021-04-30,17.9704479067018,37.05157480662629,10.08894422962489,223.813463779627
2021-05-31,16.08501958245432,85.47859981341577,13.867620013901233,75.89705039677234
2021-06-30,21.934529574528316,41.28726958342568,7.491777669159751,106.00566840781585
2021-07-31,25.41597644346198,64.86975727084958,13.868471725697834,24.82452601059184
2021-08-31,16.409387416273177,81.8833425753032,12.380614127821087,299.91530198583916
2021-09-30,36.955516686979806,75.41994793033372,1.6565505490770789,80.60174460759221
2021-10-31,20.32410403772277,38.18228853520618,1.203625319350347,105.1762676419791
2021-11-30,16.655899446296647,32.75167598427798,9.691279581909278,104.22402246762427
2021-12-31,31.68894346302568,40.33919227209779,3.692046263321391,12.260584879943659
2022-01-31,17.30726465571865,58.86872364337759,10.628986039345163,153.49710406417836
2022-02-28,37.38017094217999,60.70064652693996,8.449588793714419,32.15160340193282
2022-03-31,23.573171606956507,58.43819648583337,5.971460245910267,194.6468520874728
2022-04-30,20.93066979339986,36.106948357224226,3.1400279485806486,73.78731851535244
2022-05-31,15.132500159940136,88.50402977670855,7.870482909622982,216.8688289865327
2022-06-30,29.530955535565305,39.26176291645214,7.735961425967445,159.77682976547575
2022-07-31,34.85723624916156,36.40195500680616,12.910184440230367,223.79235766461545
2022-08-31,23.970762103087562,82.6320324487865,6.494231503916895,244.97983184147313
2022-09-30,28.571232765335225,55.891688588186554,5.6594210027747796,219.16474104279044
2022-10-31,23.55204371789769,79.27543828032077,2.548844317372901,253.93568752035546
2022-11-30,23.563106429463584,43.64105898179922,6.9303560738867604,86.37888494271783
2022-12-31,30.1678761595714,55.44784027814316,11.31021929874612,280.3101044307044
2023-01-31,34.694747217862314,66.22329190380833,2.5997422007796285,124.35137526108831
2023-02-28,29.514708756951087,67.93585727517183,1.183322392236671,199.06121160501317
2023-03-31,23.734674976233325,58.09390970648276,9.749663818714732,113.31778423205078
2023-04-30,24.332732906993826,46.244680388613226,10.015993605346221,122.62025132942892
2023-05-31,37.18651206283758,63.403295087001965,11.091383348347092,241.59449020737154
2023-06-30,15.663305096845493,40.88612610538784,9.162581853575691,126.42736517774938
2023-07-31,20.487763127023968,88.4728359119322,11.916622847032432,34.27137777611905
2023-08-31,28.142254557567146,40.30075715089821,4.812302571271165,5.51720296424002
2023-09-30,33.30461446147656,45.04383963369587,9.863372887004266,148.28215504148142
2023-10-31,22.217343419267497,51.34036298789695,11.066642672579437,89.13651468695251
2023-11-30,36.16019623286393,87.31417876340873,3.165409972365307,186.9997652714972
2023-12-31,29.755766671727176,51.65843381640161,2.282149026572878,275.1940726386728
2019-01-31,31.74793661375098,32.64992626260601,9.235692597579035,299.80604986975044
2019-02-28,15.925190867887316,65.77619270892319,4.220123722027843,36.17006573318364
2019-03-31,25.437652100697303,57.71657103453526,14.864778386784879,0.07125707276537385
2019-04-30,25.533925056926755,74.25493809533349,4.342880040756233,33.1422339394184
2019-05-31,21.474566290045342,65.31325373839472,14.752627211121142,265.25969343945087
2019-06-30,34.48961183916883,51.0075155500038,1.8097974718875491,290.7307890422434
2019-07-31,33.69679010230571,32.0919096140295,13.528900177189758,258.0380449253771
2019-08-31,27.39689337696927,34.862772954458876,4.082564827297359,204.97762909787878
2019-09-30,36.70402010128868,44.717131935320076,3.2027692358353637,48.12003159902163
2019-10-31,19.018997401207706,79.07802144714373,12.649878491408387,152.24032012825086
2019-11-30,36.00303756853047,53.5290726867118,3.5129625279336674,226.10965021515577
2019-12-31,39.33722422943492,88.13267131714149,11.495125644400947,39.02587203918959
2020-01-31,36.35524436153915,61.62144577271172,12.562890721198553,89.51232929699778
2020-02-29,20.327617600627082,31.86804497307068,10.12333555526239,110.55790311712835
2020-03-31,19.63647186691636,57.72583744593964,1.0172456923299624,179.4981795367281
2020-04-30,26.998470867928088,66.00123288715822,5.083276101930245,208.49456583796277
2020-05-31,34.395118394823896,86.47425025394318,2.013827810048781,160.27266179293355
2020-06-30,16.29928209128681,62.47778011806423,10.92684727231283,261.2907371238257
2020-07-31,33.12066399685146,65.59671889861073,10.104118602228354,143.78367857288617
2020-08-31,39.36982905366958,69.01954118081622,3.7935943130080316,204.0684727293874
2020-09-30,28.58251308408221,60.839752068523495,9.232817293261109,8.818333726952188
2020-10-31,19.492077721756047,44.25259949543266,14.599531316582954,54.29308581284693
2020-11-30,36.44965634806765,30.541824247773015,9.237776866768476,179.61419403003228
2020-12-31,19.176047697523746,40.05715297729906,1.5133999770696016,220.92060451969215
2021-01-31,20.778272810691163,33.101810234491616,9.960041535716792,67.410353091804
2021-02-28,15.749339746816949,48.47579649547146,10.865530678313053,60.55603563688451
2021-03-31,15.437899771551557,44.64883742534246,12.632280678783877,259.382650786511
2021-04-30,25.172699018071768,82.24520702023554,11.95339677681583,170.10487829600035
2021-05-31,30.755218708228604,66.58990832992167,8.888144982878423,114.1259112698393
2021-06-30,29.504309230683305,62.016152803612705,9.510671299108225,229.46497846263847
2021-07-31,19.863958079632525,39.97989646458853,9.642924603781639,156.9254173745354
2021-08-31,32.72615654306082,36.41261538568463,8.94237107480465,76.96883511040913
2021-09-30,24.019312977764997,84.35346628726562,11.779225803523506,166.9911173810152
2021-10-31,20.418495002269392,35.7428733312097,1.3309402046487095,192.59145013297982
2021-11-30,26.144772864430724,73.47101108391709,1.2214952847181542,102.32700734226616
2021-12-31,16.690314089805373,78.0213904693417,4.271969146746063,162.0035743813532
2022-01-31,39.041643398870335,68.09760273546199,11.567729479171868,51.14338145217526
2022-02-28,38.17502419810738,62.39742781683358,12.788466121269899,156.28739318161266
2022-03-31,24.52273813777468,50.77930611534021,4.346774650761718,152.91727402550944
2022-04-30,36.94935801112673,82.08340140644702,12.282955601646696,237.0091308921184
2022-05-31,18.479950615438245,83.89569763756236,12.610653671977971,95.25943436302111
2022-06-30,25.98779221582275,36.33988105570464,9.971568405662888,64.81145475287988
2022-07-31,22.433876205920974,55.82023065053527,3.389306619699978,22.388944301124514
2022-08-31,18.267759418504987,83.196252914428,7.296985083498515,58.38675354622952
2022-09-30,19.74237120436693,67.1368915804633,5.529005528760632,250.29100978643027
2022-10-31,26.900453234219164,52.553297108746165,6.522667899980494,137.834030521796
2022-11-30,34.52926059467298,79.50793175572223,7.936329448453745,115.90467295449464
2022-12-31,16.802108399966833,34.27540366591552,1.1695186532884243,286.950419489844
2023-01-31,16.717820812956695,55.457813153093284,2.1566472884297614,154.39727597205348
2023-02-28,39.212219439859595,77.92285149927447,5.099508513813507,293.9910988076552
2023-03-31,24.716319965746173,39.82102808791809,4.833078305197491,278.4952598545731
2023-04-30,34.41118616249312,69.36971026086428,3.484002772575896,163.5080756690815
2023-05-31,33.95462527691343,74.60542716459656,9.567167074722635,31.779213767547887
2023-06-30,28.877123732557155,73.98427776178049,9.623796303642507,56.40742038462484
2023-07-31,26.75797635254464,60.12301280930683,2.7459967967594667,115.61276491420854
2023-08-31,27.024322247153094,68.53953155431364,1.9079503227615568,173.99513622843938
2023-09-30,39.54922976115363,42.590519691384564,12.551829347325613,156.08897307559621
2023-10-31,17.958404773084684,54.59429338177729,12.757231998898641,115.1498855799132
2023-11-30,38.24042307189211,76.95491639108027,1.78590544782694,255.81840596271337
2023-12-31,33.23770571630992,75.93077393946658,3.22471434737095,183.06754484329238
2019-01-31,27.189279841834608,32.016816010996955,1.8771448483749633,271.9312360033233
2019-02-28,27.362028282377324,88.77305042290541,3.0295110133174386,217.54671826533445
2019-03-31,36.26540144602845,63.6733672969515,8.32747275924113,34.430661560765245
2019-04-30,26.50405661221099,74.95702276174659,5.0682258372889715,236.0910404752999
2019-05-31,36.76446062615017,44.32777268289236,7.317350818533834,295.4968968422625
2019-06-30,33.93704711973544,46.58650143500377,5.37288742639719,192.80239730172707
2019-07-31,19.605620980950654,83.63938260047223,10.160095732549467,45.63128496668186
2019-08-31,18.24566122379294,71.21165986050174,2.302426810440381,8.809247730717695
2019-09-30,35.54092244276179,57.55591183039283,6.009175714556185,148.26373417508998
2019-10-31,33.451728083462925,78.37175286022745,12.812322569694139,76.19246237160742
2019-11-30,31.072047751467693,71.64903441058986,8.17716654403074,91.59320300901939
2019-12-31,24.540298496680002,37.730922720015286,6.7786558097243645,240.70629874777924
2020-01-31,36.8188459891532,36.75482342471622,10.85160368445114,162.2095429934731
2020-02-29,22.13225845893291,55.750955603781414,4.748873456836678,236.74825397661942
2020-03-31,29.294308801208054,61.04678110530247,7.025983744493862,95.08397633733578
2020-04-30,39.26915516186958,45.760538555919105,4.8019627065145585,141.86913984327145
2020-05-31,27.051026452802063,41.76586276430358,9.550920995060755,84.20496465479229
2020-06-30,22.114057544072438,79.09240012489485,8.442392504462031,263.958803208348
2020-07-31,32.850816111671406,66.47431284544223,5.331218050078949,247.1371152663884
2020-08-31,37.50803170185679,54.25438377865255,5.495135359218702,224.9552293309399
2020-09-30,18.013960410092256,84.14719843715051,1.9302138209808484,160.19024176432913
2020-10-31,25.097446604253093,34.656878683886454,8.59548115945152,258.5227484754886
2020-11-30,30.026854170005826,72.33515175862948,10.637670258889916,112.3658661060364
2020-12-31,36.17848724234463,61.86512069311457,12.784127064425466,174.06645563550882
2021-01-31,24.699668998671736,39.60149618779164,1.3269293485946028,226.86408418505306
2021-02-28,39.502724810344176,58.67270688133455,8.451605436085666,50.50108677573907
2021-03-31,29.5116900248424,38.351802080741734,7.21661248883084,187.87029642631916
2021-04-30,23.83651851366956,57.50798547415547,1.5317418860579486,223.7580115881036
2021-05-31,24.383247697990047,47.147013331552216,3.845123275205222,228.53945741330918
2021-06-30,31.004957788990595,47.9060947417126,4.365353441792774,93.56972400128414
2021-07-31,22.48488970929203,51.52293152502081,12.26212090751307,83.6279617243659
2021-08-31,32.18515910340594,31.46990689605914,5.285922772314305,164.7391008831518
2021-09-30,16.255650286599344,34.374110122074214,6.64022595685692,88.58714821438298
2021-10-31,19.696071313444353,73.18748720128116,13.137068556926371,136.1840544325071
2021-11-30,34.38365376007839,46.28456282680286,7.953735919451251,85.28222787825501
2021-12-31,38.51121264340431,34.96292769146121,14.032423208851318,248.0143979793055
2022-01-31,24.691220136391177,67.96271272491606,10.853999282880636,1.3089808950927262
2022-02-28,17.620201624939302,59.91424797034255,6.391681678635001,259.7460495667066
2022-03-31,31.433837054253214,58.3369082497789,13.32219433090079,64.72220375293624
2022-04-30,31.671666513773044,79.39856578924307,11.948214689061542,163.14171835987122
2022-05-31,29.878291872642038,30.595429267670138,7.497332232349054,289.0497722662765
2022-06-30,19.543479767736574,56.13045752833144,5.64939111550391,102.54111164765476
2022-07-31,22.572893220829815,33.941691537261946,4.195295088911788,73.9810904934074
2022-08-31,30.49336428582723,83.7645067076744,12.860722146470144,94.54411173976598
2022-09-30,18.68257610697426,30.47049544631501,9.832905063208287,134.3020276231255
2022-10-31,27.03333441339162,83.8604803606774,10.440885706328565,41.099718916101416
2022-11-30,29.839023384469648,34.3848937216209,9.712805704641445,294.35335102868834
2022-12-31,30.076607654262915,80.12446985052756,11.981892012047847,113.09566257788403
2023-01-31,17.96256558995379,47.333096334549936,6.569712757030197,275.8593073968149
2023-02-28,37.555910086555954,82.64133673231561,14.641211341509607,8.255755542124588
2023-03-31,27.917459630656694,75.5265752254395,4.954944923619932,105.91511748009071
2023-04-30,36.98741426820316,57.60014373484793,2.330742637457699,248.0240304078741
2023-05-31,18.19667003056044,75.93280503095164,1.000162886575126,124.96974854468765
2023-06-30,37.40101999143047,79.08160494832158,4.539390485248807,81.43157329026006
2023-07-31,32.73302071181524,40.039278240063624,11.9288440439578,175.1318341542335
2023-08-31,36.26179036902094,50.67624506685358,1.4320106603130143,15.568589855523262
2023-09-30,33.36109830188978,53.06130231144809,1.352707795429211,251.6991983154032
2023-10-31,20.66818455824908,82.76046121059169,12.323059783889539,203.1457237373021
2023-11-30,22.190818226091956,48.40659597132847,5.9414190483329925,186.38773471488304
2023-12-31,34.621545573972,74.00920478952622,2.6266733913562437,234.29876808449742
2019-01-31,24.940309463821762,45.85657578951836,3.8746611418951975,144.911909267667
2019-02-28,28.834475403167684,68.49791452964126,10.853092353867106,111.97794433882767
2019-03-31,18.870715314942995,86.68417552698477,11.311493196687096,264.8981474489319
2019-04-30,27.451009826421725,74.56949849437898,5.578625018125448,267.0171076395758
2019-05-31,17.28478715829441,41.95622018800805,13.284580653162747,221.6169452179699
2019-06-30,24.582105991055034,59.61005952926449,4.966266673949029,236.0308510071382
2019-07-31,24.211222997914472,83.72076534919016,10.3304826653757,236.21610802569987
2019-08-31,29.971135001985974,42.065923646560044,9.263257228112499,122.28985739389672
2019-09-30,31.605484624724205,82.90143671061048,12.397759598276267,205.54029296234523
2019-10-31,20.79458975723375,49.11653776581643,13.649818208055425,23.292232796634384
2019-11-30,19.48133139348202,71.63697543060941,4.2143742505555615,35.26539004506599
2019-12-31,20.297358261002728,48.66014968396082,3.3370349914450204,73.11884475730254
2020-01-31,30.78547303045941,61.95024398495891,2.615524990504843,181.69136679702345
2020-02-29,25.202976420648078,83.13718585450638,4.10660645098122,214.39238247261727
2020-03-31,19.586054910085863,81.29844117368846,13.35583827481286,139.89292684205103
2020-04-30,27.834205255622887,89.35306523746502,4.241678103510683,282.76378190307156
2020-05-31,20.4416849895134,69.70105730399139,7.7758511545164595,1.5940427005037838
2020-06-30,24.665504315845855,69.7490368164965,5.857477236283818,117.22654569889113
2020-07-31,20.056354513113373,48.82960849346493,4.381008791899668,64.47379111091875
2020-08-31,20.626046904271803,61.72346514590615,12.562847902424426,138.93441415125343
2020-09-30,15.8419100968616,82.75114635607486,4.407553565059427,167.20115087190243
2020-10-31,37.57734319691346,86.01426500745887,12.21887188623332,202.27765260194974
2020-11-30,15.359536151802125,75.86120318618563,9.732403188096127,228.690787350288
2020-12-31,24.478191459391176,52.28915661956606,9.659378822054599,189.9217960498539
2021-01-31,27.508986155389017,71.45303859304937,10.759901282485329,194.59168703064466
2021-02-28,26.339474998070855,57.29234656817209,10.599807601071015,273.063910460327
2021-03-31,16.299733799442688,31.904625922379317,6.926692018144765,25.369613429171356
2021-04-30,30.474789117464702,86.44639798137005,11.862761459302284,38.381077353534955
2021-05-31,17.524452670444028,40.04946534564646,3.061857889729273,291.9230393736895
2021-06-30,22.561975729198164,88.52239662878526,3.381615842329941,269.47141918597055
2021-07-31,18.60196965032999,67.43990913173894,4.830965850050803,146.35029556320376
2021-08-31,34.12900822041916,86.42515243804482,1.2215244079554914,156.82804246856094
2021-09-30,18.150050696599855,41.78515295232104,14.320227559283287,52.64748821440721
2021-10-31,27.269125167809012,54.39340702848625,13.644670903682007,181.15529476208337
2021-11-30,20.512606585891177,43.09245207313033,13.237004826272592,74.90068582206905
2021-12-31,34.645316136709326,65.39687296810853,1.09009296095514,231.7548858238212
2022-01-31,23.51028890285649,60.634845447573596,9.611807967576798,273.18171516432653
2022-02-28,26.642063544056988,76.40286286693498,13.80952211109156,56.74173000689539
2022-03-31,24.68306294938285,33.969911330066424,1.2681767977175407,248.05756829182593
2022-04-30,29.990689211498037,60.37981856125607,5.9057855001427635,273.879301432407
2022-05-31,23.584667554441104,80.07430741533766,14.09678318938494,55.71992160155569
2022-06-30,36.624065127880044,44.96749225759394,11.03968795861071,256.83974970412305
2022-07-31,27.320489613320614,47.99652418662136,9.345147373336284,130.15317685657325
2022-08-31,21.348444298092403,76.79929961463266,2.3823208963573217,22.698331171233256
2022-09-30,22.40894033783221,86.29894371907896,12.462363212776712,295.0701619540989
2022-10-31,33.62948738424036,34.58639166236686,13.542378536697234,238.1788157579894
2022-11-30,24.615276899469205,57.547441397200856,5.246002471889961,279.7664635257936
2022-12-31,34.339302543268005,32.64242276330786,10.706692152285893,194.4707692146291
2023-01-31,19.54447168043405,39.40876231900834,12.582230096321442,12.574565014877258
2023-02-28,24.95569484895029,56.6342299391947,13.510324210301842,197.41649515836622
2023-03-31,29.32605501547539,49.512671776572674,1.5497717993831324,81.59958160330682
2023-04-30,25.77459754802055,48.26955196493705,3.773337234084054,19.707634946897766
2023-05-31,31.542967066098914,66.14696651799527,3.282267593408407,70.14384992791923
2023-06-30,22.842662801301632,44.87240152370542,10.768028305746101,109.23383250314983
2023-07-31,25.65303094880577,79.9418123796597,12.279083275086787,67.29556765605787
2023-08-31,27.10977964002123,71.6283334180447,8.738673152470163,64.87515845595867
2023-09-30,24.797764073597726,71.82982152827883,3.708094801390756,192.4513443768755
2023-10-31,15.87348116014971,89.38538480456008,1.4202986500870063,133.3584759150479
2023-11-30,36.2643632003779,42.09170268037877,14.08206254254818,206.7262961244689
2023-12-31,27.790964562975354,33.660428580323696,5.029638183922482,27.98143403345097
2019-01-31,30.63325424886135,74.82469602774174,4.061994444691549,17.982990258392483
2019-02-28,27.06783682692336,76.64732803094313,10.419859868839627,217.27635824973996
2019-03-31,30.022800141477152,50.4575142861335,13.84175293208753,121.97716120784168
2019-04-30,23.145586519262118,37.66647916739943,7.193131463433863,12.740972776959946
2019-05-31,34.495522100251705,37.093117337465316,1.0004300638353538,213.6411137641815
2019-06-30,18.450387175501294,34.86231662790341,12.616120128502741,293.03831184827584
2019-07-31,18.330248103415716,67.94377538793051,2.796562070642703,173.54775246879902
2019-08-31,34.91271299309271,43.9524798972513,4.164464755041129,165.3152859884797
2019-09-30,16.039473996164844,59.887796612882546,10.650345769437664,75.69357812090612
2019-10-31,38.539421318348346,61.78283796650206,11.253438252365768,277.23231477338385
2019-11-30,29.613577831486452,88.15930873705074,6.289748992180613,18.611029088634456
2019-12-31,30.349486406834846,66.9856906423122,7.404202782178435,119.08439188028785
2020-01-31,24.793561264056954,39.759648906329105,11.281119470891058,62.649280648376994
2020-02-29,19.302150811315663,82.72615498757487,8.816932410897591,260.9813498693067
2020-03-31,34.58673900123169,46.62415498280398,14.17232237382886,37.3037524292611
2020-04-30,20.66726630187309,64.01356777497216,5.921591640695772,183.11324859549828
2020-05-31,34.99458411114458,63.281221487302034,12.563052319700226,189.4376377749062
2020-06-30,22.084101722277957,80.23423309330909,8.60197385647377,112.14243266010074
2020-07-31,16.55103542391386,34.269340732674586,9.034121895479348,169.8055274663463
2020-08-31,26.289139665139377,86.21567182386833,14.776441199907822,238.94531679887422
2020-09-30,16.91895154721845,30.251246617677474,10.386080673156846,192.5458550404306
2020-10-31,30.43822787655779,42.46700525770149,9.227758256025643,33.709344584695685
2020-11-30,19.522297534472457,77.94947826628692,5.678697998423539,219.2611037328481
2020-12-31,30.82006526653767,76.1352026742701,14.917143165038057,3.323565778292903
2021-01-31,19.036445851606004,58.30439025110634,8.7486048669379,171.08608161941714
2021-02-28,32.35043535264355,40.96506995924615,5.466631040651357,124.65421891861979
2021-03-31,25.18413810532081,61.28262128842447,13.552045218566143,58.88829069332011
2021-04-30,24.618314412686125,56.15971083423515,9.316692517935357,176.89604854546428
2021-05-31,31.23447050591556,70.13259186244112,12.181180924992912,279.82588171809397
2021-06-30,15.023235421749026,84.19341764068244,1.3446517737773402,62.836730852853314
2021-07-31,34.14646609711855,71.4993391119925,14.518945653735205,118.06660083189466
2021-08-31,38.03783479768545,78.72465666052074,12.552959197634834,238.51740528183936
2021-09-30,22.56165793653674,81.52188727467444,13.001233123177075,229.39528511546206
2021-10-31,15.128490689639008,56.72457126634721,2.179575283851598,204.7957815132597
2021-11-30,19.221461584259874,33.21808749124985,11.04450986856677,142.6427145698201
2021-12-31,38.05479820128211,38.51965556112508,5.259386093580741,41.77405337823286
2022-01-31,24.828044955176978,38.35524424708224,1.1500141677350253,163.27720110457525
2022-02-28,26.28166535182786,82.15049144418523,8.420874370724254,140.394138743413
2022-03-31,29.901252894023756,89.74406712307939,7.093671915191754,276.2074202335859
2022-04-30,20.796032292868162,72.33376269898147,5.307839387457814,72.65239510424117
2022-05-31,15.973946158711605,53.508653677030296,12.23362498231854,102.37333492731618
2022-06-30,36.57305983777472,46.02450044737994,8.485252923057335,257.62842895161117
2022-07-31,28.8887392471405,47.48166437026467,6.843526952608071,113.06006410415655
2022-08-31,32.948317273502546,47.016475405028174,5.56795012196525,6.227409637189263
2022-09-30,27.794511414237014,76.1665547652934,14.087137244898967,272.7606408619461
2022-10-31,35.74553161793213,69.28352090990657,6.756856940965958,199.0087602044044
2022-11-30,19.477373483204538,53.53306760601241,14.268915771569217,42.359719061155474
2022-12-31,38.1577069230299,67.1500826545835,12.54729727171763,206.64315107699613
2023-01-31,17.746577843519574,83.02103806127938,5.801015278628743,205.1610374727096
2023-02-28,24.931786821011492,44.733037556669466,12.372566523458863,102.85168944163522
2023-03-31,37.912228777887854,49.67029193100204,6.209151569480543,227.9470975285165
2023-04-30,19.758424377376187,85.03323550949176,8.749819457273013,89.76960129031816
2023-05-31,16.281586479399955,54.11257627420437,10.432587216977257,135.10511573423784
2023-06-30,30.328797777575446,78.33613312621429,5.195361573780872,288.63063124950827
2023-07-31,31.582767737600047,80.3459819279767,8.7092464293119,45.94335002518686
2023-08-31,36.052671562087795,66.84799057125107,5.561544176272282,57.520865217079944
2023-09-30,19.912174173905278,42.70475172314517,1.5809625571386892,96.62026055871891
2023-10-31,35.2893001087887,58.93644000489261,1.8023443401468153,52.37695537415592
2023-11-30,30.061729261431662,59.387152079294445,8.40119245584986,100.33275813543122
2023-12-31,22.19699195174202,73.48177525570947,12.709818352117994,258.7468865694903
2019-01-31,26.42044511390338,80.74004094592628,2.5993199402795417,76.60600506867044
2019-02-28,26.226962853371894,64.65678483822802,8.992698752530027,99.72800765230954
2019-03-31,20.036598026338325,45.91251221980975,3.3766288194995715,28.69220880711478
2019-04-30,18.152883059385264,64.90329164840861,11.728860983465133,121.9249609722056
2019-05-31,24.324995889171575,42.54222224315534,10.741129537170437,283.2626515038323
2019-06-30,17.167664189891006,62.301786126061366,13.785215607909787,116.3918263193659
2019-07-31,38.091620938741315,89.85108787036049,1.45431507506946,70.67646847340325
2019-08-31,19.51643853278258,86.86117062385678,4.062803917752316,97.86615209427946
2019-09-30,31.593568465634675,37.09430354832843,14.355232974912864,259.67136602842936
2019-10-31,39.47579601979169,55.244193754117006,8.027235671845784,272.97904744791555
2019-11-30,17.778771994582797,31.824952848478077,11.176276685956802,262.2041013926147
2019-12-31,20.6870400923385,39.97109997658495,5.658212671145307,281.97731186571264
2020-01-31,30.89776914274346,75.9521055397519,2.1089841001171914,14.117513838005669
2020-02-29,23.395409116038365,66.90418524088187,13.976705870042098,288.61754968240547
2020-03-31,35.5147947331037,53.53602249141282,7.2657259714848665,219.00051632425846
2020-04-30,33.329009453419985,89.72529077552737,5.025156791372626,161.46603056054258
2020-05-31,31.70008126857535,37.99960898055451,12.92584296174443,245.1573152179923
2020-06-30,26.137945362329027,88.01811087709892,8.996788575480792,259.02947333681533
2020-07-31,32.95419868901284,37.46531321111361,9.394361640616756,165.10538365162532
2020-08-31,24.657192628638633,51.208391523643236,5.418865015140132,147.305928800673
2020-09-30,27.401068150414577,30.465998529238124,7.889288144901371,295.94622047151887
2020-10-31,30.505871224028013,62.6880651165659,2.7590088937723958,86.91839512146439
2020-11-30,21.694811863065844,55.933863570270496,2.2808252574244223,223.98096139326114
2020-12-31,26.158158999664032,73.62111162084804,10.70088320914704,296.21054169366
2021-01-31,19.353917309884906,62.812870427245976,11.002435574400945,133.3882973741714
2021-02-28,34.396931361742325,78.47743968654115,11.748704648000727,34.189766135772345
2021-03-31,27.479661273333264,47.792255377215724,4.711585505812083,129.6031676791088
2021-04-30,17.809925679400322,32.95853922658948,4.60470903089457,40.69844014811332
2021-05-31,19.265028115541107,56.2054690708245,7.496005994749968,236.728833494627
2021-06-30,24.05733725000512,79.5834186960333,10.820987420512324,137.80309667818693
2021-07-31,31.54526821436062,79.0134173702501,11.493637899095193,209.86027728465714
2021-08-31,21.07949950660565,63.034238072481855,3.6949041089015786,30.563629241866963
2021-09-30,36.74041144330654,41.366605990044164,6.616071572885166,284.3388198043371
2021-10-31,31.880770939050937,42.35291929069927,5.934734657206916,37.8330425035875
2021-11-30,34.42234370512182,34.24748616067046,10.245435533541556,242.75844109702237
2021-12-31,37.870873749921955,42.702862328878254,3.019360295653449,227.6930495562092
2022-01-31,15.058085153298256,89.03585640854413,13.685925505784711,16.633570711152423
2022-02-28,22.53967174683879,41.29815149502639,5.2522906471513915,27.905222778802496
2022-03-31,20.921236764913658,39.89604161116387,2.7446108846477464,109.76978958534227
2022-04-30,32.16696529310323,44.616887518931655,12.179781733828387,32.10874026331143
2022-05-31,26.85190660269644,82.54110765516636,4.800032099864746,1.1107220497250547
2022-06-30,21.74075021917957,79.18062016682754,14.990904206610804,63.42937739967335
2022-07-31,28.04333547133114,42.792235883348106,11.944205846066632,61.12664575498312
2022-08-31,18.009453737638346,64.8461150168653,14.002687896876893,149.02302840179533
2022-09-30,15.860080211336456,68.09578380706463,13.025052890546187,103.43093006996224
2022-10-31,27.651117310295916,39.750663917847376,14.43644010046757,255.4744200051712
2022-11-30,36.94945956249148,46.15138436839831,14.751584853112607,114.87090421117374
2022-12-31,23.968562763572216,89.73871060046096,7.72256921366643,145.76568185688396
2023-01-31,35.79311578262724,57.791966178535226,7.815594967177315,280.46791396635257
2023-02-28,32.76054537531029,55.13541748757512,8.241810376560348,25.263903353129503
2023-03-31,39.32110396650056,30.292104459330194,6.777495477308089,30.13726490429053
2023-04-30,36.984826420179886,87.93658988285304,5.781985418441951,101.55206382764186
2023-05-31,30.59359315218989,38.041493659139505,2.620640647448545,253.2557687472245
2023-06-30,38.806501959058096,32.99160878394986,3.098729545459955,161.2743414154543
2023-07-31,29.98396467839507,50.50047442910724,14.346429210813447,270.9572072168357
2023-08-31,27.959136583383014,34.3739071122993,9.77566066181094,75.95967210384306
2023-09-30,21.51687894351484,47.81374045608258,1.0087852327983864,288.92823926934074
2023-10-31,36.84195086401872,37.6081079476056,13.13233964033705,178.07257632428937
2023-11-30,23.524164086562116,78.3279769824352,5.740557207576855,16.62989668237015
2023-12-31,22.67719358400622,32.10955501627165,5.524033041911841,163.2325871818406
2019-01-31,34.396626630069676,50.32397734646588,8.892319420235593,61.49376984777324
2019-02-28,29.581904928477414,74.08555733096271,5.501462123736771,10.395212944205124
2019-03-31,35.05684242868695,77.20338088401245,8.136165054034516,90.02012487163198
2019-04-30,17.950150665484372,75.39235003357444,2.333485075620173,8.241168753895456
2019-05-31,35.90197251988202,39.28716209076672,5.216458217963023,74.6930697484095
2019-06-30,15.250260263978412,82.94455118662731,9.00350429689634,99.49735325310525
2019-07-31,18.640716167635585,71.84589703423154,9.99929227520643,234.82370227541603
2019-08-31,22.88883686107777,77.33670743609561,10.544996969038365,266.6257451250817
2019-09-30,19.75954465742587,52.00331451562794,2.481270347991199,188.4619791279132
2019-10-31,25.37889190143276,40.152183100635106,3.6253811207703324,3.1654910447701634
2019-11-30,20.38657268189325,37.22890934630808,12.92152040657096,46.98384446779497
2019-12-31,34.37704500847798,67.31620402540256,9.495100541498715,254.8409704750987
2020-01-31,18.569640916697118,53.3660808046604,14.32383368946752,95.91625480195627
2020-02-29,30.02727918490757,80.91639311392679,13.440989593711242,145.15499100996698
2020-03-31,28.643741994485893,51.565429609849026,2.1406345679811865,58.001770083615654
2020-04-30,31.620449767906774,36.31317331429018,10.40827667052749,190.6283762108916
2020-05-31,39.21047826251019,62.43316052333545,7.414867273531024,283.5051282745482
2020-06-30,19.8172773673242,66.38316701898316,10.484486959359627,157.73110100496766
2020-07-31,25.341638089580172,75.00964997727607,10.707611948006615,297.1928211516537
2020-08-31,25.343322439508245,47.95490515560962,11.47347935042485,62.48330254606373
2020-09-30,18.922565603653002,86.85390757944258,11.735884569448823,80.48616012833179
2020-10-31,32.84130186234357,45.14410289652908,10.195413235238286,59.461879570655896
2020-11-30,37.66633242379997,41.47452774456728,9.616004810460973,121.71432725428431
2020-12-31,20.492053334395656,56.9450035605668,12.15032477352933,164.11889727553265
2021-01-31,38.76258903972837,53.01654242130951,6.941208364750885,214.40882670198664
2021-02-28,15.89914390533532,69.50397572262251,5.014736285810371,167.88505669341717
2021-03-31,33.17907024350346,88.84567046333109,3.179696368583061,67.69937491561652
2021-04-30,27.492080757072607,33.68063246903208,11.003872845304187,187.02351940087937
2021-05-31,29.64135838571998,30.509734716432572,11.654083761293775,213.90428755852224
2021-06-30,30.920536607108822,88.48619060522478,12.558447948698209,18.00245777670354
2021-07-31,34.762840188341194,57.237529982871585,5.223271382836084,115.20572218948745
2021-08-31,37.490014869080895,76.91595478729253,3.7350254518805173,26.02459065041447
2021-09-30,27.126822728567383,62.44962383829238,12.457048979533035,51.503458512965075
2021-10-31,20.668355672459036,66.11888117846715,10.764269594300284,27.148893328760025
2021-11-30,25.449212700347175,45.07152027626803,5.487946204230987,40.493545821492624
2021-12-31,36.83277183144321,32.49864134039882,12.628900705605249,171.3999014915786
2022-01-31,24.31642824735368,51.1025890775285,8.608782000162202,21.82087853315895
2022-02-28,36.28152918405151,77.90905457582552,4.7403136762318585,73.3621328952898
2022-03-31,20.768364755176343,47.47178729979745,11.81174579572508,22.658125807766062
2022-04-30,31.61126642733149,72.52795589436923,3.4903171364488004,266.55998655734544
2022-05-31,15.035708576979419,56.97500117521574,12.716087911172291,171.69455568902296
2022-06-30,16.24661441235447,66.20425273321476,12.294893995088396,47.07518161116815
2022-07-31,36.264504932664984,63.03271803719973,12.562435169975405,91.05117274438567
2022-08-31,28.385333387786694,77.30397185669474,12.453458356504477,287.3736227146945
2022-09-30,32.744626255599314,58.9335138202396,8.2845307666794,292.5733605851876
2022-10-31,24.0830643021556,53.41727451978819,2.4852849145807285,201.1339995847528
2022-11-30,20.6689654350129,85.88942321513557,13.717741501759974,234.38719422170766
2022-12-31,22.873801547968988,48.38392790171747,3.1320634589471736,79.19265591294898
2023-01-31,20.147182769164985,49.301182122078565,7.516817614155792,282.9587549080352
2023-02-28,32.01417103401788,81.53049500485562,9.804224021786274,228.85437070394372
2023-03-31,22.296679425909993,40.36543909686524,6.311118374858612,273.25026809692616
2023-04-30,18.97311917110429,33.20752275628909,7.23968506345445,14.80486910922638
2023-05-31,18.412575302089554,43.7202450830762,13.354931470953911,6.036516555922211
2023-06-30,37.570732675899116,81.02576926073567,6.800578196282907,33.71581479667821
2023-07-31,28.415187731594358,86.08932242662807,12.689394850729636,252.7603525055405
2023-08-31,26.390640383880005,72.3455430622191,12.491763313867914,70.90282299846288
2023-09-30,35.14764606333603,46.78043139278659,3.681298508702074,151.27903823790945
2023-10-31,15.235496399311133,78.52757839156163,4.631596343225954,190.8401003184197
2023-11-30,24.57647016052509,73.77128531858631,1.284775146350487,61.5561428714421
2023-12-31,26.251298263847303,50.26902259929384,6.4333822948182,72.68799876013996
2019-01-31,27.10461245806492,68.88612763566428,1.2570173759891354,196.1982664260745
2019-02-28,23.038545809946783,89.89404154972323,14.946291704383684,57.36315532402254
2019-03-31,37.702092176496365,78.26246484826203,1.921617807084153,207.77184002327454
2019-04-30,15.12697032439318,85.06551855810964,3.764283439275844,295.23566514787115
2019-05-31,39.05913291136321,83.41324023327337,4.784880266938181,246.82807290969959
2019-06-30,21.898207448751574,84.29771281019484,12.449909287807655,103.87981246042455
2019-07-31,34.280620382260096,43.6860226741431,13.911126454168041,177.77045482944806
2019-08-31,33.35774972457769,68.15637460448602,13.249827632737121,24.82149104612147
2019-09-30,29.143682663778648,72.88213898293546,14.127864615311147,273.6763683303467
2019-10-31,37.19020823734887,52.07104167644751,2.9995375468163563,208.7644723105455
2019-11-30,35.31034144059751,81.2037440122165,13.80076619733077,79.58552672581573
2019-12-31,16.99134819051057,32.9137633977397,7.271351760536598,133.69164024664857
2020-01-31,20.195596036470896,60.24420478490546,8.628343604411508,85.05215708128182
2020-02-29,30.76044045953386,47.575512204187376,6.229564148400137,200.990977228997
2020-03-31,15.982298628767312,69.29442738887154,7.198302987890417,284.6748654566145
2020-04-30,16.406167357879312,34.84250725163916,14.898793811178273,235.07516842286512
2020-05-31,32.66606304372335,86.43839995116683,5.61049788475506,12.660140574389533
2020-06-30,27.866738101295688,36.34203623275804,10.717012669433782,155.74891187236213
2020-07-31,29.02875531087936,71.24621165645203,5.555855929556509,28.421674433803247
2020-08-31,32.24096299147266,48.08350774598155,9.76377479485135,45.16337641866741
2020-09-30,21.35368200319536,79.50809253968515,7.793578458061376,163.02175565947923
2020-10-31,32.574793153670484,42.967559900925735,3.567674880536355,129.49806424313502
2020-11-30,28.410259577000758,56.22888630270208,4.750230159444171,181.20149932185004
2020-12-31,22.285378466901214,50.169615464671196,5.318568976157609,6.013799859769408
2021-01-31,27.408069282109473,54.218801669608666,10.501241313576559,126.2689586277678
2021-02-28,38.81682166247689,54.29159337708866,8.088907745931373,291.45490704124177
2021-03-31,17.821453617819056,66.56806580199732,12.488070150673895,85.57330269202996
2021-04-30,18.715830389447124,57.36952446718935,7.893006323412855,10.98890927964582
2021-05-31,38.64183842627011,54.53563414540032,10.267577752308878,139.45643424398122
2021-06-30,23.550566606199542,79.93434640250649,4.847169350750608,219.9459069319756
2021-07-31,24.85852865876661,30.077065531608085,2.682229622298707,160.36636342681174
2021-08-31,20.78285455655734,74.09103122997607,5.264055128039958,52.8119046464912
2021-09-30,21.131982624359182,56.90447046095598,5.487506335290938,223.32577614399779
2021-10-31,35.94683175298407,82.9669019775898,13.908683229779502,31.358366362708267
2021-11-30,29.795197691583148,34.33376089634867,3.064342129726514,21.973681232217036
2021-12-31,35.89457677136503,54.90981519624624,11.708303621238562,52.38327509467858
2022-01-31,30.3725753641734,58.94541609568373,2.311204336504643,230.42681352559995
2022-02-28,15.838646785303945,63.623937229196564,10.727586110593762,238.7360193529506
2022-03-31,20.581385026734022,85.33846652901508,6.9625041705135455,295.6572399765654
2022-04-30,36.86514486257914,63.832021913506,8.230220786639501,218.09337585852927
2022-05-31,18.95707626748434,71.28705955238101,2.794633019346464,127.60694888099509
2022-06-30,31.200791433271544,50.32499425287043,7.579698085209122,257.37512167307034
2022-07-31,27.230406217202265,50.5160696144836,13.93905808779724,7.317297933029021
2022-08-31,26.3467154998984,70.23243039036545,5.456928309904153,114.36898583246301
2022-09-30,37.64859919815662,64.00836630062796,5.961935887823406,114.34406461042067
2022-10-31,31.54695970111728,42.44816628353263,13.681902689383138,251.56476210743793
2022-11-30,32.449761787444814,77.41559423650162,5.140539684684612,148.69617626497413
2022-12-31,29.992610335202507,76.58921287894,11.488209524471444,98.63228624777722
2023-01-31,35.566198179847234,42.60284023752418,6.5171710791404465,94.98073044822387
2023-02-28,34.54217744415993,75.53974574944365,7.701028187707347,13.398364913669624
2023-03-31,17.844048970113736,54.657636482154196,10.06971854051517,213.62159767437916
2023-04-30,39.955561265226265,83.33055070431192,1.6765417239755567,168.976753147705
2023-05-31,37.34435469404862,61.78854342420325,10.370876910679145,249.47217777313577
2023-06-30,23.800414562546955,54.64854006058084,1.2572031635334617,81.15653405155398
2023-07-31,20.710646307710505,46.44070682313285,5.4077761757222955,35.0412323201856
2023-08-31,31.821375945242277,80.58221681566219,6.583501376936804,156.63794802965307
2023-09-30,25.152053313994273,79.57304254651321,4.186855501471493,157.3309037573248
2023-10-31,33.603167142859256,78.34757195749408,4.799434635314707,141.4825712223277
2023-11-30,30.794371091318887,45.427110239921674,14.28115713264187,50.92754946214075
2023-12-31,38.275649824376686,87.0865583332399,6.060514598979216,233.30411288246782
2019-01-31,19.77629671771707,56.44529660647907,9.186595316722265,244.86835555884008
2019-02-28,23.275406487372372,74.41818359394505,5.378650183905423,248.04213383430985
2019-03-31,20.84022580090592,76.70231427272947,9.52000230443564,291.27141343496083
2019-04-30,24.147985885339388,44.49614772240239,10.41080928991157,59.027633301496685
2019-05-31,24.079728092905626,33.13612005369579,10.597540687876727,130.8643251360136
2019-06-30,15.045300846731292,43.42908516338573,5.766175121391858,297.2958508490056
2019-07-31,31.932598982453527,47.37496228024362,9.08079644991586,19.767649509591813
2019-08-31,37.45309586782197,73.8962604311681,6.137974061755091,31.837625569470728
2019-09-30,18.145058408651284,65.35989869686368,8.351971924774816,60.898067757359165
2019-10-31,26.331542084543077,71.05971902731599,6.038796507015088,200.34186599598507
2019-11-30,34.83843505572077,35.135973169366096,3.5684103866241106,227.52110191026097
2019-12-31,19.48240588150121,43.54578449250169,1.3519561605883985,216.8792016715811
2020-01-31,30.442364654714773,68.66539017778899,1.396724305367385,248.55907787445256
2020-02-29,38.64461615602389,85.79151003003366,6.339814812966991,23.598617494277597
2020-03-31,26.61456911098115,74.66209225823944,9.672231033454146,240.92269270132346
2020-04-30,16.127221400134747,73.87326659239477,13.207791347429398,29.417354568737274
2020-05-31,20.834906736453174,57.20223633624944,8.239692433586626,229.0831438842476
2020-06-30,23.51713558937004,49.438756482605974,9.219859222178812,20.004690108907376
2020-07-31,26.247819527137636,81.50240278566375,14.395699345602882,149.7108518712244
2020-08-31,37.19310994733302,49.09124876738332,3.3238211024542688,223.76767951964467
2020-09-30,29.692580708536912,33.84261143188731,13.074077821976196,288.4499037711442
2020-10-31,22.743204593188295,44.51763814046976,4.898514072814844,268.9418571777886
2020-11-30,35.088544420660696,89.73625210821035,4.537282030397953,131.0331507969959
2020-12-31,22.912544481565508,32.13492874760776,2.9142956382092935,229.21104695024152
2021-01-31,22.90262219852239,55.46956996059211,5.330539141015121,84.19067396295473
2021-02-28,21.58767883802142,51.38860025086724,3.2788654143551628,146.74020951477215
2021-03-31,28.53338456753168,49.43373315482275,2.90750791128769,266.2689215448574
2021-04-30,23.93674113754354,33.95364109271518,3.3387793725629997,297.8492476334091
2021-05-31,21.860315790892045,53.590226073855845,6.428700599416496,86.06006249483819
2021-06-30,34.9385619746665,62.275171579754584,5.33554741638132,43.50982012496654
2021-07-31,18.86712120462153,57.09282136904547,6.712281277991135,206.23944121491843
2021-08-31,36.11303828284137,64.94144730383795,14.804944722934424,190.92862312585473
2021-09-30,35.00910471138363,57.421437131557525,9.491171154525064,181.27785479607755
2021-10-31,17.802462758768968,56.44594808619248,7.705587860348599,269.09822345570217
2021-11-30,35.26826163076032,86.83023701060364,2.903058463142489,149.29486635156545
2021-12-31,31.21317567060507,48.565948258168994,9.486831550544647,157.12754896585497
2022-01-31,38.19751574655068,79.70268873609876,5.521702267093312,71.17630909714117
2022-02-28,35.591481274599346,70.96363786771869,10.810621344156022,218.00114077746377
2022-03-31,24.646486170902726,88.92464271813785,6.475291418075088,23.99474483902644
2022-04-30,33.69809128278543,41.81600924645221,11.882138061747028,249.62842082493447
2022-05-31,19.109817108210354,78.2465547636679,12.08745420253402,38.154356765066076
2022-06-30,19.088875960345455,56.150901570816494,7.331843172047945,4.832465564801092
2022-07-31,18.16363277990943,58.597227378632425,11.690614185463193,77.47930736614906
2022-08-31,20.92032318634423,67.63902470147787,5.220837814961032,290.40628836828853
2022-09-30,38.58913042892442,32.51282363032653,8.042956516848395,175.26743664951545
2022-10-31,18.60419539545124,85.21634212814446,7.170713467455165,298.3677421829219
2022-11-30,37.92746262929485,38.03849200498687,10.401165301934524,1.3078739869741285
2022-12-31,19.366251636384202,80.92747516655044,5.1747282902583835,179.569305047493
2023-01-31,30.950080880406205,67.72328322153493,8.752195239577057,295.92420554486665
2023-02-28,27.556871614884685,73.28935038790036,1.0829950147162941,177.7322266195378
2023-03-31,24.731659920226207,48.80216438582148,7.473060261468349,117.01981972428848
2023-04-30,15.665064089914097,63.71888049758275,3.9995760808045815,102.26490464770713
2023-05-31,29.911864438598812,46.49875151841841,2.115031806486722,128.88082303456403
2023-06-30,32.20583193339124,60.75495761082819,7.421211432893184,192.6958952927233
2023-07-31,25.901207449314697,67.80207465254628,5.7680631238956614,90.3477059356336
2023-08-31,22.313510712039246,71.03360128666061,12.127168567490871,33.85744948310915
2023-09-30,24.09748516238331,79.99645830172545,7.359790141045954,215.86752397963048
2023-10-31,39.792486525464064,85.65368092914252,5.308138651101194,33.47817743000016
2023-11-30,26.608293619878822,45.20388645356236,8.070392646082738,9.148964355826338
2023-12-31,33.693585648190265,56.46696984590002,11.270705610031255,187.5080363430987
2019-01-31,22.282343680137632,38.6826381681912,12.357227817619009,66.79477056803562
2019-02-28,32.23154088664887,86.34655324396134,4.499982293133645,160.53615230202146
2019-03-31,25.276179838901452,51.307905841542976,6.70030017853975,122.75899313569494
2019-04-30,27.413745340045782,46.619869107282966,8.48865720935702,104.55274493462564
2019-05-31,17.84863173611359,70.56850731608742,10.829360637312876,216.26796571562932
2019-06-30,32.520449065966986,85.60840254660243,6.255282954590477,72.47550020125003
2019-07-31,29.73168346891668,61.92707834752696,4.729286980020333,269.83592536615055
2019-08-31,18.162006417282736,54.8688587552616,1.207324055856752,252.3134947537681
2019-09-30,23.180529579036346,44.53175352078853,3.3668084878718805,232.45752065458677
2019-10-31,33.960216019992615,43.49435823310934,2.0725506996555856,243.1549459759116
2019-11-30,28.721043889836846,62.29958232059472,8.911033080721474,284.61147547175426
2019-12-31,24.93105328667088,46.1220441452561,5.866397402421113,213.83153805507135
2020-01-31,25.71812854378704,40.94011101469317,14.192213130616894,226.52046123948753
2020-02-29,23.596339388564484,71.63284132249933,13.378902925610461,141.63502326997227
2020-03-31,34.70297349863047,80.12916933859776,3.2771310546586085,256.30379483481465
2020-04-30,27.325727613025983,63.84761662571979,10.155039040239684,276.7869447387322
2020-05-31,26.553511831747517,62.94864091448707,14.28757439643546,299.5851957493154
2020-06-30,17.400173662653817,47.82577315038486,1.7597965954512302,178.98915970714233
2020-07-31,28.72708056421807,64.97990878309894,6.623143760701324,284.7238809548451
2020-08-31,19.11568116413538,38.920353821770924,7.3883107632144265,115.74375652778681
2020-09-30,30.656120569075824,38.782383995338066,3.645017392709333,257.83037485006525
2020-10-31,19.21754107009364,48.94773867049507,9.314232747350061,193.65344564360979
2020-11-30,15.140782818701343,41.179006591112014,2.3961668539471512,108.997342670703
2020-12-31,28.636417384812297,87.00414931640438,3.512233326131943,7.626205553857468
2021-01-31,24.887226904589255,49.340307484856616,9.54551413301675,281.7326094930722
2021-02-28,30.063147253131334,34.27937936476886,1.9692217604388438,63.11596634823721
2021-03-31,30.937470073354078,68.71666531941378,12.574187077547949,32.07595931394641
2021-04-30,18.897017438245143,42.38671394497202,10.623213137105868,105.7307824579725
2021-05-31,19.516372552279257,54.39406847432946,5.978707989605917,237.3012222196222
2021-06-30,20.696079701912517,59.41331847922445,6.016052490734351,248.3485821198578
2021-07-31,26.053903452820293,34.29018145989812,6.455203912033616,222.4809059211626
2021-08-31,35.02023736692081,85.09549007647837,9.442053766018761,240.91686536735367
2021-09-30,21.232383750115282,43.493206813531906,8.272283009477327,168.80662673721883
2021-10-31,29.44339425402105,60.9050625703071,10.599901210005061,194.85972931961695
2021-11-30,26.264562320402934,47.131504302920376,5.172595319078983,114.93043007717534
2021-12-31,27.554050269091334,87.95032650349981,14.182887929027162,259.51875899530813
2022-01-31,32.96150445807917,76.20534187524491,7.472598964429957,214.22610680550522
2022-02-28,25.62973458934146,57.447698795149314,8.2475013552334,249.54723551579505
2022-03-31,39.791826320791955,41.84422402383255,9.057283037525735,277.5793924970893
2022-04-30,27.86009671865461,45.40617093227479,1.4883242814803872,123.08074149951506
2022-05-31,27.935032245624154,30.897671895378043,4.703648007164584,154.20924584276085
2022-06-30,17.080045412723376,47.60376868714709,13.289267180525789,229.46584804958886
2022-07-31,37.38531777985547,39.75402411980872,14.937230280264547,35.65577354287116
2022-08-31,30.57432219220239,30.407133178609655,1.6083874482163887,271.19400271675227
2022-09-30,38.33191030947667,78.36099027618414,10.701605112831343,1.5076510095935802
2022-10-31,29.36436258682543,79.33648268837551,8.877373569580321,289.31677699717807
2022-11-30,33.24016623088356,36.014482216055484,11.048647627427233,203.945437565991
2022-12-31,33.855783083738714,58.292407595289916,3.097733878631553,79.1882562395613
2023-01-31,35.88073227115037,83.60754325002696,12.525169029450993,30.912508029294806
2023-02-28,25.68520719760788,38.08786970516863,13.79137436419807,141.08518087897102
2023-03-31,27.294765815591703,63.92738196444649,11.017083364695802,32.88845832103192
2023-04-30,20.49998680591563,58.75297544601098,10.455662119894116,97.08873737414369
2023-05-31,24.341020461667462,49.974725773884195,3.4661547750400405,182.1800010304464
2023-06-30,39.151403319129976,66.24653406905082,11.489308628434541,280.904084241325
2023-07-31,37.3776556432523,69.55467222305231,5.827017001163512,268.0945947271442
2023-08-31,37.12185309458647,71.9726684259328,7.520782736970985,153.6094856074469
2023-09-30,31.345749095691943,70.87255546929293,11.530168491607323,151.07306890157744
2023-10-31,30.451091978093434,33.78568087099294,2.5099808661492027,195.07521589385698
2023-11-30,30.43893283024046,88.88494331001984,5.728583819851208,210.90950999223946
2023-12-31,37.89819365259453,87.48736772877677,1.1473646483358202,297.1122628063912
2019-01-31,35.68460484018395,70.718966230972,1.9127967338861065,92.22975976435116
2019-02-28,25.426380905817638,43.74699683468394,4.245063886632115,270.41998236877
2019-03-31,36.84181817949412,57.7100660736365,1.2966914471899387,68.24726726071871
2019-04-30,36.22830619971276,82.48211905960272,3.3878452920912583,40.87009546371769
2019-05-31,20.294982214538692,81.06664955085328,6.983661981186412,288.5932964202378
2019-06-30,33.127400472441266,87.90189737459514,4.645563022431003,5.536925712906793
2019-07-31,23.676175648844428,55.14448098752646,1.2368988085092036,109.48715630046755
2019-08-31,36.834604109276185,35.040102871237536,10.541364418413105,204.0329095299832
2019-09-30,27.41925282817909,32.47308275710197,9.179754828903015,14.569995917788791
2019-10-31,28.059331599170026,30.433196820223067,5.432348877777054,203.15721710179662
2019-11-30,15.089438615000784,32.79249127314409,1.0608169489772588,193.595875001285
2019-12-31,21.331134076006272,87.33728278688136,1.4008367136991395,59.918484033370966
2020-01-31,37.926954971636974,89.89664573239477,11.92728806217449,86.04378743204603
2020-02-29,25.887625686331482,34.34091059384913,12.006557368774983,113.08499150588163
2020-03-31,23.457139805247728,78.48466006203753,2.743073561119692,291.1800203572376
2020-04-30,36.55210214600579,83.6066079225759,3.718137752659687,39.136690965418175
2020-05-31,25.58316817556318,67.57076717547088,5.015140208639557,290.7747416467526
2020-06-30,32.44492582656309,34.93399329063603,6.85569713263606,167.79056162304812
2020-07-31,39.98412330481697,70.22121837970795,14.859728609848531,197.989883340573
2020-08-31,26.899542258730506,89.62638616607589,11.204629901070499,285.74739013029733
2020-09-30,15.512301171949362,31.00843678926855,8.28297764259561,208.81041966873968
2020-10-31,21.11973797573562,32.966846200760834,12.88253780791329,2.9879223612909955
2020-11-30,26.56408270784499,66.08305336612386,12.056195665311472,64.56619357991366
2020-12-31,27.353143528531767,67.21672902605057,8.61880002959079,221.93891158082974
2021-01-31,29.348760574831466,81.20883999158937,6.57416922418685,90.71508183372806
2021-02-28,25.884734903200336,54.113922477357995,9.06007027463686,175.0158696983244
2021-03-31,28.02872263762726,89.83363227774791,8.347434505106376,163.18092368708048
2021-04-30,26.807024108220027,63.230164950133236,8.41684881359518,96.52110895748334
2021-05-31,19.59683101802478,70.80857057470061,1.7938651191806532,169.14101733349327
2021-06-30,27.782393656150866,85.74458161540943,13.24015184311044,40.35764768675536
2021-07-31,25.128941800423522,48.26206700577306,10.554902472320082,254.2707144307485
2021-08-31,31.984837202810652,86.20127560002896,12.577286351177552,253.32789993602606
2021-09-30,25.567173387704006,69.08934921177678,4.626548941687205,20.927103693603044
2021-10-31,25.98620558232301,47.87084090160131,7.3828231183095925,21.36201526236976
2021-11-30,21.591886464887228,33.90032936464838,6.164307283229858,249.8325093682047
2021-12-31,21.058143256158036,70.72655901122573,4.23524490988396,152.70103364478547
2022-01-31,34.58053642630746,38.70664412889631,7.889094611499045,118.18327940717539
2022-02-28,33.76309951741872,50.345256795760804,10.93853606734035,14.359679671832126
2022-03-31,15.054602362638931,83.32478428509852,4.780028626928126,200.38102336441958
2022-04-30,34.66631290190867,50.33617319622158,12.470672532184055,39.209476124493904
2022-05-31,16.597783023728528,39.95966764050752,5.213331869762234,161.81379540844293
2022-06-30,32.43653168066817,60.373862165452806,1.3588514983819162,277.4242427593085
2022-07-31,28.06743161595925,63.00232445991624,2.360305547523517,39.69916683602741
2022-08-31,27.662530025923132,35.148646302566334,14.573371326536096,11.60548747715746
2022-09-30,39.049847746670565,34.88566132241613,7.101765164218165,166.75214630504956
2022-10-31,18.822177891199953,33.97012330351085,4.023134856281891,38.356145372608665
2022-11-30,25.840150835238376,78.41396087518135,5.1149182056010645,76.17387740100844
2022-12-31,35.86184358656571,55.21741560325531,9.079084196844716,261.88461912270054
2023-01-31,23.094224391699154,87.95966967344775,13.764825945741793,284.7511515322891
2023-02-28,32.55990356351067,63.42395596103503,12.941385591432484,94.51679079559632
2023-03-31,18.968947877802083,85.36088604039671,1.0373543521300077,268.14256296498917
2023-04-30,31.513310385912153,66.87856913609316,12.889068025717467,144.08007769968825
2023-05-31,28.619666350755125,38.43508987493382,13.175662817633636,202.76756661248803
2023-06-30,37.67182079547632,59.06836854199155,7.44457778688966,169.93998179389027
2023-07-31,37.17921720736477,45.55352922870949,2.712740063469978,282.7208594270971
2023-08-31,38.42862417037804,40.02250688028916,11.047038208798398,226.49361994474896
2023-09-30,39.088739984771266,56.62291614721437,12.131224449243634,3.98056225826251
2023-10-31,34.86380736054264,32.40078783210746,5.652338750359435,141.1634054853668
2023-11-30,37.4440894379797,61.16658105326593,7.535352684056811,258.2179986619891
2023-12-31,24.97854152734879,56.876545030629856,12.917950971031434,232.69639059781002
2019-01-31,18.999072936691356,30.85369342374996,11.949260204730537,243.6888166270443
2019-02-28,34.045131373873815,49.74575281888558,8.475391657089075,18.504088875928637
2019-03-31,29.226674956052243,52.955329420255204,5.561620279123522,71.28426005839276
2019-04-30,38.52850837864601,43.62894533021678,6.4547642430121455,181.9373326630637
2019-05-31,35.87154795165989,47.633404991959004,1.7966207269667018,15.747655185908972
2019-06-30,30.242339234350965,36.63518063783728,9.788258297871721,56.02388537919807
2019-07-31,39.06888368560815,50.884222251668405,5.85101242312043,178.7041907469346
2019-08-31,25.958319390358845,73.60409018120055,13.528748995905321,202.2598124828582
2019-09-30,16.105268598392513,44.67676020417151,11.71767695739042,20.74000074524681
2019-10-31,16.058373647562302,30.67195831534225,7.412937147020479,39.55098534105426
2019-11-30,39.691778180837304,58.40609419402161,12.234324436740911,221.00576276080963
2019-12-31,22.84338147111635,56.55534139946752,2.6049592101998957,251.0772989727876
2020-01-31,36.27006504123782,60.6011627836819,11.066240163167087,240.23502401216786
2020-02-29,33.778709195564566,65.3867760466847,11.768615059942993,128.65630839199153
2020-03-31,21.816926309862037,41.445259784595834,13.361656997632561,212.40339926138685
2020-04-30,30.301982955096477,77.27188317513264,4.554376153454954,229.08957466414023
2020-05-31,22.4236273988393,77.48930294068545,2.3928730712732165,246.82918064021104
2020-06-30,17.505283726263112,70.42269886325093,1.1086350767239428,142.58789296965247
2020-07-31,30.82671524662768,63.25162179692389,10.874988708975888,125.24236682344986
2020-08-31,20.94246900765572,34.87126722302587,9.779937516855645,100.91061356511293
2020-09-30,28.50735606680916,43.37846928059893,6.69997938378276,296.397897733985
2020-10-31,22.341910333960904,54.942214697095736,12.01739534670658,163.80737799622509
2020-11-30,27.211020167837503,60.1670226463183,9.69680202445855,1.0609871109673819
2020-12-31,17.764479676716487,80.30026923560311,8.777125697536764,206.99070364251747
2021-01-31,22.53991518614809,66.76803432816786,1.6020303162240068,36.52991327986963
2021-02-28,36.74421420034815,55.9214879780245,12.317105662475434,79.02108358675335
2021-03-31,18.19483720644555,86.87624078277909,9.00635623572554,91.66891830642898
2021-04-30,34.924691368974635,60.89878863890068,2.8302863524098996,64.52144143951574
2021-05-31,36.38777938466269,79.86237162642769,12.18550863547244,108.66850918159805
2021-06-30,25.45922275330018,85.7368041343574,13.75052537833406,214.70294403677306
2021-07-31,28.159969896631836,70.70160538697411,5.0066074535778755,75.64267819939569
2021-08-31,35.82642353160534,71.28683257566333,1.2962933957485356,101.01170066926005
2021-09-30,33.71460867508832,46.93371576708667,12.380667630539186,35.51905242829621
2021-10-31,37.53467142026643,35.39269680603828,2.847017560553352,148.65275319919147
2021-11-30,21.71818673661977,69.12359255967749,2.885228259382396,155.58450949060023
2021-12-31,22.669318783820806,58.51364802010441,7.290918434213647,212.57373751949976
2022-01-31,37.17051668358805,72.91328856349205,1.5135760755235923,128.796012856253
2022-02-28,25.792922125665278,68.04303049840317,4.597803129952935,15.655517339028325
2022-03-31,20.4816425398145,48.31521774602658,14.65411672002065,211.32166324877252
2022-04-30,18.31455450452948,53.70457952329156,3.479896367102035,109.0883246313471
2022-05-31,33.91113690918829,56.04391567185774,8.81861908262589,244.93615668016744
2022-06-30,16.053760424073356,57.243319356572954,12.216938603410805,231.50043189322375
2022-07-31,28.168696310751155,51.68295669393255,9.764833440199608,9.170510204288973
2022-08-31,34.73251122770375,37.811667592222,2.137907467772428,6.253571942310243
2022-09-30,17.971777639954908,80.97980265815431,14.418304990334416,287.6263848644711
2022-10-31,39.37181333578108,70.87035302637028,6.844384995312381,210.51931222673545
2022-11-30,17.869899174954103,32.88013815780776,8.939119588029435,72.86587098743671
2022-12-31,34.80555868109822,54.964214133196805,2.3080461357949895,145.30287068163744
2023-01-31,32.09709933615676,31.183925740104318,2.645745662756132,253.30964736392895
2023-02-28,17.374666124432803,49.24586484130201,6.420175516755764,186.77813896880699
2023-03-31,25.72744458713974,88.06801480458046,11.134917396702916,123.536321762327
2023-04-30,21.058245286343475,76.42076078875505,8.401601951503476,278.3907185361134
2023-05-31,37.88979963787174,49.73974648127813,10.876078591323717,202.72357654925497
2023-06-30,28.58859786623605,44.2957448003958,12.915286351250023,167.1657134790132
2023-07-31,20.796128913749158,36.491171692802325,9.972834845017054,156.9549202554648
2023-08-31,25.708569860874015,49.88364833655824,14.681381910006285,259.03294005310005
2023-09-30,29.65596680074736,63.226593755954895,5.852966047484699,60.45423762723252
2023-10-31,25.171602688482494,45.71853385671105,14.712310683579533,239.17187250684006
2023-11-30,37.389579749779536,44.18842304197839,5.835882802475181,225.87901980145847
2023-12-31,21.854346437786667,36.81327263060963,2.5967041678755827,104.3015224406734
2019-01-31,21.29161087613677,55.77294741124054,7.824166632637038,41.40828268136904
2019-02-28,15.03419960908842,56.79595808091761,4.874079965592189,31.303983997668183
2019-03-31,25.335414379347718,34.36092935044866,10.997701383632279,210.85524701880976
2019-04-30,27.56417441973494,40.537486879730295,10.220715125483322,292.63148695607117
2019-05-31,27.278524228366553,70.94874397421171,2.422043619295339,98.50562214321545
2019-06-30,30.128554920071693,67.1488281629514,8.414234836936055,228.6855585695173
2019-07-31,31.69650555599201,76.71318153111253,11.86595165168131,160.5221249337644
2019-08-31,19.21509153456356,77.47786474703673,10.077223060052859,170.9476431996401
2019-09-30,22.295579689349182,75.906690626391,11.696176759320089,87.73363829921877
2019-10-31,22.69481888869812,47.3403800840678,7.559532633019649,296.75376998034994
2019-11-30,15.207621028083244,88.20344160228416,7.043841701189867,290.80488432594757
2019-12-31,20.000406531645663,88.39680909800448,5.899965320006657,253.7600718614505
2020-01-31,21.316990693483724,49.631496349734775,8.51969047601436,63.4718419467907
2020-02-29,34.12505809979308,87.267625652318,12.892691295985303,285.4391039237459
2020-03-31,27.239022655690142,57.366323971032756,3.878812657451938,226.71297674771782
2020-04-30,30.9406608736566,48.231214852093345,8.5674095152451,56.93603323037292
2020-05-31,17.805288481181822,64.38767539635387,11.933641610052733,110.00015336238992
2020-06-30,22.95743464583339,52.08128816635354,6.2582442361389345,293.80500729716783
2020-07-31,22.709864799128653,82.61151498157031,11.944111723831435,4.624549822961777
2020-08-31,33.91729433190085,57.23596693821371,3.970257681034409,60.58144858255976
2020-09-30,20.288215646585343,53.60612936621162,1.8978935313233656,67.88087542753055
2020-10-31,38.425242487803594,43.49031448307847,7.555046345231567,75.15404194916742
2020-11-30,16.363491516878767,80.5326048126156,10.07435268571361,121.20603085884406
2020-12-31,19.83446524697638,62.2247724478554,12.891659569540895,14.845504066161242
2021-01-31,18.361426019176612,47.36430784226476,10.274019627898925,183.93659212246797
2021-02-28,28.690766284504438,59.678156424935366,5.3527684040704955,151.11982359247025
2021-03-31,20.412264181652933,45.81437705511606,3.9193855641886284,229.5190294096692
2021-04-30,24.625384283890426,37.593380579654294,6.398688363405286,159.09982682089029
2021-05-31,36.491097764134906,86.43819304837459,3.823863803410185,92.93174541721471
2021-06-30,32.86729334786892,64.07032478035835,14.678542550630187,81.84680066406067
2021-07-31,22.26625823413421,44.01474498731197,11.303782842599114,2.353476372186958
2021-08-31,24.500184106018796,81.79821089070745,10.237386484032838,216.3615374885831
2021-09-30,32.068923118338,55.632181636910076,9.281403162975222,220.21921050693237
2021-10-31,34.79912479911508,74.56659846647369,7.668565594864087,14.994814523265543
2021-11-30,29.006751889924324,35.080569314561394,13.652440788525183,272.1352257540397
2021-12-31,17.08679861353512,30.338085591685747,1.4171966922141657,169.00480871188915
2022-01-31,19.330090768997803,33.26460766501068,10.193197392719833,251.10233874093518
2022-02-28,30.325981411809643,79.23368470794587,5.800875220818312,58.090027614064134
2022-03-31,15.906372386038184,89.04108901178162,7.36869244035356,107.76934218651691
2022-04-30,18.96389920729155,65.56633795965192,13.546769175911537,32.635982665368246
2022-05-31,28.775783817003926,38.67929412041861,9.55700063678362,279.97760027425613
2022-06-30,37.29669959377703,88.2704643083975,12.00815639120476,162.8320506479412
2022-07-31,35.008121485162235,67.47108092186083,7.552916445967237,65.24530615889341
2022-08-31,28.838969845931512,84.43594276888906,9.744193432116449,90.81881315691214
2022-09-30,31.498107381476498,61.0588853410563,3.3431454301731187,293.53700165528517
2022-10-31,37.48567055434617,77.44923940887463,9.147825293305022,200.84100117557975
2022-11-30,38.48702219287189,55.71383026834184,6.0171468526535765,132.16099443701347
2022-12-31,32.63581739243507,77.82460839376537,10.543459077027029,61.97673365177767
2023-01-31,25.51900519441152,72.40166282055088,14.625650407094591,267.9416155138301
2023-02-28,38.02896234835292,40.30386977411215,1.913779894304585,133.10345989663782
2023-03-31,32.32272878920202,82.05713197134794,6.130393048759715,12.964109864999497
2023-04-30,30.784742040361962,44.525937439580645,7.0560397100469086,76.60968795608997
2023-05-31,30.860998529208807,79.66076443221243,6.987700727626865,192.33583951559382
2023-06-30,21.1523534023861,64.64456689762903,6.849505939719674,49.74187080908769
2023-07-31,28.605918940260437,87.03302231662539,9.755566818325779,245.09053514246287
2023-08-31,35.24495823434412,37.681062518499935,11.572621839475646,64.36206636098596
2023-09-30,20.57531603529695,61.537861680022175,2.277507969951434,130.93451964693384
2023-10-31,19.268737355528955,82.00721318938545,6.519449247768322,277.4647329803077
2023-11-30,24.550870760281775,35.49829231054367,2.5718186166047343,218.02216956879587
2023-12-31,31.06956722964853,72.20284113480827,5.187625842567408,227.52741771226255
2019-01-31,26.76353715114938,35.59283555356191,1.6430204512072597,33.48095983556754
2019-02-28,22.912676221875667,87.97910951442597,3.143435067183199,222.780396459777
2019-03-31,31.87859636109621,40.21398194629983,3.656689814044152,277.9501857132664
2019-04-30,22.780133983207698,81.00239129959161,9.444643527663262,43.70475819881051
2019-05-31,31.855914040704974,50.16470326453428,3.37687715661371,174.22832758567594
2019-06-30,19.865850818946402,41.05179177979417,5.029474587266108,74.52168157405646
2019-07-31,28.487664349607385,71.4552342042717,6.898757432554677,256.2046591366378
2019-08-31,30.95387663717077,33.7455110209508,10.132847466163934,273.47388037566566
2019-09-30,38.29756711051508,60.76339206441313,5.280632820009062,137.87610176383316
2019-10-31,29.285966287050435,44.73010866164831,10.122104991723528,249.67853120174428
2019-11-30,31.985213939878246,63.92660997392056,7.10805103011172,161.9844681664153
2019-12-31,20.74576319333375,58.72120784883547,6.685068093138467,261.9478077568214
2020-01-31,39.24813933914859,68.06718838533618,11.696778257934138,25.142530046149282
2020-02-29,38.45070318411169,73.43999244717375,8.713849422947128,231.12390446901435
2020-03-31,20.37480558970978,32.23051728297876,2.9713660693019923,275.19094363921516
2020-04-30,37.57067529317054,46.556648844758776,6.894999574710873,60.686382561761384
2020-05-31,24.68954168592083,64.57376470667606,12.640098670097954,56.518430220147664
2020-06-30,23.674176890612095,42.50311219538711,7.238689689399051,15.598029423390091
2020-07-31,36.619755549997386,71.68032021865196,1.1134131830625142,185.01369923014045
2020-08-31,38.183315379350276,72.16766158908014,4.432155245466409,151.69972292531344
2020-09-30,33.26356578741448,32.78119616605677,8.695375366051675,140.09743617054446
2020-10-31,18.27890559913147,88.1576797229448,14.777955058584304,56.11280557161431
2020-11-30,31.963481105359396,64.95310178307602,8.741170474649529,257.8080674258464
2020-12-31,33.44778332879335,48.96904150669971,7.77464890230578,244.21646169360278
2021-01-31,27.047689220900054,88.11977478880425,10.4100816170537,46.12350959873578
2021-02-28,18.904433261024682,36.31875354538853,10.567825852111929,181.80302212414296
2021-03-31,25.575361156044067,63.44070388298801,13.44029492472609,97.82115069813699
2021-04-30,16.208472604452325,82.33651176019154,6.849788863516,167.9360571214176
2021-05-31,31.127436141066333,63.448472938539226,10.015192274702745,183.85643218900915
2021-06-30,20.502376006856757,40.814762238668585,1.2185041131736523,63.17333460875603
2021-07-31,22.880965710025528,86.47317172473944,12.893247326697491,253.1005126258323
2021-08-31,26.815330215853486,59.75615007290277,12.328538165123271,102.20291069104826
2021-09-30,34.6332922784696,37.32322602487896,3.650672548958987,63.45615532326823
2021-10-31,21.255112176588547,42.37750890434181,2.9032717392108216,127.39122191710523
2021-11-30,16.96955177509786,46.61410138445626,4.484577392704687,70.36323022441593
2021-12-31,36.5217530888668,59.30127721687202,1.375871081819329,212.38932205151897
2022-01-31,39.88800570660947,30.820659066278647,5.97186501442107,84.30837788106074
2022-02-28,29.918108433146585,53.338986096026346,13.456609409624154,90.59457392572013
2022-03-31,19.387786311637406,44.83048467567106,14.632474997651448,119.1457499828761
2022-04-30,39.49034722747353,88.8234911616416,6.293978722812918,7.6571533671339616
2022-05-31,16.806800306380925,82.55314328201707,8.340003767246516,122.48003217792775
2022-06-30,20.72503564257586,42.06469126763231,13.701458967056979,79.19002102067778
2022-07-31,32.07093165072247,75.86395215375445,12.758034017436586,87.65304101461346
2022-08-31,16.1981293989006,72.59376653227343,9.150812610602024,59.432614401472264
2022-09-30,28.948718535862014,41.096720232703916,1.5450719020511965,10.796948660600359
2022-10-31,31.296623691679688,74.57119386686378,1.3206302605087723,287.69020384717385
2022-11-30,31.16493209506176,51.043110567255056,4.8273748535929,173.21978013992728
2022-12-31,17.590469691624165,80.22446674914568,8.704233508103428,207.28653605078173
2023-01-31,37.89228375129094,59.87628320373638,6.58371260775658,225.1166781272105
2023-02-28,29.3430637091894,64.57519770531553,14.331321995820417,132.7712419985128
2023-03-31,25.474842132755775,78.88777035959856,13.434490745297357,73.44322201827023
2023-04-30,17.760359866861116,68.07423051205417,10.41368811033806,203.96324616692644
2023-05-31,27.858161972746473,58.42146793744203,11.57635333055361,264.08737890402904
2023-06-30,30.756563202102015,56.52364262365338,9.800897651975834,44.03421649073771
2023-07-31,39.22254292785095,71.6764566976037,11.068406919789751,168.8106016113203
2023-08-31,27.15112686208073,55.321413958181225,2.484380659375304,281.47059667668975
2023-09-30,31.843766156471467,73.75413056810166,10.667736965595028,34.188594407445684
2023-10-31,28.02083016118931,65.42422353923436,1.8411922011182402,291.8705913590119
2023-11-30,32.81511710636833,34.17490701261474,7.949101214528299,141.81206959088672
2023-12-31,39.47354530453444,51.90489799402662,7.412333487470249,225.70843271921763
2019-01-31,37.20814536756555,76.00186943000895,12.367191518225273,243.97869040519626
2019-02-28,36.44397394517778,63.053722546174185,6.749931542646735,251.48735815623417
2019-03-31,38.21515823942549,88.55360027375391,14.147138268418281,81.5664965755574
2019-04-30,25.635387356812917,83.43306892616793,7.0139328592998,160.13291812051128
2019-05-31,35.73216693826285,73.78120834765832,3.9319974059450695,284.6644874698392
2019-06-30,20.7879267061514,86.99548943484328,1.3876584146228552,41.83963909955446
2019-07-31,34.50567291544736,75.35244907070323,12.39090433322563,1.3445079976586505
2019-08-31,35.471374019076876,63.8266980590476,8.353055522832609,217.22917283171543
2019-09-30,18.810173000947035,38.285019396120546,2.851971912134476,34.23442715603356
2019-10-31,36.13220270050324,71.78075736571685,11.797543573313687,237.74622664979387
2019-11-30,31.489920676470373,81.39506665364746,2.059025529202895,138.84919715964233
2019-12-31,20.166823444726894,50.4198905063524,9.356310022706408,277.461676630023
2020-01-31,38.16782113269433,31.896900676274527,11.827491144802813,15.61571951019214
2020-02-29,28.620049456899423,34.96825648287275,12.588076469074114,189.58723961700866
2020-03-31,17.206954824210236,89.75138575068974,13.562152239466124,6.324198128561087
2020-04-30,39.63640177511696,79.48810748605004,14.919546467211504,50.45723532847639
2020-05-31,21.083812350839967,32.40699469731093,14.796123381175242,102.13520866308173
2020-06-30,24.48977284386836,32.892134522750204,10.411829240824103,295.9640295920352
2020-07-31,34.151999977955526,56.71768634251262,5.84403378161187,135.36162246371896
2020-08-31,20.5206228969454,39.23743954511053,13.737260605302666,281.5011607864377
2020-09-30,16.499481804787912,59.27745838744492,11.836863897245625,45.34858745646796
2020-10-31,29.128807616932228,84.73199402977208,14.557036941135715,196.84351276780748
2020-11-30,37.232136551856584,76.27881799350084,6.761162440588945,55.15371806678934
2020-12-31,39.76003836455499,82.75120467913537,1.638438133565207,126.91764275901744
2021-01-31,39.772936869862804,39.35557513042989,4.549696863046728,26.704837420168857
2021-02-28,22.82469285451137,65.25338411915271,10.510417559524047,42.248750229334355
2021-03-31,30.06582303214087,41.07210304419865,4.824849084703255,122.69595112015031
2021-04-30,37.477223999014825,73.388485835245,1.4074203185216723,6.929902027274137
2021-05-31,24.75489918124756,59.912692699877596,13.259147427444203,32.56894341084281
2021-06-30,16.215686790881943,70.53766606192202,12.015775883198344,287.3605679632728
2021-07-31,15.300229077106604,62.455188797237916,9.031332365686136,274.26263690424355
2021-08-31,34.826543022588694,53.89862207181428,14.753530750718763,103.66072510458785
2021-09-30,28.535861915246123,31.107954293594158,1.8676505038532711,266.42411467764157
2021-10-31,27.29219465084428,82.35673049265512,5.219577283840554,47.77850830232831
2021-11-30,23.828860057063444,57.52372945201445,14.741579502620379,59.797157685172145
2021-12-31,28.425182164848103,48.53522097569817,7.36311046098674,214.33454818181855
2022-01-31,16.77941997159192,63.462285714400274,5.064164762616481,248.41649189078186
2022-02-28,35.40835997237707,77.65684304176047,12.53228178253974,63.44168439176377
2022-03-31,34.005140613229,40.49021492797267,5.74020360718203,67.25168302407053
2022-04-30,20.239462048458446,55.0404201096,13.073845563776754,63.88186428970284
2022-05-31,33.459790923401435,76.45293348998152,9.498401161383654,6.806052654734263
2022-06-30,29.114286465177784,34.44338906982219,7.74459672771747,268.72303353729376
2022-07-31,32.88710449435973,78.53563843306748,7.335471016410208,151.9661447644253
2022-08-31,16.64202089144043,44.94460993029551,9.005750057991584,5.495162164717515
2022-09-30,20.027087210151148,37.4654026144328,5.8307121705087965,41.265633442541905
2022-10-31,21.045487058014544,62.18707536253398,6.625932740313094,281.6579329306973
2022-11-30,28.614302287220855,42.31403560681855,10.734611690335939,222.33211248890424
2022-12-31,29.151189323104607,32.66414793636182,12.150099020909236,118.94262861701628
2023-01-31,19.28580511186795,89.0628787571162,7.559657297080612,260.20365141063377
2023-02-28,31.145871297922408,43.87421624346217,13.82911149439354,121.81317272973725
2023-03-31,15.504873077108323,39.515880350282536,9.983611111647196,215.09307031916313
2023-04-30,15.321438352924375,36.59875414592503,6.091227600642494,174.05156099739114
2023-05-31,28.074682704792743,32.59338908506674,5.794999902113924,23.05483855837026
2023-06-30,24.138219922681976,34.58013852998717,10.174564999357138,146.52955813598334
2023-07-31,16.74860025346578,55.14630517720239,9.162090762063718,44.120971365103024
2023-08-31,17.790917179271965,56.46208835073723,5.954190408275308,66.99451418220156
2023-09-30,32.76668114857088,88.89656563992085,10.961180604365458,125.47666597681437
2023-10-31,33.34649675513913,49.81604329937496,2.760008708985467,142.60810723669474
2023-11-30,16.978616706955236,37.060590758717936,3.462010338426695,232.41707799136805
2023-12-31,23.801911995227464,66.36388177109507,2.2479135164364092,2.8758053224402835
2019-01-31,22.31973575383611,41.548521924218036,4.699638289895179,250.45972659999458
2019-02-28,17.5885892988196,57.46881900507749,6.2611286320328015,173.29739881980208
2019-03-31,24.06158150574816,39.11436305933638,5.57105375258778,174.78670745347387
2019-04-30,20.846209227136942,34.794906560796406,1.0077585841935548,182.49582042002015
2019-05-31,25.042738335333503,58.82382529213921,14.640196203964843,103.3100664954762
2019-06-30,31.345959745415655,34.565362280974576,9.450426883097327,279.3674277536694
2019-07-31,27.12775349295432,70.14066148377232,6.175614958319212,63.941131291936514
2019-08-31,16.91509040784275,72.35440015959949,6.511287796778971,81.8003970804432
2019-09-30,31.77965305397954,88.7505898320035,8.447617220637339,64.22539635079823
2019-10-31,30.610012186804077,70.7615273952988,7.825385985669998,12.15585763190099
2019-11-30,35.72830074120995,73.00658729005357,1.4560973534904427,112.05612547210842
2019-12-31,19.894377785328405,85.93692864424685,4.50799807991007,220.16429198212256
2020-01-31,23.746827267503846,77.46958122540408,9.769100822673213,133.62032333625274
2020-02-29,34.93998373724472,32.09993047583914,10.809209604429958,6.876471944891083
2020-03-31,27.320626897487145,64.37196023801116,3.3298825973143353,268.3006826275589
2020-04-30,34.40122397173451,66.82238891097461,1.9731091512127052,152.57337656061452
2020-05-31,19.532827037116554,49.826841239901654,8.535058072252124,275.78316335481964
2020-06-30,31.570077159393396,80.66001295196025,11.72193225651813,113.74179473177773
2020-07-31,22.251267807394377,89.4849027722282,12.429182647586765,212.3941504149263
2020-08-31,31.34859180449816,62.089089896588646,9.34858647005407,124.73667047317593
2020-09-30,34.16681213340385,86.32775458517145,6.98261756363611,232.2470377491498
2020-10-31,26.329335297347058,82.43443432711001,8.98773996929961,263.5006817662761
2020-11-30,27.59548425821365,57.34546217168735,2.060355034150422,3.821683001164511
2020-12-31,20.25132300448263,77.0350157307929,10.602214373240162,204.29337876352912
2021-01-31,21.83960669535927,85.60732698686559,7.863221140467093,252.60234355158275
2021-02-28,17.401899390958903,80.06699744086578,11.53526124798507,138.15274797245362
2021-03-31,35.92748754472256,41.95420580913273,3.820215504815546,12.610920657126211
2021-04-30,30.408908089975625,71.1017969561513,3.768746786645258,245.8038446165313
2021-05-31,26.604890560540774,65.84184449763305,3.2452285114727037,86.81343026157835
2021-06-30,22.467099595353357,37.15469467915567,6.7270644839253375,8.555548173387773
2021-07-31,29.897090941725246,60.83527157408644,1.4808073809450573,195.96938064205352
2021-08-31,34.60736761971816,85.36169903726204,6.266311546035087,151.87552034919807
2021-09-30,17.15665352657741,55.00314689838294,9.651622655862303,199.61331274545233
2021-10-31,20.661515093951373,83.86231358835482,14.715684450101598,194.2978756920884
2021-11-30,34.727253789910336,50.46432957420414,4.5854992824087635,263.7544217674725
2021-12-31,25.87397765878042,36.718378229219596,2.974695663497762,246.32357323405503
2022-01-31,31.25390551846235,81.7006791716704,2.849102952862439,244.1406531780489
2022-02-28,29.411496411480847,86.0336062889918,5.523242462123732,109.69264881126341
2022-03-31,18.468999134637837,36.915553741562206,5.19920559539308,298.6046389281659
2022-04-30,15.8771902804075,69.084021522055,8.488666978657129,137.80391139820242
2022-05-31,25.414937017348578,37.98024125925947,3.288382016674716,102.87888281945501
2022-06-30,20.531749965647023,41.749502931309465,2.828735536170085,280.1862395385714
2022-07-31,26.107781636668385,36.35438017048667,9.66824034527786,185.8761300668064
2022-08-31,15.638685028040104,54.37964838280352,1.439594817378376,111.27702753271949
2022-09-30,38.39314622646035,85.26206319272029,1.7058380788223697,51.92537184612054
2022-10-31,28.62183210714338,59.25392179673548,6.336450013512521,215.66339411824052
2022-11-30,21.00613893799971,87.39671124983153,11.431016604280838,170.14906778497937
2022-12-31,33.627004279055456,84.29861290690087,1.0616225260530079,0.09904777784293106
2023-01-31,26.43235698489209,54.739054684987494,4.299641294944417,249.75365055803778
2023-02-28,36.6353970447111,55.069128366375224,11.504374137316077,164.40992166647789
2023-03-31,21.487200580947047,71.72718740330932,4.5770395393468934,218.6281392673392
2023-04-30,16.33438735443152,71.31073130457378,2.0358443788266714,60.98686663078685
2023-05-31,24.068879030029414,37.500649205390616,3.0162850127237935,267.25728435231383
2023-06-30,26.798448213911467,81.16420474391589,10.036557957254347,13.431711755428521
2023-07-31,16.52783940320861,69.32937741198006,7.5369104858920135,140.86641419805989
2023-08-31,26.03418900799474,74.78236048754123,14.023560479790785,272.2727111889799
2023-09-30,26.112724051732602,30.7269423359789,2.863421540380597,254.90238544038232
2023-10-31,19.94636624194161,62.522519073236936,9.423380304690314,182.57151729180495
2023-11-30,35.59324700335425,64.91162104107974,10.9282003198205,258.03613241922403
2023-12-31,28.985052897456022,32.74658036572354,14.046914099598217,188.38124798983802
2019-01-31,24.979519124722277,65.59150545347674,8.634447421290382,73.42034317049416
2019-02-28,37.57532597920231,35.01493332002134,12.516748987499842,45.588757763464535
2019-03-31,39.54821810875441,52.47967797075802,3.3783422217960704,255.87991853916634
2019-04-30,34.6699177266144,85.40856226910302,9.390205446229215,56.13252687517591
2019-05-31,28.792732103726838,66.97516961022609,13.706950106333617,214.60819201494084
2019-06-30,37.709563684281605,60.158960077336936,10.185918617148278,124.644626009881
2019-07-31,36.149721934680784,48.78055315181359,8.077643131554298,195.04252039408922
2019-08-31,19.67338362604191,68.21661452561273,11.450436629104885,278.284270544417
2019-09-30,22.86891232151923,89.13013749821013,7.525989897844412,224.95178509362725
2019-10-31,21.512189476433726,81.45318762599479,6.245143283145654,5.049995958168441
2019-11-30,34.088493377284664,84.9084741752992,4.329489061870886,128.69853319204935
2019-12-31,25.32635869883495,58.94852666506995,7.429323479097273,292.1822300000345
2020-01-31,21.15511921271954,47.61672990388499,9.510725266497175,111.97648770494263
2020-02-29,29.968083526418262,56.636018982186755,9.357444015837391,87.2639196732658
2020-03-31,23.171167428267893,37.69692641695989,1.9582475690067418,134.25008175709635
2020-04-30,19.24060232578931,71.84148401002624,4.1427270172581965,20.535950827812822
2020-05-31,29.456346133417966,83.4999621321455,7.784233164766652,277.9443302134209
2020-06-30,22.908347729713803,35.82324785900266,7.057241507670035,101.43473149786882
2020-07-31,29.308862800690612,34.178178958503636,8.740171509360797,172.7216797478042
2020-08-31,28.629770727257412,63.26731367199835,9.847061479920223,131.73473228479185
2020-09-30,26.804917568953037,53.615753716415895,6.529281991481683,127.24526401747995
2020-10-31,23.402741155515095,68.38486272226078,8.472546488313005,244.67609415473058
2020-11-30,19.10208213040389,43.282113569517215,3.167357368355563,90.71071013278149
2020-12-31,16.083640498183144,51.865608680115066,6.318733627537684,241.58117916217526
2021-01-31,30.772760771543616,42.675283848634905,3.6302715451760434,141.37109784011096
2021-02-28,37.58286668915464,58.9990932931352,9.03523451080937,147.53819401879704
2021-03-31,18.566085933912742,78.74130264602394,13.042062353470813,214.64313860630375
2021-04-30,27.786070847940575,63.91358287024984,1.0830689544447907,64.65034675012966
2021-05-31,32.005322610472064,67.28576271717029,10.832403257400497,235.564762537567
2021-06-30,29.430055903148936,62.6812856060386,7.879792564720344,215.2610590537881
2021-07-31,27.85604919805931,42.496881517504804,9.519984730091108,216.89998787812473
2021-08-31,22.85418531979909,52.452767744343475,9.688917329690634,228.75770312819276
2021-09-30,20.735015667413062,41.00456781704105,11.890461993490451,60.199235006532724
2021-10-31,19.427914216959323,61.70068160619326,12.249946419604342,64.63598308669299
2021-11-30,39.09208180651255,54.018653953866774,6.093229518052688,211.07551769963138
2021-12-31,18.678942524093085,38.6051167341765,3.3484216859544382,13.67175648414609
2022-01-31,33.92580136152583,61.09984722058989,10.065766887147916,122.00405522899756
2022-02-28,28.749937137183945,65.48444477393483,1.405817021312613,172.01303640046754
2022-03-31,22.259022820204883,57.25896911270346,10.719457472614092,249.57399377128817
2022-04-30,37.5282809821543,30.956741187198652,12.94256926963114,156.3006518845071
2022-05-31,39.24523722940884,50.48007604987309,12.151750723418484,255.4592415862481
2022-06-30,24.075036249564036,33.73345035913452,13.566596116793393,11.384919071961242
2022-07-31,26.70767317097866,83.84999264407224,8.10990101804586,206.46841265330733
2022-08-31,33.23129932821037,32.142656941688585,6.112286979492402,143.75080421863254
2022-09-30,21.82042696908551,81.26955680374016,7.728095537641497,186.2124679005177
2022-10-31,32.417840008825706,86.240373787482,3.316182960264288,194.75678539094795
2022-11-30,30.479594462946274,44.76211357285379,13.281923238919134,31.167406324294188
2022-12-31,24.528582882324464,85.96872089821541,11.012306283538127,278.4736039314227
2023-01-31,31.425022165788704,75.42742943863257,3.6617625676471377,99.77882531879023
2023-02-28,39.43300762782442,65.26610775636539,8.136775428986686,156.9468189432335
2023-03-31,28.859042158556836,59.45590384898793,7.0857232003171475,169.9804040850573
2023-04-30,33.69111531491933,81.00713208336671,5.955937973625334,166.30921224852295
2023-05-31,31.693749613024515,31.035659129834407,8.355197916987853,246.51306858766023
2023-06-30,23.813196281596284,34.608661658395235,11.542806538808732,217.95785808297686
2023-07-31,18.000323888144518,75.04982182118006,4.1192957936039925,298.2898901412116
2023-08-31,38.80309695327176,63.79588323123723,10.784636006518001,240.42911466259352
2023-09-30,29.27731522465635,48.39889928571707,6.301445249892183,214.45287865350727
2023-10-31,35.81195000079772,46.24992842039755,6.984099373718159,71.51773265670293
2023-11-30,19.915801061650058,46.08880385794656,5.626267766661066,142.3639279344521
2023-12-31,28.096390176070564,60.87012989142552,7.553428622294475,222.15550940473477
2019-01-31,38.08064696215581,65.78278996214195,14.603108464672903,40.93533548113756
2019-02-28,28.148771613640143,45.17203801968843,3.164505514318583,61.96439093066877
2019-03-31,29.140836285937617,76.94298559341301,1.3227389682329416,290.820033769856
2019-04-30,36.07351599693153,65.19351364484123,6.211783613773481,24.06856881531172
2019-05-31,27.547454510066615,67.4344219714738,4.250499702570472,215.60861614426167
2019-06-30,22.384279567687148,33.10217999044021,11.746331655544468,105.7581380035265
2019-07-31,15.088724796619283,66.80557569127392,1.4168067036998477,151.24454691849488
2019-08-31,33.00128998837767,67.07421393398603,10.721396335161577,64.29832858599394
2019-09-30,21.699911219884093,53.59062189525602,4.919014703190208,68.34308720283944
2019-10-31,17.866437413114767,80.13564181417277,9.953564907704035,102.60885438138092
2019-11-30,26.899576371513675,76.7617959028631,4.292177980117838,226.08656417530773
2019-12-31,16.61760492099628,38.657844136516765,13.362808209255942,123.04929451254098
2020-01-31,22.38881246588044,88.54736018064688,6.196701813079342,6.76849522719829
2020-02-29,35.59693409064511,58.772186702581585,7.7400368393680825,95.5964262202054
2020-03-31,16.622667405366744,53.28968687761902,3.040376462235688,68.99688398743359
2020-04-30,20.062476240102377,48.67563972897379,9.262334329377909,99.7136819632862
2020-05-31,15.198854531963516,85.31330913512744,1.7614175240220127,79.7320970452306
2020-06-30,28.198600093691027,58.848767357805954,2.248386680609369,30.648970171866587
2020-07-31,29.902463191752396,54.59878355319401,12.738757667921538,55.552781653517734
2020-08-31,21.159078798935987,66.10841353793231,2.831187560179039,174.75984914634418
2020-09-30,21.29198509650776,51.31413103983016,3.155453917461967,207.21686826869063
2020-10-31,17.439938496218517,73.67414298675557,14.565169947106396,170.87488733492782
2020-11-30,18.97094238455039,76.9463645699325,10.910488429771064,54.79169271053953
2020-12-31,30.814484105507155,52.089810831077244,11.283282209864064,148.4656923314505
2021-01-31,28.890868930124245,68.04528345684709,13.23599195753052,223.89185084628278
2021-02-28,18.591910908869256,32.75773782066662,13.280237228252155,3.549850763931639
2021-03-31,27.27018123631757,56.88546676775519,14.626299113005272,297.11525330946574
2021-04-30,36.76502106439279,42.88884384624808,7.8003789926359595,288.22254651860067
2021-05-31,37.6504863944122,51.58992192555352,1.8822154696993467,180.17901107383503
2021-06-30,39.73874478312068,44.59686437173272,12.734688486970176,141.09714766379386
2021-07-31,38.27092578899776,39.931184136294576,3.0195183976322815,162.428818291499
2021-08-31,19.82807100659341,33.141267011147924,13.647555207047342,283.69684961462525
2021-09-30,30.30009743328614,37.18670279301366,3.2865137360003196,192.22000779223364
2021-10-31,21.427124145093067,64.81933475485218,5.750376346703124,158.93054025914407
2021-11-30,24.80320367423181,73.43226229888303,13.73459315636077,7.510900871233151
2021-12-31,35.222732402244404,84.48446415177546,12.390561214845636,292.1771636661584
2022-01-31,32.85658657054621,43.06575711294107,3.4727279643442808,107.49687857681496
2022-02-28,15.191769982244718,33.033342572243384,9.541112161837425,187.87682433968942
2022-03-31,28.692892704480897,86.55466391357322,3.329872131042438,87.71177529907638
2022-04-30,18.898415978855812,76.88667623306631,11.670331815668659,236.91908750264997
2022-05-31,30.641733248122662,38.90460740295823,10.515920809907332,31.471315904793396
2022-06-30,22.394297534564817,44.50886514222916,1.4987201205573815,82.67878043119471
2022-07-31,24.88792357768893,81.22174283886237,11.568975712927726,155.1467911466874
2022-08-31,18.368897785167114,87.90915314598232,9.416769276861436,243.97594720350614
2022-09-30,23.97426074217522,62.34534031240763,12.154820047977836,252.72924064513413
2022-10-31,16.124836590498553,34.85646805854111,10.198640600842248,40.653180748451675
2022-11-30,30.546402137114395,75.63193212626618,11.159685884806441,207.609208545934
2022-12-31,28.41796568515545,31.44402230145632,4.550682367875851,93.2089973817516
2023-01-31,30.6466527403842,72.03041974073281,4.543181645099977,242.87377827449544
2023-02-28,23.32957888740067,86.70825810615105,12.263466127822126,273.3550767922289
2023-03-31,37.300639225749336,82.15097183883063,14.970730505064008,175.55494244952402
2023-04-30,38.65582251111318,59.0483476270767,6.243713487646165,84.83454168090877
2023-05-31,28.32214091602174,32.13020212311794,14.311774479207559,82.61270444248339
2023-06-30,18.438756437323708,83.36468585722238,13.790512334336025,138.21013144114715
2023-07-31,32.16649684958236,89.6969991673165,7.543021584664867,217.1038104278423
2023-08-31,27.407427291007043,67.27570535553296,8.558752120290087,213.0760751522148
2023-09-30,34.49606452548292,70.25146219984173,11.244359630198472,243.54323083175842
2023-10-31,34.860686804593676,73.91652330466567,2.078451474152655,238.94088836869307
2023-11-30,31.765145243033636,43.524126886128016,4.364518758886136,172.41276086027258
2023-12-31,19.85802433459768,51.90509265041221,4.0037589069990736,155.83432134370216
2019-01-31,18.675750230378654,50.9761039442572,4.141296675022597,238.73370049151583
2019-02-28,29.016421337517045,37.19315224944025,3.962614582891341,51.65655826672882
2019-03-31,19.398581933124664,58.316103167178774,4.2928699033682385,168.37614623835032
2019-04-30,17.192417729057734,58.534204605219216,12.993775123785964,165.5922585815339
2019-05-31,30.747713809007397,63.09194935983562,12.366132681260948,159.4987418593438
2019-06-30,16.39165365140498,89.93657771883107,10.728973750161432,48.07997971217608
2019-07-31,24.213002305650974,62.95059235267313,11.420269519452734,122.54355934651456
2019-08-31,38.91001948583542,45.98801647255216,4.747074273135889,266.68567670719204
2019-09-30,37.81895579866847,66.52034073598881,1.5553157356770133,34.096790719840286
2019-10-31,16.459905601478848,43.08098991191632,14.460592383346489,160.30932865781378
2019-11-30,21.480704876678274,48.54805753521924,10.627527576518625,170.73915081373238
2019-12-31,38.749022521922285,89.03034051244647,13.1302829288797,272.8654772325304
2020-01-31,17.359655010504223,73.5935944913715,5.717001417059108,238.4788552310192
2020-02-29,18.5789077916018,49.74075682703596,7.188386518025933,57.66960135811917
2020-03-31,32.34847819957044,81.59632480400911,6.326499124160106,289.457975630571
2020-04-30,30.193068695928158,64.55462804504378,6.5559205847860955,297.2086697697541
2020-05-31,28.148927481701016,33.9023579610422,6.590631660980621,199.87047120173622
2020-06-30,37.51955000471064,84.39183792716936,12.506843328242665,112.589422611936
2020-07-31,15.116204223132016,32.47600706413339,14.717317589334563,43.497612600811564
2020-08-31,36.38668822790264,33.01013060992132,13.34747398964616,255.62095134856708
2020-09-30,35.90482744381226,51.62920330056703,6.604823255029254,266.62701556170776
2020-10-31,19.657672954356848,73.14986290673338,10.359184540549505,224.4362400332779
2020-11-30,18.60756206029633,49.877900427640384,9.176601331187662,211.03894928699972
2020-12-31,37.824635160775216,52.627023850300816,4.079722868574541,182.4303560556275
2021-01-31,22.750650411623774,74.83813522491533,11.465927278517524,155.33645114417084
2021-02-28,21.51646996118636,87.3905247740847,11.876333940616306,236.12085081717947
2021-03-31,19.09092772289969,76.61174117016671,13.050075880269949,266.7676806254681
2021-04-30,33.10892337074589,38.50291249485434,7.548251795602587,107.09454176332733
2021-05-31,31.965048076191678,81.13852979329741,8.500637193259045,100.7866622184877
2021-06-30,38.151534319668826,77.93102761203806,14.744914445891851,241.96356738726146
2021-07-31,26.728147697337732,75.29810130396216,13.97674557029997,223.19817020378534
2021-08-31,21.876919628448075,65.20600582968164,10.235323043670476,5.2807571104034885
2021-09-30,37.91918756667212,34.89087570270098,12.618148110025741,135.35207386200503
2021-10-31,33.40974475125112,88.06723151600696,2.608363275103045,174.21745984284172
2021-11-30,24.25905388894148,42.79322094420005,1.5314590534807793,146.56068599156765
2021-12-31,35.72055642763455,82.66015607110566,9.99695538931037,267.0021824082173
2022-01-31,19.701428592888274,51.51744633031164,1.1284499181407526,228.6362926123226
2022-02-28,18.74193763926122,74.74786220512345,3.6110081676672547,70.65433546699886
2022-03-31,30.27908406979077,69.97567815968225,10.374361032079333,66.08620808661084
2022-04-30,28.55489112215184,48.037614392318915,10.341635043752888,193.5253510589489
2022-05-31,35.398124775549405,44.80232443650171,7.030921313995429,196.48443362944323
2022-06-30,33.48708964053319,59.654155584456774,1.4010430383435926,185.05495538277665
2022-07-31,26.409637222179036,30.01718846357462,8.090476185851415,277.2731803031372
2022-08-31,36.27327068583102,68.19774710670292,2.9746528701721804,194.89894904085827
2022-09-30,21.092966139534504,45.39376019419277,13.825050681699437,149.99405282141248
2022-10-31,37.45682662775317,61.622639809720866,12.897231651232952,17.97141030100913
2022-11-30,36.613531322438476,48.679972297975624,5.574959843569059,22.18460696091038
2022-12-31,29.63675072557223,86.0673412057669,5.841566292999509,203.14348119874893
2023-01-31,24.081286178036574,43.469681304145254,14.275761097034387,232.0508308641486
2023-02-28,38.587480742598174,59.01902275056811,14.93072454585008,202.09629923467298
2023-03-31,21.81810591566058,69.4859330884502,6.098350080357978,210.74824879874686
2023-04-30,33.77194441286225,32.203691334354936,12.185475353597596,41.385303140507105
2023-05-31,23.693371394090384,88.29434902405617,6.960946264898519,69.35246135641277
2023-06-30,21.170293628850903,88.78323860722864,12.602613032406751,178.75981605857896
2023-07-31,21.708276627983132,53.00163114810222,8.745324340396925,282.59486567197854
2023-08-31,20.83144103634995,68.53961351704791,7.375148269049889,166.12675090136958
2023-09-30,26.483630076468593,71.31837713122253,7.224132642210914,100.66367881736164
2023-10-31,32.09181304348767,88.76254917998727,3.480994715767316,97.7993755606808
2023-11-30,32.37207763693222,56.971970759118435,12.36174102948948,160.0766818140903
2023-12-31,33.330489239535254,51.70665206632404,3.6091132330272417,99.59501836298652
2019-01-31,36.44028088313894,33.82985952156681,14.345869470902219,183.79837414559972
2019-02-28,28.093858611859872,71.55796896594273,1.6151236917727232,110.51921106630644
2019-03-31,16.127774888009846,54.471777805539716,6.830865773166979,289.6472815313354
2019-04-30,21.544537067302194,71.58739273060245,6.598720819446169,124.2405429418745
2019-05-31,23.43872032750813,52.89233054841279,14.621087375051832,1.6899835144147501
2019-06-30,31.919181792264933,74.17576606665841,4.399505970157271,151.14602961621236
2019-07-31,31.935867111157513,89.8341042952552,1.427587694096337,27.372718234116277
2019-08-31,17.97093472251228,54.897510132151176,4.804497014087358,4.478690170805299
2019-09-30,22.16592132120652,74.04691806386515,9.24795742228813,3.8181845069761633
2019-10-31,15.705776323726703,35.2063969235397,10.093745491686802,120.3495480981081
2019-11-30,16.336643103140712,60.58502469682603,6.151788697127911,160.40002646786473
2019-12-31,35.86439662487383,46.59421892569799,7.524920980462298,137.7598150186161
2020-01-31,19.073410974226153,43.238756680737424,4.292383347744565,129.22259246438858
2020-02-29,33.144225391809016,50.179596739828675,10.54915784320325,185.16737582741888
2020-03-31,18.806503252796915,32.69150017112315,5.093662909847188,259.99707720867195
2020-04-30,37.81805208228227,64.17395505465007,3.9204777284881436,102.95813953300855
2020-05-31,32.98178462673039,62.92753874219307,4.7699832773219315,299.78984278904954
2020-06-30,27.958869764854576,75.67595016590721,11.816839439617985,287.98057613631863
2020-07-31,38.15332096933084,64.30257911750789,2.465653955971163,57.910848664296324
2020-08-31,24.89257886099797,66.95586433350556,13.471412063062191,249.31387421285893
2020-09-30,19.82596853234444,63.740179643506686,2.0446667779619148,104.42670967550492
2020-10-31,21.61880587665524,80.10566040779554,9.01849371220102,46.654964371567786
2020-11-30,16.959710674256463,31.24584538346766,6.191677184315853,223.7403146298032
2020-12-31,29.1362308808621,73.74806303483314,9.904602076131061,299.41440651827213
2021-01-31,32.236989843214936,87.09288682060438,2.5707799025878972,250.06037013277717
2021-02-28,37.12236926503482,65.40814540227312,4.369027389201271,170.48155629001005
2021-03-31,38.83892016800246,80.6889631543286,4.64763019753633,184.93768054988885
2021-04-30,24.340273626842063,88.97281750133716,1.5018181325438502,198.22516647398945
2021-05-31,28.82908199178475,49.72184323303581,2.699909712637675,139.87702233521202
2021-06-30,19.312623674622323,44.50078894243036,7.49151651056871,239.2226178166109
2021-07-31,28.41339434064276,57.20121227485172,13.45435048390671,208.9083800749418
2021-08-31,23.54470263703065,70.531039191915,5.141010612861776,105.25146944833624
2021-09-30,24.73819020931383,61.11108795658278,5.544746135698222,186.80634410896448
2021-10-31,29.908519127752577,67.9404624439745,11.439436588332896,88.47944632836298
2021-11-30,30.209214767405896,59.488694065106785,3.7444088238491076,298.72446811785886
2021-12-31,38.41423562258349,41.268319010159004,8.445312123741342,70.42127436392859
2022-01-31,29.214554517249944,76.48060610240725,13.026537173648194,210.2946018065481
2022-02-28,32.5776787774806,36.89716303904838,2.1857189622137607,252.25010727422577
2022-03-31,16.57441100366652,86.78748567543298,11.713406520050617,219.25553195563998
2022-04-30,37.33391436649127,41.16540369564362,2.7429741829696064,151.0605139674401
2022-05-31,28.265931416641305,36.146526973959205,10.93674197518175,108.84861741806206
2022-06-30,25.053974931841196,79.23960236467495,13.8065311444413,52.22021509901105
2022-07-31,29.384542590248547,88.68588715894279,12.521304480311025,130.75189168036584
2022-08-31,35.957488830071014,89.125221000073,3.5383813329724463,207.40390239826115
2022-09-30,35.378614935644606,62.999338926853014,13.165991711325239,228.98806576768425
2022-10-31,19.786132292731793,80.80797604888568,1.8099348739872796,1.9181256228058663
2022-11-30,17.913667192879938,72.57406298388366,4.2248181788496035,124.34301822227077
2022-12-31,23.51166481726019,36.76098274533041,7.986795128041929,8.044139345301303
2023-01-31,20.894037821589325,83.68087045996008,1.6336163941877204,60.54588245932887
2023-02-28,35.079801742747506,69.42072941325206,13.53648980862563,271.72339069168424
2023-03-31,30.991606669746048,54.94367395677182,9.324378355285692,125.99573953678505
2023-04-30,20.01684755252507,30.94320061820699,5.056015573748016,110.82258336148145
2023-05-31,37.64430239463816,33.2073308389919,5.317448980623249,86.44357458345847
2023-06-30,27.474853861299998,54.57126883561135,13.708066325507295,40.01651679513498
2023-07-31,21.29396996971884,40.680956833291575,11.840201648922111,96.50521400011033
2023-08-31,36.554551321990715,30.934907730030957,14.71721393185282,110.5588420039372
2023-09-30,36.168135219746524,89.32631884170763,2.0083733202247087,13.623046825111107
2023-10-31,35.62575780608611,74.15849226028968,8.42130288864673,7.770392243691838
2023-11-30,29.951145561675588,41.52857092179326,4.0898492877126795,14.204521423970796
2023-12-31,31.326397699876676,41.136881442383775,12.534838389584847,54.05801606996229
2019-01-31,25.188160576965416,39.37887590050906,5.091175968650511,159.18152160982456
2019-02-28,38.181558144840935,33.884265964588835,2.5851610915170458,179.03646900433205
2019-03-31,26.819416141171246,46.69407735984851,6.655390999902412,241.9173901383141
2019-04-30,28.48386040017241,81.27514612856886,2.136229487746009,253.10772103142006
2019-05-31,27.576554581324626,53.05975330582208,2.907125838323509,107.0299744686579
2019-06-30,29.888732010146335,66.5439701552699,4.058586034272491,195.35051673812515
2019-07-31,29.963690449502444,40.71921904955978,3.039873534848854,1.23594521780096
2019-08-31,18.34818732914137,75.63203928058171,14.10137861875817,153.5384982826256
2019-09-30,38.69923913861244,51.59391058763535,2.401731782078185,12.447447231471331
2019-10-31,17.939176761830694,55.010439555622064,12.743922179701283,186.92131002075573
2019-11-30,23.989739347998228,77.42887625468623,2.9136588060493898,108.59338480568556
2019-12-31,26.71403440333531,80.72321685554772,9.52944834526089,182.85047891717434
2020-01-31,37.11424363941354,76.44782286371102,2.0440293254997295,249.79978494812573
2020-02-29,17.963200720503153,45.51148431269727,13.47810097384756,144.81301387174256
2020-03-31,26.276350143911436,37.016728289584826,6.341278044283867,70.0479834929252
2020-04-30,22.242400514969297,55.97682727172413,7.838572751499093,19.353783221410147
2020-05-31,36.847484187536224,74.95933029499409,13.013629364789454,48.54268784315976
2020-06-30,25.498345961785894,42.35691868303182,6.931469734649866,199.16695070327717
2020-07-31,15.910987152584852,30.209505516178215,11.189457691150333,205.15791750264995
2020-08-31,29.373872138821405,70.83743570416419,5.755034523008207,108.58622149446867
2020-09-30,25.04990343446391,60.703591459470815,11.673514681986745,47.2126327720443
2020-10-31,22.889970882139362,87.84169744994638,10.650772105466976,117.88203834522012
2020-11-30,21.42371278952119,66.42520687215304,12.45193532839695,28.079341837996274
2020-12-31,18.35924034730059,53.47308990248526,14.598128767621125,105.34134407869689
2021-01-31,28.04391093930287,55.020112236581255,12.383026445220105,230.0127786582734
2021-02-28,36.216989117713915,82.7968045723877,7.4401693591299125,187.14217917626252
2021-03-31,21.07904219488602,64.3769084218451,7.592026238846145,200.18765451840238
2021-04-30,30.66787700259622,82.89689645939029,5.607448034668761,122.08613474227668
2021-05-31,22.79426968540301,48.56562187195745,7.75875057033336,154.59490076740633
2021-06-30,23.371881903323754,62.0220898305931,7.33576526727995,11.024062987066241
2021-07-31,15.506215460587372,62.569513004503094,13.693177986121773,54.41639610938414
2021-08-31,30.956890485503617,38.20700063523116,3.028723765686422,30.96587743673369
2021-09-30,34.87434087939907,31.165181771843688,8.077281660820578,232.02796701814387
2021-10-31,28.130151736427212,83.42498844930228,1.0443423979376045,84.6334818310793
2021-11-30,33.64525610190387,35.06833179373631,11.373382810873185,202.6200664258671
2021-12-31,32.53424654331536,42.52202496850856,6.678346946101289,100.3480002034653
2022-01-31,25.28292496517925,71.00838838642474,4.203362068991543,299.3898899423351
2022-02-28,36.79347719780412,60.658614937533386,10.236421995772446,169.00891426829517
2022-03-31,16.715165913499085,52.101494836914725,14.472751922240315,4.449552736374274
2022-04-30,27.591939335526558,79.82862172119746,3.0647756463217446,164.3004703537039
2022-05-31,17.621780525280364,32.03235961329638,11.501476962902045,160.41190778391257
2022-06-30,22.097957272959725,67.74733316033996,9.178724894683866,190.1483360831828
2022-07-31,27.261507900230924,80.15526517122943,12.390733523935378,21.42188205173703
2022-08-31,38.16034696459244,50.20756732354879,11.023424657951558,144.8625365918069
2022-09-30,32.77817518616423,55.07533233773526,1.9276411628527637,94.49166016521808
2022-10-31,26.352338615108312,55.72504447789869,11.815027519585891,144.34330793879263
2022-11-30,34.08934783666439,72.62614849445215,3.2359226699903396,143.83918337529838
2022-12-31,32.246290718657534,48.54160875722589,12.81710228135129,65.21553128318229
2023-01-31,23.48976853489566,38.70380016555923,13.014581743969575,261.2518607601721
2023-02-28,24.49475653694888,65.91078476800652,9.122628686263454,190.93060337204415
2023-03-31,17.427846687841473,88.51074817528146,4.315450803297113,188.35943098316068
2023-04-30,26.739517583795646,84.69438840826189,1.139912848019991,234.75169078480778
2023-05-31,29.6103656220862,44.442693532365254,11.316908871961335,217.99110848215426
2023-06-30,34.83640161789383,42.73070730653447,11.337951417400365,284.51532788178497
2023-07-31,15.980037477063187,39.5012688226238,3.6704970780691273,152.55123828400772
2023-08-31,16.63081653168717,34.677004165855124,11.401707882845395,40.90613853322726
2023-09-30,22.540518427133325,82.0550611781095,8.07432991095202,265.6871176672169
2023-10-31,36.79365942981393,75.45296142863336,11.117104685261774,26.04137211439057
2023-11-30,21.585074720159618,52.47803217617199,14.06818561663869,105.62243188369408
2023-12-31,25.94274116041848,35.669032510737814,11.365104010185325,239.79755017758592
2019-01-31,19.08453641161376,77.3353159448462,1.0843085651576891,38.1531594575632
2019-02-28,29.54464587808731,37.12083691544301,10.80450756087052,210.82897824194717
2019-03-31,32.79303979318094,66.3759638119423,12.840677045649265,88.69757155292946
2019-04-30,22.01741192701101,49.39370356667505,5.025282780849787,38.65534995336466
2019-05-31,30.26605166579444,66.77390621889109,11.561978408238993,69.64168570959983
2019-06-30,37.74376796578436,30.81372573626824,8.682453316487845,47.603293558186735
2019-07-31,19.835739791998915,70.88675256718926,14.127152997811695,63.55996191969072
2019-08-31,39.95885878308066,40.11935755958912,2.2301497021496024,41.81918023990319
2019-09-30,17.091077264581674,63.91754457107385,8.726531952988042,116.51551339402218
2019-10-31,25.795724899130906,82.38524371288139,14.720295326622427,73.9475863300057
2019-11-30,33.319917992278825,74.18501470658694,1.2568982703573086,108.31790948345855
2019-12-31,29.98584465683674,80.98235539347706,13.142881639523004,178.91205920022273
2020-01-31,22.511134488750564,84.2804062519042,2.2668080858937376,260.94720266610943
2020-02-29,19.381765056068826,80.9647081940897,3.9809343532039527,223.85860478987402
2020-03-31,19.948744576223753,35.24087930888575,11.048190141564437,268.3860807204201
2020-04-30,21.67054416847649,41.91537698961656,12.740055900615172,208.9495718534934
2020-05-31,27.05634346401554,41.91963811027908,2.968628996351975,36.973881675087185
2020-06-30,33.23018973074532,51.37027034651247,8.064986367127197,175.531255746952
2020-07-31,23.885713262698733,64.13164784167066,4.60451465544696,132.08375125223557
2020-08-31,23.48292563359661,67.45176604736888,4.471232012557136,90.0506396015022
2020-09-30,18.331412645825292,31.05316305349873,9.827237792995973,194.54500256103833
2020-10-31,33.63575667414939,53.42489912193339,5.7184567717246555,157.09100224119436
2020-11-30,36.16917998816659,64.26170347502715,9.870854121725587,56.24379924957601
2020-12-31,19.69983299074211,42.59740321494071,10.369610371903136,274.78622549159485
2021-01-31,33.96116750018939,35.22388219877803,7.8522325372374695,2.9769621489263765
2021-02-28,32.7996161494804,84.85603467433776,4.744739401883198,70.00795546485196
2021-03-31,31.28984785284484,47.81825744109422,14.015764981316238,222.17825984285605
2021-04-30,16.270802463353082,81.58577967536058,11.658311982583754,64.87694376838573
2021-05-31,28.619389891800594,49.89166146188981,3.45318518223842,230.5443687861918
2021-06-30,32.27190150039908,53.90753344918956,1.3661860234537835,132.3079870546702
2021-07-31,15.415405668179014,80.37132334333273,11.919489349043374,18.976209262287714
2021-08-31,30.846046621373905,31.693028444267842,5.776546759717126,224.25506902425192
2021-09-30,31.730100123894136,37.296726897432066,4.719734291860773,250.80091164258883
2021-10-31,15.145156522731066,78.80774358808345,5.9054926794569615,215.51348543285297
2021-11-30,23.84013190591215,33.81908222007765,5.143764992026913,96.52095489388869
2021-12-31,34.83343054819889,72.23214773637699,12.083427048087445,234.58024230842383
2022-01-31,17.802981254067472,69.09555638884348,9.532535243490619,154.69256022023475
2022-02-28,38.947902171009815,55.48711000191285,14.892336190366965,222.11820900236143
2022-03-31,39.594053364222546,81.46602557198452,10.243818958670397,220.4986500793265
2022-04-30,29.34703976913144,44.60894859634925,7.166332414497669,117.12003953572372
2022-05-31,16.22220573762963,84.16506089844466,7.763415289314741,84.28831595190647
2022-06-30,31.82794907880752,52.19241231682067,2.116598584094399,41.446616985760386
2022-07-31,39.63704376429004,34.51179325257475,7.000296499332398,71.72861789598456
2022-08-31,36.10350005162999,85.62476430261816,7.824666025148182,170.02587453384075
2022-09-30,33.549167632857326,76.73241889535775,6.2462481883437,229.39079828549208
2022-10-31,35.02631936932072,59.54493684771282,8.2904350594067,288.5231064511102
2022-11-30,32.03196325787,89.1480810449113,14.196262999876762,213.73522941359326
2022-12-31,27.203986956930542,43.6735858625956,11.657699937149825,78.82581234372394
2023-01-31,32.956050656803015,46.493105496443974,12.046151802767625,256.36056009050384
2023-02-28,17.609102488609867,51.029269357194764,3.266415526992218,98.63812799802606
2023-03-31,32.970993705141666,48.78407935875401,1.4738211916620398,243.17794826310288
2023-04-30,27.383671164029337,38.08854012008289,12.409411544900635,175.54955595100427
2023-05-31,17.183510352848607,55.01652097626356,6.259810841909171,104.95541610911783
2023-06-30,30.431657178341066,68.88840737188565,13.74845182484606,123.11351261668798
2023-07-31,38.390483908216424,43.64853879877748,6.729186317177367,46.47890605341699
2023-08-31,37.285333364940314,50.78696266131999,12.834364938621466,213.23210495003923
2023-09-30,31.462661179809903,36.95601063945038,6.42301885591145,187.51607189110993
2023-10-31,38.159074235450284,33.20721286829205,3.756140114151301,211.72282385925115
2023-11-30,17.935101559089997,55.01441791340859,6.051205505628369,54.93703793535531
2023-12-31,30.396083896724825,51.486972990256206,6.932804454913305,95.4770332899362
2019-01-31,31.26992854300199,78.79108021197575,7.0791888779016094,37.354640650086125
2019-02-28,29.19331949952548,78.79529706731394,7.828551933993701,226.1872482036301
2019-03-31,34.82463958287369,59.32835446409652,11.241681555539925,114.41629892206976
2019-04-30,16.762352321314197,47.012761471548885,11.0374638208019,190.4270758679459
2019-05-31,37.483979991904356,39.50243383794838,13.802651484126068,263.5334738853238
2019-06-30,21.832446668224406,67.11730112448333,1.9603088657105405,114.19833033846028
2019-07-31,37.098063549031565,62.62663853039312,1.5618907060891978,275.97063769796927
2019-08-31,33.53127926791217,37.85166397947963,12.166701205583475,62.577996003767375
2019-09-30,20.872254149295504,48.06993222007556,4.431850307683191,195.05169407175325
2019-10-31,20.362996820293215,55.77247052371254,14.8746744191853,172.23662813220656
2019-11-30,37.50386878619139,73.51338976710812,14.945612382700773,90.65137899158636
2019-12-31,24.645507221850647,72.09020746124943,2.265229531614775,24.2758236527038
2020-01-31,29.055581246105262,75.69043858059142,13.126490903030733,180.9133707898644
2020-02-29,35.00344855959854,46.097271053329955,5.760337894143716,275.10727571335116
2020-03-31,21.18860717545115,82.94527250921702,6.0518989679110256,186.16579757846432
2020-04-30,32.86996519332739,67.5072890251558,12.174149212478435,20.54912242880369
2020-05-31,37.90584583283038,30.65372838152058,13.181582575524114,65.58549937765773
2020-06-30,36.82219624900789,61.503192468094,8.639745057463614,84.26608098289887
2020-07-31,28.55725347528417,69.7449447648695,4.903481907453753,96.53907257628263
2020-08-31,32.09425030220355,76.77487000647645,8.720533585973111,54.49230422023964
2020-09-30,29.535119255341435,88.55283262553311,12.589244566175534,299.5575338968778
2020-10-31,24.961756121471385,31.688596862754874,2.317841003313948,253.67966756809852
2020-11-30,24.981884600389428,74.75789084869558,2.8771588073697645,94.20441307345045
2020-12-31,21.378883468859495,50.99856185869086,4.234764673637111,295.8530661668539
2021-01-31,33.845656542325706,82.88131441834497,3.4011375217233986,104.04066593640113
2021-02-28,23.636228349328725,56.07789849691254,10.683847850254843,243.32363417715277
2021-03-31,16.893320936486887,72.91457742726814,11.299642481382863,299.0732667893318
2021-04-30,20.384423042626896,60.744368607608976,1.8902325945210114,268.47971359974633
2021-05-31,26.571118941449434,43.26017353947886,11.342235476473641,8.270472250753691
2021-06-30,19.83389214608477,84.05365249411938,2.981074212603712,152.29806236284495
2021-07-31,25.88180597159853,57.07470320192691,6.605666320940518,275.3177427273707
2021-08-31,25.84299068050385,49.453433313553205,11.410927317836073,60.89142810731886
2021-09-30,27.935354720422453,71.11264478030814,13.805657496022684,162.3521490414316
2021-10-31,15.419442856638625,77.36935060941842,5.135921779872477,135.74612248823107
2021-11-30,16.072168995985272,41.43541806724956,10.29801260137914,29.49710012758915
2021-12-31,19.343892405745585,36.5798532895679,8.22314609051958,167.60908919407944
2022-01-31,31.900039023547684,71.74717838540562,11.205515979370334,195.428943658805
2022-02-28,32.703752615406245,44.468221062600236,13.413669706435014,191.3705187147958
2022-03-31,23.838831921811007,84.02742436487894,12.024853960811233,22.17651499372909
2022-04-30,27.78827361190035,46.29059560427332,12.579831922687594,56.11414946026484
2022-05-31,29.639795630511358,48.09087211437201,9.922390815339858,110.21618674558735
2022-06-30,21.245580327152922,35.067849891172465,12.485058877541551,231.46744734458588
2022-07-31,29.91805723418406,73.02215529520103,14.690486010746431,242.1480234876553
2022-08-31,38.51445884850658,31.838141532368596,11.524386313083204,252.41248984079886
2022-09-30,22.417417440702152,85.59728091431533,7.007726448946435,281.66090217279435
2022-10-31,19.867125157504667,51.916376522118426,4.398916949989113,101.224987313989
2022-11-30,29.356667240022453,35.38229262251807,13.461164373654613,289.69074861243433
2022-12-31,34.97442225097646,87.07090865098228,13.454037882670525,137.2010040047425
2023-01-31,31.84799685211341,53.47220650286552,6.597028465591478,229.46685858334314
2023-02-28,15.123507625123931,77.1462431837915,9.978464322284635,13.989828820137673
2023-03-31,18.827838272643337,53.74503631715926,10.184113518592852,248.5107021690593
2023-04-30,28.408820264761005,62.749800579254945,5.015290118996814,75.0402313011127
2023-05-31,19.82680684491828,88.25919911421641,8.692642715596872,54.75066690017245
2023-06-30,21.20150673782411,32.32020264112861,5.463506545484823,237.78747043524857
2023-07-31,30.58426900552243,83.87702060292267,3.347762520772111,188.0137727870363
2023-08-31,27.40416013041002,78.66678797392774,10.335472556141879,143.88817116522677
2023-09-30,30.943641656142944,58.62463029355281,14.083918045899942,86.79129513121597
2023-10-31,34.95439846154487,37.952646307504544,14.918318852109476,98.12933282933757
2023-11-30,24.25155157174939,78.23258262865195,5.4868549217150715,137.47964471904248
2023-12-31,18.55386046638293,42.6789575380107,9.475832180924487,150.52146630080975
2019-01-31,16.456086319286783,63.803335835809875,12.165293990452131,39.64685919129681
2019-02-28,33.53727314967021,66.05743864032024,2.564542052075279,237.04739117083435
2019-03-31,23.02805082645348,88.1259623740916,10.360433327851727,127.80152382490327
2019-04-30,37.24069174768211,59.39496669626968,8.606055170564547,83.98133148908006
2019-05-31,38.8924889729718,54.74576940076552,12.48871155996415,162.9803524795246
2019-06-30,18.865312866587423,46.11465958652595,1.9040310482356553,54.72416704558979
2019-07-31,15.359255148168725,31.25168835824454,9.567732089423172,6.549562905726935
2019-08-31,39.806480094161515,68.80627732895663,2.556679286725765,252.87958708619567
2019-09-30,19.1843212885034,57.14820302486054,8.150961867216715,159.51269897431573
2019-10-31,39.84251308470512,58.19236341818045,11.329653047082925,14.6258631858307
2019-11-30,23.14544697764208,33.872868301432995,10.118759172173146,291.2673777174356
2019-12-31,31.30742208991569,83.54166484678171,6.390429537259553,207.57246934822726
2020-01-31,30.97543572316907,82.64789698030668,8.344695422671247,112.05738834371485
2020-02-29,32.809035376040654,73.91264129828856,7.148533250991889,23.92154020737364
2020-03-31,34.402357155458105,34.03052587595137,3.8694072712519287,292.2911221510781
2020-04-30,31.04959719952013,64.29157194224214,8.34356031785545,193.41056964355315
2020-05-31,39.90382260501615,30.276032743553067,9.95493493024894,260.90597431825586
2020-06-30,34.3774490909415,42.78650545065773,4.823040107159659,60.4743258720106
2020-07-31,29.353916660788798,88.75587588199309,7.343873882082379,281.2910910949742
2020-08-31,27.819062422473138,63.08801272423619,6.800389109278987,44.3031713515727
2020-09-30,36.733733595327045,38.70303844808558,7.936441864413044,285.8474150808408
2020-10-31,36.981016687912756,56.82593972926772,14.08160605287937,122.4276408914096
2020-11-30,21.061731082576436,41.49986322094847,2.9837288416432446,135.8798611720359
2020-12-31,15.272313362258144,77.5750138062497,6.718509533175678,201.1902284504579
2021-01-31,27.757814585300995,55.63048738038056,5.01435565215013,143.05838753738234
2021-02-28,16.537718529207044,88.32821746628625,2.3531271541466605,153.52143621087546
2021-03-31,39.83993414279276,59.31378306992276,8.705732204498801,208.32748485709456
2021-04-30,17.01313381934559,81.939625885092,9.127372617344376,137.59219895950724
2021-05-31,19.61226029634126,33.79068299722916,13.43831210905341,279.30234289473697
2021-06-30,37.85655015440094,31.76197796808286,12.222914914024273,117.15487816747971
2021-07-31,20.92339698556206,72.05957363934893,5.864137085478533,136.76051148058036
2021-08-31,22.74326499713818,42.43479373452349,6.060218160550031,146.79932405472846
2021-09-30,33.14244236957852,64.78722951502357,3.039892564465126,93.08058560396472
2021-10-31,34.153761870078085,65.9341200414459,8.019644326289992,186.90227568735978
2021-11-30,25.51097948198842,84.0082770775802,2.117745038905603,252.03394926013493
2021-12-31,31.82802845244384,34.52490313599168,9.096499580995012,73.86049303453822
2022-01-31,21.581091406831167,52.28000150564077,12.926098443198098,237.76462238796643
2022-02-28,24.378966614609098,73.52003591179252,7.73284746272114,166.93631357875196
2022-03-31,18.4147234594106,61.55211169369606,8.265737549325902,172.51414993318505
2022-04-30,25.865251039644292,71.9266168417079,11.00834720884981,228.58878023870594
2022-05-31,39.34945237718112,50.8824642269276,1.5480371905262313,10.969733372732527
2022-06-30,34.623950581364504,68.97628856608486,7.128135423023011,285.03112666546156
2022-07-31,21.88049808595214,79.2164576345848,5.315304713019186,296.4743197187728
2022-08-31,26.857412562252875,33.58339733831665,2.5509747623374004,244.03637147353535
2022-09-30,35.459613908986285,31.021887665280214,9.149507564523113,264.23163261800664
2022-10-31,24.905568503314388,37.96956626653292,2.7817168867611577,96.69620352635265
2022-11-30,28.29922401947959,52.51448441341491,6.402051386782426,58.487848810053144
2022-12-31,15.798008544363588,65.63749625582054,13.230845244607803,123.02512471668223
2023-01-31,33.71859629161208,39.837727129084485,12.85284874610295,39.57118164924026
2023-02-28,24.4551283422876,85.45961984206987,9.637014470973654,181.0231609578075
2023-03-31,33.72203199164836,44.938995973890854,7.505044015971043,289.71798702353647
2023-04-30,36.68065896998429,37.201320822209155,14.008392310860412,82.41872407248441
2023-05-31,20.631644467376375,39.70731510141782,6.5999243553329965,213.82582655810873
2023-06-30,35.12031152445594,44.32658796555852,13.361660288877331,285.924693666715
2023-07-31,36.569497782562514,61.129960550895554,5.864574980966703,191.87216199962432
2023-08-31,31.20861190023095,72.11811619460869,8.05050995453039,43.48232029200467
2023-09-30,29.331066621200144,66.38276871444202,3.3657391691104968,257.33207879073416
2023-10-31,20.488040893157933,79.00063696118772,11.273182596750651,57.99218363518308
2023-11-30,23.969946428933817,73.00788175823715,9.093285742761585,288.55362135805035
2023-12-31,25.071874631570516,81.06797026817995,3.695229833614595,131.86745676474624
2019-01-31,28.943493508277797,50.75744940360671,6.8297299126892845,239.25706423248167
2019-02-28,29.610904740536775,46.333916521143834,13.117132140486056,85.00205726200515
2019-03-31,32.5644142491055,33.59473055285285,10.38573687241566,72.29567686388837
2019-04-30,17.394847097940627,77.87587744680502,11.45848496638411,179.66341154650988
2019-05-31,28.352795960062835,80.66839605083085,11.21049046965674,249.51633764795574
2019-06-30,35.71644898102568,73.42178384811974,13.892123343164165,97.75036877692962
2019-07-31,32.64063050610629,69.79955147290005,2.4525024768874744,81.44530404573375
2019-08-31,19.88022166005424,76.13171732154217,2.1097264875644317,196.95913085645583
2019-09-30,33.12848506489583,42.79225696565695,9.611307122241621,134.26394442426715
2019-10-31,17.302559428546125,51.8733293292635,12.104452893579033,210.94706676966763
2019-11-30,30.720994713967073,50.51581305590533,8.414467956923456,116.14731184003061
2019-12-31,28.513827957045645,62.564678601377324,12.060126224398237,112.71607039191588
2020-01-31,20.569146910423747,88.14849720299159,9.905568800841136,207.75525277605533
2020-02-29,38.92083820256475,68.38991782830817,5.668501998428187,226.00206622433072
2020-03-31,36.37465037080143,57.90264921349747,10.251446168437752,7.242233136700094
2020-04-30,32.12948810516238,46.05541069967117,3.1377656388990776,230.52036678712005
2020-05-31,36.541681466956334,42.156942041770606,5.990694312069655,293.9430521668065
2020-06-30,16.57155960658375,53.089798493733156,6.128299663817603,141.09264471972534
2020-07-31,33.64917019715212,59.67093303133309,2.7914142975162397,170.97283400677173
2020-08-31,28.70217170151624,81.4055670947998,8.203362813068946,272.77926972699646
2020-09-30,22.572373571544677,59.88062363006601,3.592123622806663,139.96851154297858
2020-10-31,30.624250958933594,83.09506575626355,3.7276973162918843,219.36167476364852
2020-11-30,24.190399161283317,81.83316196073741,1.4099393867540473,131.9292585085327
2020-12-31,26.052658194824936,62.512261917455014,9.504147081952137,199.7298254190917
2021-01-31,31.55413386736769,55.30688908112576,11.227002350482431,217.25341054213595
2021-02-28,39.3079813951054,66.65225651799703,6.4908687515294705,153.59782505837381
2021-03-31,31.374517350972205,47.27041758460811,4.371190339133939,38.474461693519466
2021-04-30,21.612610109271483,42.03471295170009,13.176964291021742,53.75709886545481
2021-05-31,15.1798239001965,60.938398441190714,3.1102351798631283,13.34832804551973
2021-06-30,26.644639329499313,43.403641803192414,12.683684598807421,68.58817759469189
2021-07-31,35.7896621418207,89.50671430596235,9.723312294588927,233.76202208046857
2021-08-31,26.484914478433424,79.50755083998168,13.882515551340864,12.00132666708813
2021-09-30,31.44342697468681,75.97790268073561,9.013866895516951,267.8247013561055
2021-10-31,35.69601239986009,74.30025214846589,13.46264498418653,287.0374118769243
2021-11-30,29.238028665825837,88.98758459889686,4.044904559481602,295.77114813703923
2021-12-31,20.49396560151856,79.31414634367724,7.13633140592134,189.73134441408274
2022-01-31,34.95585784684535,73.55534621976032,2.145464663906333,38.22465564046603
2022-02-28,36.836881338181854,81.88042671508524,8.47451911641933,5.699683671658084
2022-03-31,19.02545832060591,61.98495964048814,14.592768985078708,107.1706249850346
2022-04-30,29.56138331223486,76.70872614359295,7.92390818293506,12.498900128988621
2022-05-31,27.280864220797127,64.47025965008388,5.018792485668181,198.88478202888336
2022-06-30,17.150653847171753,41.498953537919654,9.434223929984418,59.005920795435095
2022-07-31,31.773269823852726,34.030370213700536,1.7576165492510916,175.94033161216416
2022-08-31,34.54145548487655,47.29568058441497,5.682560412407048,235.3382139592706
2022-09-30,15.442298078028708,34.325944149010795,3.1854699669236037,16.42797935688842
2022-10-31,25.759869796939626,46.80934715461629,12.779173493486914,59.92541925988504
2022-11-30,38.85218382589285,42.16299579064125,12.314356352775548,110.69106286066118
2022-12-31,21.860728069323454,89.32520503171564,13.908134686856876,219.75479097981417
2023-01-31,23.674732966215267,67.65218939672256,1.737829324223837,225.91891388622005
2023-02-28,31.866109252145055,32.1420857314298,9.40902581498305,193.78205122840328
2023-03-31,20.492190635737042,86.99796528544424,3.1517111877785293,11.088705066168114
2023-04-30,39.4625595824432,41.08188326468229,3.2088639690942333,10.26437586230311
2023-05-31,36.090594714741016,57.91843178512088,11.990762076356999,144.79572549386302
2023-06-30,20.73323673510214,42.486502739822,8.627039321988649,252.61348149482566
2023-07-31,30.833696254729055,34.34240058105027,2.5069939056684936,194.11050737012616
2023-08-31,35.89021763645684,78.2704726609936,9.696710086566418,84.12826051748347
2023-09-30,34.44574947850509,87.75849977681287,5.530581548520387,206.39760559070405
2023-10-31,32.27916824451884,84.15100274523473,14.504282536746423,250.80687502223304
2023-11-30,21.981965947462303,30.36004690043892,4.019076222930302,210.0192517479602
2023-12-31,29.05994993836995,80.96257652330745,1.2735961755808172,37.032886016562315
2019-01-31,16.742617067668363,43.40427747817358,7.158746214771001,142.17442512060643
2019-02-28,25.806646869947954,70.19512292823794,4.634512990054708,190.99335776686297
2019-03-31,31.864191278174665,79.66885466064751,8.609848255722577,20.676966403543585
2019-04-30,23.231596912155332,74.88400813512118,12.444307854617605,230.44574928082736
2019-05-31,27.094830826362838,71.83398842641624,12.947925773128,58.66710328673671
2019-06-30,24.01079219201261,61.24035086411762,1.472514822884415,93.75888627850884
2019-07-31,15.082028225257517,86.04089349489581,2.9244321471952697,11.977875333345168
2019-08-31,15.01872023037178,51.08851269046719,2.5943349692255113,264.92031001506075
2019-09-30,35.90054146114932,83.7890696208703,3.2745889125993584,236.1168287537199
2019-10-31,31.87677119395079,48.38082558111481,13.446346918124506,59.79973791426409
2019-11-30,26.502456448872962,56.0570110932091,10.696226955402846,135.67882875708253
2019-12-31,33.6860809191673,52.967780848992106,10.45449833089153,15.806830900016756
2020-01-31,20.168382641039344,53.8115559701893,13.038542043638316,18.434374813277678
2020-02-29,15.149947327924066,40.94160101823761,7.639294169460471,82.72093592634204
2020-03-31,33.47761340521768,66.85977246364384,11.920421506306724,22.298658189881127
2020-04-30,39.63885736932126,78.86000323241817,14.154154601967733,178.4383714157271
2020-05-31,25.184583145110846,84.6955904134467,11.941324114865985,216.87003013359575
2020-06-30,17.44219183641253,35.67575891886206,2.204054568286205,292.94287172960276
2020-07-31,26.86872468866828,53.05683410758532,3.701285894126487,43.968600844309414
2020-08-31,25.975448310727717,47.52132504078146,3.1755276695760912,201.70521789010743
2020-09-30,17.331554947723223,39.99143177585319,5.5306553957603395,31.065882640412866
2020-10-31,39.7641456214074,39.11658179444647,7.486886532555568,219.73509927268086
2020-11-30,21.897470423046194,41.59883983471288,10.723342954998069,160.91438573323092
2020-12-31,26.108862253154612,85.2029313861624,12.129806654644376,128.68952387547063
2021-01-31,18.473956609587955,46.33194835659393,3.3495093177209396,37.3813708858344
2021-02-28,16.15182829637931,72.54792333345527,11.083551008605438,64.22382643688044
2021-03-31,37.07991117006816,70.44956533197802,6.1835669749140205,57.14004704935505
2021-04-30,32.886573381102245,79.34337789450512,11.639064956372906,8.493440215569048
2021-05-31,35.562309412651395,42.355929018740724,13.1199064773505,149.32768173057042
2021-06-30,34.682959763841325,71.736316629885,10.507118326582091,142.42670211402316
2021-07-31,30.936676470353234,62.49544669639646,4.084006348454256,225.89432219285902
2021-08-31,39.20499531157587,77.94312827927328,14.343286221700708,219.44766551290297
2021-09-30,36.2812991658563,57.2984217046727,1.00272807272244,270.2803486587842
2021-10-31,38.54464318773918,89.9934637290375,13.410059334124092,221.67119680725503
2021-11-30,33.58093131947711,30.80983625305624,13.606153834376185,115.96505541748155
2021-12-31,32.69322969516551,80.23378014172394,14.481799188813952,25.74435977587258
2022-01-31,24.328713423824006,55.41464313490323,8.665532938689264,297.4978637243887
2022-02-28,25.09162903750051,78.87020888970977,10.963111344299303,18.481101249496025
2022-03-31,36.371725619581895,74.52195974362539,12.69349585622727,265.0811233689259
2022-04-30,31.991833880091537,30.99804502858607,13.368798069711755,176.38034104376504
2022-05-31,17.265075400133952,51.25018071121543,14.328339880374022,209.71977383137693
2022-06-30,32.32915344554852,43.420951614359645,7.067610051476009,294.2430791918923
2022-07-31,26.3526330808892,52.302977873939064,13.469098479664357,183.63282282190113
2022-08-31,20.001800020398296,67.6367674615455,5.261101525338388,257.5512898319653
2022-09-30,31.327181273909382,68.90986507014642,14.298529720260738,257.26924211973756
2022-10-31,17.23805532256138,81.19924218710204,8.48840777939801,124.67754123177254
2022-11-30,31.923948439137813,60.58700194449506,14.20151693959064,119.59772762028265
2022-12-31,37.25897176945895,52.94597807884496,1.4800117224858687,218.10941426038292
2023-01-31,20.905787382747196,33.46202816946266,9.660567438457296,238.7152804398301
2023-02-28,33.31914202733533,73.6152203148614,14.10727461675594,71.1661001744001
2023-03-31,39.93506767357586,61.36118346997567,8.61980652021156,107.26916360988145
2023-04-30,36.24206971499797,87.81356861381272,10.590567126313694,98.28913850795423
2023-05-31,36.363309239644664,67.11467495193037,9.53229661732383,276.4021679414765
2023-06-30,23.184007744033693,53.06575825681016,2.050998096102037,221.75309961432842
2023-07-31,16.47256288029945,79.07238345023559,8.924758185204745,254.36532519526983
2023-08-31,18.184278862354994,36.729453051952085,13.213879370251401,279.1304544103884
2023-09-30,28.4657911883076,39.24017241193799,12.351338550754601,20.701451760120605
2023-10-31,16.571018415511453,76.05338498901077,11.275167018922794,176.76288315661307
2023-11-30,26.744375245967284,56.30743683248481,13.03998906294521,6.968014038335313
2023-12-31,32.674610450712535,45.50067199022725,11.929093584801983,249.19247348976285
2019-01-31,35.10418919901895,66.75302455192829,12.638727274727133,151.12950097123235
2019-02-28,24.095832696003587,50.25770862467196,7.031475634221015,150.9930092642847
2019-03-31,19.137772914006224,72.2419932893792,2.9597204369552728,186.1661236887417
2019-04-30,36.047332150016814,55.38909705082435,11.357428681434943,201.4545731089158
2019-05-31,30.24976822037639,32.780033468075004,11.187310062365588,119.22988499332178
2019-06-30,30.40364066019798,78.899963390736,7.3316541410533675,113.77466719232471
2019-07-31,16.552947521499252,67.78880622961066,4.061439050823171,201.0517624944708
2019-08-31,17.613106789107796,73.7742658114245,9.753682385606679,26.32039931426755
2019-09-30,23.258569854332034,47.42147925742574,4.7908835425897145,104.63446596686728
2019-10-31,21.88889538429765,87.4525023233484,6.674928476310433,137.16912171970952
2019-11-30,31.710989499211717,39.433855001969675,10.06642522686524,114.67714422153615
2019-12-31,37.7808840814537,46.99817179198214,1.3824320181561176,196.61056833352734
2020-01-31,38.792932515958825,60.0895287837041,8.03533480571341,277.0308436036795
2020-02-29,18.32745672073527,77.51080157208959,7.061702724804958,7.001604849194132
2020-03-31,36.09431185873186,49.53382006667127,13.19711001933753,108.93452036650145
2020-04-30,18.894576198484156,46.17038750318897,2.3980095426083587,259.54319443134096
2020-05-31,20.554329495883493,30.569531732159913,7.5963240343062,52.01194644790226
2020-06-30,29.13284965724716,34.72967982661207,8.00963247881069,214.15268401494797
2020-07-31,34.76875415163484,39.972086560142834,2.5197732905546344,46.0323735130934
2020-08-31,31.800934467946433,58.41143789819769,3.8203693375064107,266.59295426822587
2020-09-30,39.63717421347464,32.058332403871816,1.5970789712519442,128.42474459487846
2020-10-31,35.11529252563352,64.70220138131312,1.521600949629195,252.92355607795696
2020-11-30,37.97673039491272,64.67396307815005,11.185028078750236,263.8711012570659
2020-12-31,19.19498167907896,45.709033096030694,12.362894479505893,155.48392873475785
2021-01-31,39.26362000663721,40.55032318860112,7.194051223998146,210.56696735108224
2021-02-28,24.382732765892282,64.07389373701048,7.295215142198393,261.2415758128981
2021-03-31,16.846258504446617,69.24804449840026,3.550015642652202,254.81446444688527
2021-04-30,21.306784467862318,57.55267671814672,2.5308555261746477,298.09409037557003
2021-05-31,25.462499261670985,39.15453439857188,7.4918195644152314,88.43526275357748
2021-06-30,17.98297759723027,89.64613699264356,3.5226084706414675,269.02855387688044
2021-07-31,37.89347550547467,83.482381871233,13.393858311553304,35.29387169796557
2021-08-31,20.98742081252521,30.014717430719585,12.239887497835939,246.79006659484932
2021-09-30,26.085317404947,43.305964454133196,5.227030380261349,49.33073498667056
2021-10-31,19.24900156390436,44.78955150421684,7.033040205780292,99.43142070438398
2021-11-30,28.970779035296403,40.55288949180966,13.886062337477792,210.4377358311825
2021-12-31,36.49518705040471,40.01029749849746,4.496029790890037,40.350644280591396
2022-01-31,27.046659963182194,47.92773450896365,11.224355737518968,229.7979030798825
2022-02-28,29.78912156510611,71.987636527489,10.155612559950729,211.92259208265017
2022-03-31,34.83458616707319,74.52138618922922,10.251532852700972,4.338253726143271
2022-04-30,27.705567542206694,37.93773148513368,13.631569571273594,224.95086701532142
2022-05-31,32.57401680453463,84.37114626198301,14.489263596980757,238.5314829008374
2022-06-30,39.17795886237456,47.318909160596164,3.9879658755577543,160.86275132050002
2022-07-31,21.28752299836007,78.15353401857513,12.146966307144,100.50382792051515
2022-08-31,20.53109861030122,53.15577221587565,9.74777741616391,8.662880779720917
2022-09-30,28.954021457152535,76.22047436716072,11.057826873168208,222.51570175996653
2022-10-31,28.859617645787747,86.29712490915664,14.675678389105384,298.6026949826469
2022-11-30,20.37068852750064,84.40864454153159,11.026769626543073,85.12733042774843
2022-12-31,26.367814027077692,57.32206226792886,8.536711181219713,190.4056843101607
2023-01-31,16.971162956799915,45.92881227238075,10.55931320497873,223.69058165170665
2023-02-28,20.086326263230692,84.22451695855966,11.563490021325753,204.29322680796602
2023-03-31,23.09859880759054,38.08533307091598,8.703721406449652,5.751467269204569
2023-04-30,27.57995819212458,30.67852120080603,9.577182533197222,275.9643067586359
2023-05-31,39.73151749294732,73.04654447685553,14.895964659974855,136.04257441953285
2023-06-30,18.34977226893158,49.37535365464044,6.511774982807098,281.93488392859206
2023-07-31,27.32274089454544,69.71605395395622,11.174859467526243,233.0526859084876
2023-08-31,24.105426118707,40.294496625788156,9.308324348387846,233.5791838522132
2023-09-30,34.55883616219475,57.72000064423712,14.354867201577733,295.6269282354329
2023-10-31,37.57274345585799,84.59105849184512,13.576463106591804,245.96681506175466
2023-11-30,39.59793737136931,36.813038568464286,14.89254515618829,31.066774911253248
2023-12-31,30.43032445110692,73.28943765414118,5.707694315275209,56.54513255028532
2019-01-31,28.192635523357346,86.4924300032755,9.667546127542455,217.69355648420017
2019-02-28,25.463500710001778,31.509526947694965,14.381718517650524,21.279741615774373
2019-03-31,27.46650052046636,85.09251605452646,8.822053233510964,76.53490939192741
2019-04-30,22.821433907798575,58.5308790606774,10.480273479639678,96.09813235956763
2019-05-31,31.119017880677198,82.22750499750606,10.929773618410806,155.8125315632409
2019-06-30,17.35615394431736,75.78300958372134,3.828887083076522,252.09781791131485
2019-07-31,24.15374093026427,80.56808301174479,14.694872853198836,61.69356703481862
2019-08-31,28.14643432953548,70.89042137660829,7.338264880298898,37.08092971435515
2019-09-30,24.78245839957672,60.551781188283584,2.515085929943675,161.3032850622769
2019-10-31,22.27611784180504,65.5375075242946,11.756340577316923,294.04763271058135
2019-11-30,18.719407821181242,86.16756125290804,5.906807974573072,113.91816347800369
2019-12-31,15.802805107470805,55.89298713042507,11.829930837300816,151.13683738690872
2020-01-31,28.085967721500335,32.1494152542351,4.122755365886666,135.19410927534437
2020-02-29,31.600397263208666,84.17045353565892,8.585694275104718,126.45077645714694
2020-03-31,28.831479679048247,71.73187491070993,4.86933149548776,170.9691117510906
2020-04-30,25.943960039607028,77.5823764297734,2.627903744383209,215.41695293460518
2020-05-31,21.02556596394246,79.92886724062275,13.067868584490334,111.88527619224061
2020-06-30,37.57413567227259,79.93967519876423,5.599888553690132,91.9673255118298
2020-07-31,32.06906029939928,79.54901500526188,11.022132512899622,193.71834474015367
2020-08-31,15.615150728124753,38.37017330101826,2.540627803381318,224.42557496142996
2020-09-30,19.282893845819956,73.20666713249199,7.797924053693688,56.11354910097845
2020-10-31,39.70001588167756,65.33890200560421,12.399321464094305,122.2019641593102
2020-11-30,31.876265578659087,49.58673150844996,8.65178603246803,133.33068293236164
2020-12-31,15.124412998459428,44.80774641534876,3.933298562715505,1.3010726060704525
2021-01-31,25.870080112125564,79.65013444809951,8.054574861639853,115.34807442219598
2021-02-28,16.48368675141597,58.04812784445949,1.8177418468400386,142.7399801423695
2021-03-31,24.86626567496662,48.874023979580215,5.503124336240768,50.77785726121373
2021-04-30,18.926016877611392,46.22153482894225,7.247179850520739,262.806859524368
2021-05-31,23.534730033013837,70.94090558907118,2.8064045557469575,240.3263550047726
2021-06-30,27.167925517029595,54.25950970090428,12.571463642183867,74.11426566293127
2021-07-31,27.97167299449426,52.07533781749679,14.861373669024722,258.5592048848716
2021-08-31,19.230294283376768,51.623849142348945,10.039681378875198,243.84543760015643
2021-09-30,19.802529514984734,36.38782821526059,5.335513021287511,165.72313401465783
2021-10-31,34.0775786357489,74.4033935576187,11.797816626913876,13.333042897356917
2021-11-30,16.82394724286409,75.38547217915506,4.574808106106872,52.59829876098874
2021-12-31,27.221238800917728,49.8158136502269,11.068601952374504,270.7865742901192
2022-01-31,28.21840336988134,77.24271621540598,11.54257394842312,276.5373312971596
2022-02-28,20.617287906741076,65.50735174625635,10.758091181927583,257.9243686984616
2022-03-31,26.872974680278507,54.22602542734864,14.262885948963476,95.9846587054762
2022-04-30,22.028754037712538,78.05290272932197,1.308086286545044,203.92623541830864
2022-05-31,32.803312111814705,54.59039209797276,10.993066306882557,202.56589426188958
2022-06-30,18.992959917177437,45.408178622715155,8.057075274282388,5.89145919590216
2022-07-31,16.736675735305266,49.566690770557265,2.22481365477821,296.66373577650404
2022-08-31,26.154489620762334,71.32437924027592,2.9448019254094664,6.584244717826737
2022-09-30,20.80719220020853,31.825561692162665,12.867648721105038,97.92302581032777
2022-10-31,32.05385349832912,33.34409287102387,6.060293086911462,53.709973401336775
2022-11-30,25.66814449683484,41.13272400467718,11.97626675279693,38.78118837596362
2022-12-31,28.023081447518123,70.64571641359967,6.173701191236928,3.116834786793754
2023-01-31,39.64853915555203,44.09958123240227,10.375786627602535,252.4895196141355
2023-02-28,37.312963105597845,50.622172636828985,3.5834248182087105,6.540503145349231
2023-03-31,39.6420725643042,49.18807475687932,2.52353462817846,35.62764108772516
2023-04-30,26.790035032580537,30.62343996251016,3.2685783567264464,30.69577699649929
2023-05-31,16.85424871960405,52.48330261154027,5.696207691003308,297.9471114676606
2023-06-30,21.96507065287756,64.61919596270253,2.6151472354754324,138.5534413011268
2023-07-31,32.03600663659742,41.70918363406325,9.957756718536812,28.32842390809066
2023-08-31,20.723926950779216,80.26098280663263,14.815039533042858,266.7288406427417
2023-09-30,25.250538082801608,31.614249230978032,10.729462692518126,235.20997085493883
2023-10-31,26.587404457474356,68.50291443935333,8.551113763826388,47.6692537303874
2023-11-30,22.63018156549978,54.14207970146174,1.2990550339162033,183.0429135226587
2023-12-31,39.21896386739819,60.62782875812774,4.9489357124743965,85.28521791554597
2019-01-31,38.54562810680514,31.644125867832795,3.3064078219424027,233.3107171939263
2019-02-28,21.124505398346056,30.279334894006936,13.329923650792326,88.79714858273815
2019-03-31,33.16691810550756,60.79250739900227,4.329791585236654,274.3155147326427
2019-04-30,31.113889999108657,75.09697574593855,5.575193067192634,175.9057403475417
2019-05-31,23.21940727754768,89.82841097181202,4.133819083740743,209.49070671544155
2019-06-30,15.76071339161624,66.38867084291326,5.634858572328531,125.38131207777458
2019-07-31,36.35466966048662,77.82236045187175,7.189346763960427,263.34451019362905
2019-08-31,29.223749269084145,57.16599655668454,13.865245056609528,85.4097885298513
2019-09-30,16.500447265389607,54.350836079912895,3.0254242694352134,83.17233592875056
2019-10-31,31.732335623669723,76.63792714279546,10.942208937741231,61.677214936908285
2019-11-30,17.49813450459331,36.21289036427897,6.534877949589047,150.85303695081484
2019-12-31,27.46194610594662,66.1318847818529,1.4495650703119147,9.851004189037004
2020-01-31,22.797719069658093,56.344799180267344,4.8055479023161745,138.39642690084858
2020-02-29,35.96243044778688,72.115073607916,5.619658797987685,249.19983444703237
2020-03-31,23.794494152392495,38.14526047171392,8.91996387145921,127.23447287202451
2020-04-30,35.17282878731163,55.40925670274255,12.228458234929157,30.19864948903368
2020-05-31,21.17346733479595,79.71740968308742,9.856446662029075,247.8746375995291
2020-06-30,32.39104019788975,85.08653820204852,11.999549144864435,65.89139743047141
2020-07-31,33.24633117385288,69.09519601609145,1.8021688539572276,6.728660531304131
2020-08-31,31.552216927311935,39.257316891485814,7.9942131437064905,237.14323474255707
2020-09-30,37.097252277503436,82.3065605460142,1.4666235619314483,206.82044737087568
2020-10-31,39.30269319751949,32.61602191912297,2.3136046163391866,37.091030201404166
2020-11-30,28.38359623100431,88.52292502511956,11.005539453941633,24.125143046933573
2020-12-31,28.972744671850744,48.02823567169173,14.963969314203691,121.7702457992142
2021-01-31,37.142978633313675,48.6350117133259,8.911711980768697,80.9065749817173
2021-02-28,27.535934005280808,52.43610157028336,4.132696285707778,167.22349729406844
2021-03-31,22.06769460211256,65.49815539646758,6.380202241541932,182.5663442507025
2021-04-30,22.906211045381855,57.03889476605548,6.354091189727146,274.0920260370167
2021-05-31,34.174641215388434,37.61142142265495,13.180209168270146,252.81488532906778
2021-06-30,23.381197523280626,50.619873679438626,6.5749443208774245,87.34157024381078
2021-07-31,39.5718037288242,68.45779287622965,12.82090941985396,124.73330459151408
2021-08-31,36.9152742636972,80.45069634795615,12.004353808692564,4.136311363365275
2021-09-30,36.994544136149486,76.31300166388343,13.97348780693721,295.78604266286106
2021-10-31,21.795860600622618,46.447965528802,1.8662046524844775,184.14117768594025
2021-11-30,20.397295580841668,70.51839741438157,8.090944020615305,43.967142294427944
2021-12-31,33.91201449941406,65.06983583872002,1.7532157093606633,267.0291106181073
2022-01-31,36.66551764099567,45.7147486943013,9.634484029266256,175.19248906574256
2022-02-28,39.9485104071034,54.73166694318566,1.2701772556222952,70.41896444711166
2022-03-31,30.857272658408075,33.14041801743565,14.603787089714238,4.161920443579237
2022-04-30,23.064661153740843,44.6424320305346,11.33029693928384,220.82060760689458
2022-05-31,26.63248001527274,71.09847316111362,13.050419060460289,124.70444112714863
2022-06-30,36.8966220645282,77.90950623318327,3.549133065503568,169.62172753232073
2022-07-31,33.34443557309551,58.15089263449281,10.029961844162639,63.162324565275675
2022-08-31,22.04704578081723,83.94736978850328,3.231503518465728,98.76631830203462
2022-09-30,35.48078194762028,73.46042626975591,10.650342866584603,164.19045224848244
2022-10-31,32.47823539908588,80.57568075259726,1.2782583420648983,70.07993122236745
2022-11-30,26.6997280813806,37.18098201463576,12.698228115254613,125.1720357527145
2022-12-31,25.467314372251266,61.63091018082602,1.2674291829559081,148.99985428300525
2023-01-31,32.17645382953245,54.95621666362072,5.023037709342888,162.07923098876424
2023-02-28,17.996501335341403,58.28023441923685,10.358513572364568,192.38402249581367
2023-03-31,23.33240387654869,61.74910193699599,5.870139856443799,261.0399850136337
2023-04-30,22.64890355049406,70.5462511304371,2.8922933367438137,89.99165362800031
2023-05-31,30.636755635483244,57.852677087634206,9.509735673926192,213.99820035416454
2023-06-30,24.33600653370842,84.45708629270925,1.4882896579984437,11.730730602673
2023-07-31,21.85359985187982,68.29294717342363,11.209353880406152,173.40403830977849
2023-08-31,30.254272941049628,79.02277526419019,6.016837121420021,196.03303758324003
2023-09-30,28.212557185695893,49.665553433223096,5.0540779448877124,163.40888893427592
2023-10-31,31.35636151914071,75.5524618627827,2.5872371397320255,297.1694624675085
2023-11-30,23.636250196158215,56.56470956030513,6.373686790120458,281.968907426861
2023-12-31,20.809193105991213,33.52337606245988,10.148930976003605,222.05185207101354
2019-01-31,30.719327981284973,32.54030682070906,6.411902603699136,87.8826340283185
2019-02-28,32.763458981854086,70.68302496235938,10.162128019521132,208.56350095420729
2019-03-31,22.137704160409786,89.82692830272609,4.8392083943531645,135.8703901319869
2019-04-30,19.302353083084515,71.46303916324678,8.889511507242023,44.24247192034354
2019-05-31,17.83046443754817,64.91490930759467,5.4591965255639,114.94594679342106
2019-06-30,35.08573771629739,46.96141034886263,7.287490743576437,4.300752655744988
2019-07-31,30.837948923845616,70.44407364106262,3.081692287172447,7.383901681027883
2019-08-31,18.78988008651336,86.92494520224508,4.455655235515332,150.49412867909967
2019-09-30,19.227348923790245,78.37060080442953,3.037412464006744,144.2980918262857
2019-10-31,21.648916146495353,86.46456666860495,7.216633468917401,236.7152829145967
2019-11-30,23.734130066493883,48.25916085152634,10.007894914166231,129.76837225392325
2019-12-31,29.941096892102887,60.4576174098747,11.96592200665268,80.095860953752
2020-01-31,34.646791601664745,87.41212559087333,13.620853417797742,34.48566674209983
2020-02-29,39.47952099030488,51.64533023832892,2.521650329057327,233.4986683905455
2020-03-31,18.23390915530888,38.6625298789757,11.622372473288603,43.47646570144096
2020-04-30,33.10823927267836,49.225506158047196,6.565543619422999,202.41103103791704
2020-05-31,30.323688208862208,61.51554682479549,14.533488559503215,84.79648926823926
2020-06-30,26.843413000722038,64.08961265075678,1.0862471162374439,62.78215135661923
2020-07-31,21.593654881920667,61.283861274160714,14.548810267017878,276.1568932818256
2020-08-31,22.119538369943555,68.61477438077486,12.371490840254296,93.71059591195329
2020-09-30,37.429262489921506,67.22291698593793,6.9244479200627875,186.95488842008788
2020-10-31,33.15193162596907,69.57843664655329,11.637149035351243,57.828606518740045
2020-11-30,39.86064222235444,50.538972058281104,5.821247429674815,40.283390058595
2020-12-31,25.366921299873045,49.068037132715254,12.605892813934359,0.9108057376362111
2021-01-31,36.86255230706694,69.89551503878457,8.86829655225862,213.09555725731306
2021-02-28,27.426247355952814,57.49034779590742,1.558645788558036,250.33159692720176
2021-03-31,31.703760802905197,74.3078044848984,11.393799713956312,151.20013514020127
2021-04-30,21.075795308105388,87.41873019234845,5.3672101002347405,47.91392097720707
2021-05-31,32.51145691074425,54.70497174067597,5.42844971814935,281.71729763709936
2021-06-30,34.07504444146772,83.3149870134443,5.70459587635363,49.331251607269856
2021-07-31,20.81763022347809,89.11225289239817,12.694891313118907,4.578687490029488
2021-08-31,32.10038240729244,79.91968012230461,8.012251750761068,48.18518795980571
2021-09-30,37.54836062615513,64.70441698625189,10.085290883122818,232.97837688158225
2021-10-31,27.241079242850354,57.55185490680131,11.357319787114216,156.38996349748888
2021-11-30,38.52951023373167,53.547101331736,14.324845248269293,277.7216963199993
2021-12-31,38.0255466839601,69.73581078543899,6.627581793825467,299.8488337205633
2022-01-31,29.148191113633267,67.76278017701429,1.7064722452652026,87.14546542921167
2022-02-28,36.33311540319728,47.51291262561333,7.458835646461019,246.93870337062904
2022-03-31,15.486396570363665,54.0602905490026,4.6035717071253925,191.44337051165218
2022-04-30,16.3996025456835,71.05343584838238,9.75445859142473,202.7290255086411
2022-05-31,39.647388023043895,50.333605408718164,14.59687225666557,43.66867431858707
2022-06-30,30.767790932714004,60.407257486504754,7.461600136962736,297.0739000150427
2022-07-31,35.436722375410966,32.58205099840166,2.923563334145191,82.53227715698056
2022-08-31,37.08200328780032,88.61157886877729,12.627466885380683,9.532878727163464
2022-09-30,17.905096574932927,33.01421395546566,11.55744547131059,70.7528996829826
2022-10-31,28.249207692817507,67.50421748263497,12.831707228834674,273.0030963181067
2022-11-30,38.091901125267825,59.76920635705163,13.123248015184487,285.2297688501961
2022-12-31,16.252058855064277,74.99132372388976,4.564248511745077,142.27074360898808
2023-01-31,37.2654207816703,86.48042107399027,7.941093926186552,106.37131417783763
2023-02-28,31.92334159381098,75.09424601723865,6.582182546060449,143.4133783641145
2023-03-31,30.53918086204269,82.20292596490162,1.5512714261296956,197.35571457406084
2023-04-30,25.08544941355737,67.02482733527827,1.3165159822882815,64.7525707572164
2023-05-31,28.505226947547726,33.106042856523906,10.359320110503534,81.94196268151501
2023-06-30,16.566449657615273,53.200157074511374,10.066994969014623,297.5139220966686
2023-07-31,23.59758001457724,82.30048653501402,8.073143704521932,72.07161842334553
2023-08-31,19.223323212067818,39.285712611419974,11.811921340132596,79.9576059903413
2023-09-30,35.74998483987061,40.642006253183986,4.084353082464532,94.41847211874452
2023-10-31,23.034236777013454,78.16441758273916,14.604610283220882,13.105572597177595
2023-11-30,21.299788253747018,56.60794294540667,9.992173727171197,93.3770768660088
2023-12-31,31.766049754711773,71.55239879735242,2.9922129429894087,159.87286197377438
2019-01-31,33.99740822052277,71.22799060530434,8.284490181328156,223.4161319295374
2019-02-28,22.30359630513244,43.12625835566024,12.533430680341437,62.76224472566283
2019-03-31,20.72041463358685,50.327286525315046,9.642097163224866,19.93857080481827
2019-04-30,39.07493718647265,77.73386768350736,10.811085212729651,18.077187261520077
2019-05-31,38.042480835765446,59.531633254680905,13.986856110400243,23.59016015853077
2019-06-30,38.417539112678185,74.10952787516403,9.079535092492952,48.84311639395854
2019-07-31,32.396002596498036,74.05536262775601,1.1603364573592683,81.15586675826069
2019-08-31,28.637565659670628,76.36124621372905,5.773751766897271,224.6670681956319
2019-09-30,33.209843452376624,79.41382629089807,1.9246166068274497,18.554132160298852
2019-10-31,27.372365184343675,51.237787865544746,5.339638401441014,112.88585253149402
2019-11-30,38.05601634312947,73.09300970944938,12.217953018814384,175.20697536490547
2019-12-31,33.436336790452884,76.96962119750694,3.2126801564223726,125.69128511483359
2020-01-31,29.269366248685497,35.32463404228603,4.425155586199292,272.9581040161921
2020-02-29,21.643289429439186,79.10991355302063,12.350383855008644,148.60060408183264
2020-03-31,35.659964983365434,74.09124975950432,10.820801576605731,230.70992963602762
2020-04-30,23.185851742950973,82.41205206391892,7.220221503650975,210.0460736209722
2020-05-31,21.340896091031325,65.05819362782555,12.38105755338144,233.15849352989918
2020-06-30,38.70605211452116,35.38913640763693,14.208449999918264,249.988491456122
2020-07-31,38.56553952864731,48.541017704153624,14.103627517518351,191.28387578184203
2020-08-31,19.868421400073856,33.975740435666005,10.021094226898613,254.79561956401403
2020-09-30,34.652979360396266,42.14953591513966,12.456021885977501,287.3956502825608
2020-10-31,20.60949635701072,34.73472187452797,11.21759638053322,149.3923765093935
2020-11-30,21.04332649746811,71.02769364834361,5.106303079528718,26.83674419580496
2020-12-31,34.402400345976204,31.876921846300768,11.656998669122938,281.38168195441625
2021-01-31,23.370493297979863,69.02698690426965,10.708746521858997,91.87470491317859
2021-02-28,33.84676133141796,72.83567689111834,1.3724032264820758,53.61631079014655
2021-03-31,35.85021021228786,63.081866081837966,5.708264019801559,257.3840042071952
2021-04-30,31.346932952428343,87.47117566540965,2.4891343673177784,253.99188953172117
2021-05-31,33.53987616977455,36.20173152190417,9.047485915125526,182.2455509070154
2021-06-30,16.67259072531143,33.97701432536716,1.192861003333972,66.14229764492514
2021-07-31,23.581024178561893,38.859399181458016,9.325081329914926,71.62246304770284
2021-08-31,18.109308594614696,81.1666908171313,12.67351959263047,116.64203494461276
2021-09-30,30.491215253294122,77.84586881558582,10.745952946857251,54.7399633964149
2021-10-31,34.94444907012296,52.56208257567266,7.400450385750661,290.7501799171756
2021-11-30,39.80720482430434,53.1139652827252,4.398543351276647,172.57572257541872
2021-12-31,35.31406775977183,43.977075697417895,5.977910843039162,43.58920610276304
2022-01-31,26.431180542767358,33.99226565377882,11.09578662874174,228.97671712084605
2022-02-28,38.312135669165855,52.69535469315897,1.5872590228989008,228.82631564243187
2022-03-31,15.840385115716499,68.71210560189688,9.483755236651024,83.76593991754487
2022-04-30,34.49781446360298,84.14589895653714,5.3620677416120195,273.52953188201
2022-05-31,37.706624073999045,51.890939253738864,4.557184851820681,231.25069035787894
2022-06-30,39.039481528979714,55.96835247302926,9.178438578544139,283.4298797700441
2022-07-31,33.03181181507752,54.819971310988905,12.18973861636013,179.74976259689603
2022-08-31,16.60128892141399,80.32838010138812,3.6192352361449016,293.7453485127363
2022-09-30,34.262722617372894,53.932691987827475,12.690047793969185,148.064439221146
2022-10-31,22.292983096934353,84.56025442744843,6.933480768211176,288.19310372446415
2022-11-30,35.79138546022138,80.0019331389967,3.26433346395822,164.9303018664951
2022-12-31,29.002322941880212,43.989479912196266,10.0530038046563,265.2621770684925
2023-01-31,32.74430693959731,65.6799315367872,6.00203764562661,243.30433130548826
2023-02-28,34.65215572958624,77.9942356365532,12.914176067044492,79.99913489926627
2023-03-31,15.724244902434426,70.61472401297168,11.151770976551354,253.7608311959165
2023-04-30,23.02936951363141,86.22176366449966,6.991748781225325,207.13978313441518
2023-05-31,26.69793307906772,37.82184808643835,13.580068069601275,69.21016721277903
2023-06-30,28.80341969615055,87.1512998407144,8.10048025076007,134.82360878893397
2023-07-31,33.92291376457411,46.33958581438095,8.361860878023581,231.67182918353132
2023-08-31,23.462332870715695,36.8210988760986,13.351294922599486,184.62827289970807
2023-09-30,18.035306324328058,74.820435528151,3.8378754775730415,14.553606107355622
2023-10-31,20.566328568836497,58.23339846110552,13.91704737936085,89.2119876223571
2023-11-30,19.139887719401564,31.54022219378725,10.76999577676839,55.37862783865008
2023-12-31,17.840847243755732,45.79253099599755,8.215837471024775,255.43423502939447
2019-01-31,32.73168011802836,87.07702777711854,7.298990057376946,41.06005736513798
2019-02-28,21.562407844102793,68.04314743078386,6.318291511491887,164.511469094551
2019-03-31,27.463322574315143,43.30917436571965,12.272063223461824,88.29715626978685
2019-04-30,32.15220699747455,87.68549259588488,6.185588761751815,58.583990504307636
2019-05-31,28.375932241413615,72.81025651075808,6.549464927519654,11.970702762926566
2019-06-30,31.789137075545607,37.3607073812379,4.340979363423392,283.97273594106304
2019-07-31,21.674048502530514,43.84115060768691,9.734364171736624,153.28464396588905
2019-08-31,39.500221090184866,33.114551095197896,9.123425282566169,156.01619161830254
2019-09-30,25.269913382198737,74.13290922183188,2.8389011860599833,196.03366448123373
2019-10-31,23.295236439238533,31.17084566026563,1.6080203410360783,9.07137754873345
2019-11-30,17.385998990633357,69.17607694209191,6.40265748217853,159.22217803856122
2019-12-31,17.30121274575845,82.08223678440957,2.261922861574745,70.85830748735069
2020-01-31,29.696127411316528,81.9588557387009,10.143575522837802,240.24877735000103
2020-02-29,35.98047526132335,72.18362640421256,8.89164125400881,266.8897510451195
2020-03-31,26.318545370993352,46.66499919661719,9.451924183926064,297.26321606218784
2020-04-30,34.98373790633576,49.25336077366894,8.17055378357427,223.18564461586368
2020-05-31,31.189154151118384,70.16471251002895,13.320308397749297,36.309123687976985
2020-06-30,34.1591651870846,83.71490495934225,4.364906423975859,238.46827213502579
2020-07-31,18.525241055963644,70.80660846724093,3.687005816429684,73.9941709004483
2020-08-31,31.777625321114826,54.436701013011515,8.673403280582477,176.94052105079066
2020-09-30,34.372909684503455,45.1759907283565,6.366137151446048,126.04497385457331
2020-10-31,24.623013614022838,36.59172572666759,7.774555590878977,31.69998893324716
2020-11-30,22.28176789587529,48.21217259052413,6.467643762559064,244.23910933824214
2020-12-31,30.809890391969592,43.48784958839647,4.451406198854377,236.21707773562505
2021-01-31,30.70555580727466,32.99961705029499,14.842669928312775,47.05989889465968
2021-02-28,28.224310131251258,48.29147250876464,2.4445141953533565,56.42055408181521
2021-03-31,19.68491115850173,49.24146274155825,12.528413070359335,105.49827393599212
2021-04-30,32.959262036033394,35.97865629311059,8.2665260762403,169.7535158587709
2021-05-31,37.52027802363243,88.16221746110797,4.032850814357217,224.66938698236274
2021-06-30,18.370552153911763,83.4388249228827,6.467769762427735,23.079105066297544
2021-07-31,39.10841306212297,83.62987359901575,10.097368437470386,19.112691251493985
2021-08-31,31.652218473969064,71.63558657625778,11.686656259645948,78.93981712722278
2021-09-30,19.52145041450133,38.56404420893287,6.50331056653593,29.72308120338816
2021-10-31,27.77893510595696,82.6227266981994,5.763319846083932,196.05666439218822
2021-11-30,23.833716771653492,64.99315605140326,8.8214986733099,162.6770187430685
2021-12-31,20.80883537718244,50.09620685467662,4.196951975691234,283.78336817761556
2022-01-31,36.37735091882119,74.25833856117143,6.296081734009798,298.1381389911365
2022-02-28,23.851515457575935,66.78454270302765,5.938454385383125,161.5040168762007
2022-03-31,16.429807584534498,44.88995059255685,1.6880236153724792,184.9627262967154
2022-04-30,32.474266151444695,36.191697680679226,4.715411080255175,245.0288056234165
2022-05-31,31.897768295058615,54.707893476396194,13.547186892394793,123.25702573277987
2022-06-30,37.65212055221754,55.266910252057784,2.607495660502875,251.69981532818642
2022-07-31,22.183565456093902,59.25164527324262,6.599032082901855,269.219001609024
2022-08-31,19.761629111487824,46.650992422488066,4.216119502222294,239.49095634437273
2022-09-30,22.299334341032154,33.13599813985375,9.89448546959835,195.6572355393842
2022-10-31,21.9906586920716,49.062480223171065,1.5322473725307728,273.9266314235701
2022-11-30,33.7184677277517,79.94525132548257,4.378441273362589,297.7484030688218
2022-12-31,34.689234824287226,46.06980461615734,2.330962489147985,62.871786101003735
2023-01-31,36.78697354962782,60.98430827241175,5.1348050964119585,216.26666638865842
2023-02-28,30.120908880141243,30.588419612049837,10.995080526808643,70.4767205484625
2023-03-31,20.57014419906669,33.559451398116664,2.264537918774028,78.41425061290897
2023-04-30,23.20370940536267,36.776346949310415,5.801862889878644,193.4409111924547
2023-05-31,31.507586174228067,58.511288278852945,1.734083995344891,287.7021032060325
2023-06-30,30.898659145017454,71.30556313925604,6.558662198045524,31.197285164358302
2023-07-31,39.19565587108951,43.37839844805475,4.003873875806427,17.165546311594703
2023-08-31,33.08757846605438,74.73312243551851,6.668033467755955,177.98764523397298
2023-09-30,32.24043289461177,64.33983682854728,10.650351314254829,294.55876496209095
2023-10-31,20.36527647142233,59.511565388636164,8.340284391898507,104.79832331313051
2023-11-30,38.95307361404427,81.02990391356438,12.496853914016093,140.80814420307345
2023-12-31,16.17974127664707,60.97664825633839,7.309363375436619,278.6335824232227
2019-01-31,31.270886154725403,64.76317254601739,14.723706501435668,84.19215601819529
2019-02-28,23.367123777577945,88.9543762201433,1.9096351947056551,205.12823242726697
2019-03-31,31.257567558182863,80.66335072204808,5.921377517607372,99.51303672171689
2019-04-30,28.33348512890977,54.55181809157692,10.173217495895889,81.0384283540045
2019-05-31,38.30884678040786,45.63805890170313,5.463688922045054,199.83472143277723
2019-06-30,29.575777658382655,45.46398468354881,4.191918522975618,2.7002117591249375
2019-07-31,19.635475702495665,63.87793830930599,1.4541041043851883,131.84346844034312
2019-08-31,34.27448337393621,62.08048249099729,8.080166528457484,21.83355076320136
2019-09-30,28.874031623997546,60.566224023343,5.992503292049456,198.8464255615243
2019-10-31,31.28135464774345,77.57356266026594,9.836213097267514,125.61777877256773
2019-11-30,36.686190079817045,33.71765657965956,5.2738072129453775,273.1251922552382
2019-12-31,28.630747149234725,31.05949062255933,11.416801318499122,56.64862099618455
2020-01-31,16.70860382738474,84.08532980172187,9.887984839044563,62.14634948738036
2020-02-29,29.632314414123186,76.31755857964572,6.28296460804288,48.10910865279522
2020-03-31,36.115816793857064,87.90410528580203,7.7575286593281305,165.60267291433868
2020-04-30,23.24257592420345,70.48731165049647,3.4150778007332168,36.521965578099994
2020-05-31,36.76313600883148,86.20592512315292,7.181600116296133,159.60614262486666
2020-06-30,30.76631703992135,70.50794577619311,8.300929851543575,206.7914610723647
2020-07-31,29.799742063755172,87.82366636999427,1.776589731951548,11.940725856175149
2020-08-31,35.67982223959506,38.904543225177804,7.083086766621763,279.8199213634356
2020-09-30,24.35253918578145,57.16410171654621,14.432781472448324,166.4841162727613
2020-10-31,38.775312858134086,78.09147774699349,3.880489571027134,117.3901504934828
2020-11-30,24.887660575473376,82.25383914724083,1.3829599987339032,207.7779933196763
2020-12-31,20.940038346679614,57.67034242041642,3.7205591283114963,274.15222264176407
2021-01-31,26.91079888945459,55.10304758066722,5.271599528060217,134.59147185500188
2021-02-28,17.652345942596384,84.03397411910726,13.335797548264544,224.35578795745602
2021-03-31,35.840693061878696,52.29180515121486,4.939398734830366,232.4588189716037
2021-04-30,23.666009349605616,33.89521729181611,8.799460827572483,183.37526644227833
2021-05-31,38.129479736771245,33.20931743378212,3.39216669333615,8.731062999722816
2021-06-30,33.11558252396532,68.42052917424441,13.529103032497222,155.89648674019355
2021-07-31,17.56820050361228,44.55530785265534,2.736454038934017,105.59527297419791
2021-08-31,19.043147311884955,36.63875088560083,10.496466503794085,64.14798417374725
2021-09-30,25.825431994349785,30.314480208556237,3.208557618343356,130.22172371602574
2021-10-31,32.61849976777077,57.65794057392091,2.625936195101721,54.63187600120639
2021-11-30,23.713739214166125,45.32336022048855,11.100569542226223,98.44501831483073
2021-12-31,15.680732905151519,74.00157384542327,11.973413424823327,210.12883183747107
2022-01-31,26.630341925809,74.2060256440557,12.994086577836647,66.369131440193
2022-02-28,28.931849918357962,61.590319522928795,7.098937437125963,17.42138871505816
2022-03-31,19.04394682569849,75.46866957304377,13.427115792648152,158.39039777965834
2022-04-30,26.314116680852294,67.57059256154803,9.524577785592722,124.52691078836278
2022-05-31,27.57831106616178,87.30004545015315,2.4035636179246707,114.15802028934857
2022-06-30,36.09287626576349,63.20173533573135,11.153701933991517,90.81687733978532
2022-07-31,18.712675820850777,59.82302446475815,7.403753007078629,274.72514307698367
2022-08-31,25.54609920646848,37.88194065956758,2.836625586852152,194.25221395370923
2022-09-30,38.334576549494905,87.30475334999784,1.7134172747583847,266.8709553437001
2022-10-31,19.211665130850886,57.102443520387524,14.929782729564776,91.52485561322791
2022-11-30,37.233723255802055,60.65642261704362,11.151373745566259,70.12375250832964
2022-12-31,28.725237056557084,65.84235988785113,1.0114046423225682,77.47728028585696
2023-01-31,27.378746341513104,78.76149080266457,12.877112056817484,250.21661322281017
2023-02-28,27.026454904884226,47.021277577002536,14.906031660181593,173.99063800963168
2023-03-31,25.152976149144404,38.56006804960528,7.431840356936494,288.9563461605167
2023-04-30,20.336402183341086,78.59837709352263,4.0767024081196315,3.019020714052001
2023-05-31,22.718193259137692,60.138147778108305,8.491799092932588,93.95235508256671
2023-06-30,18.612820320202413,45.40319651479979,4.590547673990495,174.93459848802814
2023-07-31,37.865597243504425,35.91048577331363,10.13408580395227,281.1671332744574
2023-08-31,36.96602794973143,31.823627629971313,13.204610579958123,209.3139703716293
2023-09-30,37.17875088752304,55.0591859259047,7.862824931725665,121.66523089062305
2023-10-31,24.721099971163397,48.769747006620385,2.322900156654935,175.43640688525235
2023-11-30,24.56579447257724,43.188824926471796,3.0435078515177114,189.51245801782633
2023-12-31,30.242592119040637,70.43866364496677,1.9832419052550896,247.3032802748811
2019-01-31,36.132751577934556,62.04080147179782,8.535040388584308,168.77402757029776
2019-02-28,36.21637581818985,78.15880556356922,2.4133212537885784,193.24181212049157
2019-03-31,38.49358822163188,67.47210521207589,8.877262274144087,161.0277359927391
2019-04-30,28.11615226228442,71.70943483128484,3.5302755862691475,279.8481004686767
2019-05-31,15.867155880158924,86.26858183436102,4.60519551670066,113.69043810553502
2019-06-30,21.18650345365995,80.27907610254285,3.369937885601483,59.43229936453006
2019-07-31,15.561131274390156,81.91022840917984,1.4020519095952944,189.7994421003126
2019-08-31,22.870443900868988,52.592233156299315,5.610731020135207,2.689600809871684
2019-09-30,34.842245735456444,37.324606641992325,13.98373659411601,63.363989236130614
2019-10-31,20.550827405470496,83.58036383051419,10.68723330256568,31.618460416966155
2019-11-30,21.33586997815666,40.93158112135754,4.412550695568195,69.687897301288
2019-12-31,19.958846988804574,74.36268054114684,4.916165877473524,148.04203248282155
2020-01-31,20.678088885972688,74.72674675980502,2.6378297518603335,276.97904900299693
2020-02-29,38.82508706990018,61.21816953040977,3.5552392578430583,32.336478539785205
2020-03-31,22.218234018809827,56.23424658598057,6.039136440978143,232.1607368699035
2020-04-30,15.068991212632024,64.20906672010103,6.424720077319805,269.6067057581791
2020-05-31,17.901255743689585,78.62260508162717,2.2685649148181084,221.67786889362574
2020-06-30,22.71918821610891,69.73283842745543,6.144528474245134,283.347613831515
2020-07-31,17.96298300803615,57.597577169588746,11.128793186799554,111.25108942068277
2020-08-31,36.61079015389255,61.22779505098562,5.350754587161604,170.90297597241033
2020-09-30,38.79486520445822,62.964985788129525,8.488252254201118,276.08676270370177
2020-10-31,15.00013841689345,49.526544900812084,10.514887107127358,13.542622158635664
2020-11-30,32.00925547625671,87.79402710397062,5.884185622966902,89.46266088401256
2020-12-31,22.798259212192303,44.02716621854443,6.924943572454512,210.19224017285782
2021-01-31,28.892985809443232,73.30518394982309,13.89777153971791,297.05106232030477
2021-02-28,33.21528604181825,59.27818114869532,7.425155253092528,58.8574481226251
2021-03-31,25.41600714263301,60.70501366722316,2.887503650814782,151.01521506571632
2021-04-30,19.788074860513483,63.50787854618838,8.010472269750583,79.91914619300698
2021-05-31,22.73613515975842,49.82131994906224,2.314816590316623,207.69199724831105
2021-06-30,23.3371010442372,64.35349033491127,5.192371487658261,235.1272764633754
2021-07-31,20.79908447229532,85.17756427334598,6.46134955144835,163.04781455665074
2021-08-31,34.57338781252211,79.77469157382288,10.331925319986262,89.85832567856487
2021-09-30,28.686448325721372,70.19342036568182,9.59607281204466,233.01502818266528
2021-10-31,16.37841837903181,51.517225057008616,5.16776030676058,115.95351393841663
2021-11-30,32.37651291042576,53.70835376876852,4.669662739424513,43.214222145802985
2021-12-31,18.778429920581058,32.55316647643288,6.587326278726558,156.62384364559188
2022-01-31,33.13975124782114,31.739500729052676,11.159177811817626,273.4393254578181
2022-02-28,33.9232608295562,77.0712456131881,8.46760448910718,161.0268716000449
2022-03-31,31.572804569352233,64.48358989946617,14.807776861567772,59.41018505594605
2022-04-30,32.647054822820955,82.5227986751452,2.950973615649667,119.69412136839071
2022-05-31,18.905978516776226,39.954210952814876,14.796305096126332,217.62298096273457
2022-06-30,27.544589939255218,85.8682800503207,8.090405636233204,236.60969686604162
2022-07-31,33.75370087925412,86.23971480690619,10.859662264119033,163.16170666798033
2022-08-31,34.86078586422555,78.52152937134855,6.456708252743001,145.69109792330588
2022-09-30,23.68674103446456,60.40526751580654,10.8327856100969,288.9675858985133
2022-10-31,24.784977225918926,55.823719612458945,9.834657285946541,122.17792745835573
2022-11-30,34.08214547111842,62.123841326191695,6.487538567218405,236.03401556632866
2022-12-31,17.552400292749933,55.30056017183106,13.920729698881516,261.7105583255555
2023-01-31,38.43589796992035,41.612865544498256,11.632058439461815,94.0399987135784
2023-02-28,18.304480644008382,85.98570733631529,6.9728945450336,273.01975366052073
2023-03-31,20.77028152443397,42.34697516296227,4.10663631073649,114.48356226544061
2023-04-30,29.372228069849918,54.27617402788119,7.889634586678648,164.89158158596194
2023-05-31,18.24857498974327,56.68838061669051,7.206949463477369,2.5915668937816716
2023-06-30,26.207281105121602,33.603899390605825,2.8732196210197922,152.97626840546818
2023-07-31,31.28416768890032,55.99904996091743,6.134783960613298,25.577392626596662
2023-08-31,23.716869287689995,82.58381626466635,8.129206924496035,194.47404676382467
2023-09-30,27.94035726894854,73.07450723554626,3.405818897343555,137.2441596446299
2023-10-31,34.6146870507807,88.99656531106343,6.207031274745329,272.04978145712954
2023-11-30,27.073597636782473,60.784884643771534,9.02169563523376,198.88750993387657
2023-12-31,16.712116611110194,78.16921232048729,12.29808606984171,125.17129718843344
2019-01-31,15.282827144332822,32.281560392360255,13.02124944646856,209.172875333924
2019-02-28,35.38398697625719,32.116690005060384,5.433235725019278,8.573907135157066
2019-03-31,31.727678320185223,70.26709728789228,1.3857731119307257,281.30256764657946
2019-04-30,33.43008128565633,31.33439674848601,1.8427165642180856,276.7129364234819
2019-05-31,24.751390791840162,35.14606828100697,9.113394859595793,103.76324595845638
2019-06-30,17.021910994836958,36.31561570192556,13.10349613171226,150.98301596587893
2019-07-31,18.549204329942615,39.73697217202701,14.852188112226743,195.67531646930829
2019-08-31,34.72488634127093,69.34748561538461,2.6368359646574455,89.00359720040933
2019-09-30,27.79526592201342,40.36943120981749,10.530231952455193,208.5196818186165
2019-10-31,17.503728457811775,66.99344861044767,5.7569459902344535,241.28186564131013
2019-11-30,38.83470330005879,79.06444132380587,1.1651985501777038,80.55389854153708
2019-12-31,37.81316256180665,30.85376225837685,12.12258905430408,256.0807973880239
2020-01-31,29.784331827754094,65.19774527823685,13.182571603613617,256.7450103126037
2020-02-29,32.065531247420196,38.18713944731282,5.112861298015568,150.1093729331362
2020-03-31,25.459058047696256,62.77315220610554,9.076535894594844,195.3264532135016
2020-04-30,21.39319046167983,67.34606616470678,1.848459015585516,212.15517819373733
2020-05-31,26.850912712151985,48.12316219007978,4.692236212565162,286.29222274229096
2020-06-30,34.692973578374136,60.358373321100565,7.83291806481051,108.74879361725232
2020-07-31,39.156763989790434,89.78050112300221,9.486051234206009,234.93301525798444
2020-08-31,33.425187951542114,74.47570798196722,12.788948709825132,113.27060554432566
2020-09-30,28.61268678505182,47.18376477575414,13.788226446826886,100.80019020101656
2020-10-31,29.217835238103252,61.648103403835364,7.6861954815613895,101.11912080357243
2020-11-30,34.722468425092714,62.77404383720329,12.59812354550275,63.90479501943843
2020-12-31,20.500667430292957,82.67107264356504,6.428616342095694,270.27074669673135
2021-01-31,15.753687887910056,36.588397436877926,7.070776984418723,129.23539563680816
2021-02-28,37.61725396573483,35.53005974451345,7.332254653715859,113.27320449493769
2021-03-31,27.42043695358926,75.01231804249937,6.9809193805312,0.8679955490211388
2021-04-30,32.96772482660458,41.717984155432475,6.714041364044547,241.82755714677964
2021-05-31,19.989783568115858,76.9111313719288,1.6193909437536353,35.67079812564631
2021-06-30,21.90120199428248,43.19820024651928,13.235798682083695,295.90745411677784
2021-07-31,30.58358103253736,53.764904592853455,9.154520229112281,145.52694149057987
2021-08-31,31.949018815385326,67.16593500187429,5.116407716503224,251.08774717310064
2021-09-30,23.332004676254535,31.2991823094922,2.992166306050665,54.02381284902342
2021-10-31,20.521009307117957,54.470538680974954,7.074914847852899,220.09832897370617
2021-11-30,22.489197734740806,38.21600472849066,3.364115844592922,280.3739591645885
2021-12-31,34.386134906944115,82.23266345407976,7.386950559956478,109.01178785403883
2022-01-31,27.091942913059704,60.41602839583164,10.257185059830316,244.47164910149166
2022-02-28,24.751941164523267,80.26178949411113,14.195409433711829,125.1331024396827
2022-03-31,15.137457187568888,72.57124146022976,7.459453006567451,159.54684769440883
2022-04-30,35.51918052849496,72.27119361765861,7.163971990959753,263.51629987579383
2022-05-31,19.399414189714115,75.51156416853254,1.2185605327805937,33.969131763197666
2022-06-30,30.343143651599394,34.79716147465354,1.9152299862482511,91.50277124901758
2022-07-31,31.434339789543827,33.38267800482271,12.348648803481668,139.9571390120447
2022-08-31,36.63639166847426,58.6616100416575,14.950249842873927,221.11642389094342
2022-09-30,17.605602154716426,46.56821326044774,4.967405614096144,261.95320631732693
2022-10-31,39.07454444130402,48.600537874195254,1.2140923969451334,220.46024009073992
2022-11-30,37.638216733930484,73.72667635735485,11.777827605152545,19.415430910129807
2022-12-31,20.86126269403226,49.596760815707654,4.945012685889505,177.0416356686716
2023-01-31,26.143124619796488,48.11701058487581,5.785583106416343,2.1939356901553686
2023-02-28,31.358482824034763,59.19483370142705,11.616649215682072,127.70324429717141
2023-03-31,25.690857059659876,78.86572408737186,8.241419012381176,247.83883749579903
2023-04-30,35.15762451457984,69.48776828923275,5.677669775078135,112.85888158852177
2023-05-31,15.283476455859741,32.765081768096344,7.568870008674935,174.37481838245247
2023-06-30,16.75502036394879,34.46824793211214,8.851390444244903,275.94361446307175
2023-07-31,24.849201149528586,42.6259798135936,6.650751799155699,190.1195460847262
2023-08-31,16.719348320767818,65.30546098171143,3.517798495537314,9.150833225794619
2023-09-30,35.15714936104525,70.12077256407464,11.630867831123872,259.83823848290496
2023-10-31,30.881152336349736,32.58603206749987,14.908611867606801,8.027671947818716
2023-11-30,17.552838024756156,36.12335347399154,5.114161266931822,46.25194621572318
2023-12-31,31.254951148581416,74.33141609297466,9.703260417506588,115.96178764150432
2019-01-31,27.475445845723964,67.15802182484703,11.865235464272478,282.8826354670916
2019-02-28,17.090037518399264,50.70664283932441,1.6545025944966447,103.10435658017406
2019-03-31,30.38580313019194,68.74333287887836,7.968409080688139,272.8782651529015
2019-04-30,16.025532916033995,39.17395768300445,9.922146468193118,134.68636540159827
2019-05-31,18.88167025278003,67.40699371833942,9.207261848136005,101.40365631414147
2019-06-30,22.920035007047222,77.79855824034067,14.887532499586275,195.58069839556757
2019-07-31,20.18997920107949,88.22789526857265,2.8864280911512075,266.4333923171433
2019-08-31,16.666324798213907,51.04781390703784,12.708227004882321,31.79382398145828
2019-09-30,34.76646653028997,54.441621221018046,7.0931345268702,254.69761357137506
2019-10-31,39.030594400936884,55.06050871671607,6.1437671961944185,293.33206920139196
2019-11-30,21.203125726056722,77.61505502502712,7.951363365475095,2.113066055642243
2019-12-31,23.729277450783968,36.592890748961395,11.545983017434194,134.10166760291017
2020-01-31,24.680120446802945,36.04257481136881,6.507244983084493,47.59891326837926
2020-02-29,20.583975247612774,58.22511357856688,1.2801199123888432,152.29977579145535
2020-03-31,15.074173989990847,43.13228576310934,13.914182314487077,5.1067272539487725
2020-04-30,33.66517955531933,45.45239826192643,3.5449528641199235,0.812442510967426
2020-05-31,37.60324959562472,52.81910052914504,8.355203886466189,0.9631168806080392
2020-06-30,36.48908268386903,86.3551682088908,5.03565242048589,203.9858270903132
2020-07-31,29.92726340531198,51.38442573313108,7.069331066411027,126.78018538407741
2020-08-31,18.663133532235076,55.665684470971556,10.650361505841104,131.90817598962664
2020-09-30,22.98688864743088,47.32844130386267,5.584177268320978,230.45917446691132
2020-10-31,20.696410052938305,38.154637338589694,4.335677100927536,274.9119177585472
2020-11-30,29.208500958151024,76.65527360238818,11.011724698771244,161.95303079455527
2020-12-31,25.86100549506127,61.12271059277285,10.181283748238432,298.4395517229639
2021-01-31,36.97994088099297,65.63406921966646,8.489574573010586,39.43736763489293
2021-02-28,25.094512598795376,70.90202945496803,10.011257763833196,25.93558557094774
2021-03-31,21.696441184012407,45.61552986160758,8.94735038110514,23.703081062053744
2021-04-30,26.27000080554401,37.222674672568104,4.602117926709466,156.28351798249307
2021-05-31,23.5286336702248,73.8949627115301,14.045469755585593,292.2971248744676
2021-06-30,36.52635678138137,35.73362237972597,11.211267476473614,85.68130360790191
2021-07-31,33.14208884743068,58.73288113095361,11.518265816937115,140.23274972479538
2021-08-31,16.82308591918679,52.93946647468509,8.201267228852936,288.94554378169005
2021-09-30,18.82066053138398,64.10109570156125,2.4371860404781174,60.613837438770304
2021-10-31,35.94584204802196,53.02561767322598,9.34134398622132,154.6366347590732
2021-11-30,16.521989359826293,39.92506720816313,3.5779107181917107,12.403075756199566
2021-12-31,38.536246253741325,52.92676985949544,4.257471499510797,30.79595349659868
2022-01-31,33.718865461904656,50.5001268942294,11.66616986206733,145.5025139979817
2022-02-28,29.52262357001023,49.61378972974078,11.938970843724835,149.7532166639197
2022-03-31,37.599819842125555,46.938672129523596,14.509855018439353,186.8175740175932
2022-04-30,34.309789501478775,45.36826637375946,10.833111429874014,153.13045908926958
2022-05-31,16.051703556498918,57.31004311866601,11.446650094500392,267.50853478799627
2022-06-30,18.636624532737983,48.03410348350165,3.7856180600499503,234.54672743963854
2022-07-31,32.72588103314429,46.15835202875973,2.3640922834216718,0.05401169518883808
2022-08-31,20.387134763496533,51.330522445849596,9.951836274690104,284.71042413548724
2022-09-30,21.69773808926726,86.80435930046667,5.503171778459481,45.669287026180285
2022-10-31,15.065531647964068,61.318672381134526,5.697893865015865,128.20012609923157
2022-11-30,25.579318230539748,59.42535238648871,8.008894143275423,154.94216043021146
2022-12-31,34.19334128426814,87.70407388156266,4.744803289290518,36.41172047741152
2023-01-31,31.486284663136242,88.64951963340559,12.477516229175958,233.14806138236256
2023-02-28,24.73977494243173,48.538362512560795,5.8340785592068,237.31807814267367
2023-03-31,37.49269872594436,41.68864197419553,8.071710412731138,180.54124150996586
2023-04-30,21.458940377960197,52.76621395606331,8.66741584687465,298.41863076874586
2023-05-31,35.66546676276108,64.76084237107324,13.77140859363881,265.9226079443934
2023-06-30,23.997888816989086,89.99398105813748,5.84040088463943,244.11593501762943
2023-07-31,29.745676718124912,64.53169790972423,2.5445202643426015,105.61835086960605
2023-08-31,34.53649115263151,69.19632116923995,7.69578295697124,193.73988132823524
2023-09-30,35.61452807413187,53.33868729315402,2.540414738036358,297.0024020270694
2023-10-31,22.896810588062852,65.702795500638,10.257383955337065,84.20708301768792
2023-11-30,26.35742277523589,77.25871105387544,3.702486151575239,45.66073425853777
2023-12-31,19.604164508901537,40.62431434119037,2.527077323650753,178.27803312487114
2019-01-31,38.79847234231275,63.63099855674719,5.289041442574361,139.8192744539333
2019-02-28,24.857067850289155,72.72465072428889,12.415903240224853,143.31394595343926
2019-03-31,19.404549366871017,77.59358621214221,12.92229640107018,63.36420405057002
2019-04-30,15.3851373397018,55.26989874084918,3.5011228445583114,256.70895614819153
2019-05-31,35.5823433053343,60.844262632363105,5.298348911388727,27.52784298891595
2019-06-30,36.1008087438127,67.43543409994746,5.108136547046805,214.08368777597465
2019-07-31,20.9851426827335,55.48213150120006,10.981173839534916,89.79392028325209
2019-08-31,31.970349226105338,59.963599015009606,14.060729637609047,63.8246519545526
2019-09-30,24.50170065544445,62.54361901500428,5.4159238596502,110.4050285014051
2019-10-31,16.59906930109879,39.5316578486071,11.808169776442199,227.79906925161043
2019-11-30,15.157115416524805,61.9340045359352,5.716869624252231,87.36716092402798
2019-12-31,26.64554973244245,48.91569816215569,5.994385046642739,121.72733439687975
2020-01-31,38.730851556281905,86.66187038020757,13.790512653593739,266.02262206352816
2020-02-29,29.509219383619662,85.93012062217828,2.510626872742083,28.300577673893667
2020-03-31,28.47060901110325,72.5937657519014,5.59291598690756,168.3868471409735
2020-04-30,39.74493800404116,74.92551095237786,1.4765731000610778,61.630180494223474
2020-05-31,19.262959591333964,43.054930970038235,8.148621736964724,55.91247031002048
2020-06-30,25.60224274002664,68.54266271146662,5.017647555898165,42.86197780745129
2020-07-31,24.023858843468805,64.40176879859045,6.836682011147051,179.03920152317397
2020-08-31,33.599660747505865,54.898378589119204,2.6613961586937203,84.2074860071839
2020-09-30,37.23386291753026,65.68385293578875,4.026089350468514,172.866415215532
2020-10-31,22.855101936605013,73.60871087925267,4.100331514235745,59.517285446192005
2020-11-30,32.77740196666126,72.92099942346307,8.486240830126507,1.5778657293525122
2020-12-31,27.76828328860384,66.77321499075566,3.2642471134716713,22.951961915862242
2021-01-31,31.96322129689964,46.46948237393466,14.18005753504615,18.920733789980858
2021-02-28,33.91822034279362,84.70645014736321,7.186139733223059,73.38662346348535
2021-03-31,18.05027354800854,58.50629108969892,7.40250412634106,125.96289268101127
2021-04-30,15.685727548648932,61.055168042577776,5.45552492786582,13.059408536405359
2021-05-31,29.90024405871938,39.133201737043095,12.239153170536488,55.90340017910545
2021-06-30,15.757104821024782,37.91110779020548,7.992613184392914,68.62693034650565
2021-07-31,26.71886008341609,43.29172010858528,8.223071390670249,192.9827647081007
2021-08-31,23.563376728707475,70.55678823853837,8.627199432382229,278.84718362692536
2021-09-30,16.437546547102222,56.838575339295616,5.360582172426485,61.317049169862635
2021-10-31,22.975038273021845,53.12953065254143,14.52856768490176,33.39260393987704
2021-11-30,19.323801614700702,41.28059696556328,13.596164230282348,70.87256662433396
2021-12-31,39.75272284382957,89.10094069635844,9.208353789999123,10.187178605239854
2022-01-31,18.1321114644498,63.38136064465169,1.5999359500985886,123.35039350302411
2022-02-28,31.296261469986632,67.84421276202619,8.24716554645828,113.76256842112774
2022-03-31,19.900488207087452,60.53412850743379,12.183860295473293,262.92800703445687
2022-04-30,17.72916864695142,73.77475531707545,2.9063924976190196,15.752749823718194
2022-05-31,16.219545439967984,54.63921584499994,2.7004892981080477,293.6200153277389
2022-06-30,33.95316330498887,48.45369550083717,5.600093089205627,65.90443517194065
2022-07-31,24.57543577218244,52.30826159340699,14.521081181741806,198.12945274807902
2022-08-31,36.52886540316467,34.1186561835022,4.648915862395631,291.9386637436923
2022-09-30,23.25950576093588,35.248141123668304,9.116385520999964,151.10071941392297
2022-10-31,23.831324854497666,88.01368238339944,13.252211273284749,175.2789869206064
2022-11-30,24.72098082806737,67.84872999950494,9.26665661420961,234.18992538186413
2022-12-31,30.190030915843902,81.69210175152787,7.021454608538358,15.561129213197999
2023-01-31,38.68993003070918,44.83999208611248,1.3103036795580485,147.0149474782236
2023-02-28,17.64480611978841,87.47974926337366,13.727908019790986,70.86603804943633
2023-03-31,30.925968096645363,57.449461472005744,3.2950653989652317,281.7794386531336
2023-04-30,38.80515635629635,74.7203347465838,5.852347209691849,91.38954668887015
2023-05-31,19.908328030241766,48.06073256021739,5.619275379613493,3.52757974583896
2023-06-30,25.94583683640003,70.27790883121065,14.541802712818473,267.23770612101225
2023-07-31,35.26765464361256,71.74731533891824,14.355597465760782,160.56389933519895
2023-08-31,33.68528670817816,37.95188374315374,3.494146637445809,227.6267785305442
2023-09-30,38.24768951829891,67.13376293351703,8.403303577241953,109.89695720584245
2023-10-31,36.50908564824464,63.474245320701705,6.091841026749066,144.7393347491879
2023-11-30,17.261042193226743,66.5776428813865,9.321168415149186,100.44730156964494
2023-12-31,22.04414671243152,56.760704906047344,1.0712464539959552,91.03165419908144
2019-01-31,38.27253198955779,35.37210582737032,9.617982810889886,102.6566148731331
2019-02-28,22.397514099364102,73.40640491937876,4.25048566422264,254.45218561636418
2019-03-31,15.07141257042956,63.572788124686454,4.422830187837734,189.379300803253
2019-04-30,36.94928741615236,84.32746429585895,1.6927275745328212,35.79737691386339
2019-05-31,24.163969631816144,81.96009181552802,5.527755853983127,46.09052486833332
2019-06-30,23.593207551333272,39.16515365311534,7.079702812732048,24.09753726696894
2019-07-31,28.984554350363002,46.63225113941657,6.172685391782115,137.87554675500868
2019-08-31,16.714432046178107,81.38055760244447,8.806031614571232,199.52137760621147
2019-09-30,16.597849393826397,40.552595447279245,2.582354228749871,104.01760616502796
2019-10-31,34.26247911134773,64.9454198658072,8.86168973293356,3.875860389987862
2019-11-30,29.483116438930335,82.12712779039344,12.077233575105367,289.68331568580885
2019-12-31,39.66250507028525,64.39443973521563,12.635368493273916,79.00287526357366
2020-01-31,27.69865577497621,43.850436794834664,8.203054864646688,204.99970344698545
2020-02-29,39.65445281050617,44.17807174110774,5.738237751274334,82.39710009838545
2020-03-31,33.43694866418704,82.91195174025113,3.9523809501495526,48.203285490539514
2020-04-30,27.32711620134534,38.94016173754587,1.7782933351444257,81.44065892953273
2020-05-31,30.76552228613329,71.82726223342513,14.879340647908258,177.96222264746604
2020-06-30,16.62865835121932,77.20578652442254,7.050898068280371,142.59287401534354
2020-07-31,30.87497048151443,85.2656346309419,12.381753976560631,66.48709778806227
2020-08-31,33.063522166644304,38.68970788165983,7.140590749255367,162.87355949774468
2020-09-30,26.441055971410798,58.09218579436874,12.231686660363517,274.8488798478466
2020-10-31,37.59224455899715,61.12068103169176,13.897846041486527,139.4366887584812
2020-11-30,25.463201169194804,88.09420115817845,1.9254610664353256,249.11665980922857
2020-12-31,25.857816834880143,58.23297144995726,2.7896349358806054,7.029464666708796
2021-01-31,21.276728339841135,60.13951829565433,6.022350116224378,39.50069048398896
2021-02-28,19.92287192964161,81.99667543713423,1.3116375838780538,159.63950721053425
2021-03-31,22.959010328612003,83.90668469947818,5.629146284839619,159.40423217567832
2021-04-30,27.892546082641513,67.33963069751057,13.160873119878518,91.45534641966917
2021-05-31,31.386078130864043,66.92173538405558,6.210255397459166,26.066981269814438
2021-06-30,39.09699824083658,80.18930679001949,11.127100864683394,155.32053733780123
2021-07-31,18.342451057546775,54.15790104664086,13.913131830638207,14.613418703262504
2021-08-31,36.396194545761745,65.5177841227326,10.691575803617722,255.33916999810492
2021-09-30,22.995975245244082,39.56816071924947,11.451512173396447,0.4178533557407049
2021-10-31,26.046683316790293,74.2815822005141,11.764158149253225,262.040882014816
2021-11-30,38.550594215745555,60.524911976924145,14.4395213919689,59.802765159061835
2021-12-31,16.305913911102763,52.93263049039493,14.481114428315621,77.38075653904275
2022-01-31,31.591979233913197,52.28144559136932,4.065340614170246,122.58870411578495
2022-02-28,27.209971467892796,69.64689241147863,12.704817465852486,162.3469574801476
2022-03-31,36.4300336718227,83.5268785901082,12.646739471568981,13.019383825328212
2022-04-30,31.219478711669137,42.20796080637811,2.269419702058249,12.106565977695416
2022-05-31,20.558167280110354,61.06921791919246,1.9659095025965387,104.16370487691282
2022-06-30,21.306277562339005,31.243486646576347,7.944868731415159,205.44663245625472
2022-07-31,35.29693896391085,46.134681071883584,2.2859055950198064,100.71812034657536
2022-08-31,25.174671263528573,59.646910941225514,5.807584078628274,76.09086736534336
2022-09-30,33.16377942180702,69.46048950771873,3.131057128960192,232.47114817632152
2022-10-31,38.3602605976602,89.62741603462129,11.681400240176764,22.503035334131294
2022-11-30,39.63969602203753,31.85955479645009,10.858045913031665,7.9440234159129925
2022-12-31,38.06697209087946,63.055038453992076,9.102422426929238,2.478373989030125
2023-01-31,24.001313895142886,81.15160018172993,8.867831231657357,198.84328087492946
2023-02-28,17.62498654806606,51.63740695820553,10.736887738308434,269.2175753220907
2023-03-31,33.641670928901206,76.79678298007885,11.878196182865477,290.7121633242446
2023-04-30,21.98386387334935,87.53358020124466,10.87368963244987,2.355658814814743
2023-05-31,34.42592454849238,73.54931344074998,1.5475748328549572,39.88981440722799
2023-06-30,36.00108033819559,86.19323634713862,4.896599371624454,86.6217967396964
2023-07-31,17.940240297994055,33.81951113505846,6.932278760545484,159.78468491807803
2023-08-31,25.309881157844274,66.42458343606091,13.145881368674376,214.40620488037035
2023-09-30,25.517078102660093,59.99072770713229,2.379701013282807,22.506828021862802
2023-10-31,18.309864601557766,55.19820143398342,11.804113678653552,13.14029908736436
2023-11-30,33.314105371772285,58.133852670731756,11.123027228927318,248.07749578052096
2023-12-31,17.12297589759128,70.01161919798773,6.384112785543049,263.4476331774323
2019-01-31,17.047198727135676,88.18071290158684,11.278935091155553,78.02828018671349
2019-02-28,18.59066082205278,65.73200853634076,10.05107010088654,127.37207077368123
2019-03-31,19.770586344486127,63.47118121136668,14.006133707468162,169.8927913696889
2019-04-30,28.574794320202265,61.53358171043155,14.46357806606371,181.76243927056703
2019-05-31,17.42389053665331,71.32793326325614,1.3044640289578124,117.09264108361783
2019-06-30,16.178281292267574,69.58289598688852,7.696125176760745,288.47078146490566
2019-07-31,35.33423749932322,88.6342634600662,7.847686929895126,42.02011266336184
2019-08-31,31.866940712788395,41.11834776058864,1.6970659209024554,247.4690421626398
2019-09-30,33.53494840404194,54.35623974256173,4.226380737220393,29.510225009456914
2019-10-31,16.386101005798125,47.85079476309757,2.823967885899463,274.8941526678964
2019-11-30,19.141947495522647,58.374687816903105,5.726591514698691,286.6263745795859
2019-12-31,33.673526216583284,48.31015030857294,7.65012603601215,29.26172807421723
2020-01-31,20.684708620356275,47.11079723602783,3.0774017614134896,131.88228390439883
2020-02-29,33.2744710842405,44.22416820662146,2.63979103039234,152.13706528050267
2020-03-31,20.424154455133472,64.88364790829038,12.545322607246597,123.37156152792214
2020-04-30,27.851054403881534,43.67178450035648,4.302695821896581,230.40244159276637
2020-05-31,39.1053643192661,46.565203705274826,11.359243748834961,131.38404318965482
2020-06-30,25.243635575000752,64.46234985271101,13.891748605313142,275.13060532135097
2020-07-31,32.89255135606078,56.46663089953991,5.994831996119196,208.93742755107127
2020-08-31,25.358160770672832,61.66607350865084,8.063558488710576,276.29174076334573
2020-09-30,19.842227108981284,79.78884221197401,6.2682162314747885,196.50329822497886
2020-10-31,27.33940502642988,59.572201970867354,7.032426659730034,68.57672678889462
2020-11-30,16.114801782398807,47.614910499063015,12.02234440906529,145.25686260605315
2020-12-31,28.435333296875548,63.28494640618661,10.126457626793405,151.7386872761447
2021-01-31,16.40345667117247,56.649973765266026,12.343418595097518,199.19646829915558
2021-02-28,16.208572660951425,65.0089516025701,3.4627311239653427,113.21843769901284
2021-03-31,27.071030262947772,56.080785035514346,8.922575053613945,279.2285709122931
2021-04-30,38.26026006573818,36.443554909936694,13.176588182155234,236.7812364186859
2021-05-31,38.80129591711156,70.16239735936168,12.927123554503408,143.47511660749748
2021-06-30,27.230662762250383,52.60575487478113,5.767512562030254,51.86264859455086
2021-07-31,21.649528236417186,50.87392870402167,11.122007951416553,163.9014287897985
2021-08-31,17.180539818760295,87.20315011628324,12.622330435237824,34.15037756277505
2021-09-30,22.19035875054407,46.522344565709616,1.8051779128458096,35.79619791579511
2021-10-31,16.1657910694346,47.14948498529807,6.20118764686485,292.6571535845682
2021-11-30,38.5019959149712,68.57323414081432,7.76072937126275,193.25113206342726
2021-12-31,26.161252277784083,66.70149735201956,14.023132281482429,221.72195118802748
2022-01-31,30.48434821593494,43.414043928599675,2.7070013652474607,212.64332780259116
2022-02-28,15.619279390828709,73.69795893790857,14.508124162414632,141.07053706079816
2022-03-31,27.95415872589312,36.72055121767461,5.8977882001770325,49.14888254774675
2022-04-30,21.34754512515536,39.41966490196518,2.631652874187813,263.69375520213777
2022-05-31,38.26816873110606,71.40558732310288,12.971307466312474,183.12878780382204
2022-06-30,17.26733560483337,64.89219355619784,6.262812704594313,41.74774910162914
2022-07-31,38.80269164503507,72.90209914599535,1.3839369211551753,279.45061209769034
2022-08-31,38.10413913223656,62.03290349278441,9.642202833794023,80.09081758162337
2022-09-30,37.10812718658724,32.77266897105756,3.5961532717307536,116.36503204142726
2022-10-31,22.966853546800127,43.60442103139481,14.505592414202074,129.78461736587346
2022-11-30,29.54382227617864,80.94493615379082,13.091144159073341,145.0167982816871
2022-12-31,20.825925163977452,45.915003897397945,5.397869236955669,239.10347998059893
2023-01-31,24.02538509039305,67.00280978039777,13.101696971470336,27.877990065273206
2023-02-28,28.582818477438032,58.90401167353195,6.409115194790952,223.80999432893665
2023-03-31,26.153911960963924,50.195787471087655,14.314879335579512,202.25231455360537
2023-04-30,37.211638971747774,36.22526134378067,1.383596801445762,292.93754489382053
2023-05-31,19.675252826639365,48.615140659960794,3.1001447448092265,203.56585611656715
2023-06-30,18.642744321718222,69.15892645345926,1.182969290904257,122.08831149570393
2023-07-31,22.821404285251923,62.5197593498014,10.113066424346833,154.12506061314085
2023-08-31,36.559547962212896,61.82503149666694,7.662203750382118,254.49518310540893
2023-09-30,22.124306244960145,50.65053677016388,9.875538675422787,34.46180341916221
2023-10-31,26.604399494798976,43.79532794464144,8.801336450085712,76.14877570783399
2023-11-30,29.313798648931332,83.90346816045756,10.85686980998049,247.94209735452193
2023-12-31,21.85343284107133,60.18735463000807,3.511727178682724,14.01749167312868
2019-01-31,30.197727907729394,75.73188632959854,7.282294121080259,111.38254212134649
2019-02-28,35.81770888226543,38.6660556097911,11.265955616717747,87.82541071318798
2019-03-31,26.42229203527866,32.216681157099785,1.5739908742348312,197.32143923222094
2019-04-30,17.751275011607472,73.03556362193066,12.346598748418195,124.27898350236318
2019-05-31,18.68014963683982,70.02047341526495,7.916304580376391,225.67567684862126
2019-06-30,21.121244321560724,50.744091355275785,14.736333095175304,234.53339110944654
2019-07-31,22.83230632899139,52.02380651258186,7.305197485253697,254.79131917607273
2019-08-31,25.621580338488204,79.79478995180932,14.041419498580938,6.172163576338107
2019-09-30,38.61239403367949,31.392157834889613,12.120645533480545,75.5431051361638
2019-10-31,17.958071288806423,81.14249629165491,10.514562769837069,87.26436706049078
2019-11-30,31.300978604217605,44.016571577433645,4.713261357120249,254.40279204094682
2019-12-31,25.84981736393232,43.123719780047956,4.121743442690555,271.8763344594214
2020-01-31,38.89634577191107,64.91105304566796,2.003672324136047,147.33826927678072
2020-02-29,28.52122627777743,37.94739702049837,13.459691488520566,176.3245159777846
2020-03-31,34.88750479085374,59.38902527201482,4.77497905827028,4.035458791414481
2020-04-30,22.70787413277892,32.96421285627123,1.726153253492434,89.13592741646683
2020-05-31,39.77097817939698,41.24481608643202,8.325584208537112,239.0116496210392
2020-06-30,37.389047027768584,67.56690893373789,7.380371707574285,43.328695317354835
2020-07-31,26.792237240532934,51.88608190907735,5.854353571239082,178.54327591165932
2020-08-31,29.836196568198773,81.37836513760625,13.669626056168662,139.93911379105833
2020-09-30,26.894405907004515,47.746713359362126,9.760468902092192,76.98073043279103
2020-10-31,15.424525634754936,38.1133870880347,4.470183793590859,231.39696117971698
2020-11-30,36.88639504769101,84.61184284779314,9.960350675012982,60.53783868236413
2020-12-31,36.35282517553329,69.82667637664849,10.531535646716026,235.95947312118244
2021-01-31,20.90759692681803,73.98428221005109,7.415390550285779,256.9829415862173
2021-02-28,23.095449660764793,89.92949464291613,14.694446695099064,265.557526547205
2021-03-31,18.599639836418863,71.8925097871404,2.502889026179062,105.78344816233007
2021-04-30,17.992227608574815,36.35534727452644,1.3949208428754514,286.6508345973584
2021-05-31,37.7558202538378,66.27352546150871,6.067467107208076,236.33332230579262
2021-06-30,27.50098065051536,88.5866687394859,2.5285828175567264,150.15362832953883
2021-07-31,34.34871672327333,89.11504348174498,8.649296571924163,196.7593242344678
2021-08-31,39.31128672656096,61.82665328843031,3.323074995671944,281.3786864313575
2021-09-30,29.232095440876734,36.31820598161089,10.525551408184082,2.3676678024152853
2021-10-31,23.90665671347812,35.256701490583026,5.754961362862188,251.4263083985339
2021-11-30,25.83026004286522,51.26833502630125,1.1246821317229592,244.7916323334285
2021-12-31,24.986794521990163,37.43738693426104,12.007602412363157,42.88997156056846
2022-01-31,30.885835341423217,36.4740144689535,14.57904022125925,17.44748251518776
2022-02-28,26.836612527609205,51.248313337619,8.702721401909635,37.61912354022876
2022-03-31,23.34032746910158,56.393970575001326,12.086652628699415,199.4688916717493
2022-04-30,38.17174279195621,85.40406993972742,6.209439951110374,134.75336447066968
2022-05-31,20.56343317791078,70.24004075923138,3.4210671794166307,234.03668191829644
2022-06-30,38.78749044484428,33.0520159967673,3.448380549521565,291.2837327612159
2022-07-31,39.109250658794465,67.08504702668046,4.591889273862688,7.531991851553199
2022-08-31,20.926323169928295,83.4244699353643,1.6839553923002897,196.91951366653973
2022-09-30,19.670753380819814,88.02711051075809,9.158208229504345,260.4286406490968
2022-10-31,33.14589137708741,35.97295400997231,6.244554759936884,75.0453729694316
2022-11-30,27.4436540678936,67.4882488034859,2.1370223759928892,222.89617644228696
2022-12-31,26.26881568795125,33.113644676933816,4.807884937192399,211.03391630136204
2023-01-31,20.787776111120785,45.75029215324291,11.136944739567824,240.78595573530933
2023-02-28,18.177836939808017,48.664517135959166,4.101276085150763,206.06911202839333
2023-03-31,15.80939091598414,64.04606828545585,5.30357643076244,266.14404234354873
2023-04-30,30.780800791598708,77.051039287011,8.647652160418186,186.88494849342416
2023-05-31,28.973514747058637,66.3021672393119,7.154638978876485,265.13144505355314
2023-06-30,35.02920470980686,83.14812112929678,10.79753450291702,279.7744446790325
2023-07-31,33.373435378733404,70.75567935926085,7.739777446642676,282.79677983111196
2023-08-31,34.09462440820291,48.57227158865739,9.547715833267482,197.41231161221287
2023-09-30,22.133088156749032,38.82930793057171,2.211411199568913,72.50920073923261
2023-10-31,33.81529981109554,79.05012567502582,5.308432116540781,290.1339496005877
2023-11-30,27.042907981313707,76.29548129057648,6.307155298673601,212.6938919124575
2023-12-31,27.03351141216797,64.36884803912106,9.709815486126345,17.904614304686874
2019-01-31,31.308088929294758,40.32834830964116,1.3606923324808464,272.72683658151
2019-02-28,18.66994839854167,74.8583720031746,12.404293229885047,263.3614283029151
2019-03-31,30.299710675294286,51.60756731964969,9.978470175094385,217.50762697616256
2019-04-30,16.176091613216723,77.03212164683109,7.359048615280747,112.95550531490137
2019-05-31,32.207753590728416,77.68473982851687,9.089434694501284,154.12445338699578
2019-06-30,23.119165358475467,80.01257004905764,8.06925790195137,27.458997625229753
2019-07-31,36.70683665808253,45.92890089947698,14.182678817714796,284.18803238398584
2019-08-31,31.16705245137847,86.98241677243944,3.396694414422095,125.13355806287237
2019-09-30,38.90263818101627,76.42570755324974,1.774945354794454,129.06235065223785
2019-10-31,16.07086503746348,55.895930018305926,4.151355954773017,126.13659975741737
2019-11-30,19.781975427646007,65.38683188640319,13.764667764256929,105.16802928994852
2019-12-31,31.161839103048525,37.74206029237411,14.004855647782742,96.7356462375314
2020-01-31,31.02197225140378,35.406410314364706,11.669781215822443,144.87127278687453
2020-02-29,25.236504104629656,35.20465148087686,14.918080253407535,49.689456247971755
2020-03-31,38.524000614616426,86.96359628736163,12.853050950677536,3.6421567386696885
2020-04-30,22.826056552244626,36.231775602056764,8.838541351152116,73.44970143846278
2020-05-31,31.64692862315102,80.01665234207458,14.403407190321163,186.7003007944923
2020-06-30,39.792193441403136,41.22293081022509,3.982450213356942,147.57191116812976
2020-07-31,35.818218910472694,71.60412282400239,13.82857762914413,14.290279034645547
2020-08-31,35.095401990907376,33.590762315174814,6.770012160230103,207.30764600611306
2020-09-30,32.023228923415374,82.89380412726845,11.228565778041467,285.7032965491957
2020-10-31,26.308120722063833,41.45348792492966,11.533767373015424,96.8620650531139
2020-11-30,15.184698358436092,56.18469181488389,5.967207976680444,215.73060209095615
2020-12-31,35.47106082244882,41.691169144490274,5.092789788974051,52.02885600620264
2021-01-31,19.690100581387497,42.23777247706291,9.399683550395073,170.08604715823088
2021-02-28,34.92256708235642,32.84248365488402,14.820743641861606,209.1080661948541
2021-03-31,27.681415238511228,68.04718931191098,13.41411673857375,49.74355988762733
2021-04-30,35.77382159834656,70.49977827874068,14.110044680195484,133.60232720330174
2021-05-31,32.18238618210762,81.47078221356333,6.242685763358567,78.46423674085986
2021-06-30,20.81542486193064,49.52098985325696,10.941795358083075,71.51792822035758
2021-07-31,31.299957241247874,65.9027173994998,9.143554176695368,49.937579513970654
2021-08-31,22.012701868137636,30.37829677915084,12.973346805321565,35.82367272198439
2021-09-30,20.683744320744573,88.045132052924,10.00533753529544,50.09264117841952
2021-10-31,31.17084050763984,62.85355516667302,7.708736358737972,298.83750586944916
2021-11-30,27.440507392979605,75.1540227192873,12.516436092290874,84.97990227504437
2021-12-31,31.614346468896144,77.05388860815079,1.3406034880954787,176.50979598758113
2022-01-31,38.69825374585845,30.79419176294764,14.784629056270798,244.76505973419202
2022-02-28,24.35522485488249,39.95961011752978,1.7638475842357875,31.904599694949642
2022-03-31,37.774356554792206,69.09861055737736,13.069254920325607,115.74441744255127
2022-04-30,21.64789198596629,40.87240090361613,13.592706875829016,25.943581306821308
2022-05-31,17.623945690094526,52.73253446380991,1.1774990843822268,98.59314341402857
2022-06-30,16.652577409373976,63.82944877646154,5.295768441695717,79.57434374049612
2022-07-31,26.309925480528726,37.83307971872761,6.4715216014523325,176.79877591698906
2022-08-31,39.932437768436614,54.12553591448295,13.094437478690145,164.75330763871844
2022-09-30,33.560412365669755,30.081921890337146,2.2199336780675405,240.59101938762467
2022-10-31,21.09641923549283,70.20572325005023,12.172267568926264,162.0116151849591
2022-11-30,18.303948745439445,81.54915377663289,5.830598943911881,146.99454606352202
2022-12-31,30.34948063121105,80.88181539068712,11.71620547828579,283.25939178926615
2023-01-31,38.0355213932978,36.36494584820683,8.339096736147443,183.17441903705935
2023-02-28,22.139209395098902,52.085419739193135,14.04308755369379,254.16065399309556
2023-03-31,31.93145435789833,89.845224252065,12.085163992751122,291.08802958378936
2023-04-30,28.40967118352875,86.56144959282324,10.72663496060755,88.1917852036278
2023-05-31,36.33434873674072,63.013707683507015,14.78507006178344,197.97901622187166
2023-06-30,34.72982841933327,32.89375601969437,7.528415140731315,276.8310775010439
2023-07-31,18.217780171882726,86.00893549686292,9.20688309475312,296.39625768172965
2023-08-31,22.357816966078428,47.724036662308336,1.6449253398988275,73.80525536207226
2023-09-30,24.929370066299533,36.055794949585724,12.08141664100043,166.1220300988929
2023-10-31,16.67131883915247,61.46125556522165,11.36178794318818,72.60329662394322
2023-11-30,37.627865867680754,60.86989439396575,1.7152565142219731,179.24092992424588
2023-12-31,19.095741680961243,42.88378093372291,9.0333894700634,152.5346059136393
2019-01-31,27.6809705213594,45.75314672827452,10.172211542067668,133.36904569666305
2019-02-28,31.099588766795854,48.18451276173375,8.670369623533475,283.18992218237963
2019-03-31,37.532599656128085,60.956701693577145,8.90405513655982,25.239536391307517
2019-04-30,17.610355353245232,81.2723750426227,1.5740503438539262,70.80140559500911
2019-05-31,29.88646285427508,85.20712375141423,11.390021957716385,90.57730634735978
2019-06-30,36.74634868253837,49.54821704240561,7.3512233523699635,295.04932400976855
2019-07-31,31.532773569964395,51.198967249704886,3.0059049905563295,165.6809290109017
2019-08-31,25.136154560739293,37.51783162157842,11.365620271027947,273.582894393897
2019-09-30,15.71388152091326,45.93964184803635,7.400386990062577,236.3802859327476
2019-10-31,27.36889656865804,60.603300957761704,4.357076433135737,167.61222378890704
2019-11-30,15.53022838116348,48.26046505223536,4.901424137058006,106.8610794173759
2019-12-31,39.64774986850618,87.50271378729411,12.504750597829434,141.85078658867673
2020-01-31,22.70562253507777,70.14635338843718,9.135008863069462,131.68173207851862
2020-02-29,20.187103804026528,77.34891929596355,12.896628441900656,57.95419207216065
2020-03-31,19.545963743704974,73.79215056562602,13.432277819450652,118.01022318998042
2020-04-30,17.977837571841278,30.470110386771612,5.281310448794382,244.7867047253583
2020-05-31,26.096233514353806,42.00809847785537,12.706606916412959,76.42088329125389
2020-06-30,20.926528072229893,31.527980942643772,11.898288928165332,38.92283976722168
2020-07-31,24.504645571752388,30.465036051934586,4.329280366614242,136.4100201423532
2020-08-31,37.72331391690044,47.26178004870903,4.7702865048160445,185.31354713578185
2020-09-30,29.24892783042724,45.79422832617318,7.500326235311919,187.3978781639731
2020-10-31,38.32739990561939,32.727521508313245,11.850592323378232,39.77451207107245
2020-11-30,15.960828587253726,83.38226710731072,12.154280928630666,248.70181729181382
2020-12-31,16.762609888423846,48.8252271445346,5.3363632201880495,30.714372583018946
2021-01-31,24.57160339931429,75.66200188340414,1.666185318929748,63.79207082779808
2021-02-28,23.453987950779023,65.13022161480463,8.947369299917916,121.63589349771824
2021-03-31,38.3161061579121,47.08039749027846,10.190863814202032,182.0267043425714
2021-04-30,39.49710154991911,59.904018681168814,9.489182771316775,48.857205926496185
2021-05-31,36.71874541351272,76.20026479514596,1.0258204368553825,262.23574262942935
2021-06-30,19.64728649253346,62.98276821850979,6.353385273162782,8.111734490438415
2021-07-31,27.6495339538108,83.06140858564203,13.16042629245141,225.23637749880334
2021-08-31,26.171327519035316,53.311320020750124,12.010471434386998,158.05052783629716
2021-09-30,37.22667074307075,37.787116641884346,9.629103907305032,207.65051811645336
2021-10-31,30.67571771326544,33.46002908800964,1.8322523735477074,281.83077531193356
2021-11-30,18.354030483619525,58.684314266871354,9.524444395700511,207.41900535089303
2021-12-31,23.64536474430357,35.35363148098247,11.775419739150818,261.0630559976373
2022-01-31,20.826807327477866,44.46175552538157,6.56251002246539,33.43986780365261
2022-02-28,36.632618212070135,47.09930511713671,6.111370871435545,158.41503667821857
2022-03-31,36.337339296168714,53.99740943249998,14.922465868419538,255.37158876476076
2022-04-30,17.22918010546215,87.1008213746544,9.792790870431862,156.05419802088036
2022-05-31,15.670261438768888,51.75994305100072,12.231135048100015,12.34537208441775
2022-06-30,31.015163995159785,72.8092898662425,11.202779865785953,221.267279046563
2022-07-31,31.99657686826435,66.49806411702596,11.16879072787671,109.73775555007862
2022-08-31,38.32561609952755,79.87968767877729,1.7028856732096251,182.3309645511318
2022-09-30,36.743270793485294,66.50674356007306,12.674118996519608,141.16071023060886
2022-10-31,31.661627159220178,85.54261445137406,2.1633566445295322,148.2692182241067
2022-11-30,34.19055504408972,61.42758410904041,2.936818958942081,85.6779790384284
2022-12-31,31.328034589572287,81.04182307953697,2.805414483635804,227.03387700733708
2023-01-31,19.022303772739974,85.1488393925298,6.140970539364077,289.2895705550287
2023-02-28,18.55886766312534,54.44436585645401,9.85091058311895,233.33463622938726
2023-03-31,28.554449451608146,65.40990764706207,9.601121757831086,31.497395656184825
2023-04-30,27.739046601629806,73.71843013427959,4.5083549246424415,279.6185835744229
2023-05-31,21.31682153553193,42.04279511367599,10.903912111669948,245.99005332371428
2023-06-30,25.75770107989324,84.77804412947468,4.757619596826396,268.9361263825919
2023-07-31,35.5828827212875,85.80239963567632,1.078641485936176,23.759543051402222
2023-08-31,26.903713464722912,58.223916485054296,9.72347398716503,110.25519461235578
2023-09-30,37.219345474277674,78.32061585292271,4.891152441302691,51.03188413374903
2023-10-31,21.788808317255416,70.24100872950814,2.604144475280696,259.73032062409357
2023-11-30,37.86684689184751,33.594444364119376,4.730035928503057,90.16305369293521
2023-12-31,24.985894755968886,32.35939256555094,6.179706654404457,184.3493207227621
2019-01-31,31.29562766729008,71.55153967453742,11.741638005437288,126.10631241648646
2019-02-28,26.329398332281382,78.67824064136687,13.715978336845822,288.46500182514626
2019-03-31,34.09192845495478,73.59830819800416,14.88027065220658,229.6091217200501
2019-04-30,38.60632671206179,89.1418274984886,1.2134484209249725,218.83409353320835
2019-05-31,34.42788137257283,87.44578311686126,7.255508837852653,47.59531560826361
2019-06-30,26.373654124935832,47.577174428290625,14.076327335256147,272.1933470959983
2019-07-31,31.104358296676185,51.425610212233664,11.017204791478203,271.43813514276127
2019-08-31,39.17945682460437,79.61791183290765,11.743509637100253,33.409747009467324
2019-09-30,31.59073873452142,86.51500269156162,12.248066114379215,126.24445507431112
2019-10-31,22.27324082030394,49.693362269406045,8.662565082247148,271.4668414162446
2019-11-30,30.646574075197794,31.117711960987343,3.9279126416356744,236.79577571610972
2019-12-31,33.05046937320418,38.12456493923367,13.519868529340297,12.747696875715974
2020-01-31,17.713107875728106,44.74014904655822,8.527064460125459,13.518729993088174
2020-02-29,34.73804051194874,39.688228891142785,4.817825897249561,23.647168636005
2020-03-31,17.337533640086356,50.558165193064056,14.633953832086926,282.64495620574667
2020-04-30,26.786871181816892,62.83814652132924,9.5257174824599,30.987455317721825
2020-05-31,19.539099724186755,35.357549547761664,12.430252336403367,267.9198326585831
2020-06-30,23.40387610255142,88.55063178212674,8.797456944290417,266.70315567457135
2020-07-31,36.475641001930896,61.82396368924064,7.338197714838624,227.35551033178547
2020-08-31,16.77257342303092,66.3418951101542,7.690438880696675,95.4595241355966
2020-09-30,17.147001916859598,43.7647182423718,5.739119075870899,100.120591202109
2020-10-31,24.837452139555488,71.17004830519966,6.765322349847257,271.9849530029873
2020-11-30,28.214766902445795,34.280379470684046,5.094780237056629,278.06850988154537
2020-12-31,28.374826682170912,69.18923371103317,4.930505624217188,58.71478282466545
2021-01-31,32.72229610737698,38.30560935705833,4.55758817845399,46.281395211011954
2021-02-28,15.121066969082001,83.38923908217903,9.864582765761122,132.27151611489901
2021-03-31,29.458443389430848,43.553337684578004,7.3770617867076265,3.3220627396262414
2021-04-30,35.77467929987325,61.991269820465696,3.2267130004411757,184.26355636239708
2021-05-31,32.28159159405999,67.92386386473198,10.717079196619881,256.3944557721663
2021-06-30,33.77307914490851,49.29951799916742,11.154120465200933,112.16803848995977
2021-07-31,39.141483912136465,69.97166279671374,12.974902997728888,157.62206091913086
2021-08-31,28.850003587310578,39.44780464296151,3.533058189686374,174.76763817292232
2021-09-30,35.64614692981849,36.614265327591184,1.3877845594499099,181.29496240788592
2021-10-31,18.079835122196943,34.493843933885735,6.22712468559216,15.862379665200876
2021-11-30,39.02854470244812,30.99583097009858,3.3459679192310308,140.10030986417698
2021-12-31,15.40485439992404,69.24373943743839,12.03629944237035,184.78936272911687
2022-01-31,21.947100559097976,55.87023664485372,11.46606486327129,2.7946499112823764
2022-02-28,38.20531711297924,75.37792905976866,14.079775779444073,248.8988964488095
2022-03-31,32.625328696880985,40.09710813702326,4.4510685390521365,80.65906173634757
2022-04-30,18.807941965367533,39.91558887837764,5.951043664177986,79.1964065807392
2022-05-31,36.025544341990106,38.7926601960391,10.028795946311007,137.77751574432793
2022-06-30,17.523080418696313,79.39815260665146,14.044796907827099,205.98394379060275
2022-07-31,18.65354000232625,46.69552244309291,10.038724292222694,39.9031328319448
2022-08-31,33.72361136993113,32.70934872645602,2.3137341469122044,186.25835591929808
2022-09-30,35.9265299961594,31.822703158203076,11.012648210378027,27.3673985860881
2022-10-31,31.583402483637048,52.59753384290809,14.80356118338998,26.812433365476128
2022-11-30,20.31437708951591,62.77277559212989,7.8426640055511525,153.7374296180007
2022-12-31,24.665065081351457,46.58695469748966,3.637233866621786,103.94418294847337
2023-01-31,26.794319933622184,63.10635079826737,3.190994427653334,233.82412985889658
2023-02-28,36.05281929824584,81.58569617203183,9.789094694804765,174.852282598225
2023-03-31,19.19842839643899,52.52045952591783,1.6776927294478319,48.641735677290896
2023-04-30,17.57978498905316,57.60992819957687,6.262576945686535,248.7494747985297
2023-05-31,32.22098060794735,61.038485567653986,11.327937351720085,263.7341982746967
2023-06-30,27.972638549036553,64.8886176397318,1.487914981638405,154.6113344340069
2023-07-31,19.08603584562936,67.13557065260109,8.83362632801888,271.52630282789585
2023-08-31,18.27909131260347,41.53906876823959,2.769925579935076,1.972682314096852
2023-09-30,23.253911369278143,56.503452534280214,1.181621876884658,16.56431547030721
2023-10-31,16.41307493145287,87.92531530853176,12.723725578297884,238.01642039593398
2023-11-30,30.643228565116438,60.4359733510916,5.338174502411812,226.68521481860955
2023-12-31,15.953974338851001,68.15018139120706,7.588664940122934,82.54639775618922
2019-01-31,28.339222808439963,81.35042063238969,9.02671480942892,286.65927906362106
2019-02-28,18.891391031735157,53.30743960768813,4.599145767262945,164.74979470732563
2019-03-31,32.28684058364635,31.8824274991076,6.729868190480225,183.8131013175101
2019-04-30,26.918396634326136,40.081430499753985,14.928527151013899,276.9143048517978
2019-05-31,25.13544076228237,57.672098182492775,7.8319237017071215,162.59187285509884
2019-06-30,18.32139586146895,69.13180453535239,1.452143953858976,30.536793451302337
2019-07-31,27.080804978774214,42.43095883107093,5.671403361140929,154.1079576398216
2019-08-31,34.88938869441296,42.56357391888346,6.669186715959207,287.32331280781796
2019-09-30,38.53228290750539,71.10097359914019,2.0793755233016373,32.5559486417024
2019-10-31,25.10089945093689,31.95178543718966,8.791678468779516,62.3976751820975
2019-11-30,26.495249302221815,64.91084145205413,5.50957957275846,183.938843560999
2019-12-31,23.680336093051068,47.93822926030096,5.694151919571339,11.582368079082418
2020-01-31,31.077184020741843,48.047850513154415,8.32584955513919,183.57092145540605
2020-02-29,26.90708515088435,36.11973313320827,3.8983525376955264,244.55169110599266
2020-03-31,32.42096815213632,60.33971212907084,12.644749600061292,222.3107244650045
2020-04-30,33.54881816051578,33.14977122809288,4.089550634295033,1.7651062995025057
2020-05-31,25.60359486901349,74.62098244187641,13.746150440068627,265.87985971675795
2020-06-30,17.750024009918214,30.252355276980833,5.577243193499596,89.79857638873443
2020-07-31,25.15200770614849,64.88095698878463,7.970079398331745,0.6141932561046115
2020-08-31,23.369079337114552,71.33105310720029,4.919554674539558,192.95500193834428
2020-09-30,17.28306100133271,82.49869526079235,10.52784001862592,278.1216950755396
2020-10-31,26.156034042545826,50.56410754304352,13.04836048317448,238.4709637884868
2020-11-30,26.33106496204431,67.76408459621733,10.813673814875324,199.17941695460019
2020-12-31,29.856877874657226,63.544295447214104,6.573378529654283,175.56043880069328
2021-01-31,31.00586966855512,89.281183235118,5.548237901205908,223.50013405771014
2021-02-28,16.017994484288486,35.446395862512695,10.520833378405069,256.497682798302
2021-03-31,39.17342662779412,54.63797580960093,14.898754892323383,81.50434913538417
2021-04-30,26.793184330030016,45.66464016943478,14.108454188481184,221.26295938456184
2021-05-31,28.733141725300563,53.39901487861316,11.43283199402106,175.07174326248546
2021-06-30,37.7123562834159,70.06302309851105,9.64619949073116,277.9390609411691
2021-07-31,20.325508024621808,77.94562327276383,3.4142373987514305,270.2348934830271
2021-08-31,29.56847328536965,51.74811416124304,13.878570169343151,148.7608839247854
2021-09-30,36.18332319867146,65.0237224001315,6.470282639429181,69.0839750057628
2021-10-31,39.0699749762766,42.10804372826476,5.059087378071147,209.99103305392842
2021-11-30,19.18705033251344,80.27036514630194,4.842538953915112,13.468045057259792
2021-12-31,28.924684887040986,32.45965884461334,10.162781469553183,222.78239070143567
2022-01-31,15.238276148078418,36.23382690774199,13.369121971475735,22.112153157477575
2022-02-28,20.325957855278816,74.94932121252515,3.8542263292496113,288.05580468670763
2022-03-31,36.73105932287976,88.15406938053901,14.959832123363471,204.98430451766413
2022-04-30,31.360765284502406,71.73554825255187,4.941814254429388,76.5988873225319
2022-05-31,21.79834649781013,81.63246709300805,1.113266202685594,280.36064115744864
2022-06-30,25.059158575485043,38.993092128262205,6.7853680573904995,93.08424883622686
2022-07-31,16.241951725626674,82.49349659859664,13.993335332286097,20.191923426991785
2022-08-31,33.09883491610681,32.63976180436759,8.317823859351119,172.63573102342212
2022-09-30,21.55257738655127,31.639377437076405,14.471850510186808,224.63279572951026
2022-10-31,38.23252499384975,71.34210618671273,13.970039109091761,95.347885308144
2022-11-30,18.132100370006142,50.170196026473945,2.0499941977627674,147.56907607208632
2022-12-31,24.74065841101585,72.53766217787012,11.559587351921966,61.69443170977069
2023-01-31,36.08845613187171,87.53419303047971,1.2412016290020953,4.6068334125991655
2023-02-28,38.52545191630456,70.78741080795234,7.392243007945879,39.04239915230492
2023-03-31,23.387570774541874,49.69051839709586,9.713535703324075,17.711595882412535
2023-04-30,29.20973417466363,86.46341459530379,1.547542567495125,87.30495555406205
2023-05-31,17.274229908387525,74.82784743027976,14.738173464990954,132.35415335287254
2023-06-30,27.250840739070625,57.124388872036775,14.937967115342419,259.16047904140083
2023-07-31,21.743201269546468,78.69676157932251,6.451282803447275,71.7871584806935
2023-08-31,19.008491870999762,69.85634453328703,3.509913135121172,66.54580304699503
2023-09-30,26.56127688739119,83.54528749382214,11.06144082879761,51.337601324641604
2023-10-31,25.841408769292457,33.279184975092505,2.560144584257296,180.62759176368684
2023-11-30,29.587889836811975,61.20322996887232,2.89027278610362,141.54922926397523
2023-12-31,37.27590167978528,65.43519636283102,3.5914458185770854,139.88576670059336
2019-01-31,30.45709450738621,84.11178066740194,2.2014305893860677,101.75138972123621
2019-02-28,19.96854282440503,39.4888155445702,2.2982360609003694,210.4747029983003
2019-03-31,21.345125132799573,37.23932110861548,8.978389680159106,108.01173932910314
2019-04-30,35.932315653794596,60.72304670877599,5.380865705704386,119.93598837313229
2019-05-31,31.3441846626501,45.29231167845802,4.450506703968588,111.08471850694596
2019-06-30,21.67395701367126,52.77560247164837,13.477495103326635,268.56574071193796
2019-07-31,35.24100540807336,42.94149614360545,3.15210584860775,128.28376709814782
2019-08-31,29.55519671067391,52.71209040297363,9.36640513005143,223.25938812261703
2019-09-30,28.01899438286192,69.91576416854053,3.3189143315595095,180.5079031148155
2019-10-31,31.31762152279361,74.76970169838704,5.531408778105539,259.8802373025887
2019-11-30,35.18940235642782,62.99390675845125,13.543181205062261,290.19757703859773
2019-12-31,26.084639625721735,31.249531382361443,2.040898341805589,239.25861885822272
2020-01-31,21.98290238573122,81.58364075944405,10.554186944773033,264.1779163961503
2020-02-29,17.574148645561277,31.476896158708104,4.6738596397788505,32.00521047268592
2020-03-31,19.02668327282012,77.98723148564767,5.989502246861639,55.23574288848637
2020-04-30,19.34708935884692,35.66395935453676,2.1963587850056405,219.05523979663607
2020-05-31,30.070395550128243,41.05999072330107,10.852708812811215,246.978523328547
2020-06-30,21.354211116799515,42.69702254240724,4.422896834450627,33.293817431092734
2020-07-31,26.757297234286398,85.17643935146342,4.696780341971422,162.55563922478692
2020-08-31,20.48610947220249,69.19004722124723,11.440293417302485,208.39417460013203
2020-09-30,20.35400859832928,79.06874783293574,13.318855462573964,210.9706159159542
2020-10-31,15.752476215329734,50.9793255271732,5.705488583258771,65.74930453806111
2020-11-30,16.14458162908332,40.946617430611056,10.683510796583555,297.04946800109303
2020-12-31,28.586732821779623,47.410174893744966,11.851365809044367,224.4278432625413
2021-01-31,27.320761838351217,79.79694553165231,7.23618245490977,36.56932947449315
2021-02-28,28.508893537015492,33.44440807837919,10.702388427623156,66.23471414470153
2021-03-31,20.757739427157585,74.93734286684341,5.123695797359476,211.963089438823
2021-04-30,24.09170365757454,30.199761519369947,12.834604829197222,250.59377045686898
2021-05-31,29.04548632623095,49.534353964063044,8.41412630613403,107.77653801085886
2021-06-30,34.975144391180706,62.53551644856921,6.37579895130542,100.26807011336521
2021-07-31,20.989456184195987,36.1114898521825,5.826694737380694,193.53427025405085
2021-08-31,29.28199260763837,34.15360009392144,13.940577482597769,1.6473148616067856
2021-09-30,28.34808617477683,77.19106703300451,3.143363525047384,191.44037779377118
2021-10-31,31.583581788683688,76.00776854371526,3.617990977431698,28.791261053090047
2021-11-30,29.29011485718172,79.51362947791979,8.003822431689285,80.95552210370538
2021-12-31,18.220619859322913,73.43577876092404,3.9764011642669908,273.1439437180955
2022-01-31,35.704831372715745,84.00686892841458,5.042243107843172,96.30797095003607
2022-02-28,16.459938165004566,44.639156733023455,13.721991063089966,39.827390603918964
2022-03-31,26.378058717636662,37.65569361907683,1.4680616409535978,94.98849782082998
2022-04-30,34.74836130734454,78.75032053712238,10.111550254574873,234.99185158810945
2022-05-31,27.765116558495023,66.37282139230288,3.800392951965655,234.4704208644769
2022-06-30,24.605788140671848,81.10992911679449,7.889708229874347,7.886542043879685
2022-07-31,36.50463608588798,62.32976367389565,13.60081420742391,60.48375931672775
2022-08-31,18.458487545172684,43.063737693019405,5.596616828497732,221.90021973781623
2022-09-30,34.31051595060103,81.16811600565916,14.881110592643658,71.28044968121007
2022-10-31,33.02964128631929,61.020720355016934,11.837839537390867,171.08836929596424
2022-11-30,39.90818770047565,65.15064309112189,3.0941830474741794,200.26919928654212
2022-12-31,28.898169914775362,69.67472970846683,4.92974824419784,98.53775767799303
2023-01-31,35.23035517214301,37.91459956342262,10.556394226435811,279.3309928005779
2023-02-28,26.715103573814297,62.196970585997164,9.75608233073293,248.16452915064167
2023-03-31,23.951547327378172,69.25340336084341,12.44486911604859,164.01172899929986
2023-04-30,16.641167063843508,78.89100291632302,12.648393549668238,265.00260263412196
2023-05-31,26.226983624185216,42.16177484079533,9.248852358480082,170.00971780240883
2023-06-30,33.42768449550204,76.68151188284332,5.4491943310756845,98.47907078776768
2023-07-31,34.640121908975914,70.00239389564439,5.452840986802396,41.91981084971515
2023-08-31,28.03266913075654,30.37944446724576,7.006460281367142,28.971582635359606
2023-09-30,37.901233489988016,79.04876836572745,12.73035669760987,86.0495433395498
2023-10-31,24.042846085749332,49.27782711585728,9.016745410715856,216.4058523745593
2023-11-30,24.135183581240828,89.07060479188621,2.4458588115060387,47.99076511064872
2023-12-31,36.01738328225433,60.78484553239048,2.846805370440192,40.75483672148164
2019-01-31,38.84169048225385,34.596994992956155,9.216960485212127,233.2160161119012
2019-02-28,29.26129617547184,77.652040695443,10.870542045622916,84.24086656427455
2019-03-31,25.373809289066454,54.83754560815464,3.5442649534136335,236.20982724483852
2019-04-30,16.03559666893499,71.33797492041874,12.402748690890922,39.21670624069168
2019-05-31,16.4893038609016,51.74129620080827,9.623345430054304,4.6852321078938886
2019-06-30,25.552864842795955,33.729757958688964,12.996496391719965,3.954025891775348
2019-07-31,38.85613376507984,59.14098435878073,12.756913895202192,230.37232593569792
2019-08-31,30.650911208013753,65.09304203814881,10.136523730941567,232.43587062926667
2019-09-30,34.07669653374721,56.68544631800574,4.158526440314422,164.9472729399595
2019-10-31,32.182672552514774,76.82155451114104,4.5464707134135525,89.187265263311
2019-11-30,36.27838870552483,85.57663364838675,4.270396125895173,149.7595455724659
2019-12-31,32.382763495531194,63.02782490721739,8.93146151833606,56.965434791040394
2020-01-31,19.105559629496717,74.66815289237664,9.34712330187815,27.706201043187985
2020-02-29,24.990366354261802,48.44245963440173,13.399453095384425,40.89051702774291
2020-03-31,28.664930303598165,86.5533097389978,1.594493763595605,259.9180141129698
2020-04-30,18.381068974122098,60.63527184546333,9.728399744415274,56.100511738137214
2020-05-31,18.87380267302545,67.20421658693922,7.981095030123889,27.776985812083808
2020-06-30,29.962115229569047,44.71966784007632,1.8241325058578584,216.41576373271067
2020-07-31,17.350528615101368,64.60759898218478,11.001460575939038,123.45223914856513
2020-08-31,26.33261110672097,54.04745669906961,11.961696854558703,41.34722903168041
2020-09-30,31.822428383761924,73.81989869266609,1.2301285614141548,294.83472113529723
2020-10-31,20.177358554145165,50.31161427916055,1.8842159742873952,262.02980192606265
2020-11-30,22.367575820791707,58.78202379481544,4.797763793832784,12.049033806275977
2020-12-31,29.1370771904953,48.23768230220844,4.086159262773638,24.177818054228172
2021-01-31,17.855260554852958,88.21410931167085,12.80848671905466,90.60034811401493
2021-02-28,24.61024492921411,76.06801040089866,13.577598992991785,143.32908739798188
2021-03-31,17.10382051744798,37.35611025366384,5.131529865733325,106.40037980898627
2021-04-30,16.58418491143786,36.95103134869623,12.380593969799806,283.6347281511002
2021-05-31,37.77536096673456,79.86565670768974,11.324293964942367,96.51901237509523
2021-06-30,23.576843368448984,78.91727262368454,5.813201229669179,193.24503738026849
2021-07-31,24.491471776120186,36.13283144755913,7.911857468676162,151.15066122011373
2021-08-31,37.552555499139046,74.7083737462994,1.7429781186462612,23.871145577275144
2021-09-30,24.55864954786753,86.9990650173909,5.650017927137677,254.92750398573668
2021-10-31,38.44722678555135,38.69410510247095,13.470856310963319,37.30746641044913
2021-11-30,16.64888699934046,38.592917116473814,11.249735123361404,65.62990455300249
2021-12-31,15.0877087388359,81.40352014831018,14.838087861837517,36.54222967152651
2022-01-31,29.77426802440546,64.20737048912491,1.3038577072439381,56.79272202475797
2022-02-28,23.70806578832769,80.06703240268396,4.780975576201387,9.447916042813842
2022-03-31,31.868835564462444,88.92799080279707,4.464133612439663,96.95929434948563
2022-04-30,30.485425867578165,77.77658035561635,9.794752545309935,28.627776192773013
2022-05-31,21.537135916425715,73.30323068261927,10.118759126113686,265.7490523815623
2022-06-30,35.22284076248623,53.82503151481157,7.67630677850705,73.786978327978
2022-07-31,23.103277279482953,60.62884780460371,9.679732080810368,176.57784453408627
2022-08-31,19.608890405138638,43.92324518177754,5.94154481186803,80.86628049688608
2022-09-30,25.308498394815665,51.61903152155054,1.146226943343173,89.46536305577335
2022-10-31,27.03475825747894,66.02126647121179,5.268170707770334,237.6744702930274
2022-11-30,31.000726613138223,39.35682023631364,1.0900315092898647,278.6701099877786
2022-12-31,36.23974899603849,67.72441473954342,9.80489659204608,10.164008444347527
2023-01-31,18.53767248946972,52.63045352976493,8.224085630278566,161.2299766285054
2023-02-28,38.88553656609787,48.41856389661572,4.615004546360097,134.39849147605207
2023-03-31,29.961013285511754,37.093113615935096,11.839488138349296,289.6303232312681
2023-04-30,23.528243141309787,48.77525879031703,7.039142057221638,207.14378441976027
2023-05-31,15.34996804075618,43.25158887258134,11.855262180183445,31.81527914833837
2023-06-30,22.770512873899907,70.95866528711866,2.0507659555318467,43.49680455463416
2023-07-31,26.149112098621632,37.01018779504372,8.85674568437637,115.504690458962
2023-08-31,33.65122285517442,71.98018638812063,2.329027415318719,286.0451663633755
2023-09-30,24.3390628796956,34.95784754082832,6.999580130353153,277.39179210314927
2023-10-31,16.09116259109214,77.79709708364186,8.89122684608242,73.94034513555755
2023-11-30,34.44697278273352,44.876986190721595,3.5416818324658665,86.56021418649384
2023-12-31,23.989126650117257,46.08287895216214,9.043410729258888,38.42851590436961
2019-01-31,23.960444885810944,54.0834312095586,5.025855246010165,36.417074111772585
2019-02-28,28.627450726517182,45.8304216448683,14.253349297484505,173.22379219825132
2019-03-31,16.336961501297502,33.05138542372063,10.36032318846354,55.87128387233382
2019-04-30,30.775450738415877,54.38771155421652,14.396032790739486,256.57284384703837
2019-05-31,17.11553355356444,72.5878213779848,3.5531303281867475,68.74176163004383
2019-06-30,17.245935236947112,61.88849713389993,11.68491145013516,52.814308628151075
2019-07-31,36.25600068989528,45.371106917149135,9.41345797552172,144.0956631600543
2019-08-31,37.5854338817464,33.91192444243729,2.3884157497501124,137.35802521108937
2019-09-30,24.06211413724769,59.43929414717526,12.443452840357637,89.89667973411396
2019-10-31,18.456170453047445,45.939308558347044,13.011903110997167,188.21750516974564
2019-11-30,38.61350109987603,42.676940397277164,3.0645192115932165,5.441950167906262
2019-12-31,36.938679953892986,48.68996811167899,1.3266372216804623,161.9066061331762
2020-01-31,20.99159501360921,33.90584482653861,4.082784840419235,103.0466594814404
2020-02-29,38.92655826625106,59.173647766238446,5.421218659207328,101.95139026073926
2020-03-31,19.07897397978003,32.668230538313665,4.240229557123217,102.07739987926303
2020-04-30,30.172566159442482,39.363551834037224,5.78721441587262,220.85436497752895
2020-05-31,19.85638186656302,36.19384893679306,12.726806279498328,245.49546611924518
2020-06-30,35.05666474679987,85.16944674858401,8.830368395491469,289.8552111651384
2020-07-31,16.284097061422276,70.0128154854338,12.074544885262219,133.42983529779968
2020-08-31,24.66331162953553,71.09439233765403,11.032136792134711,195.34457031463208
2020-09-30,33.152999419230305,80.63203711797671,6.681669050845242,107.04804554047784
2020-10-31,29.08395518462079,70.66403506316664,4.17188060862779,209.97781738893525
2020-11-30,35.019201027934216,78.79942475928601,3.120844963868528,48.421254028228724
2020-12-31,37.32632522531924,65.51953868378423,8.13201088306532,123.58274657103948
2021-01-31,39.2573216053642,83.24404141538663,4.293177342280357,186.29216453927384
2021-02-28,32.66418858679603,31.877851622757067,11.062546884830743,78.97310864837284
2021-03-31,34.94495715716433,67.07318503169242,5.0511480595247615,103.33640653235373
2021-04-30,16.89512181300849,64.43953758183662,10.747424789795938,25.6861313447345
2021-05-31,29.457421468884263,48.6217723003917,8.118835497770082,222.8907124902484
2021-06-30,26.957017917836097,71.57410144303549,1.1441843497825577,114.37842516483869
2021-07-31,35.896446345200715,32.434565959132684,10.680436453742836,248.58937211499435
2021-08-31,15.030574784708131,74.27317094497714,13.570343304226723,98.32578161836523
2021-09-30,23.982765226353088,59.364759851518784,7.462530970218635,77.11461941993836
2021-10-31,30.31099988514812,46.2360219361791,3.5642177601437623,252.47271167386623
2021-11-30,34.76583447096006,58.73975273067536,10.092764614003102,160.60898454691082
2021-12-31,30.430271457298264,34.57079357774604,2.6822293098687036,24.523527286159087
2022-01-31,17.641521203510337,36.84299820498667,12.890259956458564,73.32586835276908
2022-02-28,34.0504068177882,79.92411527307118,7.20965445596987,69.9120397038781
2022-03-31,21.642329035157616,84.50029927755153,6.4344648481873685,211.91277773928735
2022-04-30,38.27650873722255,71.86361279088109,6.860918743883541,207.32336123386702
2022-05-31,35.536919309639416,52.90192324039235,6.62569641635087,187.37010553283696
2022-06-30,26.539484350958702,46.459457218704344,3.5914306560946234,284.0856593702205
2022-07-31,37.78876583628146,33.36647730181124,6.124159900496406,61.731491181446984
2022-08-31,33.897164349417686,64.29087315919361,4.103303303559039,194.4635072967143
2022-09-30,36.60282018809396,35.75029374391517,6.122013207535672,280.1822696006192
2022-10-31,16.489090383510874,65.34835899609462,2.9194342629554253,166.7412027558135
2022-11-30,31.764271218152736,64.37443136210197,14.544987130147963,218.515330306041
2022-12-31,21.792270073270426,89.19787549361055,8.812708055597453,235.1729302758278
2023-01-31,25.891786049937984,70.8982217820844,14.894417987688657,122.92356584987456
2023-02-28,20.037734835845576,73.99321703221719,12.655115900399444,296.68953805393625
2023-03-31,38.59837171828035,52.81235630594388,11.159856861231344,123.1636450927135
2023-04-30,34.96000227150243,38.12355932241114,10.622174830042644,181.75534119887283
2023-05-31,17.421154312763782,43.493220580773304,14.481204678237505,100.54267963817367
2023-06-30,19.652244535466224,52.60468752573396,12.784203211597763,109.25826611887139
2023-07-31,16.118315904046543,52.794536023429835,5.910216978518082,167.84125213753575
2023-08-31,32.34822439338972,63.489659349434845,10.70884945648982,93.4229367053499
2023-09-30,18.018057256578494,77.7579701160208,3.2579989805774123,159.6985825159838
2023-10-31,31.02400998638442,30.6719417332926,9.099138523443939,234.37472964699936
2023-11-30,37.06120444901984,59.4062022974707,3.281920310057423,268.2179264784346
2023-12-31,19.391652919863304,33.24232072605766,8.52524348592577,74.93987656274813
2019-01-31,16.65184476277887,81.65902195069437,12.520041204843727,30.228478369016155
2019-02-28,35.463042840706265,32.16321024674122,12.426059234267601,40.71575161306234
2019-03-31,38.10598251084322,84.20977255164959,12.190712581517873,34.30875749751965
2019-04-30,21.656338085514644,53.889032473953634,2.6764951567520296,75.93828214329591
2019-05-31,34.44925523311514,86.65591018208136,13.571530891892921,73.4902253740017
2019-06-30,29.989368576102315,36.919675929907186,12.409077168515793,103.29726874036729
2019-07-31,34.95306306175645,81.16374136554771,9.947990133215935,243.400835860761
2019-08-31,36.062909075161194,42.230590514949895,10.084862563097888,232.4203502795807
2019-09-30,37.23048438569809,72.34138826562608,11.997354168732022,125.0558148791238
2019-10-31,29.723493463080445,47.603813691762355,4.295343508598833,117.01484592069649
2019-11-30,22.189099062371806,88.56142199779782,11.50295922354796,234.01561468076252
2019-12-31,32.152145513082225,49.60852570799989,5.737828437345727,188.6932939411211
2020-01-31,35.29925966095778,70.4762070696,4.620501112846427,291.0988728839334
2020-02-29,16.380497527716994,64.8254309511031,6.73882585290094,19.15578187942073
2020-03-31,15.2942953189078,82.31844382787828,2.902341661175976,263.4351482054563
2020-04-30,28.543079703670546,39.55965707637159,3.8060966975044592,117.34176849879651
2020-05-31,24.85880818640039,70.5901867935859,12.686737632697968,253.13203678740874
2020-06-30,35.387274461979025,70.36029385654933,3.084989049567203,2.6976484226455932
2020-07-31,39.635562273973626,77.76648252562312,12.045160042966378,46.01406527336284
2020-08-31,24.31564363361682,87.85834359586619,6.637921716144902,35.028569864866284
2020-09-30,21.604737769141085,85.04290562728593,14.472988626252908,218.5495729922314
2020-10-31,25.98033611829715,79.74433071531216,2.698261311209991,31.35911225320207
2020-11-30,39.23921341303199,30.268136155749005,13.633318774447826,129.96691091714777
2020-12-31,27.860016035413622,51.62497456064983,5.893849232960711,62.89249915727396
2021-01-31,23.110255875595072,69.76867217472787,14.071228540607924,131.63579720223902
2021-02-28,37.13745547103619,84.40340701837498,1.5091998485397977,150.03634325549416
2021-03-31,37.128012383237696,66.9141752140917,1.8668851362223522,241.20022221652982
2021-04-30,26.344709666164512,76.71670478501755,9.434348542971554,83.86527480756682
2021-05-31,32.45298114530732,65.33340722144386,10.769609198878214,184.0759243635753
2021-06-30,35.90346184839645,32.537870719877056,3.988870452553754,157.85963954055867
2021-07-31,33.620939846759875,44.21199022983067,11.308651346280687,86.44397579459232
2021-08-31,17.9536655694883,74.71341294759088,13.90330671045011,115.77763986867276
2021-09-30,21.44935067042784,43.47730216670568,3.5166296893774858,221.11899047578618
2021-10-31,26.62864638622184,44.43735832208638,14.368331485356219,147.81449749248407
2021-11-30,34.12191213977941,54.936498832837415,2.8594974430643414,161.779459948259
2021-12-31,34.744359768832965,32.809686522656555,1.2399119812349588,219.74960498585523
2022-01-31,23.279246218799447,36.870396225606456,7.455033549911066,70.57397961291443
2022-02-28,38.91855095478603,76.99506987430027,1.0474653031676817,264.6919834663534
2022-03-31,38.61674070022302,47.804607766503715,12.119420446319245,17.90479531104321
2022-04-30,37.66583915043289,58.99465595489402,8.679624875775971,251.58682497366362
2022-05-31,31.129858402640668,32.656662697979925,2.1026307600019996,98.05304693175422
2022-06-30,33.67513214053711,56.15165163817478,11.645433435278544,280.02665811341654
2022-07-31,37.46149791658863,62.77227621210606,5.116451976434433,32.85352357117824
2022-08-31,22.878632979273043,59.97516928357646,1.566344430994955,128.0799215354242
2022-09-30,33.05419209181814,47.62027831453005,4.900844808682306,243.44818124358198
2022-10-31,17.608497824136236,49.16944829488416,10.200622099953199,149.12487309435483
2022-11-30,24.32969733876447,70.11190382965216,10.344835801772312,16.902623571786524
2022-12-31,37.13806042222842,73.2055670024688,12.952964632072325,276.75422606042986
2023-01-31,39.60773079669452,51.55330041682798,4.087258557631543,147.53054202824805
2023-02-28,39.33193333415987,45.229431970946635,1.3686887234643699,220.80453205115663
2023-03-31,21.153197041482457,87.01194341375998,2.7508794760974986,36.873432563413076
2023-04-30,28.40266040281951,43.945944417777255,5.707385184483787,10.313036592217873
2023-05-31,19.04081316294609,50.45379210497448,12.241094243453315,147.32260631312678
2023-06-30,20.179991390076548,84.40578645864966,9.844573178318846,58.85119407143334
2023-07-31,39.49397235040026,46.246427767275094,4.859284926840068,145.13168740139912
2023-08-31,22.066170167380864,77.66777772407039,1.6952607511299664,125.29877482167323
2023-09-30,24.933100758569687,47.078327230431974,3.7949019904911063,20.135797315126037
2023-10-31,39.02452042249152,31.47342946117526,3.2937184095143026,274.88136240864145
2023-11-30,35.66394280050041,38.88381727148858,13.706320181953478,90.35925355098271
2023-12-31,23.771798634861888,55.62735170938212,8.649281653723616,68.89213169193764
2019-01-31,27.257730832484285,78.53085536632588,6.271595434629465,53.96890482353617
2019-02-28,26.210212486783774,77.87027215688245,13.953695150701055,159.38296049753515
2019-03-31,16.706950862900936,63.46129232477497,8.13331693500012,17.269139446709236
2019-04-30,39.61286943383712,36.46053936416302,6.690507569850435,203.07580226565685
2019-05-31,16.328590516879814,37.59390088761281,2.98502951636096,83.0410033604079
2019-06-30,24.162728192674642,67.9555891259665,11.699260063053556,55.23713853179646
2019-07-31,39.70629503858157,48.01508516708826,3.8051670326268603,89.38208493831425
2019-08-31,26.832639643207013,35.698103592945515,12.925072761998987,32.47752923665933
2019-09-30,27.53309937859152,59.461172914797004,14.455532375790654,84.53653584007137
2019-10-31,39.04353874850007,77.46127411262569,5.500716494826561,270.1702581897953
2019-11-30,21.585146112697256,48.90215227583296,8.377310382938596,279.1358372423963
2019-12-31,36.212103257754954,72.18911709380589,4.39844664705223,184.59565928593855
2020-01-31,17.859074593363733,47.20118767455662,11.18651987119151,62.15064688013461
2020-02-29,33.693883696560434,62.877456711472526,8.644763845220606,85.42827038917959
2020-03-31,39.63771625150892,31.56975750864643,12.650424330251356,83.22894580639611
2020-04-30,26.99759608875056,36.65993503185759,4.354593755364588,147.1455358996272
2020-05-31,26.021690398384933,76.7282313258139,2.0567061573113268,214.9309470931746
2020-06-30,35.149300554464254,55.323167261693555,6.784615673634456,197.65195340497894
2020-07-31,27.150793339663544,69.80080988653822,14.033203851326302,149.89799560805673
2020-08-31,25.083854248412557,50.22250570272345,11.186952802249209,89.00116328602377
2020-09-30,36.50107019637251,58.243601914227,7.793255193302611,97.95570171676283
2020-10-31,23.0748049724618,87.32269161937964,8.46522465659744,138.61565649825974
2020-11-30,33.595369421598136,71.1795475205113,9.10319876917716,191.22978166399395
2020-12-31,20.545546286671314,42.465413135851094,1.51797382581996,127.91426464592716
2021-01-31,30.86231905715957,61.27856711286874,14.000608612357576,169.38619670619477
2021-02-28,30.00721718298611,73.42988335401111,6.528127727155111,116.32653260517827
2021-03-31,35.82898069017079,38.02866849681391,13.735818975407536,37.20198351643453
2021-04-30,20.856173808218152,61.11853979505529,4.657764193958098,164.03114308733936
2021-05-31,29.015445046760163,60.517379775497695,10.284313368913578,270.00245084679
2021-06-30,27.464213813890467,75.62959890862103,8.972635795328221,115.45860137538538
2021-07-31,35.162325066504515,69.62305160709617,13.508273778899907,271.4132761692496
2021-08-31,36.66745237440992,33.05308404056227,3.157707778976996,33.46500062277754
2021-09-30,24.294330396483225,59.92357618606933,12.242840646871835,111.95041346051805
2021-10-31,37.27413761349404,63.77017922642214,14.411602746299454,218.40907536163817
2021-11-30,29.256598058336134,46.44495741109445,14.221090277927216,251.11323834974374
2021-12-31,27.994618949654527,55.37854192862068,10.808347581253106,231.40916659331023
2022-01-31,26.15953855765662,77.81180888459633,3.4570588440130914,17.60036754794907
2022-02-28,25.429485255917914,73.27207539165303,7.976649153589062,25.6149795878185
2022-03-31,27.97245320462948,44.42867671992721,4.788115892075419,145.27488544733234
2022-04-30,31.989039442137397,35.32770530923331,11.484707006109204,188.53316103988197
2022-05-31,36.306936121692836,85.60003040063728,7.128117415472773,262.43888803467223
2022-06-30,30.577292641369223,59.85202678235983,13.248561522419543,221.8540820574481
2022-07-31,15.194310067244988,83.71820555242893,10.19418912130546,298.6900867806623
2022-08-31,22.35948616635988,56.03443460172132,5.076831593978295,66.37755248350568
2022-09-30,37.375337441279115,38.81211672733603,12.275900682269707,277.14331843052395
2022-10-31,38.283021538732,64.1562133568649,7.759535784619933,260.7362428619508
2022-11-30,26.531736702490136,74.75037319759545,3.156539977721131,235.3400374100643
2022-12-31,22.501239486119914,73.36957555347743,14.116861816153259,212.72699346457102
2023-01-31,31.911726110126153,44.73921163942669,3.677188104554568,122.47522430462557
2023-02-28,21.075903509348436,50.23815461186379,7.523126888366274,209.30960860216064
2023-03-31,24.725835138235105,42.378728393027174,6.4781003078532375,64.12159396649433
2023-04-30,39.61001248265255,37.960752703110714,11.347979284765172,126.26278808012965
2023-05-31,15.068912774938578,69.78875586152986,7.171879989896001,51.23616766486299
2023-06-30,18.745321648494627,68.63590091359131,1.4867464438374276,63.916999755340775
2023-07-31,27.895950769268413,39.87002165309137,13.71077950976211,149.48883059294687
2023-08-31,16.201720951460747,72.46501617641968,14.521439033664384,159.7145478253215
2023-09-30,28.980333237878256,54.10179522324819,10.580657446777082,59.6784228204465
2023-10-31,16.02600602280901,59.77841996545436,9.246380700346574,57.27172487300338
2023-11-30,32.482558878515064,89.64924453676014,5.836609669810286,170.61957083718212
2023-12-31,28.870880848632275,76.03920744133909,2.5486599540908923,133.08220611120618
2019-01-31,23.97062202393581,31.224785593509555,9.633513321941246,213.2369583746309
2019-02-28,22.517533553413998,76.10002206539122,3.041982151921469,61.50271458722396
2019-03-31,27.81886856881112,67.6862026222341,6.815083232381843,234.24459264443584
2019-04-30,39.69011113159906,67.38436603147304,12.551619473193108,134.23744597130593
2019-05-31,34.68138218851992,38.979995820862285,13.524688950823363,46.537270723811616
2019-06-30,33.545232763963355,72.63083820204018,7.689571132750541,257.2193812925822
2019-07-31,26.881787003960035,51.27615001965845,13.616216536356438,37.04854178437037
2019-08-31,32.531186060059326,49.62961338910614,2.9546153474727355,259.4036952483195
2019-09-30,33.87839151722193,48.54025489994282,5.543111700900233,123.0246476318001
2019-10-31,19.84334147157855,84.88452816789083,12.74570838883057,197.97060550682778
2019-11-30,38.49525631439637,54.420967247279364,8.428000389383925,217.29430491510723
2019-12-31,27.149753704913657,83.70616288339039,10.447928631462988,183.4971869399001
2020-01-31,34.17483665382797,36.60080086739338,1.2459092451191984,298.5147923179239
2020-02-29,17.32085703961281,56.6632548179745,5.03394772724164,277.527170271133
2020-03-31,39.1195251957723,75.02285730955958,9.022456405113662,210.16481786266434
2020-04-30,24.561384544674286,45.98083559097114,12.32221348697113,1.218806307386211
2020-05-31,26.326407352148088,71.52546234078883,3.4194835760244704,165.1459410817646
2020-06-30,37.14590115528445,69.8817525740588,13.075611538937515,263.37451054192405
2020-07-31,37.47606171252992,58.07950785204156,14.756059033479001,291.2486920791189
2020-08-31,31.110813897102126,77.55286733119667,14.678180478011132,228.403709501122
2020-09-30,36.56939023031968,77.5079261972923,12.410546225153219,179.17881843364523
2020-10-31,16.454653557880636,57.500945873486685,6.560970888674977,49.25970090757647
2020-11-30,15.729911387899826,72.96689564279194,5.294169268900976,209.43241618151407
2020-12-31,31.65186297673975,45.065308075482925,7.248598845767885,229.72446350797796
2021-01-31,38.39184488283632,41.20740285291683,5.229620944027928,151.45642466461413
2021-02-28,35.31082463114235,52.08679454300629,3.46978102829903,102.92748497724476
2021-03-31,30.908099895507462,41.75187357010882,13.795796863042762,154.79723364232896
2021-04-30,34.37233004914723,72.47758596132999,7.190245414055822,267.2904998060404
2021-05-31,15.091176935812834,74.6254531582275,3.6074171042981282,15.358090263097656
2021-06-30,15.303821263583506,60.11188095869146,4.798293852586106,274.53367900596555
2021-07-31,32.95910256654413,70.81645191214582,6.897775463851641,7.673106311341638
2021-08-31,23.582383496697283,53.64700823313486,8.939355778690649,167.24133715024735
2021-09-30,24.983071901453894,63.57831012252038,4.377177362346688,128.38731464112968
2021-10-31,38.20262454076029,66.92169044871508,6.444040622506568,182.2496331357826
2021-11-30,34.674416805710464,49.22347913490208,9.678057740207427,34.40394757260261
2021-12-31,24.877879315857342,83.57161424764345,7.866021899832656,160.8024320706595
2022-01-31,23.31791358600398,42.7304248644887,11.628339986317286,25.90549839616815
2022-02-28,23.32160934706924,88.72441819226884,4.801400059557939,289.9965045607856
2022-03-31,19.04057827259718,68.91581348119459,3.074457651282221,260.836836565659
2022-04-30,38.83864252061972,53.89642749062551,8.14626590722163,107.42539308286048
2022-05-31,23.73968903729287,80.47257727677194,14.244958403604327,164.40344259485653
2022-06-30,32.354963948227834,43.42986461647283,4.660874049886135,272.2648680525828
2022-07-31,39.25647966413332,69.35900110141836,10.90083670550885,127.7636673874954
2022-08-31,22.954943192628903,56.967438922110304,5.4794857408962745,35.67631565091628
2022-09-30,32.40039360784258,45.64791811574098,1.0207660660515037,86.4443699831751
2022-10-31,19.835470987876047,55.26893560934187,11.46065506329671,0.21443853856186745
2022-11-30,18.767215997589478,85.62150535900194,6.848447962289818,24.600044372873864
2022-12-31,29.094800993570047,54.12055210127701,10.475334228127913,206.20366470296418
2023-01-31,29.16748215149216,80.03784878031762,5.115470536957824,21.12148129564129
2023-02-28,27.96856701268074,43.67658217011332,1.636393224569499,67.53570662564971
2023-03-31,19.23859327066874,86.85954059153764,4.094739318472279,60.4247772575
2023-04-30,15.473858296569821,47.94038866265137,4.168263764520207,125.92791806111767
2023-05-31,34.12627741341111,37.96198883430776,7.070152900475999,66.94041896414063
2023-06-30,17.631205896309513,49.62780295040233,9.489506843414912,59.244049675994845
2023-07-31,30.903013091148487,41.07726789804161,13.061001349755735,108.85085456688942
2023-08-31,29.81156315460818,72.87710180022965,5.1765862336942,161.02665519307496
2023-09-30,21.221589717520175,60.3326752167768,4.331199845530838,217.1366314197089
2023-10-31,33.34792986936968,39.38531873166293,2.5790665462515276,207.32366204869027
2023-11-30,26.41989456320131,73.16609369813024,14.53921757939553,45.30004077072331
2023-12-31,32.09807582459607,40.95240313397039,14.960702549282228,287.7204148693351
2019-01-31,39.95792857855278,84.34120215399868,6.498506084021864,11.859922398794598
2019-02-28,36.79438099627648,68.59767586600933,14.616658703158134,11.982290816265795
2019-03-31,16.01868694054804,31.219586993463356,1.104752269025215,221.00427709832462
2019-04-30,22.138061293685713,83.39161124491538,9.260490756517747,98.55740945742082
2019-05-31,34.44540213809721,89.94405364490885,3.1708611230916475,230.36533944599526
2019-06-30,29.884968670668325,34.726513072181994,9.56025630248802,230.12379663344757
2019-07-31,30.85444913983674,34.77012476381097,2.306138049509628,79.25019542794672
2019-08-31,20.40455156366378,70.16264790332455,3.960888620543435,178.07333253598378
2019-09-30,15.40154669093421,49.552268326688775,12.711027645800689,223.05346425368126
2019-10-31,22.2325561955492,33.23492034467181,4.514899488545768,52.87415014507177
2019-11-30,39.567510981795856,84.40938116888955,14.496146955200238,7.00077943812224
2019-12-31,34.09340353901908,43.254747291287714,11.6924050454418,53.85961034839062
2020-01-31,33.47800774162897,77.46360211141992,10.715153640763608,98.98426730274699
2020-02-29,27.626797788637212,61.81313691073716,10.680636633302433,172.35517811227643
2020-03-31,26.108734886245763,89.32801167826844,3.4930709546300047,105.26921954523722
2020-04-30,36.2568103483749,59.3952454476708,12.352600569684904,281.96948305742063
2020-05-31,32.68608002205481,47.40809685639368,12.145919894848577,31.584362725892035
2020-06-30,39.249662906100454,74.25150587798669,11.815942740740667,88.79302468412472
2020-07-31,32.3577720008399,58.69564367718576,9.148290987991173,72.31229932670419
2020-08-31,35.48358442701721,70.06083584555671,10.857123780381404,189.6850333605853
2020-09-30,23.629107168185016,39.864106012954764,6.914070314582764,284.24984415035044
2020-10-31,31.161096813868507,52.466222758162175,1.5396093401476347,221.45391704758677
2020-11-30,31.308410917917218,79.33718948860299,14.850753917269536,209.52749824460508
2020-12-31,32.82142081022579,39.5037536635279,1.336909336518704,112.26762657546962
2021-01-31,23.026713610811576,79.53219856952357,10.617307551816754,103.06500582567791
2021-02-28,26.60046080564524,86.26663564345887,4.837252269218515,14.991236719654966
2021-03-31,38.19521642390036,48.23912254943033,13.983253688102721,76.06175922314574
2021-04-30,20.279260900047575,60.76118100270669,4.120002339058206,67.55614438483771
2021-05-31,30.99743094179938,50.73912651855946,2.529917458421541,270.08112939705416
2021-06-30,34.80160192080076,59.58640894210214,10.728474963339384,150.69474227944036
2021-07-31,15.633072200928817,76.36762880277357,10.495498270388625,157.88030547751725
2021-08-31,33.42806311934777,33.19772400936441,13.111493771131007,278.96104360803633
2021-09-30,33.067102066762985,51.782539201966344,3.16608910375944,70.80747470555764
2021-10-31,22.772565756588623,63.04793563559296,11.834121479092795,210.84699054900165
2021-11-30,20.978118420334297,69.00124814107812,9.28840547164487,107.37384626964202
2021-12-31,27.60785107491705,59.621517966183916,14.879790112332039,190.88933626381288
2022-01-31,15.853901859510541,60.13542168340952,10.138945140342074,18.296700951901745
2022-02-28,17.200503272636,38.25211623505017,7.808480969598198,253.78366019572178
2022-03-31,29.578781441454797,79.20260602178763,13.616819710384712,62.62406021136918
2022-04-30,30.513182861660326,30.77704305677877,10.175878254182498,212.8939179766644
2022-05-31,32.12229934424139,31.54453538316848,1.100107739180013,34.14105843931963
2022-06-30,17.015315216676075,46.443590658670644,7.46846498080656,286.0667796953383
2022-07-31,21.512201139580746,69.56371362971274,11.18013489891166,3.2466474003493784
2022-08-31,19.211323807805826,43.043030401539035,10.142418929679852,265.7682993197373
2022-09-30,23.915557479782855,70.75095184800082,10.396865768882723,231.04758354368406
2022-10-31,26.101191971607648,52.23895971962617,10.828073788052954,17.44533518123491
2022-11-30,17.430083317373963,30.24182436823794,10.618305885890447,179.19061445296262
2022-12-31,26.798023306536813,79.40264009477073,11.80780137948964,109.92924717930494
2023-01-31,30.87186701168376,39.80597681688289,6.528998665658924,207.07102605150882
2023-02-28,32.83797947627748,57.30652913918421,10.72763553149062,3.959424714366766
2023-03-31,38.76652075547803,83.85060140465504,8.812095130710713,294.14217644248066
2023-04-30,19.878853302055596,48.44303156616094,13.12710456772649,114.95555159463034
2023-05-31,20.551305440882718,38.928959300433284,8.802685357262229,261.8499636711753
2023-06-30,28.076580023256277,52.513892904158865,8.51473987570083,256.041719382341
2023-07-31,33.29102798775662,46.07211646705081,7.473281246674318,156.04264291603857
2023-08-31,36.51670297180753,80.10712352901226,4.00645079589566,127.8445438799693
2023-09-30,33.46252534099979,74.09537076695253,4.059614513364229,33.7568365254488
2023-10-31,35.62602625581695,74.30678722145262,9.72261323001688,269.55394563982895
2023-11-30,25.465581114908744,38.60603014788928,4.977261029867262,147.57228989279872
2023-12-31,35.28106745538409,73.19047861984826,14.367372650893891,262.3937701194265
2019-01-31,34.09843713567879,58.22788571029332,3.978565227667925,255.89150417412228
2019-02-28,38.73730665452289,72.5066720768773,8.337600049103827,17.370674750971848
2019-03-31,15.307169098959555,86.75708177002272,9.166853169054113,117.23999517168596
2019-04-30,32.83490829378141,41.82054065076386,14.101372709094392,280.25131906472063
2019-05-31,20.855396077576835,72.27461288999115,4.384516586832565,11.958592023246661
2019-06-30,36.87213138473042,51.20891234404928,6.197227967017065,103.62096994585545
2019-07-31,24.242635988990767,36.525105962978444,1.7748991202892317,176.63731215284875
2019-08-31,25.72862258330084,67.01364945548512,6.333437374212865,143.1318965235272
2019-09-30,31.28704838111091,63.26977233554017,1.0054237815862235,37.73459994120335
2019-10-31,32.26754679156856,34.61316893551879,3.7915486291918574,14.081772469568165
2019-11-30,35.68085511275632,74.01932115993131,13.67435606891862,68.30035169084655
2019-12-31,30.898107893044916,85.20742383763306,12.400282220491897,259.58503806796904
2020-01-31,30.634765753135774,31.389146016578483,12.540375850508092,299.4096825658772
2020-02-29,15.3349148930986,33.427363942526746,14.996562446080633,289.4823705115611
2020-03-31,38.47156342349444,84.6750132775794,11.806580517407923,75.60659241725033
2020-04-30,33.28765120291733,59.472401265488,5.387601869460036,273.0719865408149
2020-05-31,34.514909712476516,77.02509415751099,12.289300251194348,9.098157410320296
2020-06-30,22.81769345473581,30.338085323831322,7.828952103237427,271.73884019991306
2020-07-31,17.645870360580663,42.81093260172937,5.021466824015453,235.82929334848373
2020-08-31,39.33989965676136,74.29628118983891,14.892825664325862,231.28519794291847
2020-09-30,29.169360124258205,85.23377983036265,2.883332619889817,73.54517902315862
2020-10-31,28.324892957312343,48.46794562909035,7.42607017227208,91.69798077231867
2020-11-30,39.46520321498173,59.000112181841615,6.938702977354216,44.97594038391172
2020-12-31,32.97104711411983,54.93408026567042,7.19868188563185,23.866992060626124
2021-01-31,27.082601455156006,38.185993771474195,12.47176052580281,138.23256312355562
2021-02-28,26.53951654808104,50.72747686869036,6.9775286105731205,269.9129569807023
2021-03-31,30.33936460415535,81.7338240210794,13.60660465171819,9.454988138849563
2021-04-30,23.708760947869273,46.57195848888712,14.66896767591011,197.47886182790842
2021-05-31,25.19167730365227,62.250312322547266,11.607258126331235,251.88284504776215
2021-06-30,36.712661127200036,46.43934149136771,2.233633777453398,240.1490918123064
2021-07-31,38.43573080472322,64.54920137246415,6.915072519161872,169.13990057370222
2021-08-31,32.755628416731746,84.52710813599892,1.0362457268791259,166.87692721705082
2021-09-30,23.00361618197468,52.99803958556157,9.435652955523327,38.04239461691027
2021-10-31,34.62398058188046,79.53243453837786,1.2668732435168948,249.25173988661498
2021-11-30,31.719117592264322,73.30703065357167,13.210409585453553,68.32809226222571
2021-12-31,16.662319673466477,33.50507378522914,14.72288771053521,150.34551973700522
2022-01-31,18.25510068187884,71.88336692837767,7.373869269259907,165.5973918935301
2022-02-28,25.509347143928657,53.58647322911382,6.200546281929202,159.59584721892367
2022-03-31,16.621085741223705,44.9838470669673,12.585821884048816,176.1562090483594
2022-04-30,24.995659471449102,37.21894225782918,8.132088450995077,154.99357813900082
2022-05-31,33.34367187048879,40.99506368344572,2.7135573495799994,100.6748481685443
2022-06-30,29.948427478444465,44.11349581973582,10.377502365774658,43.19102301419553
2022-07-31,35.793932512249,82.9630193708777,11.51348880612548,119.00194861255034
2022-08-31,22.85803074220643,67.01230211794436,10.312148912220373,7.955037559121269
2022-09-30,17.036740584789282,66.41978864996919,8.103343332390576,45.50380894466346
2022-10-31,31.966023992917243,50.82357808475239,1.9132740568553595,71.80543964758658
2022-11-30,22.99354078796061,79.79074222066885,11.451646713699883,231.4275863472369
2022-12-31,21.672839041895415,86.22207642452561,10.663209329890618,278.84402773383954
2023-01-31,34.22949291791775,40.303424037703124,12.841844701503021,257.4780742433212
2023-02-28,16.362336224491113,69.34243484150268,13.384097932178742,169.51249659457355
2023-03-31,34.94149722029569,76.55447687115041,5.224919297796304,218.3737074483294
2023-04-30,30.981040741237226,84.37052526200168,10.055113843303786,274.84393483419956
2023-05-31,28.94299641620069,82.89028043642004,14.492216900364465,265.3926372134427
2023-06-30,31.25983229815264,88.33184693461712,9.630450815619529,101.21662979865205
2023-07-31,22.228794649907513,74.43145524371437,2.901198260635147,196.03123565063123
2023-08-31,18.090688140097516,84.47052523215194,4.875115584162306,200.15021890870602
2023-09-30,22.892019162573753,33.61430998667882,14.39555783894166,241.08477840268867
2023-10-31,37.16718067938239,81.18772052137658,5.141506830872588,45.70493732778458
2023-11-30,39.452744658748955,84.94695041677835,12.887792822995157,114.98076807394044
2023-12-31,29.271856384103337,88.86518969949984,6.8788428416468435,213.72495092750464
2019-01-31,33.65956265337523,43.496901651503414,6.810080347940932,243.43710469702413
2019-02-28,36.010511461306564,68.14321685888858,2.6042702055992315,209.1885476474756
2019-03-31,18.11934085670592,65.58628815483644,8.005930648083249,18.740719629752654
2019-04-30,22.111772347176277,62.459516289220815,7.482007400808314,286.6709066503129
2019-05-31,18.929260352324125,84.29172074885184,3.3269103328713774,115.88399065603706
2019-06-30,18.326420247729565,44.89630894776475,13.695074473661316,209.1352555417156
2019-07-31,30.248779527151637,47.89929021389017,4.685001083733484,100.88976901402623
2019-08-31,15.019119158062452,68.36176038794451,7.347422864127816,253.29907530458075
2019-09-30,38.90888561620102,81.44783085259871,7.120524398398404,102.34041334281396
2019-10-31,27.664585142942226,78.81724297291913,12.092073629015063,274.8313070890005
2019-11-30,36.085401017789025,76.96993440628907,9.12936804710454,75.64457355165949
2019-12-31,39.5724381167003,59.752123606864515,7.295435243301859,104.42174262215187
2020-01-31,31.083952644828585,64.68085538088306,4.445184141820286,79.4292570312333
2020-02-29,34.564801902894864,66.60279491002419,11.008331788098705,78.4505175036265
2020-03-31,19.37057426238408,48.96145167462953,2.626156814055864,74.01889552305568
2020-04-30,16.102696336745463,76.87383906016896,3.837068700274467,227.85953131347625
2020-05-31,27.6538049303688,61.839467344684216,7.299248943524734,175.45401092981993
2020-06-30,38.83597061758286,76.9326568627931,3.1205966455919,112.41598703641641
2020-07-31,23.34362086468415,70.79861933863148,6.62731479371266,64.33815491396908
2020-08-31,38.13707327202894,71.9965748965964,3.3636043527758654,284.8187581798549
2020-09-30,20.997572555816344,44.644369338391925,11.94510080122336,284.3996389501974
2020-10-31,15.54615220724531,45.442507700419256,8.029932195712398,206.08089101539719
2020-11-30,29.63066222327509,57.266653018508435,2.7563566071003587,157.5770170388543
2020-12-31,20.19342210604714,54.78567780166455,10.040563903592771,45.92071826437881
2021-01-31,24.10895206267045,63.32083587709051,6.999192828519156,130.22784227436617
2021-02-28,24.19291300346103,72.18447256609139,7.929174002966853,6.035453606195141
2021-03-31,26.265121300311623,67.00520916466567,8.061140797472586,163.89698908076355
2021-04-30,18.634752371842804,67.55859722713578,1.1868814128404905,172.0665999883292
2021-05-31,16.060611495440362,54.798601130969985,11.229416602578645,102.67629084605929
2021-06-30,24.920876290994137,84.14732327497309,7.492313946827442,151.04747271280453
2021-07-31,33.39060651837081,66.2773162245208,7.411432864644269,297.82376728130987
2021-08-31,31.156176182522074,41.711629938799206,4.5420728883383195,146.00944136473433
2021-09-30,21.75314519710455,33.07129505586107,8.18205338250763,232.34084806526528
2021-10-31,17.87595635704415,83.2144853133756,7.214670079528692,296.80718163911746
2021-11-30,16.655835216724462,42.113451210004705,6.992442910102303,280.02174890257135
2021-12-31,21.190793132665053,60.99852681190525,13.827378356251515,121.78914865861165
2022-01-31,22.690261940634894,35.69618356252399,3.7669284303274075,103.8633982078483
2022-02-28,20.20243902582858,30.82383549445751,8.980233104555808,243.97340129781685
2022-03-31,20.74585327898845,63.89450369159023,8.113527037523529,257.2773045356949
2022-04-30,18.036016412153064,66.10935191438008,1.587836901331483,276.96262999219516
2022-05-31,25.599165453800254,83.92882651200351,9.422382016123175,161.49378017349233
2022-06-30,21.436176137911257,87.71374193852506,1.2698306446389505,71.50517709538934
2022-07-31,32.2104536271237,31.531458154780353,9.407182004599484,250.76591745315662
2022-08-31,22.50680535211747,31.472429829363534,13.515236100357656,293.6352197098182
2022-09-30,28.032059739061374,59.92654256883473,11.575204690877245,1.1758760580782512
2022-10-31,26.438563743263238,41.01778366057941,5.710247216817481,214.6888222387416
2022-11-30,15.38220906350985,89.29759892432327,1.7875645261712605,31.33658188531535
2022-12-31,19.21069927137471,81.23611268616662,14.031369023116692,48.387631372333
2023-01-31,20.17781613510859,42.28872164563099,7.87897306987138,159.2762480671093
2023-02-28,22.096069531622227,74.58790174256046,13.398292721948453,37.45556311509899
2023-03-31,34.638929031633936,34.50854971994562,14.861120951583397,129.93715539259432
2023-04-30,22.150676119759094,51.40091303257191,11.966044459774334,130.31601095982015
2023-05-31,33.398378536859475,50.53336045710346,12.533688691664112,262.15018087254765
2023-06-30,16.71012092805557,76.87194583499706,6.618563441755826,139.6726769968886
2023-07-31,27.39984017210005,70.35752045218294,6.6935936765649116,291.6874639463695
2023-08-31,34.174521707805916,51.685148791050956,14.76217962918562,27.728396789361632
2023-09-30,28.84782004217871,56.904848090782025,9.484738710481352,57.79712147228887
2023-10-31,16.016421717142777,54.60517396436801,3.118765420556708,217.88408049877665
2023-11-30,39.53705770308188,41.6240604524307,6.012921148732338,7.4969398795023405
2023-12-31,15.301159623339922,83.56923120832073,1.5395210103531625,99.76311411156273
2019-01-31,20.32577171855732,82.07359025380052,14.758367527180791,95.05205839266168
2019-02-28,25.977611937504502,44.8798480658746,2.0143116133226107,129.35887544829333
2019-03-31,32.16526214248621,45.462031678438464,3.3640245913601103,255.20283600118123
2019-04-30,18.388916051779862,31.92839959080925,4.176256207844437,31.05561542112141
2019-05-31,37.611670994180585,57.37488384240653,9.657988089548777,153.83700136495608
2019-06-30,15.243108566909836,36.21706459474686,12.038689853999953,116.92312891185269
2019-07-31,28.632593920132997,57.47265055000605,11.30119106962302,200.95090857242872
2019-08-31,17.068762856890036,39.30306983702363,9.74116680024507,131.46110913039777
2019-09-30,33.818132497951574,60.15374317822629,1.521846096121903,118.45319290231149
2019-10-31,18.671732300634005,56.9871619922788,9.358465281354768,262.0426024728921
2019-11-30,26.39107795408597,58.386111235527494,13.78376076477453,61.65449621799346
2019-12-31,19.234210172970815,70.31787889053864,1.1667592384523422,241.92785999280062
2020-01-31,34.361684389424454,87.42104903560409,11.95970930657983,51.72373162060965
2020-02-29,32.38926588522531,41.52592701405243,5.95884170478431,124.67018138707992
2020-03-31,23.49622838649823,63.07520931400092,11.53819632725441,166.06023106716003
2020-04-30,15.139572739685795,82.11364706214022,9.329714713332244,72.06911947566478
2020-05-31,28.250572513998463,76.53866780696617,6.77298115274739,252.976279891153
2020-06-30,31.414353087222842,58.60268481827657,9.366711856202391,152.55948198339067
2020-07-31,33.64674258607306,74.87859204853245,4.453226291656225,173.1751971094225
2020-08-31,39.98901653351048,57.39035918062338,14.11008293829704,147.11102790855196
2020-09-30,25.794665020632326,89.40683725257934,2.7988724961933142,142.60596683657454
2020-10-31,36.02819020263358,84.43192263978274,5.010904256766632,235.25100271683596
2020-11-30,16.141612193459043,48.42079114000673,7.121416877024996,30.48520695583158
2020-12-31,26.132563655225724,64.26944712824312,2.1343576203184056,85.21526398872109
2021-01-31,17.237866468227658,41.36749690769183,2.319864190221443,31.981145307635206
2021-02-28,15.884052767205617,53.609773367942715,6.009698756015356,29.58898036037857
2021-03-31,30.066997316353294,44.74103015771457,9.329865871967229,38.89712611100163
2021-04-30,16.653646804068913,61.279896481346185,8.403746720958798,17.092028069948196
2021-05-31,17.76966305711439,69.81977848382138,2.7267694666961484,226.62332743946845
2021-06-30,23.426241463769472,39.2001468551112,6.136883137476256,278.3389714315537
2021-07-31,21.19142512010791,48.82072565863007,8.455080278599837,292.8080779583571
2021-08-31,31.597026491596015,68.96561104660636,5.838205249362565,231.17704302782636
2021-09-30,25.221984725392222,80.68565349144383,10.935009430967604,134.0290232478873
2021-10-31,37.90919916502053,87.78745166523534,12.00426438195642,254.7197904999679
2021-11-30,22.10080948035411,82.3909147561483,7.8761484656064615,187.3226366070336
2021-12-31,19.596800141295084,33.5490903104722,6.413807165829446,169.47155415254045
2022-01-31,28.70508642452487,71.50563672090189,9.294235560008158,193.07422466971485
2022-02-28,29.047195974980383,47.318291081741734,3.21724881398215,182.080705755728
2022-03-31,20.534416958025687,31.90844100691079,14.163838468543247,142.5683232357841
2022-04-30,21.568811548472702,45.778356868992084,1.1609406281309806,280.401515696254
2022-05-31,29.773532542877,83.01993087998592,6.6561262433667885,144.54304617757748
2022-06-30,36.082976623837936,32.42013502121059,13.933432168043264,99.26921711175306
2022-07-31,24.222728274230015,51.65051150334972,5.9575240713303526,141.86939414991525
2022-08-31,22.577257859245815,33.767196434195334,3.4157880095603588,0.8221478318375941
2022-09-30,18.719663624466687,44.19757748680567,10.276694342004072,142.88610230495263
2022-10-31,35.823676577169536,67.2902207764347,2.3053512657281665,4.835348763970271
2022-11-30,33.97472238624404,83.64062372783432,3.343052493371377,64.53377731804524
2022-12-31,15.61359958959651,51.0443646451363,3.987742793607131,267.6439049633579
2023-01-31,30.796587299267394,31.63973998220859,10.804561405862419,230.41252644472462
2023-02-28,21.592592139034725,63.58656382068688,1.0251276964407745,281.95293177655566
2023-03-31,38.959070580441875,48.075702880848965,9.776713257886854,103.60211012083558
2023-04-30,16.665777835247127,66.5988458668316,6.3078810607479205,264.88590097583085
2023-05-31,34.77025101459334,34.594383158916735,4.900103380627351,120.80100646408472
2023-06-30,22.137061693467643,59.92246835057874,12.912174522138578,175.08575231947668
2023-07-31,26.869679329421636,85.01506789172137,14.767406200178318,271.4773171300731
2023-08-31,35.13661253938288,77.63169130160054,2.137623314220451,77.22977720552208
2023-09-30,36.13307276599606,56.5532414019648,6.59966236193427,7.851302599972021
2023-10-31,19.51912538710762,81.05366099095498,11.22602208671454,66.61952369974142
2023-11-30,17.294985807450946,30.70515441339402,8.264821398454076,123.84370800136188
2023-12-31,39.6134673074624,35.862730074718186,3.2160788177094837,56.57203468614343
2019-01-31,35.71934025157108,70.72661408489506,12.20106946419071,253.87141447875808
2019-02-28,22.28592646504774,79.2975120031023,6.444380036679802,238.99439216563275
2019-03-31,18.20869603841343,40.82852488043983,12.65515392097949,137.93038274093928
2019-04-30,23.030675909082486,66.66245696985263,12.045867544349381,180.9469246538529
2019-05-31,31.189801951340765,53.98054082704971,13.576803779482965,130.4406152766769
2019-06-30,28.674683699076684,32.4825240590338,13.74288531421505,277.3479063704893
2019-07-31,32.72993761829396,35.4192815593302,11.014505923466578,184.2578886124846
2019-08-31,24.28569459877888,63.072217835728274,6.5767915643258394,66.39052862387216
2019-09-30,33.20733720287583,79.24811134717129,13.22483107076776,7.387773250212259
2019-10-31,20.314537964923236,77.74005265352719,12.385398662359483,188.3635971986934
2019-11-30,38.7375354057524,60.555941408356446,8.218880148489355,157.6934591404705
2019-12-31,34.45176884280882,85.70417289493125,4.452997435801036,46.516942766059366
2020-01-31,20.991284724640565,50.73723644326614,12.078326168875936,65.37152366679746
2020-02-29,36.648992230091594,49.43050071865465,4.072080436531875,187.22509500553062
2020-03-31,20.6068922005843,79.73100774282554,8.748207194657397,168.0770248845614
2020-04-30,16.061633720441016,75.18775947184307,14.180602922010522,126.02335792480733
2020-05-31,24.401570201441192,30.08728107053277,1.8967308767485451,257.7178810640135
2020-06-30,20.91557348794191,40.1024274511596,3.295856284316883,103.28843164933168
2020-07-31,37.01626330855589,59.83178129969847,3.5227495078219393,43.833408174439406
2020-08-31,31.393337423977407,72.84311725256448,6.062168601735078,0.4305939746068854
2020-09-30,15.23402414751452,81.6934223148908,14.195590955523818,25.96620754500759
2020-10-31,31.34318389213524,77.41159183948471,14.070463282778219,261.5392474773957
2020-11-30,20.80869706018853,44.39517916523727,1.412967454757383,207.32287840819438
2020-12-31,36.27136386357684,88.74422750550231,10.44676186878617,79.97945503612526
2021-01-31,22.049612771074756,53.487238859582384,4.991582344809759,161.11954802528587
2021-02-28,36.23606647627169,63.16277344128268,11.318145527334329,98.77255067594943
2021-03-31,16.66666699114002,49.86898704174176,7.8436936552949845,27.80291961500626
2021-04-30,19.645863904017194,30.92517711205586,6.706082286970954,298.05315073531443
2021-05-31,28.00963632619599,74.0584236330067,12.515381339220466,194.9543210353287
2021-06-30,28.72988588280588,88.16144570941631,11.296465443691977,291.8934861287706
2021-07-31,35.87722329409659,41.27753226974457,2.587791240545002,131.46573608689204
2021-08-31,17.87252874002877,64.27846198198722,4.000772684485215,247.3467843933726
2021-09-30,29.11193127585288,89.70489673414843,11.616218729212129,290.1346121270371
2021-10-31,31.624839341342675,42.94464061027377,12.279905534910572,167.65044590490842
2021-11-30,36.70414133924653,43.031426822516,11.671249046422831,250.48305322254748
2021-12-31,28.980459374795085,67.87646607884828,14.726920649192536,243.13953638104488
2022-01-31,22.30271126530747,88.91651656770884,3.7177276406702964,137.5281151558246
2022-02-28,20.02847663263774,63.71942434918999,10.862621580213014,279.38122563670447
2022-03-31,38.82153550437795,52.94579839454039,9.788973385354435,266.3621465640735
2022-04-30,16.84173179317784,73.08194671255843,8.044713411234873,281.88986893872584
2022-05-31,27.778207243973092,70.66080094457357,5.428555924108657,39.138019303090665
2022-06-30,27.137391057125047,68.17100604094357,9.724686528747345,43.18349054557845
2022-07-31,27.702419033926866,58.51926627922735,14.12478392662726,216.58939141966715
2022-08-31,28.03198881095934,57.96078040392432,2.1186102560084916,228.40544114674566
2022-09-30,25.902582649904204,47.28842533880107,12.013867472821227,122.90160131290416
2022-10-31,34.442238338948286,68.91973358199158,8.103675203269917,26.600083813795806
2022-11-30,38.94679553645807,84.40284653714674,11.996994840206087,27.09127717803048
2022-12-31,34.77267161484661,52.62382733902278,4.423554206754026,95.48019334598979
2023-01-31,25.598391334147564,48.91616429269756,3.3392244894335805,46.74537223213606
2023-02-28,26.560294678813136,88.52623752395132,1.5019579574306967,188.95637441332508
2023-03-31,36.811210961084754,46.39222949989771,4.6676536979487055,98.28246186233869
2023-04-30,22.093486494188575,83.0786252267255,4.618046057923834,141.75963865460054
2023-05-31,22.025662615092767,58.356604265840815,12.482417203937349,139.9963501699477
2023-06-30,25.74267681375654,35.37995097247256,14.383682124845585,85.14364663185702
2023-07-31,25.873878310145685,75.12052801463754,10.049951790743794,262.4133076038041
2023-08-31,26.340116643634694,51.52180431945854,12.48716898722029,264.80412399898916
2023-09-30,30.285121681425146,79.86366017972819,7.542753760847675,44.021216826304496
2023-10-31,24.56836727317642,54.355759211872595,2.6838244077494107,13.250746282602389
2023-11-30,25.196831166443403,33.79610112619616,3.661306877889107,264.1827676546764
2023-12-31,24.489419989348352,33.70226231548814,12.355849494518319,76.57260478191526
2019-01-31,18.46243313933265,37.04297455246565,4.463936574138269,123.45339546697541
2019-02-28,36.3125442184939,81.40359792026297,3.580123407624794,290.13558263477773
2019-03-31,29.142755944597504,75.74985727529665,10.982769435686471,226.65779839503384
2019-04-30,18.944165096166316,32.43549406345648,11.174155621309506,78.56252225797199
2019-05-31,33.19678004418212,85.52492162547495,4.070511811684334,124.21331606269635
2019-06-30,23.60195878333853,89.73228787497663,6.45734047153591,199.0289967395383
2019-07-31,24.774330226760057,48.60890796510084,13.092938070423067,232.87760677490732
2019-08-31,31.211748397767714,34.945434464169495,7.305161467062035,145.9484145540947
2019-09-30,24.46582272369422,30.878912411618277,8.130385988231167,254.1630621354736
2019-10-31,17.589690550756654,79.7834699118293,14.596854728046106,96.59704924431367
2019-11-30,31.788640772396533,47.143972779095876,13.725692443685716,123.9430802971752
2019-12-31,38.03453702113233,42.7807202393839,1.14893358117207,252.04584495808166
2020-01-31,19.207775617291624,74.05926297084534,7.673457474738175,128.1101373217716
2020-02-29,22.24159120064597,84.07304717126493,5.689778880449799,58.232458932751264
2020-03-31,15.769530470215155,52.91755061110155,6.210941020438559,87.48918655554743
2020-04-30,37.22155151153935,79.73931903209018,7.627459615014979,147.52627650775543
2020-05-31,17.579450295968307,58.107256792982035,6.590905143094447,187.48014327457489
2020-06-30,34.86993479679194,77.24426301689394,7.361899803147081,221.98278409032082
2020-07-31,22.37934932581082,38.47943274226671,14.498486328927592,168.94843366490525
2020-08-31,19.537463018295906,75.65323028797508,13.874173161282728,34.20041964678289
2020-09-30,23.944232787411636,45.0885679155909,10.73003682877149,289.5719335380577
2020-10-31,32.732280645711995,87.4031990766332,4.551024360441917,90.08264455050342
2020-11-30,36.58909324803049,75.89017119764009,10.40410703382578,43.90753518080898
2020-12-31,16.69587821643456,59.32843857644817,10.609915711402003,249.65324702659174
2021-01-31,19.55184008747111,64.54153174296403,1.551349725825038,291.7413330418281
2021-02-28,39.61661869075242,54.38267220812023,10.35668300404436,137.96205668314232
2021-03-31,16.488964039048614,39.893941892767714,6.624092490045261,106.04010851667506
2021-04-30,32.06633395640105,76.90914524181042,12.320293773655745,104.27421924025495
2021-05-31,29.205352732703002,36.67137040270226,8.419828398725958,135.37753197155183
2021-06-30,19.665737783078956,79.91353017506478,9.154025012115245,265.31047801073464
2021-07-31,25.3526901730668,77.15835311241185,6.429988860654547,199.22060923517938
2021-08-31,35.128813772359585,55.448546219456595,7.26436064220996,34.437794321662096
2021-09-30,29.571353610504072,76.17324123046437,4.284489835392583,209.3169402682645
2021-10-31,27.505622797113027,40.49658580881245,2.191831519641865,67.82526561826
2021-11-30,23.196264643655013,37.63693511282746,14.808202477226349,294.296771072602
2021-12-31,20.015251427462875,64.90643646795485,12.475452179520438,72.19153250709684
2022-01-31,39.83969126858527,75.24656016619926,7.795524862174128,15.001019214889833
2022-02-28,23.407445315651113,46.214644228366296,3.2549503392440804,14.238759290559743
2022-03-31,32.61286319291355,83.7526819063513,11.697764551366028,93.92998352175181
2022-04-30,24.667920442863647,48.86810489113428,8.929525286667381,218.96630533142965
2022-05-31,37.14765814984571,46.10945295375634,8.302281004317509,187.06785588535558
2022-06-30,16.33900293120873,60.691219333793,5.012729579928972,57.441926145503764
2022-07-31,27.284916433252743,48.013878845485124,2.1768293311744165,230.5750754050078
2022-08-31,34.34286929886453,86.71827974423816,3.701381116908273,126.76077004585584
2022-09-30,18.31735470719447,50.48709826320625,2.0997810837322417,250.48022514266486
2022-10-31,27.392939807857175,71.60008516004005,12.34039690442406,248.81563244098646
2022-11-30,19.22457160883107,42.18283357112671,6.935953832418031,18.209960743234156
2022-12-31,15.483629259548678,35.98298104056625,3.486085582995756,140.93796899150908
2023-01-31,29.901329508019593,30.00050593267826,4.535892577138565,48.64956345321132
2023-02-28,26.40098446780607,57.17829523144402,6.164591355272964,102.61319234814356
2023-03-31,18.818825006778802,54.40081993053975,7.408304390573445,155.57677726372597
2023-04-30,35.87124898255524,35.50800953005138,10.017375940415542,60.94058998931722
2023-05-31,16.782281414022393,77.41750361633541,13.19072438655976,48.71914503191254
2023-06-30,23.171023434341286,88.52831834867254,4.92519097796839,243.86159251578627
2023-07-31,31.093323978225758,54.62012967584624,13.858681257874721,98.68390139114037
2023-08-31,39.1441842327953,46.307186919736665,9.69692756354399,227.6852261736774
2023-09-30,26.72800704265117,82.83900878273352,14.496141158707704,164.78103251964208
2023-10-31,20.90145165414929,64.80321954624364,6.619675798266126,162.38674181674597
2023-11-30,34.372601633245,35.60585937550178,5.237530491209446,7.7346776483288915
2023-12-31,33.794025104475296,87.12534170322508,10.198521784653042,138.66885686196733
2019-01-31,23.885162466311947,55.7891493577033,11.41949411618104,54.69007997673687
2019-02-28,16.959236348140863,45.81121610537548,12.94059502369858,54.089373143630596
2019-03-31,39.955911097437706,76.03949573739155,10.62946844879122,3.7199183495660093
2019-04-30,35.02003901488919,65.2222453417576,7.88095126556555,140.21966298376933
2019-05-31,39.72849377613229,47.917173393329804,7.875879985385101,278.37653155593483
2019-06-30,33.471239625201854,33.19819513217297,3.036470222028001,299.85984630048915
2019-07-31,35.78354371747625,64.99378945853769,1.818136854118064,261.52834959824077
2019-08-31,35.938332965507996,84.77875669373188,9.062628433757753,251.89765682774603
2019-09-30,20.976372497675424,41.88804312694474,8.129087863380933,63.49928923007998
2019-10-31,33.537164209662414,32.06138608032809,7.1968331183300505,171.81094673075225
2019-11-30,16.110760621050225,70.47538613527536,4.360021325717763,136.3050265224365
2019-12-31,37.436613086600225,66.41339009820935,1.0923772713050812,166.82162052023602
2020-01-31,32.08949676535821,89.9630592639717,12.130062146259275,188.2942001355516
2020-02-29,32.783302145212474,69.87127354031932,14.900717305736787,214.40226628165848
2020-03-31,39.30137182348052,61.88270030857886,9.473644837646642,174.46192940465076
2020-04-30,22.127234329650335,51.83009854852552,14.165143820483651,217.28121664292345
2020-05-31,22.068225309576377,77.93506627294641,1.5128877821097302,61.936878604406246
2020-06-30,28.09045566487311,75.93301881043544,10.436052858234916,22.534298046039623
2020-07-31,22.63700157272271,31.83915329836094,5.580550909403195,288.0690176912146
2020-08-31,21.953457663795206,57.991509964486525,14.569682014341087,282.9806350440464
2020-09-30,16.227991177904308,60.19215738400722,7.381648175273143,111.5746472060222
2020-10-31,18.953480303998965,39.242685844259746,3.242774973880023,179.89871533948525
2020-11-30,18.641440090746045,35.56256381430342,6.006888188739264,18.166834262251886
2020-12-31,37.98113320464566,70.9651841937677,1.651050898092901,151.79585464177845
2021-01-31,28.749019386116995,56.861977378387024,6.530544172941407,8.219027351450292
2021-02-28,16.24664579452215,40.60146672479477,7.472524112996224,246.8725453884428
2021-03-31,32.62285170828849,76.19344644683392,9.894824725007583,82.07083903269718
2021-04-30,33.782032860778386,86.53992114729397,4.21593026838425,272.33873262630993
2021-05-31,23.811062212940868,38.67541227784514,2.7642202766937736,247.52020657312679
2021-06-30,31.291497600025366,65.59374367452057,11.946122872857984,67.67385947920427
2021-07-31,34.499351244473274,55.59444315507126,9.018119318925251,126.69532210907059
2021-08-31,18.22142994779111,48.44121841716647,12.122604465975849,264.9348250714599
2021-09-30,28.227986697779322,58.08247881494107,5.809184171422252,141.5789865471588
2021-10-31,21.247998135198564,85.89818360852786,8.056909441404803,21.95910168440204
2021-11-30,37.833344990174325,57.82845010458674,8.923375513467366,66.74804505720749
2021-12-31,24.42464078100215,41.281693872563295,10.380713452759702,116.19932841532396
2022-01-31,36.28377676764028,43.29417231622654,5.439052673943366,117.48156815857878
2022-02-28,28.950121231466554,48.715130630122225,6.873023448683069,227.8477748728242
2022-03-31,22.011098935094974,39.50025033237304,1.716447434483164,232.82391577328283
2022-04-30,37.68784281798288,56.070098364357406,12.520940546542963,127.73607297520311
2022-05-31,38.50272228622571,56.89200986832085,3.9293516282071215,141.17237839332063
2022-06-30,32.94009438549257,61.51824476394077,14.784080352131545,239.1838903479499
2022-07-31,25.65432890851666,82.09382485455501,3.0393646452932397,143.34309238681766
2022-08-31,24.19463084439173,77.50381198542206,12.720615382594218,45.53380541196186
2022-09-30,35.77592699723613,50.71444641291044,3.894079022586741,287.4599583492728
2022-10-31,39.200330612377456,34.541179441512426,12.31112001451819,179.26707618696935
2022-11-30,33.3140456157198,38.956187517424716,6.886045458190207,96.3811665017162
2022-12-31,23.347782645045243,79.30189915520715,11.607886303652219,147.16173463202168
2023-01-31,35.92753416575624,76.39213098222348,3.012757943626255,140.3450232363677
2023-02-28,23.90428582575216,65.58542694211431,4.272235892529169,3.4409897844331683
2023-03-31,21.430762139525235,58.88354443227267,14.31117187366783,251.3497540687608
2023-04-30,38.31059317927638,75.1113368832979,4.450175607021773,45.19043569313849
2023-05-31,33.27817143902243,73.521906671367,12.882029293286669,119.77349778222293
2023-06-30,38.44539767063648,32.39143230363973,7.106394044164814,153.35583177459117
2023-07-31,37.7425055604113,53.10749134312278,12.034470548364506,125.38375724651809
2023-08-31,15.622424995410631,79.10865990979892,14.136848221817488,243.02123686522035
2023-09-30,34.578651885305064,59.833524161813514,3.888787217465091,9.45684217184689
2023-10-31,31.933313370064454,56.697445919079605,11.199044192091897,128.50048757417838
2023-11-30,17.598638508252314,35.82274361094724,12.91317059947835,14.79895823803501
2023-12-31,35.65125806357477,43.146296881139165,12.927438825743826,295.66199623350565
2019-01-31,31.596298956370006,55.32016229881068,5.949546396995203,186.03835020902505
2019-02-28,23.222768105235748,68.494124548782,1.5306283799433256,102.17212734777455
2019-03-31,31.442711746086015,50.94705791487749,4.534276778668612,265.6294579582818
2019-04-30,33.52037604797244,56.44217580664801,11.521904624041973,215.5799067805703
2019-05-31,30.35155779289702,63.743379357756574,11.511276343236624,234.6131364465642
2019-06-30,31.54959231009667,81.65025380630914,13.061793198824788,8.451404646534154
2019-07-31,24.8904372699429,60.90551545192886,11.894094118432985,100.34441912325734
2019-08-31,32.057037836044074,78.14248182878089,9.082477624315239,156.88906861921578
2019-09-30,25.225849528250027,43.26819526275081,14.63013855682432,73.20797835015107
2019-10-31,35.95134870821496,85.28971101180753,9.358510858028444,264.5340002387113
2019-11-30,18.943129094133216,66.54843457283445,14.19096326018243,290.3025010810565
2019-12-31,25.027414206437946,78.4542939395616,4.738132391405182,114.42507836032658
2020-01-31,31.866416078032305,40.59635564678965,9.98759918933908,6.974290353943613
2020-02-29,37.73958179919519,30.527114087128247,7.084469947898654,6.443714891879071
2020-03-31,34.719233676982654,36.239978325482916,7.1653327535900315,299.8420893158269
2020-04-30,26.011513323468453,60.66757411046786,12.794878270359296,276.8526183437166
2020-05-31,25.17768072969338,43.94995935446077,5.986081808480144,158.64615183992393
2020-06-30,29.66269982496364,54.73864451036522,5.382321283793634,4.509620680412462
2020-07-31,35.91436601843183,77.28238100549476,3.4288804016903742,7.328538027438647
2020-08-31,17.038823366291286,33.52470817546971,9.785182652056287,294.5728408209578
2020-09-30,37.13470905700565,69.20728468791094,8.45040266861653,98.13864305062936
2020-10-31,24.887359660345258,57.670787817638974,13.061110420611167,124.37039751873048
2020-11-30,36.57498990041607,80.29869415237539,13.889232377117004,12.462208318769708
2020-12-31,27.448683337700857,55.57895647652458,6.242793736866687,244.60564009129328
2021-01-31,17.22578937495259,86.34788580011906,10.159377465947616,226.09455694190655
2021-02-28,17.20177792543239,71.79618491152253,9.523601802150143,63.04450168177017
2021-03-31,23.308805418867962,54.980239444111405,1.8624467501863928,215.05735226386713
2021-04-30,23.58173392910343,49.201098898315486,8.224352513156719,173.93211653145377
2021-05-31,38.43750340330517,40.52965906028145,12.429942693179397,258.58225046198385
2021-06-30,26.269034327353356,37.79494048130659,5.426557426387284,17.183110334108708
2021-07-31,29.323936322101183,66.49207250314163,5.680686311612278,49.26246685814346
2021-08-31,24.61086202591433,83.26383102534204,12.611820146459129,23.020697925395474
2021-09-30,37.495613711738,56.68610694533754,6.693025241866497,3.0473380414315576
2021-10-31,16.805007690528733,67.24388970675551,6.877042687753964,128.6292264762043
2021-11-30,27.035042806072568,37.99038069146538,14.680379748991662,266.0789422504623
2021-12-31,18.37481048896172,64.82780310338356,14.514406055543187,114.09057293692067
2022-01-31,37.06048748931403,52.47116817660436,13.910892576246129,270.05175726348733
2022-02-28,18.36726177457085,86.60127633499754,6.829329483666738,37.97702387282405
2022-03-31,29.148392276136622,88.69538222877163,8.111534967374773,160.4843325157287
2022-04-30,23.812181644006372,36.956380207287424,8.72218387902791,39.526028877340735
2022-05-31,35.55564636769396,76.13474862007088,12.451298823635968,64.07845616327158
2022-06-30,28.688226438233627,49.81503035859052,13.35123787845895,90.32537594442161
2022-07-31,17.097205055942382,55.365461798023034,13.522899499585343,248.8386638557419
2022-08-31,24.307605062637933,39.045041777980956,6.00264969480277,217.87004002703517
2022-09-30,37.77911234808286,86.17152019080663,14.753232571554998,229.14702957279974
2022-10-31,26.586011015169404,69.53182986471658,10.739131020379668,232.5151860696571
2022-11-30,36.86064723958336,85.76665588949837,12.729358201272483,12.379492895286749
2022-12-31,17.19823154744464,69.52246464547477,12.354339585275822,224.6204078603166
2023-01-31,24.190094944658917,34.85863514998472,13.194943014027679,72.61936817008521
2023-02-28,34.539168975672325,52.39300566844143,2.594550715690846,234.7633059099817
2023-03-31,24.44774258863468,71.79737974432422,11.52843691601385,82.06833196570896
2023-04-30,29.8944248750434,61.52569818854514,14.813474495286576,239.04596797298362
2023-05-31,17.405749952036192,36.86974844619844,4.459660565202196,234.70646933065152
2023-06-30,15.710973531043596,48.43410956332445,7.820697917609017,187.6484213480526
2023-07-31,16.493501345852092,40.4081541109842,3.416406477147653,280.452387189727
2023-08-31,21.544535374147312,42.84583564115857,12.4574518009355,99.874002384192
2023-09-30,37.478646131920286,41.23687849494101,10.690994586765049,213.36424660200902
2023-10-31,28.060067271128837,38.73297602516969,4.260536216923539,218.26657062626646
2023-11-30,30.339477472477252,30.50489377174395,1.6794984793860934,65.81123212877145
2023-12-31,26.58222868556153,66.76100472455465,13.675488863222254,211.57588020375536
2019-01-31,38.15327928796391,42.85660713384704,5.841986811482821,116.49695134515238
2019-02-28,20.70034014451879,51.52456139176374,10.819369462665449,109.41437713939465
2019-03-31,35.06221866332846,68.81767919678927,3.647032114109413,207.62821050860288
2019-04-30,37.81719883675824,65.44930669619077,3.2134754913034556,69.14757632475401
2019-05-31,34.901678120573514,63.09197612970485,2.1545608664615115,115.84087643359027
2019-06-30,25.99316880356318,45.629961484296,11.617604652892705,123.59127577432083
2019-07-31,15.628542594448591,56.68273667478734,3.095962177026296,261.91432668165663
2019-08-31,36.424234611011194,33.41678266495448,3.1958008761860364,57.78872552724123
2019-09-30,22.846372520357463,89.5643583416288,9.668375016162003,88.54673494683396
2019-10-31,15.51864017584429,59.190499252508985,9.070572564502276,16.662576354874638
2019-11-30,22.561162249459414,85.61356919146655,2.628702339277102,8.622100371483787
2019-12-31,17.93310126844308,57.30347367614222,9.32973321788053,257.83372056991556
2020-01-31,29.603021581561663,88.24008944849925,1.692305534473308,80.79358609653745
2020-02-29,18.988257053276055,35.098360922194885,9.985022630456815,226.02419476744265
2020-03-31,22.643560619498782,51.84183572065446,12.42039744216813,11.592933545843831
2020-04-30,37.44888200854636,39.21204561454597,12.606091922871588,158.46818262121965
2020-05-31,28.213124790484724,87.92825205099885,12.894273295111773,53.436412720192635
2020-06-30,21.907864041238145,52.988686549750405,11.535475228203936,68.13446894333445
2020-07-31,16.397190630292688,52.458437945595435,9.991462234966418,269.47602881114693
2020-08-31,33.99559412166818,39.690282971006255,8.010516879801653,78.53456824184808
2020-09-30,15.765609680985014,65.41688448338854,5.602337421542474,171.7171626369392
2020-10-31,25.44762159822523,86.78364040404054,13.179054238930755,234.58905149986106
2020-11-30,30.122140205720513,45.35857494537211,11.884710850255813,107.43226654041258
2020-12-31,35.61922349040298,68.0092640339681,4.890677029870716,273.10198900397586
2021-01-31,22.79322692507817,86.41141592691375,2.4735462825520065,96.76093296989454
2021-02-28,20.10856707723231,69.82522475257558,6.676270820572372,248.2001926980718
2021-03-31,18.508236049723834,62.62040117211154,12.271086147089703,119.67110664818163
2021-04-30,39.874983870506824,48.764632163667216,3.2669750420261696,295.31433356132203
2021-05-31,39.17553063463059,86.43249661161596,2.3313569981410227,184.541771527724
2021-06-30,32.66739549278431,68.77413500288196,9.734312502531369,88.60747620625217
2021-07-31,22.734449107761556,50.33514213555298,11.046298293025151,283.6060691686936
2021-08-31,26.721302739763214,43.99248755755594,14.935777850684204,290.2187962136013
2021-09-30,18.59654502445423,44.17262973884141,10.57088089082027,143.4496746758515
2021-10-31,26.603644315385885,74.63455675005088,4.717809616634524,205.5193637128217
2021-11-30,33.73805921335542,88.49756535895074,5.277932696198319,182.0695850601987
2021-12-31,26.58409236964146,62.480481657424704,2.0527199761284614,298.230229233098
2022-01-31,36.46329040134924,40.15218721954919,11.647703286983337,109.1928203558068
2022-02-28,17.2307019502827,57.213498706299035,12.069681979263153,23.736420683227344
2022-03-31,36.188021151041966,85.26084664584783,13.608214691779617,180.3692743842668
2022-04-30,38.40516917563023,66.47724159789476,9.03874603508919,112.99724492101136
2022-05-31,37.21835890287046,35.345776918504775,9.047591305265215,235.9422467132964
2022-06-30,17.763770452601126,31.51866471878193,3.36467301205202,21.6844544383344
2022-07-31,22.82010528066499,81.67976117334942,1.167090126602299,214.77171358594887
2022-08-31,32.62339148265991,48.85063568211589,3.4024346096194287,237.73369143285836
2022-09-30,24.152652625507663,78.32299208171901,5.911289908632018,65.5331314178592
2022-10-31,20.417436619009063,51.26806622242324,2.7505892637956646,159.7287509105146
2022-11-30,15.609403265837635,67.47511978263569,13.427560670325967,125.08802688433919
2022-12-31,17.780619154571376,75.4679191926369,3.260895627126482,159.93146551572113
2023-01-31,23.33377301728909,79.48219334852743,14.843436336905922,64.9906658383878
2023-02-28,31.59883299954015,66.3417315142475,2.819516586795146,117.17285010879829
2023-03-31,36.91437860253288,49.920897002306944,10.31817943678631,257.62454754853525
2023-04-30,30.296228341646948,33.371336894857386,10.835732017886553,268.41831261543996
2023-05-31,26.283475358914433,52.57784824805435,3.499228149189363,116.21467783042034
2023-06-30,22.618165093226082,50.04980721052168,12.70643609025078,229.64362587681057
2023-07-31,31.011084318553994,63.384824968470575,2.076902426034718,12.348267497109289
2023-08-31,31.56683164775301,78.71974579878176,5.9862173455652155,227.76400134024652
2023-09-30,26.54676112637982,34.72497476462114,9.677974505774687,23.109464745410502
2023-10-31,32.82084981868806,74.45085118603897,4.226243859761822,212.4375750300737
2023-11-30,33.89879757361679,37.24550283005093,3.1804379554732436,217.36608535230712
2023-12-31,21.99602716451853,68.23176688055857,7.921700162363186,230.28734044375423
2019-01-31,25.299162718544583,46.688223204828844,12.303347982759778,58.976573407926345
2019-02-28,30.337754392773324,70.0574197366517,1.2270139140370762,284.77828251118166
2019-03-31,37.68172014422827,47.67132991120077,14.26647560076559,84.76850649300302
2019-04-30,38.93382374622749,70.83548637960112,2.188935701327284,203.01097683323243
2019-05-31,16.79203770850821,53.29474618044268,11.249081776192096,64.15512960004037
2019-06-30,31.198638595493826,40.534813088059245,7.415612366234362,292.4700919478596
2019-07-31,30.819527008812933,42.56755380367417,7.842868523451063,57.06602900365546
2019-08-31,17.413205071434817,59.54322259852812,10.63375221481812,122.00557541397275
2019-09-30,23.16120873654579,44.05316642915945,4.836704050837202,86.20038643825852
2019-10-31,15.634852009504542,33.87938605502847,10.99991853879149,187.86980217080404
2019-11-30,16.28845156324766,55.46553650388896,12.418370694454046,119.20582340062282
2019-12-31,21.994504875771643,74.90512359804853,7.001506133755479,73.86788008646178
2020-01-31,35.700377683510965,54.5119639513196,13.385059881121146,70.43202131553188
2020-02-29,21.626702310357697,48.64523983701595,5.642209002070155,256.3088115126772
2020-03-31,16.544233464359216,75.1636481706947,8.79937895468656,17.103239431551387
2020-04-30,30.977699556324115,52.52417487811107,3.687671115428334,241.92381156968642
2020-05-31,28.20205976161947,54.30113620993112,13.535819698306462,79.33956675403834
2020-06-30,29.61251778634076,39.95513414212573,2.0734651488388156,272.32310619961964
2020-07-31,34.0822374390912,48.66923351524744,5.35532514337136,283.5146435704813
2020-08-31,21.485606044711183,60.47689540919705,14.911566304769996,270.6389912598347
2020-09-30,27.137167448228936,50.92865387227261,10.083991519146267,198.39487438915708
2020-10-31,20.571561521131233,66.83727862112976,13.704198302478336,146.43284135665655
2020-11-30,21.18677041733017,78.40787295916095,3.7887332721896696,167.48709847758582
2020-12-31,35.38409114471253,62.82687811353111,12.694187159094689,111.58221166853721
2021-01-31,18.216759645792976,48.93106807215037,7.539564738776794,90.29004478477513
2021-02-28,38.627547026197256,39.0378668347548,5.7709314147702315,295.7961942418782
2021-03-31,27.6752182377519,88.42253879596929,10.579570095249782,83.88653944704743
2021-04-30,16.04384011463836,49.94736245361565,12.17433216320617,46.822143078916
2021-05-31,20.99429338409946,80.12381069987215,12.676157618834337,85.65791221441984
2021-06-30,39.14169651558234,72.32268874407922,7.505120257313113,20.591050084861727
2021-07-31,27.11416018350105,73.44387302957203,8.161994703643442,125.7017805628163
2021-08-31,29.797874447074467,56.192824170292354,3.057743582964158,203.2977077300032
2021-09-30,23.128490158421727,50.55205707977268,7.309800859256786,37.51978957636521
2021-10-31,23.056275985923634,61.012135538692185,13.355758014791045,256.82959005558496
2021-11-30,27.630599585730522,52.05721679343969,3.5072556957416454,238.83899530111722
2021-12-31,37.52395166411783,70.52297596383842,7.5641261240958215,124.36464559851284
2022-01-31,36.831484533904145,32.49343766132953,5.546143743800384,255.1152613914212
2022-02-28,35.698781707255876,33.93698330736429,14.234363255207157,22.33021049410975
2022-03-31,37.71979930176843,53.89488213022125,3.761626141176428,29.72434713452917
2022-04-30,31.764793118858215,65.05066597333213,8.623989749053845,280.7898195062226
2022-05-31,16.50940540464951,76.02493805978762,5.108038761288382,51.81772876082472
2022-06-30,39.68706327373654,32.799869188711305,7.935816628188847,221.974265633631
2022-07-31,30.016541921227713,39.363691786721624,7.059961572774077,169.89014006457134
2022-08-31,29.595522025567703,49.50240469661321,5.99210787939221,4.055810812323668
2022-09-30,26.643446273809168,36.125617204174546,2.517884197270903,261.2350247656347
2022-10-31,37.53310928791613,50.785041801986964,4.870860976518876,54.7318871933432
2022-11-30,35.54995350947989,38.98578903848808,13.766731745264348,144.93769713838026
2022-12-31,15.519638774669312,39.87052725154882,6.85908631940495,0.895635716717369
2023-01-31,17.438989248089182,57.9179891673045,10.119813400773397,68.80676192548782
2023-02-28,33.314777663214784,38.29962923526512,10.327852021700414,232.38713336597382
2023-03-31,31.548549245437975,71.42778585071936,1.309786905437787,86.05738595925216
2023-04-30,27.183759460461726,64.2026545811456,9.008250457622651,73.40243615825314
2023-05-31,19.708127278408398,76.26059547251901,10.42747904961975,212.03061295112565
2023-06-30,30.66440705701076,89.24053120388373,10.907714523119425,91.97413828283591
2023-07-31,38.78340987950587,81.78189033995028,9.953314236708355,138.4614266837709
2023-08-31,29.99145666548975,71.28984600696239,13.059175076426254,259.98056528554946
2023-09-30,31.24789023620819,78.65516958044176,13.709187942820373,152.19491865200675
2023-10-31,16.405501861663353,69.92173957610981,10.08973673192397,289.4405529416686
2023-11-30,20.128904343187187,43.6094562388295,7.6350044462034035,64.92860876198169
2023-12-31,31.277167934136816,80.0666287685919,6.42283549972031,18.4473669363326
2019-01-31,18.724082960964317,76.27269751372292,8.246584016109843,201.82014066029606
2019-02-28,19.988874411766552,86.98716065632564,8.121013735903295,211.09266058534146
2019-03-31,21.89430046051139,75.85102858710658,10.245166632647972,184.04048134763318
2019-04-30,30.942292716284637,49.31646901600263,1.996353930936227,82.54435055049386
2019-05-31,37.639653806170095,64.79258188632224,13.640758272506142,39.26134181187465
2019-06-30,17.316498956125116,69.96547906254315,7.775958321102552,199.8961950131011
2019-07-31,30.345847752293846,45.46421636717206,13.400407497353575,291.43831675259247
2019-08-31,19.858777353112345,58.663178905375695,9.016638750090127,53.972135965570665
2019-09-30,27.27028880527331,66.2238075335095,14.654414436826483,114.98318732683455
2019-10-31,31.512351215877757,85.8747706582624,5.523855135793482,99.60357298287683
2019-11-30,21.858945722252933,73.78507699624095,9.791157392140587,113.30054282605894
2019-12-31,15.448238201792705,82.54276718365574,9.249976089502404,143.27338781830133
2020-01-31,19.238500481333794,74.19937607669613,3.0461716081937773,130.1156417685105
2020-02-29,25.562107023742414,68.609994800966,12.328987034066262,205.84269516102987
2020-03-31,38.91860571605008,89.91134404800817,1.2028116108245155,27.391090393077278
2020-04-30,33.21372719279147,87.51838188983606,6.252190478193562,153.47511767677014
2020-05-31,19.685761070343123,48.69399568687082,4.936392197470351,115.55109766587233
2020-06-30,26.68917624942386,55.06731832604688,12.925284401181091,293.75493506411317
2020-07-31,19.98509447368926,89.02624293714962,3.1739064136424293,179.50990208323913
2020-08-31,15.64331898536645,35.26623187332053,3.505682290503464,145.31959309986107
2020-09-30,37.84898561259358,87.34593588173776,2.0811881309382625,81.72042430133253
2020-10-31,34.44621289728398,48.50289130134043,1.195973299813597,109.66054115522248
2020-11-30,25.400507851364125,68.66838378125489,12.654911218028689,256.1156856713846
2020-12-31,39.863871730766704,56.862693793643345,3.380098240245342,268.367084407098
2021-01-31,26.24284428422166,74.99805929405741,13.9404777050913,64.88156528508397
2021-02-28,24.385973042705785,51.63107369270306,7.447329208038763,202.30794719114144
2021-03-31,21.431056927300183,31.52333670317051,13.057406695802865,59.62006351980674
2021-04-30,17.08438339943651,53.23191442190106,8.788629596089843,75.45084899018104
2021-05-31,24.439595449437128,80.18403841878745,7.887814648279559,252.7089203687288
2021-06-30,31.705362790211606,54.094295604118436,14.80819300942909,196.15413519027814
2021-07-31,22.362281716875255,68.64758217485902,3.389378254535065,296.7191008900143
2021-08-31,28.093810812963422,83.91225703143274,10.425119807081963,178.98616158765148
2021-09-30,27.740962191818866,44.761375620456946,12.946392112628741,224.08651239295725
2021-10-31,37.6134817392537,83.6420625281213,3.174586130874558,298.6421850228663
2021-11-30,17.01869532025626,37.59855116302529,14.586745050623742,84.49520581002604
2021-12-31,32.49731618386171,73.87250637315626,8.206672883366696,222.2435295365797
2022-01-31,23.01093861390528,61.86128683286543,7.5633643189037345,32.62895023703055
2022-02-28,28.812704006167817,56.05469531943952,3.821727869909776,187.30296444583476
2022-03-31,24.574374841480843,85.10245528318511,5.278045069990503,162.86164878229212
2022-04-30,39.84526080741243,50.21610343789692,8.213481880946965,293.7451119753824
2022-05-31,39.61534141946208,74.85353927044308,14.324545071469327,254.92007066649822
2022-06-30,39.759626804471395,33.9061032422121,9.64207936317446,76.91120632774242
2022-07-31,21.731197173036,41.66194960210266,12.04256595567321,55.12604253285184
2022-08-31,33.743429690603605,63.7152092456593,9.977680458483661,141.74042338646714
2022-09-30,39.841829009086126,41.984861683071095,9.64044692474091,82.04852817400821
2022-10-31,22.283195083339592,64.22583110570764,1.998443435237371,198.70578352612506
2022-11-30,22.708795528366903,39.222486042665864,5.934677645203111,161.77434817531162
2022-12-31,35.21072735093822,32.46601874216519,10.73861592110579,117.4980277076722
2023-01-31,33.86171770780437,61.74085255693703,5.8261340736248375,110.64181894794646
2023-02-28,35.10560313491163,64.34062651682746,5.872191384891126,157.9673474875962
2023-03-31,35.24216355374733,36.64501656538245,11.910024138381115,206.69629256937122
2023-04-30,35.48934013480844,89.80867218689959,3.5355452000824705,228.76324525194087
2023-05-31,17.41117624979556,87.565018874944,11.675483525504387,165.7936226016966
2023-06-30,20.45549171824415,80.1000820208103,9.190469184551802,93.43510318879925
2023-07-31,30.747157142031064,42.100454890413396,5.089541089729316,25.570927989581826
2023-08-31,27.090624361867814,83.26754875169748,6.7888793750910255,158.58544188575058
2023-09-30,38.91520306368258,89.0537609377771,9.194310325575714,227.083666534704
2023-10-31,20.33071634578346,77.45767407342183,8.830311732140153,166.7505865581012
2023-11-30,34.98434416577582,41.86051868371141,10.093464850639194,207.7041852950467
2023-12-31,20.6529672475936,35.85481893205437,7.426823933416081,178.4764209778926
2019-01-31,15.903129227621605,45.0162367428354,2.274909792637084,136.25941566954285
2019-02-28,31.444378820940223,32.85565952007916,13.087575651525501,79.52401646264364
2019-03-31,34.4726722489962,51.87592876402594,12.667612276065487,276.9317135666319
2019-04-30,39.70999477904026,39.535773072140145,7.798546205349206,91.19155249060623
2019-05-31,26.394461075710062,52.146128383493455,14.588716597773441,240.97343368838693
2019-06-30,28.906434728975135,49.22868620804208,9.82657114602527,297.30096852146016
2019-07-31,39.17926855478751,85.64577056486215,9.709520851973869,220.38509427861902
2019-08-31,16.171154911708584,66.3002051406149,3.646101848305907,291.7615899982631
2019-09-30,33.688540293513626,33.27298749199636,1.2917400016509897,221.96120121135746
2019-10-31,26.212223321711967,85.43340556790614,10.83827869993726,221.32336524390794
2019-11-30,21.461118159698962,44.288730668640895,9.406535422097656,55.0954332958853
2019-12-31,35.74406679893171,77.81642778771803,1.6493779822276335,80.65834965319667
2020-01-31,33.50032825507441,73.245034629334,5.719539352148666,153.22560926448688
2020-02-29,38.388105543923956,77.6172481106279,12.423639450088944,127.76830414453157
2020-03-31,35.35542211124486,75.3933522163654,9.856230588204777,1.268162574072551
2020-04-30,25.94446496419559,86.8085060165968,8.703561694366172,65.0628359153791
2020-05-31,22.696860602044502,36.10375451117665,4.307666171067944,26.071337275914928
2020-06-30,29.22999209327007,88.99218805553495,11.4051414523712,223.79714391471643
2020-07-31,27.29470432714431,65.33787318084455,1.0488249511785985,189.76392120583122
2020-08-31,27.976221483483712,51.84314149586967,13.205571651124991,99.03336161290872
2020-09-30,28.929566252596018,63.094484435172966,1.280311732095909,231.2718830907111
2020-10-31,33.529057975709904,50.07104842306998,2.4744723582258463,231.5484679380562
2020-11-30,27.07583005680698,72.99556011106284,10.242534492045998,267.2613852451626
2020-12-31,28.084347951448756,67.15323249840088,14.14522821775036,228.72772526595656
2021-01-31,35.39066876803912,56.365678771918425,14.435865293801909,33.35847200768352
2021-02-28,20.97801881720943,67.36279632380834,5.1027288234938455,40.58878555234702
2021-03-31,37.71226501208443,31.135705232143756,10.100019257243959,22.308722540042226
2021-04-30,18.884234964570744,40.93818932126729,1.0237961080855418,278.9136503204988
2021-05-31,32.026275056969766,71.44044127873755,2.0452862993203884,228.4230793687261
2021-06-30,22.507171274125838,50.5462357003764,7.612527734074076,148.4753264753706
2021-07-31,26.233035109465128,86.26873494592749,5.578098249058826,234.93922893249217
2021-08-31,25.094690600081183,38.889772828947955,2.4984411180445596,147.07250600735742
2021-09-30,29.197006923709445,47.64655908255267,8.389957451682607,250.91258958950704
2021-10-31,28.382297436921004,79.71550275844872,14.798769098841984,163.56861540494234
2021-11-30,26.062005948574345,82.37904874263533,10.92978537094549,257.16526884955636
2021-12-31,36.457641483806455,38.79885335570486,11.617789650839256,39.59630370119024
2022-01-31,15.53449193163331,42.22671965091081,4.393654741781953,74.42254864893943
2022-02-28,28.089464259415728,51.2963747041117,14.011223834026215,239.2162700457117
2022-03-31,39.42640716518996,45.234561260826325,4.8475552660688415,119.18781842328453
2022-04-30,35.45815516282733,82.4034465322475,11.084321086264037,58.12314966640049
2022-05-31,37.67417275104586,70.98882571832793,6.319962261524715,177.19464918185594
2022-06-30,30.767168912771744,74.74197295927402,6.573794655951802,9.806336726694854
2022-07-31,28.061725177958515,56.03824821023799,9.66219644185496,270.2612428443987
2022-08-31,39.38644319558416,35.82174409372472,2.740897156907958,286.743179174075
2022-09-30,18.378696298566805,52.1572406131603,8.524420233189055,260.4642779320146
2022-10-31,17.738459719204624,41.410333500903505,7.987353127167844,85.63519302107062
2022-11-30,38.36295485021867,39.1732789472863,11.615576210363507,44.56310379092696
2022-12-31,34.76869047051557,83.36842042186774,4.56694005203533,23.094080002109752
2023-01-31,29.532194952917038,65.30059868449479,7.882276930241659,146.43673002869056
2023-02-28,22.095862194318407,85.22569241232733,7.409351993279299,137.1763524002427
2023-03-31,16.747382891655942,61.686952475459336,6.805289556534458,275.96448631907884
2023-04-30,37.36327630170295,80.94085934318585,11.712378934034568,242.557255758663
2023-05-31,32.66972488000319,52.14811392375246,6.284392160943639,191.95285905043895
2023-06-30,27.438017413565156,47.093549430970185,1.2265133573119367,66.61222062290025
2023-07-31,37.67450784252705,83.60309447209946,13.363100724934053,153.12291927358743
2023-08-31,39.758012192434705,69.38852050145026,13.926497164907843,157.92237186485298
2023-09-30,23.342052876992504,87.50801627436374,4.696523378262833,129.12088180611607
2023-10-31,23.718935167336102,31.831527589427676,10.05734507210952,180.0063483961436
2023-11-30,18.046208558987725,73.32928615556916,12.778259090642614,55.7118020246008
2023-12-31,19.16180042310658,78.9205423822778,6.4244602315298165,281.28580482111107
2019-01-31,34.72930354199646,36.010865868205435,2.626056613263872,211.40783714499187
2019-02-28,38.85586513020198,35.024175997094936,8.387330223780468,76.44101063957301
2019-03-31,37.07431847845747,46.27396580630531,12.57658725581358,89.55031156704143
2019-04-30,35.57042960657701,50.520814204019665,2.602065357712662,183.60576624620916
2019-05-31,34.00697910504876,35.26705915546762,3.4041498260741787,54.69522302061728
2019-06-30,39.75493451122313,66.65171483617061,1.3207760939345174,264.57099924833716
2019-07-31,18.594510834345797,35.44457900198617,11.625622830004366,257.42125582828544
2019-08-31,32.09065532976301,85.61009520060259,4.586992165872235,200.95474410387374
2019-09-30,36.84575693391341,74.08446657031406,10.439684262415263,39.87143147077815
2019-10-31,18.65364643485252,53.62371420721419,4.152468416425862,128.07624119568118
2019-11-30,33.52504704520821,77.3055013519726,5.266623187394986,233.53416375909748
2019-12-31,35.84181873696437,86.41601385865859,11.122778357839817,63.93012401733006
2020-01-31,20.916141333717274,64.50026969801267,6.154629346379392,93.05468489442784
2020-02-29,34.52961054096853,45.686850468668524,13.818315523735617,251.66798248500663
2020-03-31,23.674433294393125,89.60115995800263,11.530347242885108,175.12996298888837
2020-04-30,28.840330035500905,67.1538994780703,10.549052161955927,106.85567590887459
2020-05-31,34.82144534728252,46.4104623167282,3.691629810489295,154.8928567364448
2020-06-30,23.678185631154477,61.585833123556114,2.087698289193759,20.008725786590542
2020-07-31,22.125744929299984,54.14381793723659,13.450371769757513,28.898110274490406
2020-08-31,25.21638211138535,80.91288475665677,13.88819668963817,135.79309154027524
2020-09-30,30.365414365110546,70.31890377047455,4.859821896591299,282.5674229294185
2020-10-31,22.548238368133227,87.49271288018531,3.172990291947948,76.3229278445866
2020-11-30,16.692309472798875,68.0378233542834,8.821424874327654,101.572368026908
2020-12-31,29.27156341189428,80.0482566732154,5.4759255209813995,130.66761667608074
2021-01-31,32.4317310578048,79.48061517838687,8.053292081756483,121.05767805454309
2021-02-28,27.63690492019822,85.39332091004535,11.08820505522491,129.18288175788769
2021-03-31,15.185208779732463,62.75826628144181,3.537625384083867,183.143749789711
2021-04-30,34.11372509680606,34.30518532514234,13.537960592538287,232.03811008846833
2021-05-31,38.76064369876223,48.86028367111325,3.703580107973485,169.6837941147865
2021-06-30,32.777292107527714,48.04777561441384,4.602882293953186,15.078048974518964
2021-07-31,24.831042156550772,67.26544818496805,12.721655589723518,151.72324062826968
2021-08-31,18.39607048412925,70.42562650675177,5.359473006108951,232.37286989243205
2021-09-30,36.40094691757448,63.04679673738818,6.709895002049583,59.548609028737296
2021-10-31,17.756279146774784,36.213159953600936,14.452326291741588,101.66895192464102
2021-11-30,35.26560028322991,84.06711504753225,8.358989248251032,274.0335093365565
2021-12-31,29.440016648218055,37.393441888010166,9.744609179916718,283.26756065546067
2022-01-31,35.081051394288494,35.54924676391216,2.629673186277841,120.17513763615862
2022-02-28,38.05408381520314,83.99310250496384,3.0880646393387368,221.13251167989674
2022-03-31,29.483827437130856,75.04818208323522,14.027579380720221,169.8916050362794
2022-04-30,26.76830965213749,32.41613423996604,11.945257505093622,237.19097551037947
2022-05-31,17.23627779065812,32.74256903987582,12.416600662834316,297.4105185177327
2022-06-30,16.27738394132357,33.52664816675766,8.962774536509967,96.42094619035484
2022-07-31,34.15623243787963,35.939669809013736,13.45647814245777,151.4418031610219
2022-08-31,17.372611945033853,57.006456975117246,1.994594390904271,251.05078778783397
2022-09-30,27.466346219827404,83.2825663044442,3.939607129436223,270.43307949362026
2022-10-31,26.642004221077492,80.86245341929119,1.5006646495448912,91.62766662625627
2022-11-30,39.41421873221314,66.88929020538563,7.0057068610028175,150.93367041562587
2022-12-31,23.944780328494495,49.30956674113073,5.955937971697763,149.76042433684555
2023-01-31,28.590961465502094,86.48395337983462,13.55449493414147,108.32268182875093
2023-02-28,24.55828591539031,59.7915764616441,1.154100276328651,177.57233750868923
2023-03-31,18.374133526211534,71.30805930561175,1.4537970368388586,101.26428956326559
2023-04-30,34.44665187772466,61.233383124291876,12.34034839264097,239.71902752215868
2023-05-31,28.881731276282125,68.27674934775091,13.204942628828066,246.4195929533309
2023-06-30,34.13094913041699,82.80673394987717,12.610236495926978,38.272228638346284
2023-07-31,26.27633511637366,54.79974444437981,3.4538386780443013,117.00983193963401
2023-08-31,37.55925804760907,33.6982292846729,9.872975431376759,6.622540598581783
2023-09-30,23.908094644265105,76.61687474657722,10.949695198056531,165.40468817953692
2023-10-31,39.07127232935698,66.67260019746988,1.0097185039780001,80.36773944056647
2023-11-30,21.653354038007222,89.81434079706403,12.552226704110064,133.16199140986257
2023-12-31,37.93123879113337,71.29404043718893,9.636339036744285,235.39707170194376
2019-01-31,17.832244301551103,44.027451208934565,8.337263463821682,77.58256512487452
2019-02-28,16.741490513867586,63.98288076340032,5.428551785707695,242.06298417740118
2019-03-31,36.33176776033144,35.019010309132526,1.785438233950807,241.1703207406775
2019-04-30,19.00209568183833,55.35084833820932,4.439305313938336,265.37354305836726
2019-05-31,24.173825135066046,57.95608983640537,2.3456847331903914,205.2292199714565
2019-06-30,38.18784391655167,64.05416921110768,8.42552869020718,217.1910129909024
2019-07-31,19.86696608645617,61.15259108335947,8.044812096088423,103.25483701233935
2019-08-31,26.506240211458763,39.82311258306923,14.405401063527913,154.63017410779955
2019-09-30,37.59117194146724,78.75731401380884,13.642105453747176,219.2574048137916
2019-10-31,17.07962336772792,58.32113121471507,11.033608730754457,232.23611477821638
2019-11-30,23.19814597868306,52.86547415530087,12.9890120498815,233.73463011608195
2019-12-31,19.0135991590651,43.47311011442331,6.739026679947166,215.76795597030792
2020-01-31,28.671823997556732,39.25024685830422,6.076647081885727,227.81116085474093
2020-02-29,34.45661764265181,30.69351896431398,13.246528939403763,199.165418912409
2020-03-31,15.779424953238825,79.5923876678024,13.051147659450821,144.53792165999826
2020-04-30,21.586821871189642,88.81569754111482,14.30385083625011,67.96340195682815
2020-05-31,28.70009093118437,53.13243962726911,9.75016631316474,145.05200110032868
2020-06-30,26.559641762309194,75.69736759300191,11.546755374222554,225.021068382919
2020-07-31,29.420685208241313,66.64015771014152,9.491858556272746,260.0338433441112
2020-08-31,27.803438039838888,71.37442905269427,1.9354367011105842,224.94299728968733
2020-09-30,36.70867415985772,75.53287906796434,2.340764497971442,39.64976403747431
2020-10-31,37.98545017068907,55.14596543375765,10.304215280889006,132.21128228342528
2020-11-30,16.86789775568329,50.8218264529184,8.8473866697019,230.3814258599272
2020-12-31,29.939824005643818,38.28341467747255,10.455979490233126,60.447348197055504
2021-01-31,31.87207891386254,47.551954856624064,14.408267581119052,75.11637492207402
2021-02-28,22.389721800675193,63.516398278042814,2.9169812033614892,202.52269053504028
2021-03-31,39.30868289155386,40.25775546705222,7.431764375248816,176.1509081197119
2021-04-30,25.668623532438733,77.34290198267715,2.4722276501830693,174.3660651924444
2021-05-31,35.36065391850045,80.21839681238687,1.8709032245143924,101.14288304171421
2021-06-30,15.555278237998092,49.89286302091923,11.028904625674816,37.08421548362079
2021-07-31,32.47088028899327,60.40323412629051,12.106750163438186,13.584765306351853
2021-08-31,33.40625854108631,37.98415690980182,5.018023482592008,25.061184271157376
2021-09-30,37.698428081168586,69.5989809950388,9.034548473351228,128.37115613080087
2021-10-31,29.053211675853014,71.60101284901941,5.185527621892548,234.00428132458896
2021-11-30,39.01122625735091,55.21315080309283,8.869559430320658,184.47515889099526
2021-12-31,22.03777338535089,61.9258540399813,13.147279608081451,173.91871226001055
2022-01-31,25.56754031237292,84.90829961744078,13.832478863931861,297.6536777118584
2022-02-28,18.763499003165837,88.37146552261612,10.587900120826438,14.526577719259237
2022-03-31,28.888783724820733,77.01034299402647,7.953108285687801,298.00455680236377
2022-04-30,39.96162149736657,79.0351839541164,7.080309713245327,222.97435585859878
2022-05-31,34.32981451655695,41.10174149142461,12.977010373976848,134.6463480983656
2022-06-30,25.010887066902114,55.51862653365872,4.65717745552642,67.3323584746321
2022-07-31,29.140032491398333,51.46966953161058,10.810880642675713,205.8213513808231
2022-08-31,20.27862784331325,76.37740034113469,10.090695988613723,195.25558658649476
2022-09-30,36.85743965615299,86.95177178183437,7.0869756467472795,15.868110755870713
2022-10-31,28.7028282225508,65.20844965738229,7.269469851209175,133.90917237037755
2022-11-30,18.874715699204188,45.982391067808486,11.19358910309863,292.3152464390252
2022-12-31,27.365946499262385,35.0607961110742,1.5232979465710597,186.36040464306166
2023-01-31,29.18341913870332,82.42268826914193,1.2109263909581296,143.633670916214
2023-02-28,33.63296332555546,45.08446787982,8.337733898440046,99.79068766059311
2023-03-31,31.568720443667782,58.53849343777679,5.685219339130358,275.06692687316973
2023-04-30,38.8151679040548,68.72065466907515,12.97818153586622,162.37916472810545
2023-05-31,15.108950165830091,31.854862043410403,9.561719543308216,54.64261309188721
2023-06-30,26.78936204103192,31.4413136302063,14.66105952519963,243.9525959305059
2023-07-31,27.173791752206682,33.862002131605145,13.090586259183901,142.9016474328227
2023-08-31,15.292242946588983,51.98514886003211,12.654497362027154,189.66323803103475
2023-09-30,17.139774974704462,79.28990434198522,9.03581529991342,163.7912756276651
2023-10-31,35.6573129730381,79.12516927446387,13.21799510483184,126.78238082285127
2023-11-30,24.828324334044805,39.98396291378087,2.2102585744097976,65.88548461351665
2023-12-31,29.616242067158815,89.36137347962844,13.817042056019387,53.48146389774906
2019-01-31,29.454147215548872,47.18262241258477,12.327245303635674,253.09396620293222
2019-02-28,34.08931882109492,87.82100335397095,3.371373481402098,291.8350112032435
2019-03-31,28.123771057561683,61.30225489340691,3.7105635884021053,194.73817114116773
2019-04-30,18.831535957860766,56.757755117563946,6.512989627587257,238.5835599726494
2019-05-31,28.31759303730131,32.29674280956311,11.778266000304637,286.8625246586189
2019-06-30,15.151673163188207,70.55690638347949,1.228232534620414,291.91951830980435
2019-07-31,18.64892085357479,64.29114568287227,6.948294995056051,182.18261615388425
2019-08-31,28.88008093909164,42.38202009833866,12.07513692662622,266.5062339276517
2019-09-30,26.300581187892,64.12771860018924,10.416647279276075,11.1780279293355
2019-10-31,27.97315417433431,59.38048062111441,1.2686529234173805,249.94478912962364
2019-11-30,24.321456163935455,86.434430984244,5.110636927876174,182.75879435472194
2019-12-31,21.1539279975077,39.0754930617931,8.158729741716918,274.2019823330587
2020-01-31,24.23571671670826,65.85751970737635,14.276000440522163,84.73666943932685
2020-02-29,39.05473670223533,82.3374444991519,3.4994381981715716,72.43710359463023
2020-03-31,31.315446886363993,61.472821446764144,8.834278560886176,192.24352761769538
2020-04-30,35.08759014227826,48.83786927411782,5.5076893304586525,133.49691743219182
2020-05-31,19.33227594719466,73.50826680872498,13.4312621089514,85.84568348823409
2020-06-30,33.505283110169636,67.13904813156446,1.556120946893175,297.0508839903041
2020-07-31,39.95324499513044,59.023358418710465,13.368985984330465,33.88222947089443
2020-08-31,28.504758348003577,53.505618640447025,7.055856598081534,0.5953345375713126
2020-09-30,27.906629744309154,42.788395851050694,9.277582776635862,231.63128704500068
2020-10-31,37.81480083967625,34.75451038883159,12.07022022635315,32.29267459331726
2020-11-30,26.876594348002545,78.92131155067393,14.809280653663734,167.19185102896
2020-12-31,39.24076075339933,79.67054563959559,12.961924327276947,122.18484599199398
2021-01-31,30.121853233282884,77.84292403456354,9.799785997989503,269.0808553293858
2021-02-28,30.242355075688668,72.4170979984745,9.822822911895809,172.82512563757277
2021-03-31,16.75696614363072,50.994144231088995,2.2880306068087775,138.79048736662605
2021-04-30,39.7227449475521,46.8913899647297,1.3912461786968289,52.5477510468958
2021-05-31,29.49534285701745,59.18835840214747,2.7871055995509475,83.47934384898701
2021-06-30,28.24709226318366,52.426304592998775,1.6169295813112754,250.9766573450346
2021-07-31,39.826490461984605,70.92518281932895,14.565854664414314,200.46718938217185
2021-08-31,26.13370587719654,78.99522724070664,7.891064616516625,40.66209714875237
2021-09-30,37.20264624199699,88.95224321409742,7.715155472173818,241.09795262582904
2021-10-31,39.86257652007407,73.47575465191191,1.2002399790234828,54.08500349331601
2021-11-30,16.697450661995656,83.31785374121917,11.498166857759896,98.45559360605097
2021-12-31,20.26253314552486,87.49285186186967,6.070107673965158,17.040545176944278
2022-01-31,24.93851200702379,87.08191438184875,7.89725323243995,145.40029964718073
2022-02-28,26.152249609826143,65.22320586599727,2.0881991059783953,62.1034758608913
2022-03-31,16.005061118227076,72.7635077131183,1.524204250717319,262.04161678305223
2022-04-30,36.100187899365864,64.35609619550354,9.856653968188137,296.5863699676913
2022-05-31,17.86111840280586,84.30974399292538,4.220948490068949,259.61000405523464
2022-06-30,35.29850740862959,64.52860405260533,12.52986636056197,220.38246377027244
2022-07-31,32.950335755490045,35.42971802584646,1.5329587036793542,232.76739670952415
2022-08-31,21.424244650245413,49.86358930548098,11.982517411573122,240.98641742871092
2022-09-30,37.24151899488416,56.3220066796807,4.318182349126476,92.22390307234822
2022-10-31,20.598394631670722,49.48321465247935,12.691354179627144,39.22300724365218
2022-11-30,32.92328464797879,84.68188258304104,9.892001234139535,82.67022860266812
2022-12-31,28.831807715495604,76.98209945055555,10.466752993653044,151.67547855956053
2023-01-31,19.634520296253882,35.9172589552347,6.294882922677741,238.71345063986044
2023-02-28,26.8514227816622,49.43689231176847,6.9646443503290865,2.599185702483431
2023-03-31,28.433958384862414,76.6049558592681,8.226181779512032,96.37022082495001
2023-04-30,38.40017679261973,37.07720270245457,13.595885728822886,70.067189911182
2023-05-31,34.23113282012957,42.701530077848986,13.32275560920831,30.27596507050544
2023-06-30,16.47559212270705,76.60778096354952,11.669763105346988,195.29597979377405
2023-07-31,32.39868335251145,38.16139232327099,11.913500647395036,6.811895066060158
2023-08-31,19.441993416755903,87.76723606508205,8.005225779035165,262.21107949985156
2023-09-30,22.998922789008475,56.742822382309676,5.064397279942974,104.24151124718374
2023-10-31,32.63554747514415,35.45679359959835,3.235320186712948,146.38835763514294
2023-11-30,30.89748694395651,41.556381918553974,2.9355696679918024,54.64586771387929
2023-12-31,19.13375746251082,33.3763519674646,5.477766413796107,60.38607374797944
2019-01-31,35.79600711272526,86.76313632373251,2.0893933171311057,51.894296941521475
2019-02-28,24.373148242238678,67.24115892243157,9.804351059457487,291.9133326551373
2019-03-31,26.579174117851814,46.6793914982199,12.630686794699315,169.48442775270223
2019-04-30,30.47111455559923,66.5230582133022,10.142995289577126,138.82132665845808
2019-05-31,30.639516936368842,78.6056726255704,5.239205076886892,111.57267264819242
2019-06-30,15.574735165153967,56.06221616763923,4.994746757157769,299.548463090335
2019-07-31,31.556304654590342,41.368891616564625,1.4144125419357496,94.73395718015358
2019-08-31,25.492863606615742,74.41042921130914,7.2562577248331515,197.7312659730205
2019-09-30,36.337918540420944,83.95849230717047,5.119264027757797,104.785957062002
2019-10-31,18.19897883182052,85.51810900709326,9.99550014275067,245.08417206674312
2019-11-30,38.18380173848465,32.58359015959282,2.3702974945489554,70.27085973959603
2019-12-31,34.160768213796274,54.59939947320265,7.824977929655592,290.25612351153467
2020-01-31,26.026854141688982,41.61644974922166,9.818234546429027,256.03633090100453
2020-02-29,28.09802421681855,75.12522577068785,11.730912998768227,64.32786126008094
2020-03-31,19.13204786684689,80.95750218634593,4.736685819890587,294.74715334753336
2020-04-30,15.662442859828186,68.15547408392477,12.033203774285035,46.79303665986038
2020-05-31,20.002262764920847,46.18174358646972,10.787126154393842,272.70238300890657
2020-06-30,37.28773645719532,46.68443103881795,10.673078071742474,34.203778157863866
2020-07-31,18.90195268932106,34.85522450033861,7.40227104114649,237.67416917564205
2020-08-31,21.128519941502844,75.51574898668889,7.019723047113462,276.07153745509737
2020-09-30,26.515629579275902,61.8466088216051,12.502703967955423,142.01355567930167
2020-10-31,39.76003920391594,76.11652919512922,4.980661755551878,228.2567681049355
2020-11-30,19.101673630242345,37.161264869570154,7.48274168922385,86.15984342054091
2020-12-31,26.04076252124056,50.56520104130796,8.647692857682824,153.94610438209403
2021-01-31,37.000052351096585,69.02471462174242,1.7700665780612541,122.15864262262521
2021-02-28,24.72547601986576,81.93704238259173,12.660832306720598,110.36591893753207
2021-03-31,24.44969110542603,30.879169462910887,6.529373865859062,18.510504322902865
2021-04-30,19.472307632003336,81.04266824981093,6.6222272040726615,66.2417599420498
2021-05-31,18.673317181312985,78.63145449201583,3.2330151395022595,267.20409457986875
2021-06-30,24.297217464392055,34.89034026967902,12.822023926924098,203.4080168302196
2021-07-31,35.228259844777284,73.1397139320483,6.564946104824093,190.22136002759987
2021-08-31,38.18210654107985,50.59829641105619,4.007760589865029,61.0168535792469
2021-09-30,37.01326804138555,82.67793262344534,3.689453566712082,82.35465921526719
2021-10-31,18.54280170849712,56.72541332187859,12.420276782748363,241.5530158684799
2021-11-30,28.033129499695498,55.33538253704707,13.075668768495945,236.3746275222287
2021-12-31,20.247722205199196,80.03729000651711,1.3109692112629097,170.11889303221915
2022-01-31,28.31555107518104,53.29133297111684,8.198067044118394,129.1939730481192
2022-02-28,30.471394229772798,36.0829199630437,2.224528774729677,283.2064707092553
2022-03-31,34.85573332587797,85.8566007279756,4.43208802138429,206.50341384948265
2022-04-30,30.84611112118209,68.28225274623846,10.160697179131596,178.33609051661026
2022-05-31,31.553787432727876,39.293592253616396,9.086893814868915,86.72926553051855
2022-06-30,32.779037896154065,55.76267155816087,12.590892142035752,210.25047105283187
2022-07-31,31.68463188327773,87.30931155507963,14.050002297623305,81.12475677080634
2022-08-31,37.151192676016265,49.07860091646031,12.84113812429103,101.63578074771581
2022-09-30,21.09083338556103,52.054322549451555,13.032937659945418,97.11500734362014
2022-10-31,28.802387157570962,35.8051702735903,4.117885967908599,76.73013795034726
2022-11-30,21.797273048574215,72.34407621827684,7.645029174737097,9.877387761831368
2022-12-31,30.867296268500226,59.50002857556968,4.999343129058255,87.76591299948127
2023-01-31,15.961364413696023,74.27724549279446,13.881948682061907,76.4280403185743
2023-02-28,38.43558560036954,75.849142367911,10.604213567938878,10.629505232488267
2023-03-31,31.90361419060588,83.70795846831592,5.420372129308715,187.24508571478694
2023-04-30,15.376055124864571,47.90568275511927,2.389710707968759,240.50595902902947
2023-05-31,34.61597482895055,39.986369712634,9.531135655159817,6.180343952510558
2023-06-30,32.576455424239576,34.802378902546856,9.412207177476033,101.71485992964703
2023-07-31,30.04489241671052,79.21513890366252,8.748328098159062,100.13357092718475
2023-08-31,32.27125559629079,75.3326209005667,9.789968908390781,236.72650342140648
2023-09-30,24.306972031028636,67.79267173077908,3.780246640997192,49.02277745501138
2023-10-31,23.579065458298658,47.92109766315417,12.995532905823827,183.3488544483622
2023-11-30,26.383939610228765,48.28493672703168,11.834951840270648,143.73033082349582
2023-12-31,28.021106490160854,72.077758718332,3.324083623116849,233.08551415051278
2019-01-31,23.563617598870984,85.67291438893622,11.570955560781492,209.58561817099445
2019-02-28,30.16694947423283,83.9353224417943,8.376973051979204,245.69525820732727
2019-03-31,18.09539347960651,50.00693925773628,12.762434891953301,243.41938108756554
2019-04-30,17.081601335207452,64.70224315278239,7.878518076444021,175.35974333234867
2019-05-31,28.984575426639758,89.53095449449103,9.703296039031372,119.26370304569883
2019-06-30,38.23077768577268,34.46867534814807,5.135199769033477,234.7877810336516
2019-07-31,24.704944108575628,71.70317498527712,13.069246347390223,229.530725833805
2019-08-31,21.792753183035686,43.5794657430542,11.249549649296561,179.68980903580103
2019-09-30,31.51679481929454,76.35521750372968,4.966698419344821,107.96940256103001
2019-10-31,34.68109830268615,85.85287291548514,7.514693805250404,184.2090013208625
2019-11-30,29.406225607517676,65.07540338542108,5.661094658922547,116.87952482332874
2019-12-31,38.61069428014474,41.298034248787395,7.675491825234928,125.53149586341146
2020-01-31,39.28025086345362,57.342268547721076,14.962093778627398,56.12957565174581
2020-02-29,30.99283438299168,62.08191025833812,10.302068032358047,250.30359471479608
2020-03-31,29.983655014028752,72.15982558379098,3.676945705408585,39.37782876252381
2020-04-30,30.58488795039389,39.41182693311664,5.856854862383488,252.37747743788788
2020-05-31,39.66285904616755,88.03858951461856,10.212729937257926,64.4454252858456
2020-06-30,36.831470347312845,77.15788641641211,5.1372341476046515,212.51188696706856
2020-07-31,17.67683279556565,51.57586500393457,1.9703143692801806,221.99898849236942
2020-08-31,18.59768764727368,66.64220060528548,8.122828499049165,285.4429655432013
2020-09-30,26.0115526733847,82.74198813725398,12.431548906039607,262.4823166529278
2020-10-31,23.780289940949565,42.30711706184246,2.554448895492346,226.8612193325772
2020-11-30,33.06420530077247,68.64139529659145,4.258704511293326,250.40747151662814
2020-12-31,24.4485829121657,59.40114038936764,8.757971734519916,16.159454575370656
2021-01-31,21.432425705224833,43.339767783556724,7.869841551023749,80.20781793445997
2021-02-28,22.63155792259233,61.06912142307688,2.688556564598862,204.13147180460533
2021-03-31,27.92110867702871,32.87754902728744,7.639734074872861,297.603225287895
2021-04-30,35.123118313887005,50.48310616142871,9.721429678261567,252.3487419701312
2021-05-31,18.259579702177533,70.49035895342718,2.1788550719063133,18.35467705811191
2021-06-30,36.33504363255568,59.39738345462324,9.307151462580464,178.88994178344376
2021-07-31,31.54991885492678,66.23058724997017,13.739570334236413,35.24298520907961
2021-08-31,27.155500196272456,69.884196870289,13.069514416953469,112.24890704047277
2021-09-30,31.569628285447273,31.40611639623533,3.848406197305345,85.8893815009779
2021-10-31,15.258883492917494,85.22201065466741,4.346255387249334,0.7414940108578794
2021-11-30,30.180927356997856,69.91222209090745,9.831649230890655,170.4180793835165
2021-12-31,30.687103742384856,59.28675608967515,13.072100025387467,220.68498823139123
2022-01-31,15.211706520022586,48.94629792708151,7.007969527187646,245.19035386458205
2022-02-28,26.585761832014576,76.02783143990666,8.990016931784448,139.39409447388888
2022-03-31,18.479639589720847,76.23524454836982,2.5099977357207353,48.235044821508886
2022-04-30,23.57186066886435,39.63126178151242,12.168902346196607,244.66186199643917
2022-05-31,26.608569325555255,51.053228215263616,10.494839118300204,179.879283947788
2022-06-30,39.283125065404676,52.62573783314465,10.288007780853295,80.54537923964128
2022-07-31,16.680512330955736,49.62290525315111,9.86966353354421,197.64740203580556
2022-08-31,26.242349959689214,50.16403683809562,10.145127236773924,63.33801872274789
2022-09-30,34.90702234657966,84.54271935216624,7.991158991880425,11.665378175701935
2022-10-31,38.70333534745541,44.537468732227545,9.473702219339943,176.57153681635677
2022-11-30,21.1509705187999,68.71820466706471,13.199839389005103,136.49979845530484
2022-12-31,22.34541194545744,84.62818482654981,9.545541762577741,63.818541518072934
2023-01-31,29.827485955008676,88.43774046590096,10.037026499603051,94.38093402936205
2023-02-28,28.153191479009394,68.78485502140452,3.769142474629432,150.97895349380119
2023-03-31,37.983848378566606,59.087418354963,8.115363134419912,182.76570781916723
2023-04-30,18.82590029840729,85.38368988368751,10.298962286099258,222.58884049977536
2023-05-31,24.715316591240658,67.93388224554727,12.706645785404804,202.6872397314547
2023-06-30,15.096144340119016,50.28707968505505,3.029829330853535,117.25747585895313
2023-07-31,26.34815183928552,50.05061607934924,3.877535985701437,97.0608262656227
2023-08-31,35.25670047227734,41.993862523387975,9.12277578639728,152.38815937309533
2023-09-30,23.712168057185238,51.481315071529636,7.0316893430794885,6.301455275659318
2023-10-31,18.544824788262133,86.80668089145254,3.581951933307205,232.2910251014239
2023-11-30,25.050018235577383,32.83043430411702,2.61612294010682,24.45775686908326
2023-12-31,24.796111623457733,59.96262778583119,13.995301497443991,298.0047697684274
2019-01-31,22.908145505469438,48.980734363705054,7.244363936631112,208.48750796881305
2019-02-28,38.43442053166439,56.9268570806138,11.423866728750285,159.5824819671318
2019-03-31,28.605920699095094,86.39898191165605,1.9230691220659542,173.63608088653433
2019-04-30,24.520492086731572,44.871683311071045,8.995010025513283,123.00652323370255
2019-05-31,23.56610436893019,88.14889539355481,5.8496315177520355,186.08520699121553
2019-06-30,22.298561141157194,42.761351474780774,13.138136168743838,217.55033797895607
2019-07-31,35.51541324402821,52.61216930371933,6.673250696436737,40.65912933166522
2019-08-31,23.845838301997336,30.305200157398694,3.5905901406453893,15.60226690030465
2019-09-30,31.91424529703204,69.25273195637502,13.268531668777499,149.997836446263
2019-10-31,35.54638159499797,35.88839540789161,4.134598045432691,133.2406903919324
2019-11-30,37.814434913767116,85.79057649402375,4.700378274113671,118.01882764619512
2019-12-31,37.59344704174214,62.050140050581554,2.233741638489275,16.274744853883437
2020-01-31,19.563667377769605,70.70863089074372,2.955357884649634,241.03573163689367
2020-02-29,24.63275169577865,71.29550707416789,5.696953398205826,204.88498775278882
2020-03-31,37.74125631410422,72.90415258286863,11.755723841078956,36.143810754056794
2020-04-30,16.005387326203188,71.04887618654782,12.280687104685372,165.80246116706337
2020-05-31,15.044846751807198,67.53998170820083,5.780785691930756,119.434572089417
2020-06-30,34.87831743450519,34.290763395864595,11.326306454571188,117.94963078368548
2020-07-31,24.54842206626885,65.17682906158478,6.520990110892811,70.40808200370938
2020-08-31,24.882738838688056,76.95225929856079,11.833952523406246,13.07001582056615
2020-09-30,17.284100581177185,35.08659794432846,6.0064839107721895,211.477700192658
2020-10-31,25.208767028416343,73.35806859331265,1.5790769399348674,9.223634668186575
2020-11-30,18.156996351908845,56.85695372293461,8.54694355630107,252.4604721701329
2020-12-31,16.20044097888253,67.052166643494,4.274525101673464,122.89765845378706
2021-01-31,24.242289209257724,61.218886047840066,2.605909296340275,66.92198257181754
2021-02-28,32.179909244048964,73.67145329328437,5.306495015355617,158.7624930623029
2021-03-31,39.82245630280529,38.27295427832564,2.080628686566404,156.29734809237513
2021-04-30,26.184895868437494,37.06712763258228,9.601108596149277,105.04573575052916
2021-05-31,35.39899771253116,67.05989981198408,6.4859981187404045,180.34214085974884
2021-06-30,19.929888713814982,78.1598117177906,1.7846620481648072,47.051829169268004
2021-07-31,23.93803207111231,58.82120936427524,3.6132191600235286,214.64876464688308
2021-08-31,28.56324218495677,37.63082559126067,9.04392385741756,144.88689856071875
2021-09-30,18.034533126556767,44.36407779669361,3.8922971703964366,295.52372503487214
2021-10-31,36.7099407873552,33.56078852537698,14.847329224041898,284.0975371705855
2021-11-30,23.188257192737808,61.31651886369365,7.343615335949776,155.9375417450052
2021-12-31,32.05790949557006,60.31782233373451,6.510725152586926,151.16623925591202
2022-01-31,20.955492848862292,30.575324778412767,2.6192040976258992,288.27392128747647
2022-02-28,22.099299835068383,60.58515042016613,5.737417167092983,232.07657363511916
2022-03-31,27.198083030691723,47.70431867859785,3.8158233246614586,90.54399874514476
2022-04-30,35.023934742335605,41.52961513099446,14.192383351169685,150.26053831003813
2022-05-31,37.30284155054815,56.09959983800209,12.173016762058511,118.79580922779029
2022-06-30,39.896466488605,32.41686135876196,8.964689274013528,79.93321262161076
2022-07-31,20.515986068120544,58.58484870485754,13.149108642711766,6.934381521503752
2022-08-31,34.69782608196725,38.476376355765105,5.246808153923602,171.911645128608
2022-09-30,26.452321301884417,67.19534441943868,10.511652993858457,118.78361873689141
2022-10-31,21.717498675888375,84.51569247235007,12.285641402222863,270.2920808553428
2022-11-30,30.261355929242583,40.557819202232594,11.097596026490608,149.74186609026876
2022-12-31,23.208062292151293,83.70315990606571,7.567071994882138,201.85508429100722
2023-01-31,25.61491697685615,70.85572225997603,6.440993008335324,113.14124786197691
2023-02-28,23.7134633697463,75.9297700377967,14.247807376756931,86.77419407729133
2023-03-31,31.26430331948617,74.20835012979286,12.161072519651963,44.72501407351199
2023-04-30,39.460788443852934,85.40673827683085,9.319631588356074,46.48243605856415
2023-05-31,34.00854509833316,72.99262536926648,11.67509264235582,197.74340725485285
2023-06-30,22.83405239796133,81.16402468980418,10.228706113106185,165.82960309430123
2023-07-31,21.302391943194003,73.47894620197474,12.005234340452226,12.394918550148738
2023-08-31,24.111221045909257,49.519343807699,1.2547051785461454,217.76192404139258
2023-09-30,22.95765943059434,83.55458445808637,1.4190705155626437,56.528981405500055
2023-10-31,28.460005735045428,38.967429654892484,8.446707104949406,162.51892878938034
2023-11-30,31.488690510631056,50.839822556550864,14.914920025781887,242.68847474669792
2023-12-31,25.72704514316832,77.61228636412503,12.349578048573605,52.457175442443
2019-01-31,15.678235915167036,78.83073340388194,14.821747465691969,144.26356247027115
2019-02-28,21.915959934733426,66.16602532817814,2.950812700115538,55.189252023168876
2019-03-31,29.364664689302074,33.6158687723926,1.165534684929551,5.740332263564197
2019-04-30,19.692160823993525,37.3027691265729,5.857983619404353,269.7031686019659
2019-05-31,37.80081736674902,56.97066445845566,14.229735562033284,218.66361796848534
2019-06-30,15.22346258237021,49.26037188498387,14.24502421132606,149.461139062441
2019-07-31,27.99347465456419,34.06655577698045,5.982055417333431,130.00042607071984
2019-08-31,29.423651628462967,72.04006071271215,4.795761093483765,286.9083284028896
2019-09-30,28.676062243592987,78.5048528451307,5.42780063568814,184.5632611956038
2019-10-31,37.15649543116759,56.799803513262,11.499491522175541,148.89914419823367
2019-11-30,39.67759795043105,66.10688240136236,3.07302537722014,51.55937440208065
2019-12-31,39.945129750326515,53.08646749295801,6.477127991879427,220.8268126598429
2020-01-31,24.23097853919134,77.20733563654315,14.368162121851517,233.86817041254088
2020-02-29,23.071163229747462,51.319006318773845,11.933197382243486,80.07811490558461
2020-03-31,22.596306358821902,70.56737508669505,2.8053574475784666,96.39085739134053
2020-04-30,37.99629549272024,62.16585369201716,11.682932925374988,42.936518583132774
2020-05-31,29.968653181074792,63.09933077247559,7.061287545640856,82.50740687551186
2020-06-30,33.27237919136784,72.726610824625,3.7347270834195285,209.1732710894914
2020-07-31,17.143347425921018,43.68716314434137,8.149126198649917,254.93290027661078
2020-08-31,28.416863010703388,34.234642593944514,6.529570911163919,33.28543061744074
2020-09-30,28.49794745470529,44.97877872011418,12.76839685593767,119.41769893047655
2020-10-31,15.149645557013011,54.2921839190849,5.207167920517731,16.343847266016233
2020-11-30,29.391910162660416,40.316343609102134,10.51916497069168,88.24190261086773
2020-12-31,37.911588238795,44.592248324380336,12.0769670709072,3.587146883864456
2021-01-31,35.28153697949333,78.49001955118749,10.839063515608322,226.78151522333607
2021-02-28,35.039570616237086,75.41028169257744,6.913669344464824,298.8040026135329
2021-03-31,18.7721158863206,56.28290959463423,8.875361995767058,243.47370643559552
2021-04-30,35.88394946743053,31.187595264984502,14.19905795934418,246.895059481886
2021-05-31,20.288419826199146,57.044863904532235,8.008710534600045,16.55355484513543
2021-06-30,35.648127306761836,79.45666693444336,7.574949865886206,87.23658263287824
2021-07-31,36.71837445778884,56.12097746703025,4.354883155010608,275.84928112888946
2021-08-31,19.597524288269828,89.70881278274132,1.4530689395849072,162.40693774220017
2021-09-30,33.187868683451676,89.45594387281147,5.752962914719017,199.15160585726198
2021-10-31,30.58768376405687,57.68764453310635,1.132770998881674,254.9675148285899
2021-11-30,22.080088291529176,87.63805801183315,2.7194270647800756,177.76710082381035
2021-12-31,26.910706013380857,61.87861454336241,13.83486352136904,129.7400374669908
2022-01-31,37.29510359532475,49.27349593943413,7.967589903121373,24.552194640190304
2022-02-28,34.659519685841374,61.79962473647771,13.966418291602812,133.13189771111684
2022-03-31,19.890520203661495,87.32743964426382,14.287262992134934,109.65000948823025
2022-04-30,16.095001901231466,35.306453442345344,10.04686860429059,82.48758726717864
2022-05-31,31.690420054846168,84.37637249418756,1.3779295066704764,75.68829387704055
2022-06-30,29.229490115429986,58.74072728928677,11.618998534327456,275.406453558319
2022-07-31,39.31294125641154,86.5448334468862,3.2216093564294948,212.16204870019433
2022-08-31,26.026413006166422,83.74029324088201,13.402171560219296,7.419549998428576
2022-09-30,16.05802069960684,87.84284014574934,13.155906438639999,124.36771060379195
2022-10-31,28.127795834240516,71.07020874234883,14.225784617582123,266.9426094187227
2022-11-30,18.810771078451236,51.30406384246697,14.588966101550872,43.72920677941583
2022-12-31,28.18636135578139,43.99317938763296,11.192146923491073,52.45979742849085
2023-01-31,26.36965138475169,40.26947773419487,8.085413843911173,250.32861857028473
2023-02-28,29.938242320957272,30.93759010238739,7.894574049302742,145.70716212952783
2023-03-31,23.09580242493429,71.80160458032319,2.29773396686606,66.7663606478373
2023-04-30,31.882067965829943,79.58707337143719,6.84863640273225,239.6146358351467
2023-05-31,34.747545543011036,85.40894211432995,2.1819293396319455,37.286167101362246
2023-06-30,36.67609577797262,82.6512613130254,6.834480188757147,148.57852049469247
2023-07-31,27.190818851055,41.391572940964764,13.657753731900286,177.13077926719916
2023-08-31,24.143388514649267,82.98358023545387,14.94744758553998,17.35481064764063
2023-09-30,30.766308532851532,55.860748910208116,14.619240370480002,119.27904093059882
2023-10-31,34.470910479366836,71.5234292922602,7.4506495852601855,26.13262443143256
2023-11-30,21.60421299737918,62.637974094899334,5.125925101099771,109.76626291565648
2023-12-31,36.03220707353883,31.19612129343248,3.833664870279046,286.767533435305
2019-01-31,23.800819997912097,53.56163456745482,4.983841260994705,63.38701229785409
2019-02-28,16.886743734769034,42.9489615115266,14.715588053241078,51.08190498913734
2019-03-31,18.47740067032615,31.996709095929695,10.987252076440457,43.18087770604981
2019-04-30,33.06349581487698,35.88757122679641,13.163888822280951,226.36132567655653
2019-05-31,24.606913910409972,77.26889297880587,7.971698801959844,293.99668248328135
2019-06-30,19.42864936097659,78.88838751539807,9.28859124150568,218.5127162720353
2019-07-31,39.44559558177613,64.80446430156717,7.861715589174119,55.93508304431026
2019-08-31,30.638921304817604,39.633533259894,10.540467488271249,299.6672148397641
2019-09-30,37.73897550442954,77.65213439486448,12.186192272550004,107.99250191599121
2019-10-31,25.446486452864637,73.71108321839004,7.382985957107671,201.54042880888463
2019-11-30,20.397114678437802,73.15494740022109,12.437411140812973,117.15851105796439
2019-12-31,20.20565893313202,80.4561758783857,2.2669335584874517,296.6107131847387
2020-01-31,32.03838378691651,32.657643404186686,7.953057775574839,156.41157755269734
2020-02-29,29.694748581361566,46.36767640393293,10.680183684064218,81.79794398392212
2020-03-31,16.510161532523068,55.724864573493036,11.935155471344036,191.9734893534527
2020-04-30,24.902674595714004,45.54967788038478,2.377772096037728,201.7223007868246
2020-05-31,38.50000427786091,36.51745172648715,12.668360949027225,127.92494605181804
2020-06-30,32.30775633162439,61.014250804639445,11.330934495785254,234.67863650272417
2020-07-31,23.506977413334766,34.144685152617235,11.673717304739316,252.33800272970984
2020-08-31,22.098434108896722,43.57471670093193,12.761175373107468,293.6705986218907
2020-09-30,32.27073952220242,42.43971060685421,3.2905509864812057,78.68891452064047
2020-10-31,33.98120441497473,38.33937166748207,14.841710689658223,85.51013492478403
2020-11-30,28.801939252587,36.79523280803868,14.51557893573164,105.77194326657569
2020-12-31,21.057038711752014,83.89262874535802,11.346209820282954,295.0351099138597
2021-01-31,37.27338057519089,36.052698202111934,1.8466427175850573,87.46761519006407
2021-02-28,17.16892647761553,87.71916087448086,5.859623040715789,75.5421456442688
2021-03-31,18.213815213795453,86.21362888831868,5.656791973675994,175.09591955214552
2021-04-30,19.725091638015115,36.95070552942344,5.667943178656441,165.42859909828596
2021-05-31,31.397390444883296,84.8373615923592,4.6702702105799165,118.04663570189875
2021-06-30,39.694108727852694,79.89253490418159,11.345289683356036,57.90413135798364
2021-07-31,31.58373249751386,85.73991595536859,7.772702561892318,269.33887762211674
2021-08-31,25.25112838251989,60.11832829117671,2.041128397195169,261.0149986002571
2021-09-30,19.284158485715253,83.00748572507989,7.247930293861238,3.499153366353258
2021-10-31,31.402275799000492,81.14377023369565,1.6845689664490995,188.47449552327492
2021-11-30,17.709639910636113,86.46569669606505,8.136274192796241,282.55601612964125
2021-12-31,34.584475057121296,33.436091499880874,12.361261612574868,68.5603177068544
2022-01-31,37.05845633448317,58.44127343605513,2.7103061561194512,20.756978549168547
2022-02-28,34.19045562412333,55.5213256493404,2.0187348117804875,296.6491595616207
2022-03-31,22.87303774200162,50.10155655085966,7.373180907548436,9.496679246693818
2022-04-30,32.15712463509608,50.86028892573538,2.2571291082956355,229.35990746087924
2022-05-31,15.851122756697487,54.75013690876418,1.9341028761812962,165.12819846655592
2022-06-30,28.74004673455373,66.55674019398596,2.561290998360861,167.3883391782914
2022-07-31,38.708208178824066,61.33084259880187,7.710551299431403,249.85111922655895
2022-08-31,20.00771888817458,49.07233973930809,2.9987029864402803,231.8981231717662
2022-09-30,29.127699257180343,78.52082261886639,11.871767975866632,143.73293814208012
2022-10-31,26.76529492903341,66.93475552033718,12.207075799796844,97.01234156533877
2022-11-30,15.926701402196633,47.060748407339545,5.839302637133443,105.73943427496913
2022-12-31,25.253766663154384,42.21773321693565,8.082829278283572,139.56510030604014
2023-01-31,31.126386112398325,83.26416415110566,14.795642123708852,92.70242754718709
2023-02-28,29.2104133904291,74.0541614190048,13.626512466338653,245.80409001697936
2023-03-31,20.274426635557823,53.279192169602155,13.434170981432507,36.66368139179726
2023-04-30,26.1822069605785,56.94638659900527,9.140485674938425,78.73690565155079
2023-05-31,30.624068936278498,64.542786990573,6.400947136185181,234.6005396606903
2023-06-30,24.848594422332308,65.27049994693087,11.125903193165485,66.84345192659057
2023-07-31,27.507781598147055,30.188892166737467,12.13155403346994,235.20323771774358
2023-08-31,31.240821241284184,79.83618113660279,10.437478696385824,155.4011529081088
2023-09-30,33.33369105512659,57.67120065038201,13.866920579473138,240.16310172114038
2023-10-31,39.99578296833336,81.83249813063904,3.95507240862423,288.41667574299436
2023-11-30,34.25427116644698,55.894870861533285,6.924030061593898,70.305338915862
2023-12-31,20.345289764370182,86.1227437557246,9.719102845093659,140.49726223775085
2019-01-31,29.577767866097794,81.83723612808205,13.490982842814441,213.7156924497299
2019-02-28,32.01846486630226,55.20293008485393,1.5928593517392249,222.43409193516155
2019-03-31,19.427894385666047,45.14778545665081,9.138586415050902,124.07993206332215
2019-04-30,36.29779365803333,75.92600294008744,7.27401706638594,268.45980646294953
2019-05-31,20.306910894091676,80.28813706388817,8.586584403811234,71.9886832640804
2019-06-30,16.637729335286906,32.438099019068886,7.383768866602716,10.22796309594245
2019-07-31,26.445152913401458,53.58284389730573,3.787709826022486,148.60976411747018
2019-08-31,25.7063849219345,60.39429959854455,13.92845704690016,51.6227975987537
2019-09-30,25.784585354889643,83.82196917826602,4.577436414503383,108.54559947218463
2019-10-31,20.780118776370895,42.7228250828546,7.387337940828603,24.295506682846636
2019-11-30,15.150580023887304,82.19455337288376,9.977697496484604,176.29999623986447
2019-12-31,38.52990454949942,52.60924061338914,4.8092828839794555,86.52613571128008
2020-01-31,27.700587289648816,40.23175657552245,5.111857087111158,119.64942743611257
2020-02-29,31.27017826111382,39.594948185791296,14.927445459844357,40.747121941779426
2020-03-31,31.104068935778397,82.91931083934776,10.183562372109778,231.39746670284146
2020-04-30,28.258962098334454,76.87270300017072,2.5949719993713227,244.59965216615078
2020-05-31,29.672409006468094,74.99942963768319,7.091819610909768,146.3809024818723
2020-06-30,38.234296774845845,89.27182188983747,3.5371305316115675,226.10585357829694
2020-07-31,21.951245856164324,78.80362408022864,6.482876277736423,146.2870915477574
2020-08-31,27.559825261027235,84.14494405532102,14.16067351765805,40.28686229703894
2020-09-30,30.85433308471697,77.39557486500917,4.920845865416373,35.115082111078536
2020-10-31,20.588538425123843,83.21777573091782,3.5202115109692667,238.6581401763386
2020-11-30,29.3187910937541,60.684786300522724,10.321488816241253,58.29444886531638
2020-12-31,21.885440282095463,75.64460021731838,13.305338784002542,58.49676203355272
2021-01-31,24.90912653545241,45.77189463674651,5.707523843620401,38.3059432031373
2021-02-28,29.19870326678336,51.54889935751959,1.5726680639239465,228.13324245257323
2021-03-31,35.4754727643845,72.76904678480119,12.91083633760898,41.26777686820613
2021-04-30,25.28988811092781,42.311423019451055,14.55480619676145,85.64374424097483
2021-05-31,19.76342801103726,36.295721613666444,5.076130691177769,263.37777238939685
2021-06-30,32.55727940411825,40.74236724574328,11.692251275522679,270.0760657716933
2021-07-31,35.1465275861099,61.34442033560631,3.5672762398728306,127.7849758163087
2021-08-31,32.543863459138265,43.950448450984425,10.549525080440283,291.5618863762529
2021-09-30,30.383467143994565,57.19874708965117,6.874615315356116,102.17152257898519
2021-10-31,28.334355485862318,33.60307503213636,7.738496558507402,97.29073478711346
2021-11-30,32.74246592085936,70.49365485941735,6.616787300410996,54.802705792816965
2021-12-31,31.783494317338,35.55528667499886,4.96388813254118,56.84407870870252
2022-01-31,21.183614478166703,57.81206268978209,2.1960480603526333,136.49953762136855
2022-02-28,25.822532031447302,42.70459195930781,11.013437613659876,11.71660567285212
2022-03-31,34.39853784683733,85.77578230953509,2.6596877157404375,180.2428674842702
2022-04-30,24.561912460836126,85.93378142994493,5.046836404883248,186.211090480887
2022-05-31,38.23220767337949,38.12145955532445,12.952418623935705,99.10350270479086
2022-06-30,20.481754124297748,44.60544403173192,14.79412951358563,250.99273683041855
2022-07-31,19.64782340623158,40.39522998798361,6.046010333169152,194.75436579556222
2022-08-31,35.91506652636798,31.75718427015121,8.969246064117506,222.2139512531176
2022-09-30,19.998865492631943,30.730700701474362,4.856426493909453,87.86057946958736
2022-10-31,27.859965994956184,76.53817702013941,12.404068145201775,252.74706316096834
2022-11-30,16.37820471182341,54.97000497625106,2.566549848289733,218.59186077346226
2022-12-31,19.989335360328415,52.220468313551535,13.407378871740221,195.73662716149667
2023-01-31,29.541553299167347,88.63389189202859,14.493606596404808,232.68042120663114
2023-02-28,35.690217453405005,51.50251797393992,3.5552076341864565,208.72151660661723
2023-03-31,23.141018302533002,34.26225046951831,3.65659180717046,197.26494754904914
2023-04-30,37.44108817726145,69.01912394809797,3.4356824495058875,250.0442911776533
2023-05-31,20.457538372237572,73.76532831861286,1.468286478672304,282.79014941998776
2023-06-30,21.09183964325568,66.22055633816757,11.45439995369443,241.0007613805409
2023-07-31,17.928420651510358,64.48223472857592,9.3254082492879,227.6413148581908
2023-08-31,33.12494341459631,55.1264561765638,9.622240246392153,82.26744498016609
2023-09-30,32.929608585952025,59.79525901857606,11.073494844366198,105.22817051435189
2023-10-31,21.784161945551734,61.11028205222385,6.339289876380302,185.0394719665286
2023-11-30,34.57304416407456,42.242401102710865,10.942066640762647,239.70039595490337
2023-12-31,36.17988007911648,85.49376341754828,8.76914441041726,104.6220909816026
2019-01-31,22.00169500498349,69.77318245191485,10.275575752064302,135.80119555156347
2019-02-28,37.623235665748496,35.45543211229352,9.547685910853877,297.83910499448615
2019-03-31,23.42562462403368,43.42816591664979,2.9411566396977022,243.6546375997118
2019-04-30,34.270728568805566,34.8992566630666,14.820296718674978,111.14435329491843
2019-05-31,39.641960107908275,50.164127938941576,2.4026824280070316,176.07426685891488
2019-06-30,27.52514589062533,65.85867337811676,6.483023594872433,144.46251253787023
2019-07-31,26.146723552288933,60.86168836597205,2.6264497696540436,97.68634317071921
2019-08-31,29.043021632020352,56.71283093667093,5.521554579979017,191.4916489764026
2019-09-30,21.386886549487407,46.867277783458306,11.44943333630021,277.26478548290066
2019-10-31,20.52951059790205,59.76026159004312,1.466798147195376,50.70913892326829
2019-11-30,22.992135270742512,32.601103044389276,11.776751891137126,15.4944524516473
2019-12-31,26.826904139088988,45.186993884208675,2.4955837625562407,61.56840812753557
2020-01-31,28.093149209274152,52.34452522495087,4.644632094960275,37.422662326305556
2020-02-29,24.5713479085686,69.89893816583515,7.282422091522611,32.357872045958224
2020-03-31,34.13134670727911,30.66363140613547,10.427295476549078,6.218335290654742
2020-04-30,22.53763845169239,58.10744656089986,1.655151644438584,205.2607114384589
2020-05-31,29.401731092777716,70.02127632270901,2.785267587627278,213.99758827847361
2020-06-30,28.9441357649713,57.2197703456543,14.167988701758034,178.0127110934324
2020-07-31,29.214335040684606,46.22028018792881,4.63649511538343,107.03551361939225
2020-08-31,39.505779436362104,57.289911342872685,10.516642657660103,155.75845712226533
2020-09-30,21.98986751525349,86.05788539387592,7.124161327985015,17.07959796212912
2020-10-31,29.988761302849284,74.94071498682362,14.170714274520604,250.2001062167709
2020-11-30,39.6932361631621,39.58105179763955,6.616845839894516,61.175201841734484
2020-12-31,17.706407655317996,80.32903222407451,10.826503975684275,118.15181586392417
2021-01-31,38.262498926394734,61.482484733914305,13.262383183307987,28.964952610816763
2021-02-28,19.558269033294422,78.76010489828793,8.63674955248084,77.4943918306321
2021-03-31,33.75143588855436,62.88659355078038,12.901374564217045,146.9102251392525
2021-04-30,24.084319191332963,42.467683397761625,7.422603083068357,190.2830624490022
2021-05-31,37.547774892297724,46.6930092176533,10.714067295042788,49.42674010867647
2021-06-30,27.996009302244143,30.778253928578465,4.24595105643969,8.702697104268065
2021-07-31,21.94187587932477,43.087259083348286,9.555553899487705,73.0010655612342
2021-08-31,25.297240030487004,56.27243024788519,11.326342922641496,16.035912040867995
2021-09-30,31.30587912748273,34.652994349269434,5.251197969463978,45.8175153946325
2021-10-31,24.43135389337374,31.44191937242908,12.495713777959637,175.69436102979486
2021-11-30,21.879189760547764,55.919986649798375,9.613902030931726,56.27079039615286
2021-12-31,34.008770319806416,40.68708636959879,7.337901344476943,16.182729611298075
2022-01-31,16.862505726382548,73.16798653463006,3.493912369494241,227.35470319587455
2022-02-28,38.192912607182244,43.72549088191349,2.697788486991469,190.4733960905851
2022-03-31,29.218618004669455,41.428550106255656,6.9753857984326375,147.00590556651986
2022-04-30,29.636746467431983,73.44754466169542,13.567794294282418,144.67091492389173
2022-05-31,16.59520331169919,65.97305725169934,7.789384503501315,272.07865343693015
2022-06-30,34.1967262764564,30.279554459326622,12.741801741105027,57.680358521399974
2022-07-31,17.650107068518754,71.78005631525357,5.46012322805366,246.9446325988253
2022-08-31,32.4674300905709,58.44348008616909,6.220420230704061,117.3141041151034
2022-09-30,37.946890491641035,31.30110647828446,4.867858502185766,85.07589722319312
2022-10-31,30.036620471283694,86.8046660315796,3.897619757334305,292.1032428869796
2022-11-30,36.096038321658455,53.33315954263743,14.60399594441345,24.71906066905981
2022-12-31,39.1895733101199,83.42606745492301,4.732254443901642,67.06065819206226
2023-01-31,25.89832665973443,74.89816015723531,10.339415769025285,239.78165508601052
2023-02-28,25.88707706574366,55.64658962439519,14.222752389016565,78.55806754540323
2023-03-31,23.105351241178784,75.44818917849452,3.3385870810643317,16.84042025200011
2023-04-30,15.971317319703438,63.95646386261169,8.029631478675592,102.19771082747806
2023-05-31,28.811524454867424,87.78337653408977,11.511519519589466,102.12822613736087
2023-06-30,30.22037700220397,32.82985845593323,13.317615351197075,60.42092783022266
2023-07-31,25.52285257045184,31.037303442791234,2.694785317343994,1.1094256546135606
2023-08-31,18.311472552900298,35.90450099688714,11.539095272213363,199.58008547322024
2023-09-30,34.180238018527874,79.19337174705122,5.698598568135979,144.7934734631011
2023-10-31,19.757791579759548,31.366432710076026,11.376504830590687,128.00167463613192
2023-11-30,17.732172492802757,36.20829621532033,5.101976023132014,37.729078537891525
2023-12-31,18.895976174818614,61.49463509234741,9.138838204286092,144.1850340390938
2019-01-31,36.72668886310602,38.58600951841609,4.911652925625715,36.30286130202638
2019-02-28,19.978256340771857,59.888451146340714,13.975240003274049,183.1792755483671
2019-03-31,30.161120106519984,61.23622070967698,12.479488121145105,282.68962202738686
2019-04-30,23.83149997586692,51.202057025315696,3.3579374608237673,62.36849629008021
2019-05-31,17.60984656487871,86.62230261112961,3.072404961436766,18.422159556908902
2019-06-30,28.724033346036343,64.02208776422344,14.912940551394403,265.1403800792887
2019-07-31,30.407634248188337,88.82098232093989,3.9985494062172915,237.82190521928743
2019-08-31,36.945759840061484,35.57252057951299,3.125907956063977,219.95332035487837
2019-09-30,36.71808173041059,51.10089889907297,11.933560459611115,9.783696991324565
2019-10-31,20.135128409182748,35.023641142364745,6.257783380431497,97.63321443866639
2019-11-30,18.556464221826257,86.65957197274446,2.7489525371936914,279.39961874139294
2019-12-31,25.532732935236425,34.68252467644872,14.1179232311423,26.53799135195921
2020-01-31,39.553779973338706,89.8664160371506,2.9812044768240247,277.84055408748526
2020-02-29,28.85663470570018,53.2768991287403,5.486170018241548,190.38580662432662
2020-03-31,35.39012648517201,84.10633894575555,11.007169267340378,197.95283948655327
2020-04-30,30.739431590745525,39.65501383676009,7.506447666430706,144.0532537390606
2020-05-31,31.148511547665382,36.79629821782012,13.69277192057521,211.16059623760606
2020-06-30,23.026097103343908,50.382694717757744,6.463474857057256,77.74109352812485
2020-07-31,17.890018683564794,71.43995186433428,4.280324392126327,12.478441573828114
2020-08-31,33.00036358914378,58.86888449454631,8.374853126269858,214.93032321836023
2020-09-30,22.127663535519844,66.18461381327788,14.59366795171621,285.5378579192255
2020-10-31,37.280951401194685,36.48354796204033,4.716326417225241,220.19675100936274
2020-11-30,38.09194354953249,73.13063353900611,8.087786919868579,11.597552717016956
2020-12-31,37.646482748710454,68.62065588951637,1.8864380053563319,51.2595219964998
2021-01-31,24.105800251861808,79.91726442660317,2.031423165658212,148.77293399684214
2021-02-28,21.747175449011333,84.80337870203064,7.187626838901665,120.85705175124102
2021-03-31,30.6837535519263,42.92181060812677,11.342724143682691,238.9409073329452
2021-04-30,33.28686704393266,85.18596176953622,14.406178012148809,103.4643238408097
2021-05-31,18.809675390793913,81.51204320521737,4.00500000568494,72.56225582614665
2021-06-30,39.56963042458251,33.17944290188952,8.658172164564519,255.60527660439206
2021-07-31,17.753525625805807,83.01516358247395,2.9138173779355143,26.91101611166138
2021-08-31,21.313685101845778,57.27386441678592,3.321748547516426,250.6614771502143
2021-09-30,22.169841154205486,36.37454418876866,6.203846275376929,124.086976364798
2021-10-31,15.297499414600594,52.889864066199465,8.99548730404688,94.31387626840933
2021-11-30,29.896137026358883,86.86984323250647,12.2663609587025,250.16959584140116
2021-12-31,28.74915003285154,82.20501187647176,3.793072196316258,244.4223528777319
2022-01-31,31.80850039645531,42.74615085102823,2.7907664169403867,91.40523898125994
2022-02-28,25.857188094354942,68.99319276803442,7.885808577459157,74.55552936376554
2022-03-31,17.92971770455557,33.05180555287961,12.906191093718796,141.49979890708047
2022-04-30,27.4703715515558,62.13333121699797,10.74481786359589,218.6907705958223
2022-05-31,24.88048243268814,51.41214402426087,4.992229214759142,132.3182390655061
2022-06-30,20.541424473579532,65.10169200640706,10.466266667578223,270.64099947501427
2022-07-31,33.42307325788365,52.446904919476786,7.7168957493256904,20.577971765520665
2022-08-31,38.114741110045706,62.38182816305411,10.016728000135716,52.77677798126656
2022-09-30,36.33985439427852,61.11270804995954,11.196089144475962,131.27491872035432
2022-10-31,30.20369050216134,51.26152418134375,4.974218521178103,294.2271525119678
2022-11-30,28.215631260236535,55.137051437305374,4.326141117407788,37.42221470041947
2022-12-31,29.749003237013728,44.82582526458563,6.085388242278195,189.47428111723568
2023-01-31,20.822827476150305,64.43822129464152,12.988357884807115,121.81869256378428
2023-02-28,27.260318754408146,73.9894593973994,13.964653907969815,135.93269272782652
2023-03-31,35.80457535531396,44.80561186497801,11.5118022183733,109.28411810123028
2023-04-30,20.082836561389144,33.39000737295587,14.747469891541646,133.18945091045836
2023-05-31,31.23209639400008,52.43054313406091,1.1482089726991866,286.17641074973284
2023-06-30,15.028041357346476,43.29309252464499,14.741424910576452,223.74769460535882
2023-07-31,31.43838258349753,62.9324688215818,1.4402438142996707,48.45031945341158
2023-08-31,37.00598219439951,34.17778458164278,5.645742903849115,78.90823290178398
2023-09-30,20.80271173163065,77.94774645792722,3.093782404254152,189.10175210613045
2023-10-31,22.31905470839309,33.40496889059327,9.642530034930141,177.6330104765896
2023-11-30,27.13849733745678,71.42589713330973,3.020721175715061,258.3084074865022
2023-12-31,16.191566905343958,63.34652325649022,2.723514653086159,79.17923718661525
2019-01-31,36.40968111677661,75.6541235601384,11.076030141237243,170.13345463303224
2019-02-28,32.07572329135366,76.42507545314777,14.220234671943967,122.6303173842365
2019-03-31,29.288175681235757,48.898858792510765,2.559756233683501,93.00078314496267
2019-04-30,35.30662381582913,52.8174387108744,9.836710187215512,129.57403261494056
2019-05-31,35.15957267391542,42.13554083416399,11.689193669096491,198.09203831159235
2019-06-30,34.35695800983905,35.584399187993334,8.930819696331518,145.82081916297312
2019-07-31,22.876844143126192,70.30980282695927,13.827135101176799,155.6934913226824
2019-08-31,33.43230811996684,42.78151218923098,10.07977744136493,9.548210516131961
2019-09-30,36.44036607626823,63.45542828805795,4.061705751950341,173.92460015527686
2019-10-31,26.189301889767098,38.11531209133707,10.515216002546854,265.20031145428953
2019-11-30,17.98640058185181,33.53986924089926,10.672977185726534,177.89491658000043
2019-12-31,34.66470091260227,34.29251100111886,3.257537045936549,78.74389873351262
2020-01-31,26.981135618138637,37.77997075761034,11.884170864500813,22.62248884588053
2020-02-29,33.37856927300853,83.65280563947364,13.777392809166072,129.34018190451354
2020-03-31,32.65543383450334,73.12891876013323,2.0149541131304023,152.02582287359684
2020-04-30,38.86860716206082,77.87780778880068,3.3937653873713325,48.120807173210004
2020-05-31,22.221637510970684,63.03260444478192,13.205166531863952,236.45202583850008
2020-06-30,35.54156849507521,63.04487456656909,6.657617601835926,44.027126566824016
2020-07-31,38.81998152142269,42.10554860565354,5.753096944403752,227.81963859743715
2020-08-31,25.656762019180032,89.37761509928878,6.0878067764417425,199.65292606516638
2020-09-30,24.750128139086613,81.8098430597986,6.573451347219376,197.0332966734485
2020-10-31,36.75279051895785,78.84394092256235,10.725536128116394,149.8596035066463
2020-11-30,37.901443678321925,63.865116162162074,11.12898794021784,118.21912484436655
2020-12-31,21.225493923836105,47.772134026176886,8.94151546830102,67.96546750053032
2021-01-31,25.93830169584849,37.803947807953804,2.8985828080534257,30.36750625762965
2021-02-28,31.430860125268122,55.07835650826549,14.838681504832243,92.00561422145353
2021-03-31,34.2917972406202,44.17203737779323,8.540134344558723,298.14612417414935
2021-04-30,28.631733467361222,86.0915186086049,13.562443401993855,158.9028755417299
2021-05-31,29.16994605842904,42.35165462243294,6.606287375573321,102.69298697948797
2021-06-30,20.936670810863752,77.74953113268849,11.973472240957605,148.32426192337527
2021-07-31,37.658453095141574,70.14491171776288,12.388458461199527,280.7608655212736
2021-08-31,32.544518114560816,82.19997660656934,6.48271281403425,2.0982117370060838
2021-09-30,39.501540326192156,80.75003072626197,6.861232670801522,271.5105603849576
2021-10-31,29.34365410988079,56.18782085189203,6.627785845295448,211.4488182913876
2021-11-30,26.81409230743307,46.78134113288098,13.148712114653815,176.08158878376352
2021-12-31,16.192912235218913,41.485869938746205,11.887478887494634,32.588289676154126
2022-01-31,32.88034944951417,86.64491150254688,6.817031103886725,138.4047686919986
2022-02-28,34.17017128927649,39.805200787195524,13.35702218211173,8.532269240936753
2022-03-31,32.31130341828081,48.125495947240736,5.6844483188483395,46.96339613848456
2022-04-30,30.003505004937395,63.32696891536473,4.450899082075028,212.48237826580055
2022-05-31,23.387532592290057,54.44888089269019,12.976671720639743,189.30967188457583
2022-06-30,26.63176767442332,59.778742780163746,13.178062246921046,147.81750215362268
2022-07-31,29.359093929566995,53.791120963419445,13.288951971385409,13.503208387921351
2022-08-31,17.33537665546169,59.64609328138687,14.6947653773571,236.22072725123152
2022-09-30,25.001614455521796,71.90997718849238,3.931552659555123,105.9246692601856
2022-10-31,36.56792347876551,76.64902968231792,9.143811948171274,255.12675183549285
2022-11-30,38.01704076989253,66.95897296638131,14.444880675432538,137.27945223389847
2022-12-31,38.1298802106176,58.08595982010515,13.070563489033972,285.5269284754727
2023-01-31,15.564162390825551,64.69760997408571,14.85830552176728,221.26002222930788
2023-02-28,20.524965048034883,65.09822147399217,2.5652306791457855,206.00969418505568
2023-03-31,33.885290286542144,44.46971806205285,13.910435928800963,41.54379268958505
2023-04-30,21.210747487934597,44.19379677541272,11.838428908865492,116.40327615882666
2023-05-31,22.04581100382475,60.780263663402486,14.800742833549473,49.008650868479165
2023-06-30,35.78619169060478,54.99768826748519,7.576256148466295,54.8370533725738
2023-07-31,39.849774965529406,76.21155253565112,1.6373671820867466,133.22627621493038
2023-08-31,20.411966420546417,61.243564415797714,4.596505196912508,71.32265472624285
2023-09-30,22.064290753738426,47.81370012320804,13.158116146717319,92.20514891389851
2023-10-31,25.2357380855589,88.18232945403192,1.432520495351086,114.79886663236813
2023-11-30,39.82672108363774,40.1519319558016,11.015864224450715,209.5084432371937
2023-12-31,27.996164268115727,65.44617298457823,2.6271311735408798,274.47689924266876
2019-01-31,21.25495684543168,57.80529815153986,6.527398774649775,198.89538679106658
2019-02-28,23.602005025483322,63.30884360749328,7.304950513926152,228.05958496843158
2019-03-31,25.916155628277306,61.504367714054226,8.379028913311362,255.57008571880002
2019-04-30,26.920615562902064,36.382776506781816,4.158362417688634,89.2575064135567
2019-05-31,24.525813104530787,51.00540734907689,9.96649322276586,125.19774297143802
2019-06-30,36.95571114569622,66.22659298655083,8.78980061645871,151.40539938244078
2019-07-31,22.43963338305748,69.16738504790229,6.580510886182762,116.60241908805969
2019-08-31,19.854078502689006,69.69469745198967,11.67730044167246,102.7368321228709
2019-09-30,38.22315653437912,57.38230971146311,2.831839441659074,135.7718912037346
2019-10-31,36.16881755207,64.07888127412163,14.140215133795232,44.06905570432592
2019-11-30,25.93404643697933,46.66560673043333,1.5618137528234795,238.92953955038234
2019-12-31,28.969915216899857,76.60784589658292,4.539839966406526,158.54175243252823
2020-01-31,28.800288514325402,60.693969652422425,9.590679737523594,189.42491561900442
2020-02-29,35.8606562575911,32.90046002601455,4.534777632958213,44.486539416182694
2020-03-31,37.47454487225974,60.64247710292871,7.3974098043133925,19.434510258511928
2020-04-30,24.548590438961625,45.24012037734593,11.625840043784416,179.27960728501617
2020-05-31,31.88552590395197,84.46137297398494,7.3961983439768355,227.74118135128717
2020-06-30,38.99960987575044,62.11899611680708,10.80560757300054,273.7791474115953
2020-07-31,33.53653803280383,83.24331756591094,3.8766789199536085,237.29798537182717
2020-08-31,30.07074447307305,62.96973431350225,5.6780585087663225,151.6864572745368
2020-09-30,24.78746327015749,53.0301258805996,7.610936566039613,291.42082458799507
2020-10-31,27.09213506556733,38.48062149886256,5.266566895259927,89.24444930962339
2020-11-30,23.68747165050698,41.79439175776446,8.519220030431832,299.78188546263027
2020-12-31,38.54819737123275,38.944259062619864,2.5554750896517824,196.4008487229492
2021-01-31,27.368564658818674,77.46714747339428,13.013992625149825,149.53174145319747
2021-02-28,18.9542687933091,66.46778173006675,10.513637574042292,25.096725843993017
2021-03-31,30.16137578161927,54.76776907134759,6.22749664788597,196.6526109477288
2021-04-30,33.11972326582313,89.62668852791998,9.363696584463302,217.02944460852282
2021-05-31,30.329698598216403,36.35249103648716,9.011515967747227,216.43473337716244
2021-06-30,18.91026971631826,61.913936127437594,5.257090743435434,208.8758744932729
2021-07-31,32.424529445410634,48.304078511227004,6.7928195873340345,202.62537473387587
2021-08-31,27.49076819903307,71.8241566423189,12.219768041531355,261.67392682436844
2021-09-30,32.31793469221873,51.59801919303056,3.7187882533223275,91.08331010932763
2021-10-31,29.883957617057042,58.9002656758157,2.4110226916122652,20.658486001481002
2021-11-30,26.325449189112582,81.21884602419738,12.885572328262716,245.12034798256371
2021-12-31,22.921580841871272,34.59518547026812,12.877616188390629,217.4326356584029
2022-01-31,28.663157392795014,69.0270750687458,9.355087724089326,50.70210505803073
2022-02-28,39.879107372143494,44.042516759538124,3.2301053155622617,209.06303955118315
2022-03-31,38.69371221373722,78.86629349273451,14.890853709810052,13.098041459591403
2022-04-30,16.58681107337168,37.53023026434656,4.651853765844247,224.79683683389362
2022-05-31,23.318372877225602,86.9094628561262,12.980407396701178,45.12729763994263
2022-06-30,34.851584755789474,44.47618348237403,11.038538875920965,23.126087134887097
2022-07-31,30.90992467763131,42.252850361194184,4.206813268912102,262.9093704820918
2022-08-31,16.715649218727176,36.91029348069815,10.77443932760173,76.15825546273749
2022-09-30,18.45650747097728,55.315553084743144,11.479844986471731,256.7375149855413
2022-10-31,17.449715153538634,31.347340863348137,2.9978024442906115,227.9707815816763
2022-11-30,18.695403144531895,89.77442965703752,6.082577845793706,241.6117355556672
2022-12-31,31.668164220928002,76.23861882116469,7.290297840630695,118.17284090634958
2023-01-31,24.035009501067236,54.76824813877106,11.654411831488959,44.43917409955933
2023-02-28,39.15606588274626,31.261953903897293,3.0576430379302204,5.596550277108669
2023-03-31,35.03667865534565,48.13942144237026,5.894791747141973,196.38542911720896
2023-04-30,16.7629518859426,74.86224913205331,7.156376319111978,214.38124400509886
2023-05-31,33.85400356850586,37.28269633042186,1.210123515440099,25.92083133432519
2023-06-30,17.029910441153202,46.094539240545764,9.975816831333313,283.0696669857984
2023-07-31,19.92077317145028,76.25446399042755,8.57008134709005,62.35542083863124
2023-08-31,38.129406122395196,52.08814847063265,5.684113981760295,161.15419686465486
2023-09-30,16.151188306168397,51.5607915506973,9.321422647467571,157.22818169889027
2023-10-31,35.16163732108757,85.72851353235683,1.6178289206755974,150.10409882209785
2023-11-30,31.962703373937252,74.72540387227139,8.054863108399248,172.47166092527775
2023-12-31,25.773052593425057,46.132243928044375,9.861021104431135,214.78136337738002
2019-01-31,32.955537454382224,37.70582496576371,2.947570991813523,177.96808228634032
2019-02-28,38.69912410037112,52.017781884613534,6.929513371891128,45.28865611821542
2019-03-31,35.96784204699228,42.34546954638055,1.9439308635517552,237.28725611449082
2019-04-30,19.039818153273792,38.90378045438819,7.289219160670438,145.66402172717667
2019-05-31,38.96753722360445,67.36199591745164,12.304644745894908,16.506532600689305
2019-06-30,31.634033467531466,47.19809479562828,7.840810721571901,201.27683346993024
2019-07-31,23.703280516068943,85.8204452751473,4.753575312246574,136.3857495327554
2019-08-31,35.78828846152144,47.455159840986184,3.413406939362572,161.06782210922418
2019-09-30,32.04589452174053,50.228950130473606,5.564239668332646,127.5001746369358
2019-10-31,32.80302184706103,54.52004351943596,13.444344309111854,14.590200221820048
2019-11-30,15.840335832116306,44.41971862127923,2.209186203967717,122.47058755189124
2019-12-31,28.292359871041537,59.01054649004843,5.720743257518324,40.269501909551344
2020-01-31,27.870883818067544,37.241596473059566,3.1514935553894734,5.830318087397346
2020-02-29,29.253426574165317,32.128700099680245,5.139371250471174,206.61053510846446
2020-03-31,31.3626257862633,75.69803942685971,8.96965239531903,173.3727430077651
2020-04-30,21.53961782118339,59.482780943180515,14.411743246199421,163.1584044734035
2020-05-31,37.025657192241496,37.80630187830666,8.899761490131572,225.9395103173632
2020-06-30,17.437732507670173,48.54586502305345,14.153701164836022,107.76194553338524
2020-07-31,25.103788974896126,77.96094459887298,8.733486567018714,158.04201026769266
2020-08-31,33.26065534023966,78.4721026855988,5.182359378946084,235.3733592165738
2020-09-30,35.656214179997804,35.91157294513495,4.25820335331608,237.34232408898694
2020-10-31,36.20408138455414,57.49616323281608,8.511206552472464,266.6988775005551
2020-11-30,31.73933113488012,86.47550055274982,9.989461335045755,160.01208875094585
2020-12-31,37.25916547445249,32.46998446344668,3.002400518744945,83.30407644061259
2021-01-31,36.262161095882874,71.81734817913457,5.200409066237365,28.024037846489747
2021-02-28,28.860238111598413,34.876504728494865,2.7960913395443843,12.310203373779128
2021-03-31,33.729914119023434,77.00536314326774,1.649454171290262,164.04352611739154
2021-04-30,30.53377394631609,67.65810578796882,5.5724629218859985,190.12042880782207
2021-05-31,28.823950339922632,55.81641873917167,4.324159336801085,178.49483930503013
2021-06-30,23.5312629960417,79.26503707234374,7.569498442657201,55.68701759189385
2021-07-31,28.5577530279432,86.71984149214009,9.53038705771647,116.14510961856843
2021-08-31,22.776312942062987,88.92812730207953,1.090599336006488,87.74015879694696
2021-09-30,17.356154247256406,47.73066804626875,3.212521948453564,220.9183105968638
2021-10-31,27.89835278755548,80.98331232070734,9.071932657036506,298.703917572542
2021-11-30,15.87906804857516,65.74181308963904,12.372900727029714,259.8856440987675
2021-12-31,31.27477858522778,47.810715097184456,3.2687576303440853,288.0962590124711
2022-01-31,18.56043858825515,78.77155906689032,12.596851256120429,11.37559680878707
2022-02-28,17.15834231420454,54.99975141270189,4.6055766424081295,62.063502567381626
2022-03-31,22.659406751410494,82.22129685801897,9.87326793005935,173.22956660602836
2022-04-30,36.63329288599392,84.58736815011167,2.7460598661927667,277.06544155930857
2022-05-31,27.67967478791759,41.98178165920168,11.18599787995299,26.760472933984957
2022-06-30,20.448707820667366,60.32040818818389,8.986755662399412,21.181320177966047
2022-07-31,31.028298589601732,55.98304144747959,14.179549449415358,109.76748519941559
2022-08-31,21.668615254386744,33.990969043338836,3.3032003930419442,213.93506810007824
2022-09-30,39.69674969308953,55.762774535157185,7.291845661320381,197.80406543508582
2022-10-31,20.764467270475727,35.51630966829222,3.6344403238308542,171.00969008614408
2022-11-30,37.00265293469732,47.78805919986162,5.543162137351879,131.5646116345442
2022-12-31,23.374169194401105,48.51644713599839,11.886860384846305,296.0208793483892
2023-01-31,20.00656424533259,59.469614916583524,1.482747025862286,203.1156455744721
2023-02-28,33.597782158811484,42.24833618525362,6.759988382588515,158.75826505688
2023-03-31,27.618785815979074,66.17798396349717,11.408740046613724,248.98659425986645
2023-04-30,34.4467973408334,75.27094655105911,9.97554883920843,20.99139893512769
2023-05-31,17.383870002129417,71.76808859128703,7.750841623916131,2.698617701646089
2023-06-30,36.965653442927064,71.2929127176387,10.325231463599028,103.31425217729762
2023-07-31,37.41805957533954,58.32391883038827,11.703881661819597,190.69216977165073
2023-08-31,29.599636419117914,82.0291890361602,1.700737820466261,244.4500210534151
2023-09-30,29.784785490090954,70.92991897051522,2.834491635860768,297.59076532743535
2023-10-31,15.318772545001353,33.11449296842625,11.814271862716602,200.69212325661104
2023-11-30,16.570468646351692,68.37457587276026,3.9430064675841967,257.8564669942822
2023-12-31,27.72326938270384,63.222413820318806,5.989751006887792,261.2366710838736
2019-01-31,19.14118261297577,43.50691391457619,14.284014756092658,49.24356090049924
2019-02-28,15.225933958480013,39.05386118225141,8.118587257150395,243.00280198743013
2019-03-31,29.2923183472054,32.18691277335969,10.610507283469383,201.33680147487155
2019-04-30,17.119345531090268,35.06421884352841,9.03809003383878,278.97473988136517
2019-05-31,19.62411442113723,71.9902076724054,11.17466575870807,92.204510991876
2019-06-30,24.060293647379744,82.19416281645007,8.037572677590198,23.293643212530856
2019-07-31,21.292532119151158,77.3463266635041,12.563461307902262,31.42556863953506
2019-08-31,38.5744893033327,75.55761460992498,3.3816873065019624,68.07912680406623
2019-09-30,24.658146305650053,42.82040445292388,5.770473022791485,160.22648690712154
2019-10-31,20.500622246371286,74.90788810121752,2.509841777463116,54.364458442292666
2019-11-30,23.541071704472323,70.50699664849475,2.5693092724142144,160.28899004123434
2019-12-31,16.813679702735147,46.99640897939001,8.337936759071445,51.88526623897422
2020-01-31,39.455750928195165,60.01629673744558,1.1240884760205867,209.77347798262866
2020-02-29,29.15268975085438,83.37508688201768,4.558500446079933,196.2886508881602
2020-03-31,29.510243402510334,79.1846456830387,2.3487451778472486,47.26176979469399
2020-04-30,23.242753520783438,86.89872321813725,2.1610698030459092,247.46359420254515
2020-05-31,31.52349883225537,83.67357650080493,12.08316788159216,239.02601957007482
2020-06-30,15.728008341748163,32.79945666866407,8.131092303259598,212.33814866887735
2020-07-31,31.667968990628896,89.63647454297981,3.3844551413079493,88.4088189211852
2020-08-31,37.249182426833556,70.8489905675445,4.700438560251211,13.447314999169047
2020-09-30,15.29059828327967,59.27741139507113,1.5070783692396181,263.1477365271155
2020-10-31,34.18267323829593,65.19004725953411,2.4595926674993214,105.10478380464836
2020-11-30,38.15777269923597,83.95206406773369,7.653340668853446,181.16642415560875
2020-12-31,38.47483721958123,52.91094575646092,13.935731189194584,266.83064815898445
2021-01-31,31.113361763020063,81.0236586025313,9.975126751803927,53.453213066882164
2021-02-28,36.293366412981555,64.34584354258742,2.5173013807617606,164.83805637215002
2021-03-31,37.623731851697315,49.600729190355544,9.986754345800904,134.7559175590825
2021-04-30,37.24235882762967,39.580081241657695,7.508871819361837,99.94078119816547
2021-05-31,28.682615099762494,82.05589667021528,4.664396023563004,259.0359467624665
2021-06-30,37.36813363722585,57.04427270184827,9.007500765589098,62.51042466272073
2021-07-31,19.328545523692846,47.03071646652133,3.8165367034172752,252.19756392550477
2021-08-31,38.20569672898591,31.04166398442209,2.1506041884268754,46.10237310221139
2021-09-30,27.462200634880794,43.38410286925912,6.219143165988851,32.81471643375124
2021-10-31,31.505769728609167,44.29333985223192,13.083291697372228,270.85935309308496
2021-11-30,31.353866246248195,45.97563820718865,14.56773457235073,142.20639559605897
2021-12-31,19.204341837824767,60.856139427646056,13.737197576240817,242.9697802472474
2022-01-31,35.54051101410646,63.61220908973689,13.337974088066998,114.52566923406704
2022-02-28,38.060316139865165,40.612938299705185,11.88417306833283,146.24575642635241
2022-03-31,34.58779498817404,67.21108216872886,9.984911012904796,230.59819159462631
2022-04-30,37.01233248229529,81.73321645694001,11.579201370463705,244.5948663855604
2022-05-31,35.56261463259589,76.67490309200998,7.646837014009843,31.301159805357635
2022-06-30,39.79396905179515,80.64964670481572,10.534969639536524,59.83752674989555
2022-07-31,26.69617984122953,73.7958973272293,14.836738764153395,184.0846474512973
2022-08-31,39.064205211455324,42.79834040178081,4.964367176883115,211.95479564530157
2022-09-30,36.623782192279236,89.07421177289777,2.8461792750228554,130.12467925686857
2022-10-31,39.47562169132984,59.37378214887849,14.336412443497911,21.43739068930406
2022-11-30,38.491167329266375,50.7368765421065,2.6094219523654805,109.83637457544975
2022-12-31,30.276755050767637,64.22243241478638,11.443472457704756,73.08250712504622
2023-01-31,30.275374277450588,43.73403060790986,7.459314703289188,226.86810357649256
2023-02-28,33.43381397395471,58.032909708412845,2.3232692209904755,99.34110632144574
2023-03-31,20.644164038848896,36.37126719505444,1.0300515918939575,218.87772241527665
2023-04-30,39.21279739294377,79.34255184269679,8.242637424943112,293.6665546849564
2023-05-31,35.048117643033706,31.66551587498141,3.889283366265519,106.65897757733508
2023-06-30,23.467796170436223,46.09707083330372,11.979312613297196,84.82224335741968
2023-07-31,25.84285100694825,83.46875917416044,6.955071111665102,7.650953445796571
2023-08-31,20.813935791840596,68.15317760179902,6.293854723223577,17.53829945576577
2023-09-30,26.08066698706563,41.384864589908446,12.234605929692052,110.27217139321415
2023-10-31,18.952008648594934,88.42261242504455,3.723460380382491,240.96552042814412
2023-11-30,21.716447362149722,37.43556611575701,4.575029865451631,226.5691627962509
2023-12-31,38.35585965108183,52.38283088081878,6.756357858111317,4.510073256292635
2019-01-31,26.395295006232402,87.3709561464564,2.3051044635495144,281.28237703628093
2019-02-28,29.743078859593236,71.83334267708989,4.5421199652162105,104.14885527667279
2019-03-31,31.574135291157795,74.02301838035706,2.9212490002828084,68.09031592334851
2019-04-30,34.59930526411185,49.22829401993637,9.717849817376539,212.3695910384758
2019-05-31,17.190040586359807,73.19474881754184,12.613207034632307,231.34736007724618
2019-06-30,35.27831967368981,76.19535608087803,3.9894880694459864,210.14042157756202
2019-07-31,37.86158197893257,83.57916227496173,3.855358911957957,212.29660284561243
2019-08-31,24.448075030057616,78.78134338662458,13.744819536509851,94.52508553741566
2019-09-30,35.694775866475695,59.40450459444203,11.980938245354759,126.6752888924929
2019-10-31,30.64553963939269,42.76009605882964,12.25584694704618,276.86180883621785
2019-11-30,28.796060105214856,66.6605339360993,7.208324566350989,141.52885760731826
2019-12-31,23.148824663828947,37.68801609980903,7.157904351206611,108.68637913474443
2020-01-31,34.158277606346765,51.89636384419504,9.198700061806603,62.81907716688645
2020-02-29,26.892581406273607,64.59430365106488,1.4861016578435284,271.1083696170988
2020-03-31,39.99116792161793,62.43655542002928,12.964170639165905,16.834730952345723
2020-04-30,31.94000351232747,43.14026797980004,1.003788056145717,100.10642796340483
2020-05-31,32.15749261354917,55.49449419385476,7.911210894229308,76.74102422977187
2020-06-30,36.22840171135807,84.74668751691966,12.40179598519823,271.33008926117077
2020-07-31,25.735346262436583,63.44613357229515,5.159763057587869,22.060809629817758
2020-08-31,18.388480634447525,75.89076107167483,6.40697556538575,267.9031052821158
2020-09-30,25.8735771167485,47.43698596796761,14.846114803440441,265.01126525014473
2020-10-31,18.460059913368628,51.529962386018845,7.67425897849761,241.5580690777816
2020-11-30,30.809444590767527,41.320971882532675,10.532415506140733,50.1896352572933
2020-12-31,31.95890394424454,72.25569462405193,1.7445956447581639,84.73429239962417
2021-01-31,28.26248093025658,44.49751089682211,6.368536724005826,206.62866344911475
2021-02-28,21.777557476775737,71.86256863833898,6.4204458100456145,109.33129886390748
2021-03-31,17.573569097298382,52.80827465758847,13.16487148765232,83.48190754277067
2021-04-30,32.0876182943293,60.66145230432039,6.128492290034853,99.01702738699507
2021-05-31,17.823190695335974,49.6279412983378,4.380393994484412,253.03228630670762
2021-06-30,23.34272153568587,46.69387124619722,5.754305850819787,225.25752057056258
2021-07-31,18.910386578070483,32.07411395025269,5.820629623028013,166.33447586893305
2021-08-31,27.177909205454256,89.7157760142644,6.105420750146806,79.52979848004225
2021-09-30,28.85409906357059,47.697943014275964,7.449969838145364,20.01110153200134
2021-10-31,39.22694106978352,80.68521519503801,5.855037155793331,193.74331810988886
2021-11-30,37.12289490089341,42.09497940234844,14.106585452875558,24.91382364227902
2021-12-31,26.733732456882112,62.34347967359898,2.3850701285363085,104.87642623954851
2022-01-31,35.026545162991425,51.46885337675416,14.612009518839322,223.47928407669372
2022-02-28,23.392814620321435,72.53312094367692,12.188510485500087,167.4196408853449
2022-03-31,16.10315586559031,52.89658025495491,3.2230850338888195,117.89473932411633
2022-04-30,26.42687471489086,77.79164834535402,1.8247758682170014,143.71168549872795
2022-05-31,31.139828172006755,49.58039062226912,1.2323646650021125,268.1509880997327
2022-06-30,25.543960976917184,69.67337194266435,3.206505240164224,118.09772576085894
2022-07-31,19.21120451137408,56.21359765447871,3.5973471181615526,245.4353027898447
2022-08-31,17.605454254311958,53.09156436399064,1.8011499598800005,193.49391883819956
2022-09-30,31.252203152217117,68.48426992804558,14.366108846100369,79.27929360630836
2022-10-31,22.079181102472102,54.15604531228546,13.322653599294014,257.5917409925455
2022-11-30,35.82568849420737,59.700363700910046,8.631164460694205,62.50620217852574
2022-12-31,39.99668001257187,68.89430592283458,5.436397740297398,286.9143471696997
2023-01-31,21.4286254866839,56.988870385319075,4.768588191331381,134.184475446779
2023-02-28,19.588931388364344,66.36167936909737,11.528314007157636,266.98649665122235
2023-03-31,32.94085991060625,44.177151633275386,3.29690996055392,190.34222301035942
2023-04-30,17.672383089917293,61.05231096442479,3.641113054203452,298.2706983919958
2023-05-31,38.29419501539559,68.18994518450876,12.382683247971345,137.63075906838552
2023-06-30,27.580114637088077,61.566589584412064,9.514182140177667,180.8492990936433
2023-07-31,29.957283882407566,47.80784661391249,3.956095701132665,87.3119303224438
2023-08-31,39.72090963200813,86.37359388732095,3.560963429658493,181.61875979789247
2023-09-30,39.111083057117625,39.570000091379086,9.863146595874223,22.742062467774126
2023-10-31,39.763356053344545,67.27913574763099,4.759488633934943,128.88752533299072
2023-11-30,28.004137454577613,36.17030414239814,4.335382364382729,145.38588795154874
2023-12-31,26.164112903693244,44.27404294920635,11.14119771454548,31.998304216771633
2019-01-31,29.204255231506636,59.695615972600066,14.013816521945317,225.7011564329835
2019-02-28,27.87303825863684,55.40729303318284,3.0695623761930544,125.57737024204113
2019-03-31,39.385065875742114,85.34466037028278,11.528399637440403,129.02168162058317
2019-04-30,16.123951520364315,37.70950359198543,5.773340450065633,286.9662688811218
2019-05-31,25.624377341623294,53.9616317468147,8.31255346767681,199.38169450264803
2019-06-30,35.97740040296175,62.850859220808466,3.763535428103944,213.67117712820095
2019-07-31,35.809093162629296,68.81984308562676,12.080502508060555,123.83251044427928
2019-08-31,37.29394914754281,58.53981277730026,1.2083609913813125,177.6211588821549
2019-09-30,33.11674251473147,60.06823208084141,10.769842919750216,284.2265119933684
2019-10-31,26.978334902865747,55.50888922933598,6.955102795646733,78.53022295985575
2019-11-30,20.770666817805353,51.05018931364882,6.649038450898686,25.70427204470349
2019-12-31,34.32793669431385,38.90133116566686,12.941749813788535,121.09140942577777
2020-01-31,37.279777490935786,33.78699287025801,9.780528243858548,131.98851371707602
2020-02-29,35.7084041395999,64.73037063705138,7.787798037308258,202.74384223927518
2020-03-31,22.555651748958592,86.72145939438593,13.5950906271737,9.605009218772354
2020-04-30,29.204834757590156,74.06778057635704,4.5164115836365095,102.74250271389184
2020-05-31,31.743737503506047,84.14998363004776,5.970967850140061,295.46738447265557
2020-06-30,20.78134413313903,72.08993961584355,12.88543573847688,233.0071461173412
2020-07-31,34.84655865563852,48.51289348409841,8.014695092441062,127.13453264116782
2020-08-31,36.93272701627969,83.44383602994205,10.552993534945355,172.17419044563616
2020-09-30,33.91175826299991,62.6685412438507,12.116587069654905,196.39810019474635
2020-10-31,35.81455556994451,85.03429681002089,8.80604672485817,236.4851476978916
2020-11-30,15.647781568466474,82.42168263571315,3.2395510233979996,295.95613205309763
2020-12-31,29.705120562965316,76.80006216294352,1.9414226259606444,124.03750225205432
2021-01-31,32.87717847043663,48.753240992713216,12.862117880042073,294.33086438297676
2021-02-28,27.86386145869259,68.19454325994421,4.404747321405896,50.435583176658106
2021-03-31,26.77584800872649,44.75841135403455,14.742026396286155,115.20085857655886
2021-04-30,34.45927255698099,71.91530928614839,5.7893155625593575,42.33182057769277
2021-05-31,32.8099351874027,40.4610945487739,10.93134362768144,298.15538757095163
2021-06-30,35.77709299674791,88.57113553914704,6.731591158239136,105.9183593874648
2021-07-31,30.37185724245839,67.40767684486362,9.022081098413395,65.72192971161026
2021-08-31,38.98156795475339,84.5109557040015,12.42508122135142,96.94536847722522
2021-09-30,38.07557065428216,36.82249504161682,3.4147152858462055,55.604754494358524
2021-10-31,19.895410523269145,66.02247022449555,4.1693689466889,64.19432143003917
2021-11-30,39.45511209944071,31.356352559526936,9.851901470404782,153.3498828376034
2021-12-31,15.207279101124305,81.56665759564471,14.782471862668308,39.83965563503826
2022-01-31,27.158484475764737,34.27255996575874,7.479720676407303,144.07425021492216
2022-02-28,25.932860381660245,62.47744012872064,5.799514602778478,77.56104691213041
2022-03-31,36.66339655939031,30.762984398705534,4.026450466947981,215.95339354413093
2022-04-30,15.992855936517842,58.401457871370184,6.116742303478166,47.77899125769901
2022-05-31,15.10947443328638,76.60083674718388,12.832625391597746,198.63987849105544
2022-06-30,29.654949408955474,86.36114224585052,8.15836747628516,58.43490819348344
2022-07-31,25.24525127320145,84.52111659025206,14.20421883004733,260.54680070792847
2022-08-31,22.98855780380097,48.60096666839602,5.895421261392919,239.99688118327416
2022-09-30,32.43296666077134,41.927033006535254,3.5575798133944043,211.25764238793465
2022-10-31,38.63988887671331,48.83238543538049,9.179323766262538,132.02788598533164
2022-11-30,20.708455576390055,70.89492820531979,1.5113284437035555,59.879165098309585
2022-12-31,17.13447478071798,57.806859203518556,3.107848291924513,237.106645362438
2023-01-31,23.575942148789977,84.26476257073975,14.131016549667578,17.28114899789369
2023-02-28,34.196575708040484,36.371280817373645,1.5981734790320072,184.71477453233928
2023-03-31,19.566236627291882,66.72866991401199,10.83729488623521,269.94833507996566
2023-04-30,24.859889612039236,55.505544034844974,6.006729272842412,86.91949022762128
2023-05-31,35.7662819656437,75.74147721401101,5.25867698326646,26.32233566216131
2023-06-30,24.275548806195623,55.03003548559438,3.293290990026696,47.89203956252462
2023-07-31,32.91895657867836,48.717194316263075,10.482779635335312,278.03117043967245
2023-08-31,17.538815319309112,36.39763080877649,6.062522848863011,143.15579853421272
2023-09-30,37.609961345561054,40.471736854962295,8.34308269007491,45.06184775117027
2023-10-31,23.69645172148089,63.07253931752963,2.941741428311328,266.53262983354034
2023-11-30,27.186632634931033,35.779932874795136,13.398414196897747,268.97000795345224
2023-12-31,15.402629541270983,39.622730591450036,11.121597607836874,290.95389056953695
2019-01-31,15.194492399419158,48.50019087040337,1.6860575595462992,187.25394492634794
2019-02-28,33.97932855291609,72.54487816396701,3.1200593270494204,198.19968613208107
2019-03-31,36.981564115037365,52.542096880995096,10.651671712210689,184.15521153535553
2019-04-30,27.429246042640877,68.33217798066798,6.124772482326699,43.614258416089314
2019-05-31,37.642605359864554,76.84894084100515,13.57173854724075,284.477590780392
2019-06-30,27.764522680266907,80.72461700144441,6.593145834677202,167.37300271389182
2019-07-31,21.4405546591166,50.18934628587379,13.068881812805694,243.15376134617793
2019-08-31,16.042967621932267,53.10952196052723,2.232712533629228,114.97420949608427
2019-09-30,33.23942463741335,69.03643395663937,10.341982812092631,126.07912403052781
2019-10-31,25.249671418978075,43.536243594083544,5.26451611036742,171.95650968238925
2019-11-30,29.18928984945247,86.30960157749121,7.335587165097139,190.1839404486436
2019-12-31,23.609684990513557,55.067394311844886,13.091525825644794,59.46280665239557
2020-01-31,30.61783005567118,81.79316876112672,2.970990786150337,106.42252710443081
2020-02-29,33.214132222851,73.51824592877203,13.46250626045542,15.14012675179066
2020-03-31,35.45411131168028,38.716185743043326,14.250493134273711,252.96723457396226
2020-04-30,27.77854099971161,38.12764515114135,1.868474217090928,163.1695279932743
2020-05-31,27.77788731502026,51.85178766436616,1.9634808491082505,6.68508457077428
2020-06-30,20.01687024421451,53.45689791040693,9.443635422538193,234.82395013600583
2020-07-31,21.232335309399453,60.41147904229503,2.16256314745576,185.15413800927456
2020-08-31,22.94039197018298,40.82759193586509,14.656302940564633,76.84004060051384
2020-09-30,26.464843228341294,82.0867535418419,12.155716880053758,207.48450123869304
2020-10-31,31.837241431342644,78.3174702470354,8.888044485579906,295.2435759048297
2020-11-30,19.7758534099682,87.20350372091303,9.782958269207233,214.8645630185024
2020-12-31,25.822998252635124,89.1237855755929,10.639053096236156,286.14383238466723
2021-01-31,35.546023343095754,44.509382397845826,2.0216589443952806,205.50019021782478
2021-02-28,39.13883415573608,68.18292911302797,6.106787498851166,66.32468012419638
2021-03-31,27.73585768754687,35.8466030666279,10.888834342461605,93.26691758939006
2021-04-30,31.6548768806247,81.15200150666126,8.005593730632096,167.29461148535515
2021-05-31,34.27401303232138,49.41875952880264,6.170267699563249,266.46865325817834
2021-06-30,25.369498345764462,67.0612058744305,10.484613802768727,35.09432286017735
2021-07-31,24.312941810665198,81.09322788281283,7.37379273015848,170.72897630300204
2021-08-31,15.755200587309822,65.59778546799478,10.976752834729268,60.20182434062716
2021-09-30,23.66821378072649,82.07309210389823,7.851404164767669,127.88268994257629
2021-10-31,25.952787665910368,47.251869346947004,2.3622462234889947,183.39663802528926
2021-11-30,27.81933309238027,50.19397200545844,7.780546906603122,30.21684392621352
2021-12-31,30.34586481635558,85.38740390095546,7.80193889667397,294.6905195483679
2022-01-31,21.535814203181104,65.42536010604304,2.615641467167456,167.43741029256915
2022-02-28,22.722637836494318,78.83905953931462,3.8244370587520766,129.08590221203556
2022-03-31,20.667038766268497,78.47750035423255,2.7679695050827227,227.44650455723928
2022-04-30,39.620339936199684,82.8871243627941,12.159834057742785,214.5744796924902
2022-05-31,30.35736141610966,66.39338775363814,2.7393623718611,64.74273219516728
2022-06-30,25.11148744368516,48.231137050522996,12.504624339541158,270.2888199329527
2022-07-31,34.41829538218032,60.65431692993373,6.271704482614563,99.94553279152721
2022-08-31,35.28103544747793,82.61795353775614,14.30580048605847,257.035821978548
2022-09-30,30.136090593745124,71.63013044088827,12.678746298907528,45.558936109590974
2022-10-31,38.52256517820942,47.4618324690783,7.916797918680451,183.61338780275725
2022-11-30,21.557925801573703,76.50085554999134,10.997371529463202,189.15026178760414
2022-12-31,32.818500909699296,37.56343304859056,3.684961952372925,118.12901783946138
2023-01-31,39.14333695374708,78.03035791047739,9.302242529150613,224.7340610927452
2023-02-28,27.031486564945137,55.6592441537035,9.722137274901554,7.319857087678782
2023-03-31,18.528591203350057,57.781108848845456,13.820983723601223,279.72392194021927
2023-04-30,19.539205402518437,40.18335422267109,4.72863889701526,16.283108828428627
2023-05-31,33.973306099560126,46.43649137400547,1.9282872347388236,268.3709527966316
2023-06-30,39.77743389435898,61.93741525337013,8.46093667597371,292.3248412115292
2023-07-31,38.86895710698987,39.65907936757285,9.0760644186316,82.3355759217242
2023-08-31,36.946313749400076,50.947768356257036,10.613804537103933,148.05832475916057
2023-09-30,38.61476075059396,55.47552652855578,4.3617499529350425,115.3494001839352
2023-10-31,36.86285161192531,76.29012093639896,9.220550015690197,91.97985605453395
2023-11-30,33.823177193753224,30.644651086462666,9.575925909587024,213.0382416340064
2023-12-31,25.82966546135024,69.91800618457513,4.507771693499996,40.3690125840625
2019-01-31,36.377273225734335,84.72780982888952,14.939473732296912,185.6592720647335
2019-02-28,32.8386436310033,81.56420436220866,3.354912218108641,296.754503913884
2019-03-31,15.229727458233302,89.67736380080862,4.073156065998882,249.67342215702016
2019-04-30,22.395666149299796,35.877552495810534,6.641266235900212,236.74945417235173
2019-05-31,16.51650759775851,38.11832803009118,13.966941110794828,37.534011647246224
2019-06-30,25.617394717519062,43.131219824163246,13.986180371768487,278.33961677215524
2019-07-31,22.23901550325833,36.13009569556652,1.7460110055507259,261.67756367033553
2019-08-31,22.273174266709457,45.891323450368006,3.665519135490956,64.55979716971979
2019-09-30,16.582513297887253,78.45545899738916,5.094531833810625,81.0506005461536
2019-10-31,18.55483614480128,60.04447410178419,9.172836085639302,77.5037291865898
2019-11-30,24.4814655823563,42.61469554889109,8.2595993463568,148.54936037177833
2019-12-31,29.475829558314103,78.8044148392998,12.878377829319847,289.1186232731479
2020-01-31,36.8830358779024,65.3878863280659,11.022918586231237,193.71220987386943
2020-02-29,15.313475178279527,61.449653900672935,11.259707079418227,83.9145398610599
2020-03-31,24.018942577816468,38.4211608003301,3.3325866599290737,238.73346931401917
2020-04-30,16.27987757830344,46.426666116109715,3.426103090283423,251.61506941113814
2020-05-31,16.62390047412049,83.49622433978206,6.861579608068628,54.33435253860445
2020-06-30,35.332862400798284,73.94477246936378,8.66542567113227,198.33266467813309
2020-07-31,31.685258503488203,56.714540825442356,13.870596461753685,15.651960480291615
2020-08-31,22.599272119114374,88.8755076735189,13.878852029848057,262.8860061625387
2020-09-30,39.31511142667294,43.511786373803105,1.8337951645453074,16.51768133469469
2020-10-31,39.015339386325294,80.17591432988573,7.453624547349858,252.0392941799601
2020-11-30,32.03221088492799,53.5529271994168,14.28674297257265,213.7270957195432
2020-12-31,23.896267570708964,74.2178122321681,13.758508460056724,253.09541823794194
2021-01-31,35.90283412354444,77.75790700349128,2.6945233465627636,199.92450326080822
2021-02-28,37.92379731053532,43.44128319573127,7.1742298421920365,193.07946353693532
2021-03-31,26.060249933336763,77.46792973891345,7.020518638794274,207.42717462192005
2021-04-30,31.733277816746853,36.633394202808496,8.937989292322147,230.6726106424188
2021-05-31,38.26970527931184,80.96470931612342,12.119885669654874,85.83717272650291
2021-06-30,32.68663667921713,45.53137328751891,8.169083298257128,226.628587110503
2021-07-31,28.902702128446037,66.61479468137419,1.319475918095655,286.70215805424
2021-08-31,30.365218840221843,76.00295009718346,1.3878763341677296,155.42481199335515
2021-09-30,20.548423389637033,78.84743172077559,6.092365134135898,181.36708090755022
2021-10-31,27.781905566893325,35.3653789289262,7.963243412878873,13.47530151698576
2021-11-30,19.008803102844432,84.08671888374977,2.0407320071001713,263.6276366447729
2021-12-31,32.18191599915194,70.3150456078908,9.106374928007371,0.3049079610795813
2022-01-31,15.608774555326782,52.1406000197922,1.7646622286324427,134.98547591326886
2022-02-28,23.533046783929173,64.09377440502942,1.1540350925780731,183.4913960127174
2022-03-31,32.38467216199943,69.63080299714625,13.169038759917797,99.71133098613092
2022-04-30,36.78554202021354,46.92175266800637,11.885757492994706,265.72159632628666
2022-05-31,24.96822455269163,72.00112118965214,8.049258122512953,169.57896293054648
2022-06-30,30.875225612281504,71.27410293436876,7.550247722593978,131.06761546998462
2022-07-31,22.73856416416978,40.91556197450334,10.737544662669116,277.85781293262465
2022-08-31,26.979491962490762,43.75820248467908,12.267681104505463,243.58226048641308
2022-09-30,34.05049707125738,49.56250692280357,9.763462832120823,55.61739285717178
2022-10-31,30.205242246083102,83.40069683927034,8.018974924790628,83.34548761525849
2022-11-30,23.55724465878094,44.17088251994247,8.264558088657385,207.52516252463715
2022-12-31,16.295226847758972,47.02852224277157,12.980844586350797,236.8994410128959
2023-01-31,21.392781109224117,88.72694975252321,6.0990679856767915,288.00329171454956
2023-02-28,17.63138094815613,52.84318392683659,1.065036784785936,64.66009596479755
2023-03-31,21.894109957784472,85.69162392668882,4.852003869882543,112.00107836067077
2023-04-30,29.824654452238285,55.52176233907923,8.383902071435024,266.44668242367993
2023-05-31,19.272157037953658,31.541864930766152,3.7562194687526356,272.4307208682095
2023-06-30,15.835542372501244,35.743172988113166,5.335073451984709,233.43016005957486
2023-07-31,28.93238091021744,59.47493850854987,11.529497360858056,125.11609990415137
2023-08-31,34.73788275348055,83.75084973404546,1.9902513378445847,103.29275436489448
2023-09-30,25.86741418587084,71.45990849648115,4.33096917118513,51.98498539593771
2023-10-31,15.875781014624929,87.91518657298224,11.384083626643985,195.95681105687876
2023-11-30,32.043999254062435,85.54886892390374,14.697652677743616,218.90820809200514
2023-12-31,35.395138847696,88.66982138724504,14.310310999947754,126.84836957186066
2019-01-31,18.8304480838055,75.75602557863394,12.04089067048679,41.061336253306344
2019-02-28,18.28091055932829,79.83739890716265,2.7148590336709777,52.958239620885585
2019-03-31,28.34831763663982,36.54698370475847,3.420377934779272,72.65630571662491
2019-04-30,33.8829460774828,61.75279381065207,8.292531958625776,26.260439816609637
2019-05-31,15.460970458855689,87.06712296565453,8.934895221554463,218.2722929569997
2019-06-30,20.99102819772933,48.84946255812281,9.44766580498831,75.20904420015111
2019-07-31,38.92892564846481,60.26250504561324,11.273746310593495,210.61959281245586
2019-08-31,21.17987281899081,69.58050152466414,2.4484140525430957,67.91815765014204
2019-09-30,27.84217593107128,71.36477352710861,6.524054167432197,157.34189547801864
2019-10-31,30.121832577072386,44.78228663520879,13.548320531755795,22.535939874970467
2019-11-30,20.29030175492003,47.66722369850221,13.414045067606004,53.987888503495405
2019-12-31,37.18228522696413,38.72959249853263,3.1802117262187988,200.6914471046833
2020-01-31,32.81904558147395,54.381158690063685,10.780602103560662,285.0033352991161
2020-02-29,39.18932372791698,73.94343825664686,4.543204769739505,210.58947824738286
2020-03-31,31.93441817814286,48.17312290428244,3.3339230304923015,209.64145021228236
2020-04-30,26.24274954495507,35.43277183025315,6.164686260828732,230.49098897085085
2020-05-31,27.93681449439521,59.22160437517949,6.98178460967565,215.65044060050138
2020-06-30,27.48602894968957,82.47835334717476,14.063532234438663,110.7015370875251
2020-07-31,31.26188631114271,82.0276393129592,13.476828212776566,206.56572606021126
2020-08-31,29.238858984333785,62.44640852406427,14.063739993223379,37.97951879776289
2020-09-30,34.90522896012902,61.19287040979716,14.776027452013421,285.9293184958894
2020-10-31,21.39217557263676,67.31809597747403,8.163113248005804,248.52679007779386
2020-11-30,18.960880228886545,89.41763274575567,5.108504654077803,245.94080162421938
2020-12-31,34.368389867803785,49.484273276627476,2.7418047008239017,110.71669494261413
2021-01-31,35.70829624096779,57.868390021090036,2.3973827576076356,288.5605387147716
2021-02-28,37.410162208548115,47.848719501988334,14.350644184804668,59.390535729424045
2021-03-31,31.926870679646537,59.61363114464258,1.611702415722987,34.260128551296965
2021-04-30,22.277941192874056,65.41334580795662,7.494456481202474,30.51679206013962
2021-05-31,25.71299447558065,62.73604400179164,4.389075167112655,38.50663343471561
2021-06-30,32.12432977292528,68.64826436627686,6.759348968704807,26.578986268304416
2021-07-31,33.470946010670644,61.66260904219044,13.428088703385448,6.839377893784738
2021-08-31,32.704230578325166,65.66459297390486,13.942897340861213,270.0270679696377
2021-09-30,39.11339944221493,59.22838167064725,6.67892516048363,278.1237377334888
2021-10-31,28.796884332709126,68.31233991989623,3.962054098822656,287.89039939026213
2021-11-30,34.51798811547508,42.09946698123083,2.4223487598564275,258.29789372858903
2021-12-31,32.11343436612063,40.972044657934944,8.393850023975633,69.51544686586779
2022-01-31,36.39848286093587,87.763501296512,3.182163982312421,235.84798627778915
2022-02-28,22.02523917604938,81.05278476500808,14.365212587628763,5.585284142345637
2022-03-31,29.282735134699777,61.66638586429097,7.362047335575449,273.1118866710108
2022-04-30,39.315152039043966,33.690033761062836,4.072716742069212,126.76822747476434
2022-05-31,15.337646072296389,30.14273171156277,9.635887678725352,97.58565326275533
2022-06-30,26.626653774137402,72.39150106571836,11.28586425101305,127.42939834515877
2022-07-31,38.27661312525706,58.98803713246585,4.012501517408426,269.1147111749336
2022-08-31,20.151890759557602,85.23827509889644,3.8969777234146186,189.38302266172067
2022-09-30,16.2456205256443,87.1958288414788,5.580196424801413,278.8231190210724
2022-10-31,17.184250321158558,70.79211607383031,3.8040539693783417,192.92386211206477
2022-11-30,16.661834613515857,51.08874581047894,6.263922038281095,90.33695312551093
2022-12-31,21.70566507087191,49.03342402625763,4.007917049796398,73.65296181961338
2023-01-31,15.984471100505624,77.41817126907563,1.61096457818484,261.68178537181734
2023-02-28,15.884173433172528,76.93039156349757,11.355119172070257,6.085258491457068
2023-03-31,32.072996417923854,79.45552688248416,12.816866285312264,212.25819825786664
2023-04-30,25.34383792107539,31.384793594556125,11.068799101392285,75.53455764463718
2023-05-31,32.5902985159218,50.723928472140685,13.225576848294201,282.0584326421078
2023-06-30,29.646290149597945,40.7842348862076,6.636728822607051,95.75113248588485
2023-07-31,26.044317549500004,57.70008030144399,1.4099136126153917,47.971821414039404
2023-08-31,37.93747241434863,38.35780186599733,2.7975925879581824,233.8556639008992
2023-09-30,19.277843044394004,79.51628197546015,5.858098687840797,280.8845060725393
2023-10-31,31.84628721358666,81.08460676249693,2.984867509460193,70.16430084854926
2023-11-30,20.429301460159152,74.38677843384312,2.0164202262738113,165.29855475677988
2023-12-31,39.96569122578348,50.51642856121724,13.704929361788167,137.83393324075476
2019-01-31,27.913612419614125,75.40484980301783,3.99514361209458,193.48989689846528
2019-02-28,38.83423949116679,82.31231884042147,13.66957661817696,113.03381770402578
2019-03-31,35.10433687231991,78.6082155907036,8.35370487688348,242.23951525562256
2019-04-30,39.907698469465956,45.730459894529744,10.835235001827446,286.08486835860043
2019-05-31,31.576115678545936,39.5092076176995,5.852219755615758,298.7904066596511
2019-06-30,30.34698152618524,78.1151471870542,8.035374124205317,45.18791355744509
2019-07-31,24.84888053477291,83.61449661662387,5.41613225447489,4.775263395628482
2019-08-31,24.982548577834272,42.928357545400154,14.98279262522333,17.42251950713384
2019-09-30,29.431729747663443,74.9322888421464,8.609199836028388,97.96208666814637
2019-10-31,32.70287108554685,50.93323749931814,8.405507922926311,280.70965358963883
2019-11-30,37.98531779407942,35.240622789442796,8.806293708752506,272.5344151610324
2019-12-31,24.788451086546374,55.77160059417872,13.227488987605962,61.55495064111977
2020-01-31,34.516227047383104,56.12337899643004,9.61843387039669,256.41283306069806
2020-02-29,31.37895012743783,85.60316536813991,9.586566813909775,250.8349251578195
2020-03-31,36.70239366909838,87.90706783132367,5.205559665405764,163.25134701977987
2020-04-30,25.81205928425603,41.724031435538905,1.5400211406070545,10.404816122594685
2020-05-31,27.90500324114037,50.523275257900835,11.360553102730133,296.3010808190586
2020-06-30,38.592363017930865,39.901512822378855,2.988107346212226,29.19115811834141
2020-07-31,15.740328106124426,43.11022214547964,5.139539830106701,136.79001817995967
2020-08-31,23.341414869658784,75.04504596633765,14.554557885085593,273.6485844596573
2020-09-30,27.868373470885892,76.00527254021006,4.2791611377297585,276.0393569660145
2020-10-31,16.619547360902892,39.30445525678313,6.309539616636143,194.8510716288025
2020-11-30,19.05698653515442,37.700333612667784,4.9172021707491025,244.8808844948863
2020-12-31,19.008773372518487,51.088885479625574,12.123947273693744,205.2897389023983
2021-01-31,19.79318803399986,64.5534333958916,7.349807358769944,55.36644098890973
2021-02-28,20.493500654523707,68.87618439992858,1.4531286570132071,257.1739042175279
2021-03-31,23.527396733043382,78.53656413816816,9.793077882963177,121.58940517997362
2021-04-30,15.889693538239278,33.719510262061576,11.008496748969673,220.63368379125595
2021-05-31,28.919259294136232,36.054925163427306,10.71401269828457,150.31833939206112
2021-06-30,38.925152616776614,65.68846220474542,7.058961890645741,104.04762224586807
2021-07-31,29.540479533117242,83.07781764621103,8.335579852295108,21.44401922415613
2021-08-31,28.12879822475355,69.73601857085433,11.430725662495608,90.0623894610441
2021-09-30,39.21079101558757,33.36988967511914,13.851029507917008,125.7547918792154
2021-10-31,36.549487880163426,71.89335750512925,6.083163134093011,248.15769128910324
2021-11-30,30.64595281009601,59.70139700475252,7.6271846218978565,18.047459286633615
2021-12-31,28.746361882967186,75.83432205980372,5.443117309024011,263.0684367313297
2022-01-31,39.51507887842374,78.06803325703922,1.418898961460833,35.11285706245925
2022-02-28,32.46521836927538,63.15334747476136,12.827598064420723,11.068390816296226
2022-03-31,16.17660637329272,37.375750102572205,10.454875359321996,25.823594355857537
2022-04-30,36.00456406553914,74.000046684804,8.456038962106174,97.92609500184324
2022-05-31,28.403722333666103,51.19200459707244,1.3213897721637256,182.6088313067797
2022-06-30,34.50115989515796,57.19749242755451,6.273736858978977,281.84192576691083
2022-07-31,29.658987092939228,38.4315322166911,6.218065012589555,23.64592150726509
2022-08-31,21.915187077447072,49.675384564533104,8.690739395919739,78.5904917916169
2022-09-30,28.015005154027868,38.90165197886226,11.550624638823567,119.26977797999857
2022-10-31,36.65710445525495,33.81641949460833,12.096701458208805,272.064328505143
2022-11-30,34.62066416406566,31.109714134641038,3.9722605489727623,11.201683852528177
2022-12-31,36.70605701964368,84.46766804625011,8.481958830571873,197.41958386094453
2023-01-31,34.78678666251311,86.48575511334069,4.475906712442942,285.629878852743
2023-02-28,20.79831269546701,40.784975564956,3.225033255637391,136.4865594205587
2023-03-31,30.584110742368026,54.76855476293485,7.109792305911871,195.47170400911946
2023-04-30,19.138203963656203,58.24395268953316,4.486463503983911,279.06425320668234
2023-05-31,39.20447551774534,33.177748789646294,4.962760308350866,44.07512421463382
2023-06-30,28.03569012147522,88.32536722849429,13.571371299815302,284.0525006353593
2023-07-31,29.582953770909356,48.098671260559016,5.866933255588778,293.3872169458229
2023-08-31,30.078257081710134,40.39947856878024,8.116449331186296,209.39609400386115
2023-09-30,38.390570330715335,73.8218265431444,6.224218811858154,153.2081951565765
2023-10-31,21.62683833922127,64.18011003674866,10.94393271354333,200.51251812427427
2023-11-30,24.905891790457055,85.52726915137723,6.37602410687492,34.2050175643552
2023-12-31,23.179524656315678,53.3173374100625,6.038429301228948,188.11490722172474
2019-01-31,27.721040252416948,30.07526906479985,5.12548156334291,33.25234841752525
2019-02-28,22.06746067451756,82.24647975845434,10.612276992410315,111.55739058203244
2019-03-31,32.62740815968401,89.8893659975088,5.467379671250425,21.806084085767452
2019-04-30,39.06731315316836,53.80723586069801,13.522355270215192,258.5478132789559
2019-05-31,19.439891031220583,52.681617518428425,3.0462645198208365,125.77017004282303
2019-06-30,21.725564259010397,45.078687987334504,5.56367329537921,35.469956420982726
2019-07-31,29.24503055676108,32.10313304488989,4.48252697170507,201.73762704770795
2019-08-31,23.39814531586643,76.50028583913445,11.480672400205721,14.932731446187319
2019-09-30,32.6961765147756,60.90165227859562,8.723736969352576,58.46849378188262
2019-10-31,28.212968783641998,68.38261080109561,1.2446653229313847,54.37447255060645
2019-11-30,31.060744244790197,54.07165647007938,11.959610068825757,20.424225123363826
2019-12-31,24.155849528540713,37.33812125025312,2.298103908941241,5.168252524116168
2020-01-31,15.494425201632515,48.228276634952934,2.4766828772229053,269.51438745434524
2020-02-29,30.94846813580781,40.593878637714596,8.753798104599584,264.67929355179956
2020-03-31,15.375545180194528,89.59065933882997,11.597789618081768,73.04668094249288
2020-04-30,30.33205577791548,69.42316370682991,2.445574194501023,193.53318362810631
2020-05-31,19.404714156628966,38.60962614909501,4.552068873917422,115.75969776375568
2020-06-30,33.97479693688465,41.94507356807502,10.978800297400095,167.2183504658763
2020-07-31,18.23188156925634,74.9387896976299,4.094543413894988,285.35643612100165
2020-08-31,27.96323622257912,89.84496307636317,2.463218382110555,211.5057268362413
2020-09-30,17.00621208246691,80.09651199008444,6.347377528162689,4.656612123655924
2020-10-31,26.55410581385126,63.20125483965343,12.723383772576096,283.7442671932821
2020-11-30,15.953646112475168,59.87284353623746,7.1605632556394205,225.23883903255117
2020-12-31,39.250841497780414,81.91181048160871,5.84910961856416,16.571083198480984
2021-01-31,26.343571927161705,45.015467145473465,1.884958568676551,36.3400258227982
2021-02-28,28.60385826456785,39.00781037167708,1.7554850074174093,76.76304650777915
2021-03-31,20.958641980965144,56.974699454357086,6.702989120648849,171.1517016778267
2021-04-30,37.64745176461146,68.19237264506178,12.760179805514491,103.3878325585719
2021-05-31,16.988084367237935,39.5138732222422,2.5978247869407416,214.45460124584636
2021-06-30,28.84239373253847,82.66682981354842,5.618038823118302,143.44836780026816
2021-07-31,33.53288136179333,60.606801678138496,3.565732513021133,174.32315816402692
2021-08-31,26.793135064220028,86.47099179784811,14.501401762615053,202.9208477685819
2021-09-30,17.28968409258509,36.008565689464575,10.496109096531812,93.45920762493193
2021-10-31,25.282526360227706,70.68835603017695,6.461449565732577,53.920964929840856
2021-11-30,16.547116118098387,58.821713609970004,11.995677298564862,174.9228062256842
2021-12-31,16.738445078857858,56.80984952366258,8.926796674734522,68.45548290726646
2022-01-31,30.542070894954765,71.97793427683547,1.2596540566231706,187.8744998189808
2022-02-28,21.13638864027066,62.86348782491334,1.1167268276577293,3.8685164087574497
2022-03-31,23.011954190609135,64.07826923765633,12.166867854825835,177.02735955914235
2022-04-30,22.005719481247645,48.09695612014154,2.4422272726655407,256.76817020145336
2022-05-31,27.690472846373346,84.41866474522939,2.436765723288697,38.83910485421179
2022-06-30,22.44504121774217,47.6344682909554,9.084523788468598,268.50905571075407
2022-07-31,38.48013407863802,79.6386927831147,8.520744456791888,191.61843945639873
2022-08-31,27.586204895304796,59.41449755584847,13.60047444339279,249.36324126017664
2022-09-30,39.33635345617575,32.01698165770158,2.8771456306564978,25.113364874406273
2022-10-31,31.201871592119552,72.45379718262687,5.477980222564538,264.24782991997387
2022-11-30,15.428463540949023,84.34331139551749,4.862589101283198,70.28023928558686
2022-12-31,31.563854422497553,36.8785088555492,6.57515231058224,47.00296114778083
2023-01-31,15.101847265951333,30.844315400408078,6.149970920838508,215.63561586293872
2023-02-28,36.85696842660573,49.3627776479031,11.849903134319517,269.2084288828461
2023-03-31,25.90688847460122,47.61250638258652,6.897421678667582,251.12584413042416
2023-04-30,22.739404522279145,60.16246059022271,14.477689084991038,18.944498631877828
2023-05-31,20.075435092579063,59.41951806807645,7.238453937752301,230.18381275841944
2023-06-30,36.04941779655376,57.8505322186873,7.84024901388363,100.02425732544249
2023-07-31,16.436219256962882,88.3943704509831,14.789967887960936,229.46797108066374
2023-08-31,38.41478561576488,54.274923114947285,6.523206139310138,289.50596145405854
2023-09-30,36.32551849441677,66.20667007345808,10.492939715897911,147.6969654666228
2023-10-31,29.119023333888524,81.825501989847,5.4075746817508605,4.581941877391382
2023-11-30,39.78937398986416,32.70779716990505,11.86983921589532,69.5877811218194
2023-12-31,33.544692126719156,53.5677583388112,4.28475129998975,255.00753735076543
2019-01-31,22.75466774322407,53.17185435354497,12.783553044429244,68.38604287427191
2019-02-28,20.98714128204344,71.05417091646859,14.926233350047465,99.00873724002307
2019-03-31,21.7109275572321,33.27721340640347,4.261255854509442,81.59566848768964
2019-04-30,16.539146885274302,80.17507242888166,10.803087102757237,118.91161358293672
2019-05-31,20.561991101441542,38.09991615702196,5.667697742823223,57.21479295809328
2019-06-30,18.541270255746195,63.69343271515833,7.4370123464159645,79.37300600770165
2019-07-31,30.1571203795947,47.02746397684248,2.508193824793916,75.64021930240857
2019-08-31,21.042057988127187,73.333357382828,12.048511097238466,72.15094978319281
2019-09-30,16.17618368400374,79.99670863760346,7.519141333464914,237.84963354922087
2019-10-31,39.756081475037476,34.5276915993372,12.715689717437165,285.0955738439358
2019-11-30,30.564364071358817,85.3318556474116,8.173482032585431,223.53896260571173
2019-12-31,37.99002191674373,71.59537149851238,2.5285393256271247,60.727443808855355
2020-01-31,20.45859838627331,89.93692903633129,14.484035775740146,256.1331867269446
2020-02-29,33.85400855981247,56.69520607958269,14.728460255850896,26.55563803173685
2020-03-31,25.018789488116205,78.21438695348238,8.219478734675526,268.01770344983515
2020-04-30,35.28606617263567,56.13516261730847,3.5936784677407596,159.5406617726178
2020-05-31,17.27828791383508,40.59377319192662,2.113365062444501,173.38772454942426
2020-06-30,26.33267202222641,64.27752696227576,3.0731545143643624,98.64677275508869
2020-07-31,36.15580763607379,32.85971085801888,5.302267092071209,98.67767425505195
2020-08-31,31.580342534970313,60.166361319890484,3.4352904691488844,202.08011859720062
2020-09-30,31.79389417636289,51.60024716655347,2.323740366134798,31.31694896552818
2020-10-31,15.693378662374569,87.523013011498,2.992504134823011,22.48305540431501
2020-11-30,26.77776279247,81.71079376139967,11.689095989351433,216.62808753708393
2020-12-31,23.578944942225903,47.52590218546723,13.351235008322838,29.48577726592201
2021-01-31,33.642858884061326,47.10089710939353,13.50100858528355,168.23084377430368
2021-02-28,35.96437814537583,50.31518832810042,9.284558833513417,78.3345250413402
2021-03-31,39.913182059466266,62.61569853020817,5.3749071305855,181.57451814318753
2021-04-30,33.31546663235351,72.44913013339632,10.572617955178574,161.5093668605546
2021-05-31,21.229070965416092,56.460545819247564,12.50031755271629,284.94736955054805
2021-06-30,34.71588431570903,39.29807310579356,3.846787540838596,185.66385752083193
2021-07-31,23.089752646246154,34.07665304107092,3.8182291455312733,45.52144516013631
2021-08-31,38.63260604774848,61.94113888075946,7.7703541970024546,108.91335761137402
2021-09-30,32.29702223427691,41.62720354230812,9.196805495117466,136.21197688592787
2021-10-31,27.092907750257275,82.72502224138573,11.280801266393066,53.70561879946645
2021-11-30,33.47522460804641,89.72966467835786,7.947980714568318,232.62285279600712
2021-12-31,27.300082783756785,30.748139051414412,3.286795608111095,289.2475047709677
2022-01-31,17.802745947539382,52.06448843030635,4.475071398901734,112.20599133574349
2022-02-28,23.287077657349066,30.467776067506854,8.4373564454153,208.92699331002288
2022-03-31,22.707882801420524,71.81582321970892,7.655311663191362,190.73976241320827
2022-04-30,25.635222685946886,62.39166094907161,2.8297811762544667,154.59530420562672
2022-05-31,20.27859532871787,47.9117549186454,12.418904756069503,295.5345948386886
2022-06-30,30.308872391468036,41.894287735149845,13.681630376279694,259.6368786167018
2022-07-31,24.81174058976761,54.105560810358,1.2580434852513411,239.6943260875825
2022-08-31,32.85580541115161,78.58474181477835,13.078760883106238,35.80559550293692
2022-09-30,25.923615984214287,38.703886314738696,11.89600220466789,144.33636970490423
2022-10-31,21.223546052880707,82.4763810608055,5.117448743144271,123.26591208555567
2022-11-30,30.065299243932465,34.60356238905521,14.804495994174507,43.17990407778753
2022-12-31,36.24700309979867,83.71802460977497,9.720060369065793,144.54960539412636
2023-01-31,17.343861920746598,72.18281020890251,11.25118173700982,19.867043838160058
2023-02-28,31.18695197402377,75.87969872795969,2.3798045027766457,262.96134255850257
2023-03-31,28.602983116046516,33.48565360139749,11.135840721733153,288.64312477373807
2023-04-30,38.07527092848039,44.83553261014471,14.204166372548093,99.41680407519894
2023-05-31,37.31332891133566,51.86385332478277,6.356405915865199,239.95894747973995
2023-06-30,31.218034191313016,67.13631378991538,4.346384280819624,215.67690016515297
2023-07-31,27.252596643290346,73.7043684796643,10.331540360755097,96.18614838033565
2023-08-31,21.267701305045488,49.75698573486504,2.697278656815042,22.182051823923953
2023-09-30,19.218139090356967,73.0630680381724,14.658644843320353,22.837542324163206
2023-10-31,23.097053606334995,80.5552518871904,11.747603346385741,135.92534568105884
2023-11-30,16.148471920656927,49.61089458535889,3.249534233148311,220.28051859760228
2023-12-31,37.86492607824578,86.8733715014539,8.007588781233531,258.45571210825983
2019-01-31,20.391166043830065,84.61354432642706,8.622305208081379,265.2560559586215
2019-02-28,20.71946289977891,32.16360531060469,4.844133813412548,188.5741190366849
2019-03-31,33.65311496683118,32.31181657660615,11.518712407662916,98.88040275284041
2019-04-30,31.412177998050232,49.99961570018512,9.421936110952394,59.319584205826935
2019-05-31,17.11224620257915,57.375606520713596,7.116228561710624,267.01298181310216
2019-06-30,38.163160900581794,85.42484422371649,14.155592209964896,150.02907576325677
2019-07-31,30.123751685500586,78.39375637274114,8.221818641269838,57.22985701375192
2019-08-31,39.811085226722696,64.8547691274239,7.852801001926681,101.53055761830134
2019-09-30,17.819196441871288,39.052123183327495,6.298102498597698,168.58444494793275
2019-10-31,33.08495722502472,76.15785737222936,8.673162712721483,237.06796078063766
2019-11-30,32.45724949635047,31.77934637827861,8.64891390714401,297.8020651799095
2019-12-31,16.883688663230377,58.8810656163654,10.02565042735246,226.1146383008968
2020-01-31,21.889032874390075,87.12021833590276,13.68601221741478,63.96805702646415
2020-02-29,36.33873247216338,30.46405374284514,4.321659321570926,16.96550287391204
2020-03-31,35.67553125628649,60.935242317984844,11.17452806814123,101.8191217839438
2020-04-30,39.05219390984883,53.8809848590012,12.399905575375698,191.62886364161153
2020-05-31,20.612044450665376,83.98732808185821,2.053738859265466,269.7467250883399
2020-06-30,16.010704133597248,70.15875703762383,11.919694542395078,32.3235189427441
2020-07-31,38.77358822710019,42.525017133468026,9.985804532313123,221.1938903629764
2020-08-31,37.67068799694445,77.25189709923993,10.783304619403017,26.199070210105567
2020-09-30,34.47960986276051,55.42097844551698,1.2355274006707548,132.04794406283148
2020-10-31,23.26086127428482,31.77702933476506,12.065704874527754,197.9635790740621
2020-11-30,37.027694791993596,67.68236757650173,12.29235437495434,260.9676222260171
2020-12-31,25.957164167954637,75.90213342513616,3.512344422010569,125.26257667978294
2021-01-31,19.121858984782182,55.93968033590933,1.1652194339311253,39.81280782823929
2021-02-28,30.82358918673175,41.331071491572104,8.798215278233329,173.78632841824222
2021-03-31,20.42717723736409,54.44260034317148,13.115544210012958,94.07029622727184
2021-04-30,24.945438086656516,41.45958429727622,5.32656892351865,99.44577982927116
2021-05-31,24.23091687211152,78.64908524140677,3.654447375543211,22.514999686675917
2021-06-30,36.23658541156301,41.514627826599906,4.632764297912058,233.01945252701233
2021-07-31,38.773900548471445,78.58642348162344,9.612082510710588,99.80354310961437
2021-08-31,34.091609551194594,77.02556323606211,1.718782029760875,149.17245064725557
2021-09-30,39.49343005851257,41.61802802932318,9.910583385284935,98.8881006511585
2021-10-31,30.86297332729506,50.36080184852904,5.451907486546713,227.68157849915062
2021-11-30,32.67462414685948,82.22275537430284,12.602035778497642,58.238046312812685
2021-12-31,35.91008839585818,37.48212199158079,10.433973003705821,88.44428621417414
2022-01-31,23.33802260976121,52.59616322003362,13.561984544414972,292.5092210196768
2022-02-28,18.361651583263036,85.80890812748017,14.620891677158522,106.33476068374426
2022-03-31,16.480279555347767,75.67899855765879,11.424254064289132,14.993381416593643
2022-04-30,22.41509131012364,84.99521294800024,12.841593877938868,79.32040430666407
2022-05-31,29.63727572965056,61.94780865559986,10.274657278158182,140.4010292176739
2022-06-30,31.594057350495202,37.20570323237341,5.033038313611854,242.93527027509901
2022-07-31,30.083397208576912,42.352500482072344,10.289892072577596,155.48778055893064
2022-08-31,30.07445571268038,74.05768270012177,9.655101807912446,132.59605210232144
2022-09-30,18.56471684331995,70.60136691658846,1.444164328154471,8.044293985404893
2022-10-31,30.704710925321912,43.631348738210015,9.704918033953893,51.39236665628049
2022-11-30,38.49378093716017,42.89074922322823,6.8164463719019945,74.91098750646049
2022-12-31,22.37102066305316,62.774555857796145,3.5226329807577725,161.1007715510694
2023-01-31,33.48004710738481,76.4346895271639,2.578452661476854,39.80095765149099
2023-02-28,37.03963378372832,42.61115212090674,8.22571693998054,10.078811420281141
2023-03-31,37.46385915464819,40.45417381015585,11.391666328627876,223.69339013093648
2023-04-30,28.01341462340169,39.19870767497676,5.497686926893243,234.42695110614054
2023-05-31,35.64751149266765,30.051627007075968,3.2644081158531426,256.20254279874655
2023-06-30,27.343624511165963,66.91667689298075,11.421682050427979,23.876749954667474
2023-07-31,28.408925441027385,31.927770559002248,5.825456726713072,229.78013748523603
2023-08-31,18.262214874082503,66.61322117216085,7.954516972304538,50.57719740986586
2023-09-30,24.736554495142805,82.67075264980062,1.2607679953442907,251.38097578288813
2023-10-31,18.493958872278263,54.62363687387946,1.0945343458322865,78.56709713299773
2023-11-30,39.375922040650764,80.80687598596376,7.342208877788248,157.49968422500223
2023-12-31,28.36803038377859,44.42534943687916,7.430092010868135,77.05381683910592
2019-01-31,36.024240990538246,81.89534126693871,10.881165491013522,52.14769574819016
2019-02-28,37.189481789738544,79.89111076277933,13.154136913829275,220.53909073990013
2019-03-31,32.05582758336567,57.19000061117585,12.262071503339033,49.29317400535468
2019-04-30,18.90938885840151,70.08182415930474,4.897244653252431,18.851794849529956
2019-05-31,15.53957446880247,54.466558993820044,8.212445132980632,202.6635966853241
2019-06-30,25.134288499966914,51.945432025583145,4.335780005326723,255.06846560864975
2019-07-31,26.85618574614488,65.0198581961649,6.851831470054975,63.22340326940602
2019-08-31,33.182436190234306,44.238939606062324,7.708803428889857,28.340919511160255
2019-09-30,36.56832407336426,66.12362843284501,3.3919578263688104,47.15320417724547
2019-10-31,20.723179175491058,76.19911817361627,13.682880017583466,102.25463557233378
2019-11-30,32.61424817360829,57.59602494617013,14.262183831414028,21.31640095440077
2019-12-31,28.633826735147117,46.538121602403436,4.492163907392401,89.82703240301629
2020-01-31,33.63894997767047,42.24982151692409,10.416147574142286,201.4437262225941
2020-02-29,35.32625905194462,75.34465289690084,10.803041124949544,202.41732342526674
2020-03-31,16.85673470021684,80.99595686203976,11.68549566782996,210.9995753944227
2020-04-30,33.390442439460216,87.63340399557426,9.759005885326113,164.44888682734177
2020-05-31,32.854824509992476,39.10553404606719,11.290149803469276,131.91910128557365
2020-06-30,27.42683068928815,33.60931610472317,1.477986342232933,66.55083026222337
2020-07-31,31.895949515409065,64.99592003389672,5.486899336163906,224.43608381871883
2020-08-31,32.510511858437646,30.343198319686934,1.0655095789677427,114.10243105735609
2020-09-30,36.03951646498093,35.498297992397916,1.376997449074976,231.9425609934003
2020-10-31,15.424211830421866,70.16298876607897,3.5342954926682904,287.65889656219986
2020-11-30,20.516425122537694,79.7963832696641,13.76467699275827,265.63650669410794
2020-12-31,26.137533993752516,81.23037905324136,11.664223846154268,265.11771960664646
2021-01-31,19.79864717493476,63.17862015573118,8.94502747307509,68.06410749258133
2021-02-28,32.510210830987845,51.30319361336949,7.397081481782852,165.53285884889408
2021-03-31,36.32427129980785,46.39400185311622,5.3575145956261006,46.0731957092687
2021-04-30,23.39274888874511,65.53821686610968,10.532273374294043,219.73106864762636
2021-05-31,21.08547686775883,64.85483968779164,14.561815445983461,237.87960104262174
2021-06-30,19.34750912911729,54.603164149846556,4.773028082052253,279.1072396964444
2021-07-31,37.264702575456624,63.69445961708803,9.30672804959934,45.010005353735096
2021-08-31,18.186400911149654,49.26490858335195,4.2409884884523565,105.65240930406125
2021-09-30,20.26973589272401,51.045306806584094,1.3221161723627397,131.97890796842873
2021-10-31,26.56582986462042,80.54801673782681,6.546021193768803,296.1431169616437
2021-11-30,24.0710843933254,77.37320827051815,4.77910321403883,184.1390418554315
2021-12-31,21.17858581633169,67.92770006463027,4.381898635644106,202.18716013747277
2022-01-31,25.546363791450474,53.06056011870534,13.455700660712276,234.07728310639422
2022-02-28,29.651214783384077,80.07806531181427,10.762917522439823,56.2550520378021
2022-03-31,34.32329386683716,34.91635530478939,10.266355399252522,255.69990321062295
2022-04-30,16.36471156504861,43.03151228337921,7.055065276493885,283.6957024118069
2022-05-31,38.8580945626536,49.954764391648446,12.395855863276772,169.71129716111955
2022-06-30,24.350341575845263,81.76478307824718,9.234366950660558,197.21897915492005
2022-07-31,31.65189431480153,60.99293852862782,4.039802233843847,277.23795208259867
2022-08-31,24.60419171014115,49.65556038118643,8.591849346174655,81.12282181960411
2022-09-30,39.249291619586856,32.48768084871713,12.973710894722705,37.56483190662727
2022-10-31,30.06359395311241,54.59203276711539,13.232905969810789,39.84454201833735
2022-11-30,28.229030692480464,36.18176802579559,1.6049507212646368,165.03047406481687
2022-12-31,21.343419697550306,63.546720303877734,9.438518998309718,127.63700941677301
2023-01-31,22.86271788070508,76.49132211319935,6.62083525213279,22.662296594852094
2023-02-28,21.796290832507943,74.74840887561385,6.426430978336371,187.77523383034472
2023-03-31,33.2668280755364,79.76998401419769,10.16775759794981,245.79123830477786
2023-04-30,30.22865836110364,49.12234769587302,9.932644863764237,29.47313268717292
2023-05-31,36.544609899024806,37.897305536538155,12.300403818869311,262.69218763927955
2023-06-30,34.84124433026308,36.14530019054233,11.91741468780338,192.31481815386002
2023-07-31,31.575914869877188,32.56376275509639,12.958262205150831,240.99391263080454
2023-08-31,32.128878346812414,44.63317240348145,1.0776665205765454,115.62184478385113
2023-09-30,30.237188113670847,46.74647493930097,2.626926570713899,94.4521186274916
2023-10-31,30.992272455504306,42.71715037181375,5.461314105137092,238.560685574509
2023-11-30,26.718404752623545,78.0013208212094,5.7002189692016465,12.885027144006656
2023-12-31,36.417607478352636,34.253095276345725,5.466057632519963,116.71384056173693
2019-01-31,37.402050531842335,88.51725001477496,7.135133072765107,248.850076062834
2019-02-28,25.065202430205982,48.72551517943953,3.6648787875297613,217.35189041669074
2019-03-31,35.235593377329685,30.982107024533395,1.8157807320983221,74.51229892338078
2019-04-30,19.17805960207793,85.58364710464795,1.2521071451901646,59.346299197141526
2019-05-31,38.02037306024992,69.6516285817485,6.403555097442711,210.01499470185345
2019-06-30,32.81934922024017,66.59176994679044,5.947412931135955,240.98257617668324
2019-07-31,28.54091848166574,72.90333628499913,9.070921695816667,216.18421962297242
2019-08-31,37.54821280481365,32.086354540329786,2.524741397231276,207.19383600844293
2019-09-30,29.600619415801546,83.71462938017376,11.041491482712665,209.64114043333922
2019-10-31,28.54362324568075,44.96563010739098,14.25083507329006,140.1499663200857
2019-11-30,32.63682350790876,88.79275967937778,9.561800086294532,101.8186323092764
2019-12-31,27.51618983325821,39.646625866216745,7.482885864079324,299.6123170033031
2020-01-31,33.966157016887614,33.58583876600201,7.912919848072591,21.360847742686527
2020-02-29,28.895228198302057,77.98091886152038,13.205442113897433,73.32210878841747
2020-03-31,16.145200528619984,68.59586465993704,2.5459449417188162,197.0769398336715
2020-04-30,22.643360567087264,41.90596503109526,3.974654859796349,58.67670128686369
2020-05-31,27.786374136591455,60.46589201513592,10.021936694920667,44.60941978802755
2020-06-30,34.24809746026826,81.0362698350169,9.124038782089263,258.97313268026437
2020-07-31,28.974371575887403,80.72521484553218,14.230918064995043,162.6750853999196
2020-08-31,32.68318943657892,71.2036834503045,1.3667129146490276,52.25638869067106
2020-09-30,23.727454789108762,65.98989528225121,1.6428938856311162,57.192896847669076
2020-10-31,29.208366809286655,49.92771653337111,6.942803258422458,286.4522471386567
2020-11-30,16.173184453490038,57.2266891274392,4.122920403208019,193.64932227345804
2020-12-31,23.649864052547706,38.227361765423176,14.980128709461013,133.74485089492111
2021-01-31,39.00316148127534,78.34002163256409,2.3175932019127243,65.83355451952772
2021-02-28,29.055421451213668,48.856466380105985,7.704799913401971,287.30824764679545
2021-03-31,26.578525371011544,68.16942649976086,7.581109720561738,175.06074652620526
2021-04-30,30.88214707226464,76.34467779108375,11.26025888510308,51.619328540755305
2021-05-31,27.23399048368506,65.90297654597896,1.4782304549507381,104.36615958260593
2021-06-30,27.84436334135735,37.02413598180759,7.462291797231145,206.21844858965332
2021-07-31,24.557092770172538,48.28248358810788,3.9183259882682027,49.60994778795028
2021-08-31,16.675968774244655,76.87528525839522,3.0465428113839446,259.9078487438978
2021-09-30,15.040710786893733,77.72454524554638,2.806218214713679,49.36202999808662
2021-10-31,19.714963671515783,40.147092588776104,12.551913464216025,165.85915385560483
2021-11-30,36.165833254883935,68.83893669520103,13.720481296685096,6.577328467370824
2021-12-31,32.56930745372155,76.1638604004064,2.7173715947756962,14.772353845759046
2022-01-31,19.802167858181036,85.85760188982078,14.007809033572862,253.45051597389178
2022-02-28,28.172321414297116,65.36914554593505,3.7564693857775966,88.20432007266355
2022-03-31,29.82661294641333,73.37965237478744,9.020921749386142,30.414035137869455
2022-04-30,15.329075945266188,66.60443757401782,12.762836747878907,271.96595658593606
2022-05-31,23.1999648740952,69.33454653865479,9.773717550804923,24.996339765998023
2022-06-30,34.55477168018841,87.87890572027891,2.197473494574809,71.66250832162638
2022-07-31,23.01146869795886,31.57224795908891,10.129341627004194,259.6568179535681
2022-08-31,25.93268144074407,40.42880226554023,2.66225069745563,31.38539884209013
2022-09-30,39.63934222998041,65.24083175636511,11.943728050354295,169.0252549605062
2022-10-31,19.589628498626276,47.51688161095991,10.373260763265863,27.998787012289007
2022-11-30,19.67472396476276,40.76577970720225,13.00319325217285,138.23769854593763
2022-12-31,37.42603585038427,59.87496752294,8.066856818343426,63.327686035443385
2023-01-31,30.48974129672092,66.87447619771032,2.4415114034655323,156.38849287105168
2023-02-28,21.439436806863938,72.48306062108222,3.5024815861399725,41.46916411945012
2023-03-31,39.75780786388077,51.101954862398685,9.447835937039056,145.1634334605402
2023-04-30,31.386806691495963,81.51049369110217,12.373300700779883,296.7094145271411
2023-05-31,28.86200817950894,68.5203115005197,2.441106559366432,72.42204242441377
2023-06-30,26.46832760599513,69.80659919215003,6.211561853783967,117.80022548657439
2023-07-31,27.456166549251943,79.28945623994963,5.4182357541230175,15.286019773917959
2023-08-31,15.154071814106093,36.73630924129581,14.104812445411964,157.69131449338326
2023-09-30,19.230538865322867,39.70533555102917,11.64363621910806,20.19538297976594
2023-10-31,31.271436297752192,37.05985461180334,12.341459872612138,220.14900524268714
2023-11-30,31.75786884255373,74.157421439015,6.637538334465285,11.346964943890548
2023-12-31,15.67947361565149,41.427763283518445,10.967803974661287,44.66409210910608
2019-01-31,21.368509217296815,51.06669594854276,12.23421887218287,11.135198550265867
2019-02-28,21.700545181673498,51.474039395132934,8.777008877367244,84.69794023856342
2019-03-31,33.091734819461,36.44177319878155,3.458858775216971,276.87927423311936
2019-04-30,28.987825058053858,30.759787139374996,4.598779989471536,262.35773319705396
2019-05-31,38.77677534273762,79.01123688926187,1.6633452638085355,64.40182411091591
2019-06-30,18.224684047178375,45.86027088151262,11.257164612684083,184.1889563750102
2019-07-31,25.665219860426774,86.01398105666446,12.971674772681807,146.58547120611766
2019-08-31,17.765546960538213,37.89667270221334,14.868595375777574,187.00497169121533
2019-09-30,32.91789830614739,36.56432372279709,11.233267173308331,179.29219490209925
2019-10-31,37.94452747422956,80.66772614955825,7.284756944637596,297.2680767756903
2019-11-30,24.853983234233375,86.67450798025084,2.5423099437239642,267.04890984510985
2019-12-31,29.265990094419045,40.14815862691801,10.079802737580922,8.784779541685461
2020-01-31,34.67961954594489,67.64791668101783,14.390990580041622,261.8652785515254
2020-02-29,21.81325113513158,34.17940038820036,14.753362172890562,210.81426428918718
2020-03-31,23.50455197541565,73.59234301658512,10.192448734776642,133.43582416201167
2020-04-30,24.309543375342926,41.89732037941495,14.625815812979887,155.52683406968683
2020-05-31,36.882823579666905,81.74137825864574,13.159848077468933,285.16472112745447
2020-06-30,29.559332911315117,82.1295136545867,5.912897654451616,289.55924043985107
2020-07-31,34.69454833984227,72.74442966067116,1.7973843931345017,152.86957327121638
2020-08-31,17.179729854951752,59.680833747953464,10.212465494933767,13.380638282108293
2020-09-30,29.33084778197425,53.27759591850769,12.035354586972257,120.94431965088702
2020-10-31,18.64863015713707,63.780754468128094,14.255448556709023,140.05197917592457
2020-11-30,25.14074874722072,37.483559318223826,14.624223336208589,0.6009942603686369
2020-12-31,23.209112678133117,77.49768431649309,4.1830019265526435,195.4409356532759
2021-01-31,33.19604314011096,65.34643479826659,13.428639499721767,189.20403174899602
2021-02-28,23.574882677382185,32.44936505250597,5.84527515104672,232.19051246872687
2021-03-31,17.621878166086162,74.50179432385889,11.885376477668212,174.9511443180868
2021-04-30,15.076437458846373,31.560638887638635,13.698887418253985,204.10445249772147
2021-05-31,30.504828413784075,55.24629842309231,2.1842875011367164,157.1064649108727
2021-06-30,30.903601921674127,87.58757884450173,12.94254509987057,77.28091513076475
2021-07-31,29.233220343925357,77.15991860272601,14.090647689736766,165.12052601510518
2021-08-31,28.373277184147433,57.297576334174494,6.82979301165242,107.80166981470832
2021-09-30,19.794643081141245,35.0096764181781,7.192952103345739,284.2040952548976
2021-10-31,26.257748430004582,50.949273803603205,14.912993233128198,50.8528097513289
2021-11-30,24.533598943022653,67.5555686823283,2.095660137575633,245.54247719152178
2021-12-31,30.590282010782044,54.385102517091184,2.264134021596153,212.3980087044225
2022-01-31,18.042995121783225,74.2198492830641,14.109119646130374,174.2201023372757
2022-02-28,32.14830663587797,31.26226409020119,7.207980360042891,47.153557194564776
2022-03-31,16.426866511464414,82.77877276857545,7.811491471191563,67.06446241117042
2022-04-30,35.64574311561585,50.401719669862146,11.501646149213409,189.29518811129324
2022-05-31,16.686687828311975,87.48179931507147,1.9598693141874561,164.87152661514736
2022-06-30,32.802704880936005,39.42900148329988,13.07733966288801,198.07905981287485
2022-07-31,17.681915759285104,66.46492546655706,13.825832741210652,158.9430950592939
2022-08-31,24.518989131160346,76.16699452226821,8.131802028939662,203.72406553634033
2022-09-30,37.495886674836534,46.36653235262898,5.4164306089216225,275.63897017577284
2022-10-31,30.94351671299991,54.02151241840793,1.4481883446607902,278.41683416686874
2022-11-30,36.64690527032084,74.76391847217903,8.048266159818716,37.584624743380346
2022-12-31,19.45975586704031,74.59323211288884,3.163650476511047,102.89172341554553
2023-01-31,30.752932188527147,31.039079383173934,8.977514407563767,201.32595975877325
2023-02-28,25.459903406484656,45.75080528954491,1.1156933517813803,157.1757118291023
2023-03-31,28.87294804080901,82.26306553184627,1.4327636477299972,273.37285208870856
2023-04-30,21.858219010468197,52.21252526436966,12.225604820294997,14.29853932860019
2023-05-31,32.76424426458994,64.56586098019243,3.976463241416541,280.4281768996689
2023-06-30,32.54425967911499,74.11676634253456,3.493266775729351,277.4715848317343
2023-07-31,32.1805624774753,85.36491957341929,5.338524347327481,264.4984716525669
2023-08-31,21.721578147494057,83.80069091332041,4.8178965876134185,115.22317612258917
2023-09-30,20.720133248055205,62.20060730146432,5.604862313093852,23.242510520002725
2023-10-31,24.682724704727974,83.13509258660912,5.678359530253659,210.94146097270664
2023-11-30,26.42506883802948,54.08368026047165,1.3899415853114327,10.306026635735188
2023-12-31,37.92200995818833,84.01802875713224,4.79368376580349,150.58373132366665
2019-01-31,26.312068598632294,30.218635120686294,6.511322879112836,75.02704453807128
2019-02-28,26.436976061755473,35.54220576043154,7.943902800134208,98.35476923637934
2019-03-31,38.73481547239413,33.972614393077336,11.108199253510321,262.6388130394355
2019-04-30,25.89078069217586,50.214070226782084,1.820530551711701,25.42152962356481
2019-05-31,16.855694619264636,33.871863912116375,14.286107629068391,75.99137645269421
2019-06-30,15.53039718418921,87.06595018095203,11.392519972471952,257.1064079529282
2019-07-31,37.67931100294901,52.702339305326426,4.242830112915806,57.498315257228406
2019-08-31,27.28486498250033,30.27673207951711,11.187953795409447,285.62053960788705
2019-09-30,21.093479550149624,42.14182390706023,2.7093750929595526,130.66241009963613
2019-10-31,17.595280405266458,52.42027518620404,2.6560472093236824,78.64917428321898
2019-11-30,20.977870687384844,39.27688126985919,10.620040505796899,226.58750152837794
2019-12-31,32.98737733384961,60.81886474992501,3.071827979864162,281.8947753705252
2020-01-31,16.336734491300547,72.67094372685625,12.635279589778085,49.33168542549856
2020-02-29,35.94771194835768,65.88198788268781,4.81297765727719,33.87052648330049
2020-03-31,29.730146047732887,50.761351052734966,4.965678256783,138.9963208696204
2020-04-30,22.07749861368084,50.179730058768286,13.111380002751584,4.09410352897247
2020-05-31,28.492412753486214,69.8635338649384,9.049621987140307,178.8732891248535
2020-06-30,18.853327465320355,45.43734270246023,12.63214638059957,216.69225777066708
2020-07-31,34.90387582670048,83.56554538188988,2.0764299061164486,176.75404943561549
2020-08-31,36.92371159653343,85.30782038123832,2.22762003525314,48.63613060226305
2020-09-30,37.54097317200212,82.03013246402575,4.4134112634154254,42.034144565688315
2020-10-31,34.972494728559546,38.01987878171036,4.419903402529545,256.0189944011704
2020-11-30,21.46677108303247,39.90133948240304,8.077336842953375,111.5996477033226
2020-12-31,23.44982921205773,69.4934151622667,10.414679805887127,272.6889699873315
2021-01-31,26.27077121702937,68.70506119006592,5.865350414766109,196.97769656360805
2021-02-28,25.912316844318312,33.42845607899275,7.202271218243604,270.81180480598664
2021-03-31,23.057331120945538,60.99450968245284,2.655939612735389,63.15163855786143
2021-04-30,39.126421788704135,75.64579846488101,14.484631072224966,46.029470630366
2021-05-31,16.633762149325484,69.37469173027262,9.453351757615163,55.777027531815094
2021-06-30,19.686002669709076,68.19199216504965,6.076156492077908,181.00750777923898
2021-07-31,33.39956720506821,47.11883381077638,10.901656022518443,196.1038227340593
2021-08-31,25.858717997077207,37.395201245138914,8.035686942511337,18.436118803475367
2021-09-30,38.388886020931544,63.747592262134376,5.39905343483437,38.06787400700556
2021-10-31,34.61216300918106,48.7946595587474,8.47281258716395,221.03962264566184
2021-11-30,16.85495804492532,66.10143565818424,9.706604811899096,129.2547170515929
2021-12-31,36.33701736153264,69.46302533796032,13.102422810877133,208.76144625842707
2022-01-31,35.925387900594636,71.263112155965,1.8153936886481936,232.3809332039813
2022-02-28,30.519380519603864,80.47639098331231,2.813082039885198,13.569783077447017
2022-03-31,23.56535271537964,37.217286156988116,8.066709813933588,294.1576408159422
2022-04-30,15.781268406568673,42.26323037466219,11.024113072740684,282.7265802597168
2022-05-31,27.617686190304326,41.40729034562632,11.684846375795896,80.1564071055237
2022-06-30,28.944094280338092,37.37038262955562,11.994456982323708,112.26153963910794
2022-07-31,39.925948151116046,57.790842603996886,6.868948844164834,206.34648302379446
2022-08-31,27.944526402602527,54.87762433801021,4.823652185847784,12.174976570374419
2022-09-30,36.12710881940059,31.137939171926824,3.272536864623344,196.30729260543646
2022-10-31,27.539219379883903,77.16933376757298,4.177106716759648,229.5084725044189
2022-11-30,27.341026501121654,81.65722942473089,1.730713276745815,192.69197714959415
2022-12-31,38.95804536938405,42.04937215730339,10.798497342093789,276.70223936336214
2023-01-31,37.91893774895887,81.57279045182727,13.778575741097228,295.17267189961626
2023-02-28,35.65367091169412,38.225110438347336,4.081133420267039,262.8650941721445
2023-03-31,35.0928403553702,51.56521512236927,3.9159566366352943,81.92293104264533
2023-04-30,32.488955231752385,51.59175029885881,8.088934392768573,99.08992239056586
2023-05-31,29.282214576714455,61.62478307675534,8.89623499900853,36.01601471646052
2023-06-30,15.341974817615926,36.98673220606869,8.14083416711306,186.90345716238713
2023-07-31,24.635046700905217,41.894429193725614,1.5303705088545385,67.61032440947537
2023-08-31,28.894837889308405,63.30943117186399,8.808264688433587,50.732227348224704
2023-09-30,26.2057500362731,85.52323378327401,4.167236908901085,9.409866060165871
2023-10-31,21.479655222497293,35.87174329295443,2.9663487761020564,38.15362807414211
2023-11-30,25.59835420188891,46.51324960919803,14.261799865261645,24.59700965582331
2023-12-31,25.008326888971425,63.029081413317044,2.714788875772931,28.233877219782087
2019-01-31,31.977521660613792,49.3664644971682,4.640893620753161,215.38699659489987
2019-02-28,21.778814157979717,50.82235836426089,8.276417792093296,205.5063488141083
2019-03-31,17.425368042059212,80.76506646546724,3.374853850695689,202.01417593472385
2019-04-30,30.535378657049428,85.1888643519664,14.160215495165227,79.17334391161158
2019-05-31,19.290143424714625,54.8690981625565,2.6456538440381046,119.59975452866809
2019-06-30,15.488885399638594,33.69832825335394,1.3652799136641645,272.2355034473188
2019-07-31,17.325488069053385,50.744095330133426,5.004158403501234,97.80132089473747
2019-08-31,36.79787989006963,34.060902397683556,1.2178926936445056,45.53400461989624
2019-09-30,19.29662809897348,73.33334551291134,7.153049620963372,71.82127592153165
2019-10-31,33.042518819462884,46.8787609579996,4.597954147925707,88.12096763792312
2019-11-30,37.2179105633737,72.79355773771748,3.37159471496601,9.892988014651216
2019-12-31,37.945814537265825,33.03459137414331,12.788699547728305,215.79282660734214
2020-01-31,19.792042267831082,48.77926084870512,4.7271309052340165,52.042714667173954
2020-02-29,25.01689567569703,49.415031490943136,2.2826876546298855,213.02283726052445
2020-03-31,32.57234921941554,30.758952780805867,13.038103562119487,269.02015980967394
2020-04-30,25.167553255800552,86.03849491640847,2.531806529700167,48.75522296695629
2020-05-31,26.461135268727155,60.83403049292376,6.374350228619015,262.5640681594836
2020-06-30,27.595516553769382,45.98190950337156,8.36627992190199,192.65047864978965
2020-07-31,35.14243965472275,46.980670870666934,7.679113351423862,31.30175087776612
2020-08-31,17.685761895357583,47.36203283751689,10.60961268487702,61.75962722930905
2020-09-30,27.152709049648738,84.8398570890589,8.396612323804774,119.29286089054209
2020-10-31,19.523472104035655,48.331330307615815,12.888309740637927,242.3331651770079
2020-11-30,18.967949438203924,74.27346255459733,1.6495797542290047,198.30710024526212
2020-12-31,17.789574052496537,43.608918437028166,7.267949477118568,74.52749531269326
2021-01-31,23.742361944811485,30.00605495703501,5.444262879716196,234.426030944054
2021-02-28,23.555962939487173,79.07117641477367,12.751852215502256,206.20244828983303
2021-03-31,18.545628729381253,35.04032554809582,1.456508631360694,237.1979666768951
2021-04-30,22.34339383655521,73.56591444176826,14.632262093660882,21.771729745659407
2021-05-31,34.89092482688818,51.100504788227454,7.926420166702422,112.10140883413223
2021-06-30,26.515604398627687,56.50946097243343,5.039588760012419,288.6402847812039
2021-07-31,20.540014977440784,42.602198661777365,10.28678740417715,195.38015787546738
2021-08-31,36.14437968792258,66.09900665020677,12.076080208462816,139.05975628044513
2021-09-30,19.13946390832958,48.362459172836466,5.251019017174392,38.68821317882042
2021-10-31,18.520626730334083,30.89854669397218,2.137775315017273,203.13670119136776
2021-11-30,37.799609431224326,87.52450962511591,14.393900510952323,239.83018037436267
2021-12-31,16.22518270249075,56.619074343635305,8.174407112293498,164.81652436028537
2022-01-31,32.51736132008982,83.2120250909947,14.625970211577151,141.5270806374047
2022-02-28,17.438353358638498,30.628053537136076,7.092547895347634,292.02090324522794
2022-03-31,39.44693491998622,80.94401250719076,2.810943078973253,163.91998523964403
2022-04-30,33.016124336938205,46.48522751203892,14.652749567021816,215.494417969128
2022-05-31,31.810986068073078,61.699051701526955,7.269067438711595,112.33082280804895
2022-06-30,30.613957037211122,36.042618294694904,4.378298964864752,165.83623897511413
2022-07-31,33.155739198784985,83.54359519794356,14.784292160603359,102.3044955732333
2022-08-31,31.825270795423346,52.48045680128788,14.360517996112554,268.4071876933888
2022-09-30,28.132148594201396,68.07561529442081,4.076369549470918,297.3685665064178
2022-10-31,16.046561275512175,81.0409854779837,14.265575834866716,226.867805220585
2022-11-30,24.58389707265814,75.8998117516189,9.657881946032715,67.0485851703532
2022-12-31,31.409770985384988,89.97259478373078,3.4287303543407637,103.22559353981718
2023-01-31,15.28184615939406,81.6160861777952,1.4086185040101178,174.7984303338166
2023-02-28,31.6518415748432,70.92028244271881,13.258811038108318,228.0260520811832
2023-03-31,28.295646667252228,78.32336710182719,12.619817323100603,25.61465841067905
2023-04-30,20.16184924669549,80.94079424058796,14.073434300034542,116.89299637635033
2023-05-31,29.657364590625,57.74472452047419,2.9028806110244263,237.474003012012
2023-06-30,37.84486067189475,30.329904586137133,10.115279780324661,115.63615508506236
2023-07-31,21.73339281294181,74.87345879781705,12.010308515182853,89.05148689555843
2023-08-31,35.60642839779075,72.30780357684188,14.25618900228945,161.6935327409165
2023-09-30,19.97523750472022,62.98895523524718,14.55361922700487,31.109885274748407
2023-10-31,19.960572933347198,34.42639158469553,3.9557405679543516,48.406116271363175
2023-11-30,21.244980616858616,81.60430817111502,12.601644940175209,257.84692785514983
2023-12-31,26.226805293515312,30.87606026302395,7.111604669777483,69.81081391856802
2019-01-31,30.81802045166565,41.30726417393825,8.80315506633885,208.94169114897826
2019-02-28,36.70013933946048,81.66885460926093,13.048906549052317,258.21694926617243
2019-03-31,27.837610603266086,65.39378742666491,9.49539966190262,183.90169582798822
2019-04-30,36.283359243502275,62.41861877684198,4.372886688701275,163.78395466346595
2019-05-31,28.471830472491533,50.301156046618075,13.2948648259572,50.939141591212866
2019-06-30,20.310412106952626,55.4039446954598,10.635730166284054,295.69274826304627
2019-07-31,20.65192944435146,63.506323499727955,4.326286816978966,65.06199918461175
2019-08-31,35.76127444546712,89.61854277557583,8.158940497009894,148.05350624174267
2019-09-30,25.280043366381808,44.55816743105618,6.517441080241138,230.03954424959986
2019-10-31,17.12658267378732,89.6434115895494,5.930743921887289,228.12755038287602
2019-11-30,25.826746622544754,44.68107863480407,14.454264053932855,180.511198383772
2019-12-31,15.495049369075797,54.96955039388506,13.410782659680459,36.741984316284835
2020-01-31,22.420010390985137,50.149342018958365,2.4391672397848723,76.31742569901404
2020-02-29,22.356111646367584,35.03805232625123,11.130522962887353,156.66169000248362
2020-03-31,34.551136148799316,36.2080688731839,13.242466996858017,56.98125130037847
2020-04-30,27.898205816907556,43.677965313122236,2.3222020953582065,47.5888966512389
2020-05-31,29.11151087747352,78.52286104360809,14.240134247494973,242.87932215283078
2020-06-30,23.05097014708421,75.22230899185901,6.014960890769901,194.30127245037778
2020-07-31,37.24923957061728,58.66044240509325,10.41433876715437,81.49119383798612
2020-08-31,19.124661450677806,88.7991034280152,6.079426288340098,285.44774791439005
2020-09-30,36.30840806782023,50.06655372318953,8.232208462151451,172.77178877583472
2020-10-31,39.40139132134402,64.68154979561945,5.1479844275706235,155.2056324927366
2020-11-30,34.57792520419648,56.39276534810986,8.84852027366581,129.96966344131343
2020-12-31,19.983302292257857,58.034232007227786,11.475431506303732,51.217358410713175
2021-01-31,33.19511537342861,81.04993906677589,3.0768478607417427,215.6680215939115
2021-02-28,24.562042916647464,68.9408711764521,11.354808432860295,91.22662189980377
2021-03-31,29.760512606636546,70.26298477495192,12.045350039489495,145.77518225492418
2021-04-30,16.28789569721069,60.05818765868488,2.8209672202681606,182.27333240454334
2021-05-31,36.892569304772536,78.99022562458708,3.891070792283518,257.9719965607185
2021-06-30,33.498813854465006,57.29821273024549,5.166989470570717,34.55707792086756
2021-07-31,20.0790773545991,42.514403956640166,2.352511374973396,35.435525882298904
2021-08-31,32.6189476277729,79.47922157767968,5.448980068601675,128.26515700433123
2021-09-30,18.75904247837557,55.99147466688852,8.195805149715001,15.605884192130592
2021-10-31,17.95293124714836,59.773541526938345,5.789053273847129,13.131813220383226
2021-11-30,18.772741199222853,79.11986253561801,8.040836744162789,123.72808344056078
2021-12-31,25.718140574116077,59.919751986605746,6.1813897149399635,27.22248267523003
2022-01-31,30.465003532299306,39.072813489184924,8.946543467949148,270.9776524525278
2022-02-28,36.9915855630842,31.555280946311857,5.703496711382055,292.2658757473293
2022-03-31,21.048172830743063,85.47571566809118,3.3967183409332313,135.9194958815157
2022-04-30,16.762488242388244,41.51375470104571,3.6342773945782545,17.16011756399215
2022-05-31,30.93539643325104,59.01926443643923,11.784099780108544,286.1104607137235
2022-06-30,29.686436839598706,64.79853346639915,3.7911594537179685,33.213725007209426
2022-07-31,29.372233075908348,40.37328633231739,11.41852329267164,42.06467592479925
2022-08-31,18.399027618485135,46.726401930860106,14.355769236376783,39.08118176338654
2022-09-30,20.49472846223983,43.856131194791885,13.93301084353369,48.10867298861249
2022-10-31,24.864011613576704,62.088245452876365,4.229995826676463,151.1036958915176
2022-11-30,38.46178434172011,36.468826005050566,11.875156686010737,164.86060262747006
2022-12-31,37.670159017999154,87.03137743547538,9.745582505266505,153.19524422071999
2023-01-31,31.237864642288315,79.25485432606145,9.984279141306095,201.5110277037613
2023-02-28,39.2120434839138,41.01392692696798,2.917129022876585,294.25672990452574
2023-03-31,32.29441706023226,55.52352247126487,8.410299096208135,34.122244902755924
2023-04-30,30.704476698397677,62.21612851199232,8.897208819836843,182.14324511382267
2023-05-31,30.133910766726018,57.80194643440343,13.125871401187494,166.97692824004454
2023-06-30,31.644587780993305,68.52137730502291,11.383531771961671,203.23989657542816
2023-07-31,22.06582028111687,48.06268973989518,14.743305852416015,117.44565833435165
2023-08-31,16.475296973409407,77.8281316121476,7.4438740409158735,66.63116042264289
2023-09-30,16.689115062740473,51.707108920872194,2.212687202837185,87.2048095545508
2023-10-31,19.617619248492677,50.59912913329606,7.887727374318862,253.0268373662812
2023-11-30,19.422032591630106,51.02791274471234,5.398622590502083,265.33972436965576
2023-12-31,35.79038065313189,56.70896623971693,11.43533953998251,88.313262380709
2019-01-31,34.85891177930823,69.7773305272784,8.681717087702935,240.64301130397075
2019-02-28,19.024412800703463,47.91349891237022,11.861471400236336,238.01559242155972
2019-03-31,32.141359632100645,80.99474075323566,13.678092312848339,100.56355108265524
2019-04-30,26.58793481310716,74.44476422046421,4.926719351375656,251.78598981796563
2019-05-31,31.85982843350561,88.88752993791542,11.118545548308237,134.2044179838874
2019-06-30,22.94567022455815,45.289778337336415,6.955208705251184,282.7543766274383
2019-07-31,24.312495493760693,72.80594991212305,10.372759758392315,134.05640149282692
2019-08-31,24.92299045474156,62.0506572067673,6.1869254509527,108.71051177528108
2019-09-30,37.73691744962536,71.01429663461404,4.864771642047217,204.99975507306758
2019-10-31,15.089808540759323,32.86347353262724,7.811195664254326,74.17316244167623
2019-11-30,19.644430411320506,59.552440234737034,12.881262550251268,216.8962611418058
2019-12-31,30.354942338357485,34.03662801789929,6.057348233588422,278.0712878859136
2020-01-31,38.02862438092163,71.03914635304591,1.9190790858034599,107.12016275254507
2020-02-29,18.667798450666954,30.306103582766596,14.741205920052733,284.38162386818505
2020-03-31,29.229828689796342,75.24918839774944,14.000905359685738,283.7511932300014
2020-04-30,24.254858596113564,35.62007284906387,13.695411271249451,248.47480524911515
2020-05-31,24.677277374717576,61.28011474123792,11.609473260737413,84.50737837348444
2020-06-30,17.482468239225387,57.69050586816829,8.364623448711422,262.93672484440293
2020-07-31,18.011118886291943,34.293139547186954,9.706921059371448,292.51930425312287
2020-08-31,17.309512126794182,47.258111882086446,9.51101919636487,259.45614227636986
2020-09-30,29.12266445104891,72.06858173978829,14.361150800282447,179.04096439006847
2020-10-31,29.646584604260546,73.0937353011386,4.06348264558409,148.16096913201417
2020-11-30,15.961072325770864,49.80917882545796,3.7511750641673913,142.3762917384203
2020-12-31,24.53355038506791,52.5488457332922,1.726203844514389,101.53561355588417
2021-01-31,20.106744183029885,56.22931596449923,6.940167484648178,261.89084307830495
2021-02-28,30.261277393962516,85.24769476080839,5.740912245452367,165.54045113335042
2021-03-31,18.683117443743807,61.0527376384041,5.623642069511469,104.54927468757036
2021-04-30,20.511332702787833,66.98310901429763,10.519963667380756,173.35625338372478
2021-05-31,19.982744812956945,57.20150562828108,14.111221350761877,258.78158814224713
2021-06-30,30.62255104881467,61.55989977019405,8.353176148845534,221.8245594795084
2021-07-31,39.375660021964606,55.33896192390129,9.016115881901754,150.60861586742837
2021-08-31,19.899994323789088,39.66073982435994,7.529005595506121,291.37314571450986
2021-09-30,25.672474429763042,48.418345830895134,13.268362605302656,48.19853020332678
2021-10-31,25.60052283866703,49.64275133656547,14.859330991939085,234.74233186612116
2021-11-30,35.47600292887564,38.23016666570252,8.02493005318962,189.6002481258196
2021-12-31,39.83222147205194,56.7927630098974,2.4964131338779287,9.94197513037406
2022-01-31,23.42520576242435,57.21126961998056,7.77007419791218,58.313082241758096
2022-02-28,19.129570411463156,32.30483379587168,8.579952958578746,161.44578249120127
2022-03-31,18.92995819319126,39.38687878018803,10.4909519588339,77.63127712789658
2022-04-30,26.340306973710952,61.23021230030339,7.289284372464514,230.47135356761973
2022-05-31,19.518919565509186,60.38563990164389,14.47228559877712,194.60950972065746
2022-06-30,33.56805044025431,61.96830674496863,7.142789523544539,179.04711664097655
2022-07-31,33.793526131143125,69.65381239352334,13.329659516252965,126.90680535215778
2022-08-31,19.542801449842216,75.33706703601239,14.512936423976715,63.329736727502684
2022-09-30,19.317904183682614,33.00542090717367,2.8829800862922434,176.4230776822027
2022-10-31,35.67647860430029,89.83079718118898,2.6943089334978034,137.851329923619
2022-11-30,22.71944645985406,43.629680393797145,2.762902044086352,191.77028278433008
2022-12-31,21.263751253119022,64.43758135632731,7.407263827223448,152.07408784889853
2023-01-31,21.76161798733854,74.75683272983596,12.502975591121185,217.83868716041812
2023-02-28,31.227770389876653,84.90188170411936,5.9566254865710695,148.5286832884109
2023-03-31,18.24824379662419,68.07789179891802,1.6090050148440396,218.6944994112459
2023-04-30,18.108587916190384,46.550683021065204,9.2540660604348,0.404413482794419
2023-05-31,24.8007673187788,69.861399388586,5.368631790795642,159.47981722117132
2023-06-30,30.128610155139768,58.95195517253859,9.804941885505396,208.1046954516055
2023-07-31,19.86036885702727,72.35786148948267,10.880119201896793,12.777006115876077
2023-08-31,26.07193065748649,72.90682882023421,3.2703291355355395,152.246483163194
2023-09-30,37.65736190316562,46.845386835113416,13.601881946820301,136.20811415321225
2023-10-31,28.345797691757767,58.158142748138964,3.254846538313971,263.03672170764685
2023-11-30,18.849871030216363,61.968496846354775,5.650887745890828,62.35424613127382
2023-12-31,36.56365614155103,30.413636312312295,10.93490747077817,107.52604977627975
2019-01-31,24.047363486768575,59.38042146173438,3.017997640509842,216.122855734006
2019-02-28,25.03803394887153,32.06704301440287,12.306214803016573,255.7779962629819
2019-03-31,30.172451091967062,35.32191507876925,4.3501931930070725,47.42384623931714
2019-04-30,26.29802573400861,82.62848153206066,5.040671519981904,122.35004779021367
2019-05-31,27.967365845187565,67.44089704557919,2.165599965208649,148.57196296916223
2019-06-30,30.5539551016098,73.87847531660442,7.183647325582579,29.881686902053485
2019-07-31,24.305029122988635,66.92274905098412,5.289605815968899,228.50277603998788
2019-08-31,18.205718983010968,67.52958246673904,3.2394109710793626,219.00813600211433
2019-09-30,17.525654910761858,85.65865705178851,8.232474859341215,47.16754659188873
2019-10-31,28.578714817710242,71.36872800011072,14.185423892288195,70.60587535078824
2019-11-30,34.20045924298004,31.306366357308764,4.014758966398643,223.40352106567087
2019-12-31,29.551475834107713,88.62603131485486,4.950670004355331,11.219386109223617
2020-01-31,16.791232530278798,45.75711541490054,7.090817390205874,132.47482688443569
2020-02-29,36.11146455502268,65.67136585729342,7.4420407371230475,188.86062154483903
2020-03-31,18.185912901005885,81.22910893371422,12.994158384175613,113.91881079187294
2020-04-30,31.5248692885382,71.93696717633487,8.034670487379607,199.38882473966666
2020-05-31,38.54898672985021,71.53087971162856,2.0001595900120823,201.3773477863152
2020-06-30,22.770006281036892,40.30713520690096,12.827130465066933,178.5957773725499
2020-07-31,31.971482767456727,40.115431082659256,8.459300859302338,97.76156347474027
2020-08-31,34.43549645538643,58.244109130222704,2.638604430514468,155.86637236831993
2020-09-30,16.43723755141948,79.01243238188559,8.848782308114886,95.50743284421672
2020-10-31,21.795238421215164,47.5713755540164,4.128612704103768,88.89294914932299
2020-11-30,16.65386046894777,44.78108265851102,11.080426710421314,111.49683827048455
2020-12-31,35.86166673192848,66.21151707352304,4.952780518371078,119.71215821704749
2021-01-31,33.16417375709088,66.52185120623885,11.038899184260428,192.48452162068315
2021-02-28,33.141031341569466,80.75907737194959,6.834391088334106,165.34575992714315
2021-03-31,28.329887564131543,87.22063509232468,1.969930246683082,277.19378319640504
2021-04-30,30.852133470507166,81.07706180228335,4.56284941870502,161.47551941276558
2021-05-31,18.909027731047512,88.82270498848771,11.041413046621145,135.67534473276893
2021-06-30,36.37624545989368,62.56022583548752,12.100622221535419,89.42891614990967
2021-07-31,26.729576027849713,44.04397694881443,9.364459448040625,5.082993215693643
2021-08-31,30.93086450480356,52.028860703332015,3.057658115746391,297.1149594508865
2021-09-30,22.687156339464387,64.05036770415309,9.864643416415841,41.45078809771072
2021-10-31,30.10472177350131,87.61995348253056,2.5692760281567235,92.39002179187905
2021-11-30,20.7680592028618,89.60003475948639,2.2803239882301884,282.05368125940583
2021-12-31,27.023233816461218,87.7118277855001,3.0896128346790244,56.53024996184982
2022-01-31,24.141788498989015,72.07550847822827,1.9094664750414085,266.62012869652244
2022-02-28,27.535757724249898,61.63791112702657,4.024038967646014,82.44518517229162
2022-03-31,36.13770848522323,89.17901297955316,10.720425984570852,292.5792693164096
2022-04-30,36.15979184119533,53.56031545586967,9.866158727991298,116.35568537051584
2022-05-31,39.37639205536777,79.62509596682357,7.807271903408486,212.45838211742662
2022-06-30,35.02936380830221,42.21136977070277,14.411013755337343,150.96938883260097
2022-07-31,16.019334162228297,37.461140416262154,6.357291261112824,149.78309607080038
2022-08-31,25.493112370732913,58.38713417708183,10.580090236313412,131.7955632811619
2022-09-30,29.883510707576733,46.70827412065272,2.15692804304061,219.60570712567952
2022-10-31,31.31945915051045,38.84508129599527,8.770922178777182,276.94993788478536
2022-11-30,23.395522118989227,64.90792342328366,9.002120011444214,47.388558432524455
2022-12-31,29.16506087838363,72.76249092818028,2.2698779909357603,293.4657339936892
2023-01-31,24.402643128750586,44.371433387875115,11.957693830907516,282.94773094545627
2023-02-28,29.305766056769922,81.52366137653641,13.326309889491746,168.0503808184277
2023-03-31,34.29880171007177,74.24244610878206,12.353075122451775,210.84979322508656
2023-04-30,18.58497758597289,74.63459123588032,2.903204042640019,225.02923219213164
2023-05-31,33.03509640869093,58.51653549018718,4.895716875420193,191.74615044159316
2023-06-30,22.38737435788515,78.66349616028722,3.6949134622561397,293.8432865690382
2023-07-31,22.036841778394596,69.6909749987725,1.4678401145958329,7.712332225586637
2023-08-31,29.328509697077205,50.93911855947373,6.83511988672908,23.472172669618697
2023-09-30,28.7096051334496,50.018868024115264,3.4071117749170066,245.92377641416374
2023-10-31,16.051662330760344,45.9546452475157,6.131321349233793,116.46770836599727
2023-11-30,32.460303738086004,57.46826629593874,4.113010091532428,78.10452806111249
2023-12-31,18.016040647394792,73.99881412585668,12.880382099683178,261.5773928649667
2019-01-31,21.390780971976024,75.91915670850106,6.835923578638726,17.98165278935999
2019-02-28,15.126690970940773,48.84702385881967,5.531595998648479,215.61944438315857
2019-03-31,22.669088347026793,66.00786240729994,13.675847741341661,197.09796515069706
2019-04-30,18.817719062810006,67.92724674394665,6.12827098799804,44.77318175928038
2019-05-31,16.718999573940163,63.6252075837373,5.151813701758375,170.36209622366275
2019-06-30,33.44665221648354,34.26465256600953,9.862232751572545,200.42067277469877
2019-07-31,34.050551731635025,72.75960010204335,11.64634261776021,168.5649669437958
2019-08-31,29.285319357957288,36.56791844752934,4.738115485399926,4.532390190112567
2019-09-30,23.592144656237288,61.81074515665084,3.207808226087604,15.293453443158889
2019-10-31,33.976284498147756,37.32813519167282,14.245057008477767,16.798879660411213
2019-11-30,35.57355078257181,65.60082128895024,6.495231562145453,103.15960832038058
2019-12-31,24.84428075631725,85.71850052778208,1.9585690511064888,296.1302876402954
2020-01-31,22.723527536691464,88.48337582410835,3.9340083085973134,27.196777003862326
2020-02-29,35.975771146674205,42.64286435577564,1.7880058105543581,297.25260445806117
2020-03-31,18.09293923750238,63.4581519517665,10.924943607695306,271.2172674015884
2020-04-30,16.614776930221744,77.90459151211257,10.155666064394442,205.36931737316056
2020-05-31,19.268127568169767,37.271611118663834,6.568030665250321,223.80805786197314
2020-06-30,27.872615982243808,60.81487206950386,1.5050325975167804,209.83925747277002
2020-07-31,35.1951724134865,30.4161715965468,9.225017056591257,189.9490368589793
2020-08-31,39.83037537496341,82.22694038411842,1.2326156511159772,290.95244426441
2020-09-30,36.960245958124744,75.1247136995926,7.432284383173606,76.15664987779442
2020-10-31,27.637425756838823,37.21681537316322,6.252855330375787,133.48972740002597
2020-11-30,38.117757483493136,68.09413114762468,2.7456008793466165,276.49286581667405
2020-12-31,16.269545965840585,70.55971650212987,3.0638722910809806,67.83988123001451
2021-01-31,26.581254985986575,65.34383311973488,3.960714612665338,144.64739500664342
2021-02-28,32.356234217662745,82.76762059071893,1.1697298764205997,66.85058776123971
2021-03-31,24.388019008710884,67.38705799897582,6.234383227112503,25.463707524363976
2021-04-30,16.281030823832623,44.062184988471856,4.125367649434348,266.7814721940613
2021-05-31,36.13177389177865,30.57009673309389,6.500712634923579,256.27670783896997
2021-06-30,27.44694853182923,42.52472706460839,1.6671914466363238,153.96312724297763
2021-07-31,34.297461102338076,60.00339405856207,7.616697777023623,89.6421126558284
2021-08-31,39.882184505603526,33.487936997874655,7.215920656331105,33.67489791900889
2021-09-30,23.813308771618665,40.174427045871525,8.053225878028767,1.636475151204042
2021-10-31,26.315358633133513,37.821079456854214,11.145993716349517,106.71046301699708
2021-11-30,39.6785920938617,67.70859619229209,1.7703018461694278,10.128018549687622
2021-12-31,20.147235020237495,83.86568962097246,8.519983049026354,64.22271917506367
2022-01-31,20.13687940335707,34.52182791001915,4.276313200430272,245.94633832680364
2022-02-28,20.18595117763346,89.97551868516044,14.868396066380045,75.72969241176088
2022-03-31,24.24235046609425,66.96039074085701,4.877146154991458,80.90578990097714
2022-04-30,21.84527202640722,48.08046076167877,5.995054911361327,229.74251431635093
2022-05-31,29.697188819744003,46.70933137825547,12.485205389708042,60.567694068351265
2022-06-30,37.68375206669572,79.15386993299825,14.300318627395207,122.72249343169436
2022-07-31,28.734671197582927,33.49987029829266,4.118692303243791,106.18221766798318
2022-08-31,20.903029539798606,89.33514192356155,2.5728168563969245,23.679065464324943
2022-09-30,26.46828206733115,64.25885503763965,5.24112463523808,27.00601849089298
2022-10-31,33.04470487271961,31.058632638436414,4.7531892173096315,216.5296310525504
2022-11-30,24.611642370927974,31.616857534667897,11.65881747601828,182.60505456827508
2022-12-31,24.199395975390786,43.60715737166666,10.240015783448706,242.56794436686025
2023-01-31,19.352592728498852,60.39709493901731,5.700924412456668,25.263313105736874
2023-02-28,31.387526749106637,82.68919995902759,9.087565012574213,13.671769416187797
2023-03-31,16.35422019990316,56.66677698759334,6.45015053457437,150.88891901115647
2023-04-30,27.910251958597296,65.6091082614621,14.553870470379328,95.76095461321033
2023-05-31,27.578797479057528,64.34832785424518,13.61712753324635,207.97148548145344
2023-06-30,28.07076179368155,59.62516283786857,1.9758935772923394,109.12298378213072
2023-07-31,29.242290434788227,83.76243886773501,5.038935324302617,255.93117103120287
2023-08-31,18.87435394474394,85.43209745579009,11.87197693368166,162.1106428999354
2023-09-30,27.633908105656573,83.68961832851954,10.88673227678517,244.21751442087483
2023-10-31,26.39809438568836,87.85330593183473,8.636000517082955,113.23358739907088
2023-11-30,19.070419647717593,48.7998352497492,3.663979253768079,277.86400802570887
2023-12-31,22.7988784325194,41.277496157510626,13.870435323564095,264.78854324575383
2019-01-31,31.80182222141917,31.762066109771837,1.144235796408388,47.4534197580206
2019-02-28,16.919547545996473,76.68876650756204,12.47723765626552,92.07297318299905
2019-03-31,16.72817506605547,50.97403210841641,3.2019368694683488,250.72726616486932
2019-04-30,17.90195953173731,81.21197524641991,11.631670828879756,10.231201858080663
2019-05-31,25.30112502815792,51.25356585253401,4.073367875147653,158.65205431087907
2019-06-30,26.88375158704111,70.170852849465,4.478412766859779,166.20160777442277
2019-07-31,18.384325980732058,66.51259189531825,9.06376997392334,280.6510319861085
2019-08-31,26.187335694206062,38.0383337387544,6.898141288946474,83.73782524435013
2019-09-30,28.149026989802845,67.14417057801316,2.8801339922773845,61.8190469629663
2019-10-31,39.965293932881934,71.18213700978256,8.2024257005497,97.16721106538525
2019-11-30,15.529596561616236,51.419371630454705,9.90064854082374,279.6260570391097
2019-12-31,25.589449346155227,59.02998191661479,6.284611502850033,169.9532584364902
2020-01-31,24.770269811830534,49.89288788042934,14.227723634868862,249.67311176792344
2020-02-29,16.99198429683921,46.71977889894367,7.562281694671864,235.0773709133041
2020-03-31,22.38813422017208,71.12382197432419,2.4083559959813696,80.4396224309573
2020-04-30,30.957281069152337,79.60511141331139,3.1602538363106776,271.2740705798316
2020-05-31,24.090056937377327,66.94315575472658,9.668564685568192,52.69310084887853
2020-06-30,36.41328309113306,82.21472426680026,5.835943669977282,236.04310346391114
2020-07-31,16.38012498261859,52.93109366585327,10.74763165819295,148.73088744356974
2020-08-31,17.176455524985514,74.23216501742053,10.649779453714828,176.92167754303628
2020-09-30,38.96106097885709,82.34996029251127,10.646913253527371,110.75941962449886
2020-10-31,23.10125329486311,82.60704414328505,14.097092102083831,56.88678081785857
2020-11-30,30.152520144229193,33.005173917125575,2.5396788899523024,183.89662008357558
2020-12-31,21.563820537633813,35.54321199355432,12.990259356207025,94.63068583998327
2021-01-31,38.54612305627893,55.01368037412914,3.808570048411985,82.10880480996131
2021-02-28,19.530651659344954,32.85752070785325,5.056406537521849,132.7338261700888
2021-03-31,22.099639798375286,52.002811591869175,12.903430053673771,75.22850155278687
2021-04-30,28.430556479855365,65.4317055266865,9.424341473019773,265.704299794648
2021-05-31,28.57181982377734,49.90562247456924,8.15391709244156,218.66319136338868
2021-06-30,32.49473245892198,57.57730751024493,6.839395722228181,111.9056614611815
2021-07-31,23.53663733335859,33.87898112607466,7.731705779019217,137.05701485022422
2021-08-31,15.413520754775199,80.28806928684533,3.8956824624394573,275.96648940500984
2021-09-30,26.91524756283223,51.042671188258865,6.503561560659307,183.0917900289806
2021-10-31,38.2073344082727,75.58732603768388,3.9611331521993067,66.20920631711599
2021-11-30,25.635706522957612,52.98936437325611,11.986639535803926,24.293120182933812
2021-12-31,28.17850618243565,36.580054390369966,5.2750744812150305,71.0757079994082
2022-01-31,18.436163779592498,53.813090331810805,7.84185339244426,29.726386370863402
2022-02-28,26.260910484791292,34.10719840097157,9.238990907875914,225.95950631410975
2022-03-31,17.903932232145014,49.10224541989709,9.106888873076429,205.70248501771982
2022-04-30,30.61143082961346,84.68578796600298,9.09691148082941,205.06418298065998
2022-05-31,24.86137679152203,51.40153505305156,2.3987298337039085,232.75524903277216
2022-06-30,23.613336804178644,34.02008951754967,4.721431262744135,166.3552423624055
2022-07-31,27.096535375051836,36.62162467810553,11.822690828796116,238.55287736249912
2022-08-31,18.616691912742446,71.09265195967635,3.2332718593941463,155.47530115057532
2022-09-30,26.019843528354144,60.60764741077642,3.1274528331587654,0.23483487553144222
2022-10-31,30.90728228358938,89.99855845465302,12.116573857717514,262.04698026945704
2022-11-30,35.737170162938874,75.06539962842001,6.7281098521316505,136.5328129547392
2022-12-31,27.886020858049374,87.31425920589629,6.362809931617374,286.74535883459015
2023-01-31,26.22726924615455,42.782162761819926,2.4168732908541166,96.57767216372125
2023-02-28,15.251460417441592,45.59870579408097,11.308110073154378,197.88027657664463
2023-03-31,29.532903445134608,81.60336406372105,11.171245558563324,34.84830778453637
2023-04-30,33.07817318332647,33.22256324808912,3.9865547361261937,97.37157536714113
2023-05-31,16.904134380930024,78.77942212905859,6.864226323690547,253.91189893207502
2023-06-30,39.50115509084341,89.917542438997,1.7986518663506,218.36608266396462
2023-07-31,21.025630022048254,49.25540148562767,14.013728904408019,119.17793480012216
2023-08-31,21.513448442163337,39.58013576581112,2.5441398289646706,85.93861304529504
2023-09-30,36.57574419999706,66.04717596822081,14.859942105390266,211.57820725204377
2023-10-31,37.527996616675736,59.26878053577619,2.9023106993416317,252.18988083595903
2023-11-30,20.262214604514064,63.97199372028595,14.093499788926568,174.04483617721755
2023-12-31,32.07748231081552,66.707281975769,8.909114836709715,167.8247912283097
2019-01-31,35.14696174606993,58.70812389527167,5.511787534783904,169.96894370371817
2019-02-28,34.74932350692587,77.10093389710052,5.630010702908304,98.41506752263743
2019-03-31,34.37214686682971,87.22674566453273,13.159985260279973,174.99929078076926
2019-04-30,28.855258365146234,52.85802423892029,13.086484980100717,148.98399552270376
2019-05-31,28.889438207089846,58.94856035461661,4.4378887705103445,224.05740349119168
2019-06-30,39.952386277295005,81.65360662547101,1.5955984026269776,12.577804221027
2019-07-31,36.94017150975231,32.30293720161555,8.43589470233702,255.8275500752656
2019-08-31,25.7961705299144,59.323499530363534,11.910856262890464,47.64653826906674
2019-09-30,17.08370697407391,62.50095933553256,12.745230363243344,159.93669635144997
2019-10-31,16.51465929178335,86.0681699383345,6.841100666551744,200.5231173308367
2019-11-30,35.967064839195494,30.41580569680111,1.2835165345125594,81.73560458361466
2019-12-31,38.60829482254276,49.14658124315547,13.378599319089233,43.82156931538018
2020-01-31,25.832776939162603,45.40232636521318,4.05064329564265,155.8574143673355
2020-02-29,33.858429531324276,58.57160765310042,6.855499643164104,256.7380576073077
2020-03-31,34.01032763282894,62.883699021360776,7.425700285140185,79.09422701081516
2020-04-30,20.389328604731677,77.14710901683108,14.710036652551699,37.74841476057824
2020-05-31,16.069858667678993,71.91768861704301,3.409885725234334,5.003553971612185
2020-06-30,36.818343079423045,59.196233358483944,13.711792709617935,288.46654249586555
2020-07-31,33.83022394141933,68.28031026870363,12.331679862273097,12.479154907562961
2020-08-31,32.98208884826046,62.914032835660656,4.034362683619887,181.6862169463903
2020-09-30,35.690194484905504,71.9377939555666,1.2853984270130732,292.1918956044217
2020-10-31,18.190070172987188,31.352368393665216,5.230677435981885,36.59942361407234
2020-11-30,37.364032929349634,61.109531246748304,3.132144872389813,270.6350627278126
2020-12-31,23.707479100506887,62.86765753357929,5.089809937849937,106.40073262204933
2021-01-31,39.95024876660035,52.922667908032096,3.557577282542504,242.2469210480689
2021-02-28,38.69210683669934,68.43748827166112,10.46878405472075,204.29201146846793
2021-03-31,38.04303362658092,88.67881892456565,7.023453830426295,156.56916040852963
2021-04-30,17.27282213809503,44.87687407499576,1.5453338435952064,49.18337226566846
2021-05-31,32.269966348677926,69.07634874025254,12.338601836502802,80.88178359893966
2021-06-30,36.251301667542066,67.91387928912587,6.423043601651202,231.82928683412197
2021-07-31,32.20203798700293,85.31844623120378,2.6655901460362683,191.77644523158
2021-08-31,35.47845778090154,74.40992474220079,10.770561255425077,283.2543803598487
2021-09-30,26.344806849864263,76.10196074961385,4.53809202200855,73.12316087828029
2021-10-31,19.5776218245137,32.4654539863639,5.894993431063156,68.92028285984175
2021-11-30,33.143775029399116,60.55373892752786,13.809355270558711,77.04772670431907
2021-12-31,18.839942155886778,46.96106496317489,11.73302824398289,145.52417064834108
2022-01-31,16.84308628899542,86.5359257488947,9.658534763345815,26.504422187290032
2022-02-28,30.258323786560787,66.59323862291134,12.518503372400962,35.560145475621496
2022-03-31,33.876143699296236,38.48350182328468,5.720192431302069,6.781416771590864
2022-04-30,31.06877316743831,57.772487931565905,1.1094685226128242,180.57414267052613
2022-05-31,18.10175284713183,67.71667727545115,10.463392815584502,213.27539274500407
2022-06-30,30.693241917650887,75.69784399058793,3.975026739280061,283.02693012318844
2022-07-31,28.62833044446219,45.94131777254381,14.644409201688584,31.72885054329555
2022-08-31,31.53619478420872,63.415245217455606,12.498958020675861,11.428307376658886
2022-09-30,21.75746734804043,66.9740467291451,2.1247201961797337,54.9122181477787
2022-10-31,18.57374961643997,55.59897869999058,2.51808310776905,176.22771432003296
2022-11-30,29.71600341234289,46.12436018316315,6.008428451484164,274.8492610301152
2022-12-31,29.255379353541485,80.71045784978946,14.479705967254088,17.62343896288099
2023-01-31,25.025764643273,55.336024744611066,1.3142867799622469,128.6351399295324
2023-02-28,24.97875381778931,30.394019807602614,5.116099657596093,293.825624965728
2023-03-31,31.499640490839816,36.25227885854964,13.77208144957409,101.56730064361255
2023-04-30,25.768362660387144,49.48625759657875,12.000327523685296,152.93057354490182
2023-05-31,20.615783787651672,63.04645322888517,4.499528471667232,250.80516538879
2023-06-30,31.32482873000394,57.48927954107343,14.629586064431466,103.23880754256795
2023-07-31,39.91084073559172,83.69317282585192,6.6064284536339954,268.5892655560069
2023-08-31,25.355239559722236,34.712227271097454,13.40565088480498,216.6570759525721
2023-09-30,31.362604020825934,74.38847744415904,12.716440049662788,66.79313588782665
2023-10-31,39.0715357700368,83.70969312315604,13.028233305491707,233.2276181455415
2023-11-30,24.473518438197928,63.845119701563476,4.488617527854784,154.6091819455445
2023-12-31,29.65677110345165,74.1972142872547,10.920105927040948,90.09313775271713
2019-01-31,28.62623736674533,70.1557251439616,8.14396936406118,92.57681917541174
2019-02-28,18.13280953126583,42.3215099727547,4.317489769992289,193.52400497532207
2019-03-31,29.387251840275233,54.678585112719944,13.386188496071131,208.92595696394204
2019-04-30,18.148247440063617,71.65477750591555,7.482771820848814,56.247073202599864
2019-05-31,32.08782537484146,37.73357110318336,13.375588583359487,120.76287167830387
2019-06-30,32.21179642522743,30.347051879567616,3.9470442993562607,64.58603170155884
2019-07-31,37.537329209255134,72.52597052198456,13.452036493652932,58.93339361784058
2019-08-31,36.17006647001234,84.77288860180434,6.685894470678539,185.03605876987436
2019-09-30,28.789085612431094,73.88724983075352,8.860921764646672,122.02855676781678
2019-10-31,29.87964928888141,68.67352691640116,4.314270472984279,229.264050220203
2019-11-30,26.705106213578397,84.77661637053367,1.7438485742696828,138.79309239233976
2019-12-31,15.882225111695206,50.28223771578554,6.8237619190807655,256.8432545098478
2020-01-31,24.87171297303552,44.84320959104633,3.6583103404691943,179.7806501241042
2020-02-29,18.457184953737617,64.9609038493189,11.405346297929743,237.40195618882245
2020-03-31,17.2951641019914,69.66273514011178,4.051801647038056,121.95225115343126
2020-04-30,38.07822265956679,73.38739930539214,10.37701829680591,285.6618907268942
2020-05-31,19.827758026643963,64.34561182830078,3.1536079292485093,265.58487933105505
2020-06-30,26.12577864960147,57.41178658479626,1.95587426259321,60.371579987180404
2020-07-31,35.87877410559694,48.19038847598996,9.410976308079308,15.734826604855323
2020-08-31,35.53286532635882,89.02063697373737,5.17502456048939,221.735904212058
2020-09-30,18.12376188684551,44.94903409507911,7.14619253253734,263.7626089710841
2020-10-31,19.634721809221315,64.65081777218916,12.541786086695,262.9096433613357
2020-11-30,30.511290370887153,85.5380406253991,1.0632329991017064,292.31995313038874
2020-12-31,17.96851513477693,55.66225171536826,12.70595457352817,8.997912906116856
2021-01-31,29.370856064195902,82.72402184705172,14.519852313120731,26.38441911247078
2021-02-28,30.63355449751524,86.89346008724306,10.423476564049775,190.58154412665954
2021-03-31,39.55166560196876,63.194862382123226,6.4171084803030976,63.98756654660226
2021-04-30,30.74941780828552,60.3826024619041,1.4704028238275206,289.92703675964304
2021-05-31,20.340500463036236,71.39815976101627,2.634358674059187,198.07931324091214
2021-06-30,20.99218088347918,71.40063052853934,10.082184003373321,185.13850085597417
2021-07-31,16.243592970837152,37.879884361065194,7.246997639698096,20.24388676358575
2021-08-31,20.83152068924813,53.95410826241326,14.632609427279109,248.32498559123366
2021-09-30,22.14589013010726,33.3418035108139,12.220864926030503,97.37027448474723
2021-10-31,21.028654885600595,36.471026393871824,9.652394901089476,196.17591500034243
2021-11-30,29.86039962289624,30.18330663656378,2.9060595918981855,260.15598173685345
2021-12-31,32.278829648506296,74.1775021384822,11.32262150239595,239.91121878544706
2022-01-31,18.76972592575298,36.63565714707723,9.792291046947417,120.10082625418194
2022-02-28,15.343126314305964,46.74640706925547,14.457914917335097,54.93263917990586
2022-03-31,32.196993014672515,70.67353077487624,13.558476335728857,93.09719245457043
2022-04-30,36.83306482620949,86.56591140723808,3.739406289091216,100.09752460659938
2022-05-31,23.2531733963662,50.74959447415209,11.183401038211223,146.3984384725966
2022-06-30,20.656241968344112,73.57097072606709,14.737308118402806,265.59043654497964
2022-07-31,21.013479829022543,76.95727484310424,4.845030062636287,252.66306294510045
2022-08-31,29.93923185755641,34.26575219381127,11.762098700359822,131.26218954092036
2022-09-30,30.106368744583435,75.8942943869984,8.66095323500808,160.03604467638957
2022-10-31,24.770409234746374,33.02988078312613,2.0690829742650587,211.27343250993306
2022-11-30,23.220166828086136,81.45426559378197,5.921189050874614,60.613650058002364
2022-12-31,15.220448202941842,61.41218864423174,13.235517618600396,61.171898807537495
2023-01-31,38.351417562012315,60.31482740400399,14.756086038275257,67.56279460629074
2023-02-28,34.018264603972824,73.70806589337404,13.909396624329188,19.694575991549346
2023-03-31,28.540970603873156,60.267222310900934,1.2717498114048609,289.30279001349993
2023-04-30,35.01970697893045,81.81914545979353,7.538741168011928,266.3399627936256
2023-05-31,16.420679761614284,35.54988816535047,3.7239924423875044,1.043268906886563
2023-06-30,23.105458382771495,51.928695533005765,3.9842084570568668,220.92316830138603
2023-07-31,16.802398380503583,70.78999542598311,5.883668568742495,16.711140983788475
2023-08-31,21.215039786735286,47.323782245301885,13.928383980416925,293.99418549253073
2023-09-30,28.77965509299625,69.91634836953733,7.61070614579751,224.37084946274715
2023-10-31,21.16091222736883,57.52668290491843,14.503049717140488,5.286643591810003
2023-11-30,36.888195749632274,47.21920749116473,14.735451274829455,272.46241777066865
2023-12-31,18.440890136973106,63.091133128840816,4.277782314448125,154.35563852853932
2019-01-31,22.597940180978156,81.40450564403508,11.139278474816512,263.28475477802397
2019-02-28,18.397027343682822,64.12558719984112,5.195800656043719,54.89641319582837
2019-03-31,38.885489677390765,39.81505344602451,9.471720895214268,142.3280851676513
2019-04-30,25.138185606479922,45.76919017966482,11.104801375143571,229.9885899762492
2019-05-31,32.68578244784454,89.59587627300066,6.118657419153275,204.8524397804928
2019-06-30,16.803947532825273,82.31830434934813,10.724525340716195,8.561620332366838
2019-07-31,28.603267734004923,54.3145191075766,4.531400067339236,119.76158985516912
2019-08-31,36.61582239492419,30.54859190756746,14.49618055951624,177.42828496325083
2019-09-30,25.196448602441706,83.02701826139105,6.304906379027973,43.98527596111022
2019-10-31,28.937131717986997,84.0502625384564,10.450146845612423,123.67796521892643
2019-11-30,19.480179623261645,86.05877126242407,11.27766641704901,56.087567819548546
2019-12-31,34.097355265629524,38.7000848399976,11.447106820599913,25.28589520651323
2020-01-31,33.72939725783611,79.83540266256557,3.989044913178013,110.02986325692494
2020-02-29,15.187106627829339,72.98039875712716,5.935061138949257,91.11416426131849
2020-03-31,30.67097158233529,48.56819786204234,13.724132268957973,2.6776731050779268
2020-04-30,20.17611498755577,83.01820287020062,3.3496949209882967,147.4444667465083
2020-05-31,37.76072699142973,82.35728165587264,5.993637786943347,231.9537216524175
2020-06-30,24.43513313531915,71.48134963220551,13.973910746204938,27.400473635172094
2020-07-31,20.861895388672018,89.18048560909578,13.64462525893218,139.2735207753635
2020-08-31,18.039541906583555,43.50568672405082,4.697109357959093,221.4569268867947
2020-09-30,20.349582861573317,47.495773858085265,3.53791386375689,229.09703694834272
2020-10-31,22.568803351774392,51.52771133910855,11.268160365328297,287.21943288500046
2020-11-30,28.019180702404434,79.53959344710304,14.377665283612032,266.20314944059834
2020-12-31,18.90157879786937,66.25187347932668,14.080996499720182,206.546228990182
2021-01-31,25.297238441057793,69.3551291865805,8.838017121889674,281.3427859015283
2021-02-28,34.5824040459123,78.66822136703914,7.128011340113524,50.81153021742284
2021-03-31,34.36407552866046,53.45861737396868,8.869032835602782,282.23845973326024
2021-04-30,25.79121564747743,87.07764775196051,11.25994819143252,69.45478950202376
2021-05-31,28.11207972582486,56.81530658536192,11.998484382350854,93.5749238571852
2021-06-30,29.64209701558629,75.59288239976172,2.518676197970104,16.407963508195166
2021-07-31,33.574184631892905,83.55024981689786,8.199842017947146,3.0991667321808136
2021-08-31,36.68641545746549,68.98271262689136,10.513841670305103,238.29246379752678
2021-09-30,38.47970986969205,48.82730079686401,1.897869820067076,48.4566620071402
2021-10-31,24.890857527452674,35.275612642223734,4.699036951754609,170.8953383706921
2021-11-30,38.909453829091376,83.55195714398977,6.767868302292502,189.46285738929504
2021-12-31,31.548872214321555,64.94403592945181,7.858219328977247,63.941015860554394
2022-01-31,39.279570433280185,60.0831348625245,6.74703882734505,266.8174460419471
2022-02-28,19.44639564424014,53.58162759219973,12.190880540510454,247.14040871774745
2022-03-31,26.15349114899563,71.21905756641576,10.30456645352747,24.404156530813147
2022-04-30,18.08187113827477,50.18024230939939,1.8056645784177139,269.459844146767
2022-05-31,18.891336363171906,65.77546627185993,1.8247148303250929,81.34827273850463
2022-06-30,37.36817237094543,65.80255320659805,3.5542540565412715,142.4118197238915
2022-07-31,28.296288645329994,48.978718221651874,1.900247242232299,257.3225614679483
2022-08-31,15.916967633293316,62.19431439582232,4.602989220021255,124.82435920482952
2022-09-30,34.98093110492684,40.50257328387167,12.913856937664892,213.66145307936006
2022-10-31,17.6731207007838,39.53885259093654,1.5247835240227343,10.550162721071754
2022-11-30,39.353368228397855,41.50479289353556,1.5309130804760895,117.97215756279606
2022-12-31,29.938989164570692,43.99784556865995,8.612767076482413,95.37760682758164
2023-01-31,18.668524476746832,53.17809058918074,2.9424385061257397,118.96504224576285
2023-02-28,22.035562523983685,61.91781235069142,7.534433672913826,128.1600597083879
2023-03-31,21.35733817064397,39.6714726281094,12.87713474053658,1.9161604560233636
2023-04-30,20.597376162745316,62.12038896720054,13.063468534008948,18.129908019285356
2023-05-31,37.98715310290622,74.92889660766231,5.9109896731981735,98.51288414783583
2023-06-30,19.54162669309506,70.82870564019865,10.615175722571099,1.19902176750466
2023-07-31,39.037042951187644,87.42056088130772,9.845338073050197,221.79969675493356
2023-08-31,18.918333221691118,68.11186001952335,7.1867648559270325,17.2894262787765
2023-09-30,16.527222686010386,36.128659291588185,9.805169114209505,177.35758259219244
2023-10-31,24.67262361107087,88.5940651271754,6.698698734369973,3.591889975909246
2023-11-30,36.25027461135863,82.32181381260881,5.993077126504626,33.757468605202
2023-12-31,26.202246147716718,50.490324031902475,7.891719342414104,178.96951527942667
2019-01-31,27.731821054611625,47.55958110636236,5.009061887639653,235.17927844279362
2019-02-28,37.760932083787644,31.67300544754996,8.339837215963914,146.6312445864657
2019-03-31,19.218414688177855,76.53830592877966,4.723428064246857,184.5073709674726
2019-04-30,31.81672696147754,32.2907658469095,12.234516286565185,76.86370785017355
2019-05-31,36.18528479062449,72.72491864380895,11.970999804566038,185.24403545684066
2019-06-30,36.556247090624865,50.02862410973939,2.6529719084363674,66.97979848274586
2019-07-31,39.75225008775932,57.27466588606134,2.366562750057307,164.57523109769994
2019-08-31,17.109488107058567,79.19851907291985,1.226325733729205,154.65874865099417
2019-09-30,28.00984361557179,42.10263240947895,6.837162344154848,186.53043423345707
2019-10-31,37.40037767956444,55.76939619720281,14.462165349301083,96.19307909813969
2019-11-30,30.790762738773097,84.26352883293373,9.05894383377889,104.49646366404444
2019-12-31,29.50797270242893,87.07403681730705,2.71806128757419,197.01441384611798
2020-01-31,32.134837417493614,59.50532477181001,7.823370182991339,231.46841641708951
2020-02-29,26.593564998559323,63.8215087167403,7.696159486688554,153.36396101294494
2020-03-31,35.57385026621543,44.32182390235339,5.394963188621234,113.47288182162569
2020-04-30,23.68255757261508,42.852760306345,3.990697065218221,55.063076756040545
2020-05-31,19.609020632222187,70.69553449374737,11.375205037063207,81.25315948014516
2020-06-30,16.476091900274458,64.38363998253693,5.872871567888922,171.7653895360573
2020-07-31,28.253706983322378,67.24840172026228,5.382124663720391,220.7742520142487
2020-08-31,34.23573723790519,56.490729442870354,2.2553039425582835,112.10604635640676
2020-09-30,22.029873822892394,54.188514462645145,10.965921967199655,117.98076973112487
2020-10-31,25.250741756711502,36.5961788140247,1.3333887930839174,269.96693278650645
2020-11-30,20.72460616453295,65.9617877656176,4.326625858147414,136.14782648311407
2020-12-31,30.78363861725609,64.70779583458584,4.967574490042416,227.94962994734115
2021-01-31,29.81385128662737,49.38828335876247,3.6797624392740786,181.89008365330653
2021-02-28,39.21094103357423,52.221666859412096,12.266233076648055,46.768646264802506
2021-03-31,39.04788026348061,85.4195449366739,12.530428003940912,63.82690021209307
2021-04-30,38.87290317088321,53.91094820712375,11.8130231990895,242.90764086235674
2021-05-31,37.46799536685038,33.70155342725779,9.04427484794514,104.8280066919459
2021-06-30,32.61783069977204,41.58435966334498,13.039259042231528,168.5598067351408
2021-07-31,37.12988835041985,36.62150396308084,13.620732281044,187.71404360359716
2021-08-31,39.203871794285064,71.74892395904754,5.655825093859715,73.01217433253278
2021-09-30,18.60935696007507,49.89849534647439,9.482615917198471,214.20987595475202
2021-10-31,35.82547689554467,38.31711745544862,9.638682043375132,259.3158947807621
2021-11-30,38.81700200950141,64.28853801860774,8.480811069140518,171.91102574251025
2021-12-31,20.46699604577334,37.02127773299006,11.131333519184933,19.106387466475905
2022-01-31,29.88680466033079,59.392534463232636,9.757162582734527,256.3291865043305
2022-02-28,39.833048065017806,76.9970701780608,10.042678396915823,210.31769796370617
2022-03-31,35.618438199115545,51.01672594545807,8.545712426848374,147.00698614671623
2022-04-30,35.95783791298027,45.5385558271073,11.949177133390624,102.93896123556779
2022-05-31,23.309444868176058,73.26207768645868,1.7985158096942124,28.134236220565167
2022-06-30,25.695297698867787,37.98081627618591,12.594413544571786,214.07742595656893
2022-07-31,27.070459769045577,46.600969696851124,14.825224920441972,234.103162328081
2022-08-31,39.12944458266247,58.67268555735369,8.488368841353399,228.62375244313702
2022-09-30,31.911918644971117,52.28246564422885,5.9123593087495765,156.80611628271316
2022-10-31,18.981997690996643,58.94615065614177,11.164689492903712,291.58248382221393
2022-11-30,32.71906731995247,48.87252472521298,7.51060301650002,79.04912250587655
2022-12-31,39.04702829735699,70.39129716204016,8.29708151517635,219.60977124124952
2023-01-31,15.744639736866388,36.09533675737791,14.535863842694736,165.629565384441
2023-02-28,24.95001471396003,52.6657731189688,3.012166146926802,213.8460797166031
2023-03-31,39.05560282493656,82.23282163336378,9.48411033588957,97.35949353304532
2023-04-30,20.160110167353846,63.74473034637561,6.192568946616608,100.30082751007797
2023-05-31,22.02755675507286,68.05815093356588,10.958851275561987,88.41928092345968
2023-06-30,38.89459013424177,30.95030371875341,5.867384761243303,188.82345693797578
2023-07-31,39.62314839522786,68.03186044182951,5.349201310481651,209.9301350963239
2023-08-31,26.917027224746086,53.2245797932286,13.845173361599567,88.819665747745
2023-09-30,33.85823857233082,75.66527999099716,1.0214494667227016,66.81141364649393
2023-10-31,31.061139414399893,65.00682834671997,13.254728547767787,175.18865676163705
2023-11-30,22.113075277450108,57.73508619486961,4.625706358435775,268.71838527234445
2023-12-31,37.531714212073965,63.822702763351536,7.970616210589468,74.66142748266094
